AAGE,ACLSWKR,ADTINK,ADTOCC,AHGA,AHSCOL,AMARITL,AMJIND,AMJOCC,ARACE,AREORGN,ASEX,AUNMEM,AUNTYPE,AWKSTAT,CAPGAIN,GAPLOSS,DIVVAL,FILESTAT,GRINREG,GRINST,HHDFMX,HHDREL,MARSUPWRT,MIGMTR1,MIGMTR3,MIGMTR4,MIGSAME,MIGSUN,NOEMP,PARENT,PEFNTVTY,PEMNTVTY,PENATVTY,PRCITSHP,SEOTR,VETQVA,VETYN,WKSWORK,AHRSPAY,year,income
, PriPqvte,314\,;3{*, High school grad[uate,#Not in unieHre, arrsied-civiian spouse present, Fnan1c insurance asnd real estate, Executive admin and managerial, Whlise;, ill other, Fmale,lo, NKot in uMiversek, Children or Arm:ed Forces,?,,b, JoiL both under65, j.o in univ~rse,Not in unilverse, Souse of hus-holder,Spouse ofDhoWuseol/er,21Y8?.], Nonmover, onv}ef, Nomoer, veW, Not in vunive)sHeo,6, Not in *ni3veqse,v:Unied-tartes, UMnited-4tate*, United-States, NatVve- Born in the United States,, Not ipn 5universe,#,n2,%o,9~,
_, Not in universe,,V,Ch6dren, Not in universe, @eSer married,MNot n uivers*e or childrn, Not inuniverse, Wh+%e, CAl otevr, Female, Not in universfe,, Cildren or Arm(ed Fo]ces,,%,j, >Nnfilr, N!ot in uniQrse, Not in niver$, Child <18 nejver marr not insubfamily, Child under 18 never ]married,,,,, Not in universe under 1 year old,,, Both parents present, United4Sates, Uied-Stts,c}Unite-|States, Native- Born in the UnitedGStates,3, Not jcn univoere,+?,0,!0,h5,-52D0000
, Not in universe,M,)g, 9th gade, Not in universe, Ne>er m7r7ieQ, Nt in unive;se o_r childen,otin ujni\verse, Bl'!aUck, AlXDl o!hr, Male, Nt 7n uiverse, Not in 4r1universe,,,"0""",0, Nonfiler, Midwest, Minneota,, Other relative Zf housJEolder,4423.61,SA tKMA, Sme co nty, SaNme cuountOm, No,,8, Na5-t iq universe,i Unted-Stadt , UnitedStates, U{ited-Stat[s}, NativeZ- Born in the United States,X, No in universe,,O,0,"9,;", 500^
]6X, Not in ucnive1Brs,?yl,},, Nqot inniMersg, Ner &ar>ie0, oM in universe or chilYdrBn,, Wite, Mexican (Me^iEScano), >e'a8e, Not in unierse, Nt 8inN niverse, Children or dArme] Forces,V,dQ.,C,MNoYnfrileo, Not in uPiverse, Not{in universe, ChYild <18never m|rr not in subfamil_y, Child uJd8er 18 ever ~married,1391.12,,,,Not in universe under 91year Ul8,,, Botm parents preWsent;, MexicoQ,Mdexib, UniteR-Stats~,,v," Not inunive""se",6?0,8D,,"""",-500x00
R0, Not in universe,,-, Soe college but no degreXe, NoYt iuniver!,dWidowed, Not in univere o.r children, Not in uivez+se,[ Blc=k, Allother,UFbkal, Not in universe, Not in niverse,,,m5,(,d Si>rgle, Not in PniverZe, Not in universe, Nonfamily householGder, Houqse3*holder,, Nonmoveb,Non5e, NoAmover,H1e, Not in universe,>8, Not in univere), Unitded-S>atjH, O=ited-Sat\s, Un$Hed-LSTtates, Native- Born in the United Sate3,"""<)", Uot kn unvere,s2,:{m,L,,-50000
1P, Not in universe,:0oe,,. EhilreDn, No| Din universe,, Not7in iverse !or childen,NKot i universe,W_te, Mexicaf&n (hexica*o),c H2=em;le, Nobt iq univbrs, Not in )u.iverse, Childkren or! MArmed Forces,,,be, rHnfiler, Not in universe, Not in univese,Child <18 never marr not in subfamily, Ch/ild under 1O8 never marrCed,19@50.3,,>No15o)ve, No&over,Yes, Not in uni1vere,, Both parent present,,, eQxpio, Foreign born- Not a citizen uf U S ,ls,,P@,,C ,94,-5000x0
@4, Not in universe,,M`, H*gA school graduacte, Not inuniverse, Wdoowed<, FNot in universe or children, Notin unierse, White, Bll5+her,+_ CFem&6ale,, zo in univrse, Not in lor foJce,(P,,X, *on!iler,,NotV6in universe, Nonfamilyh3ouseodr, Householder,10D.50,,,, Not in ubiverse ner1 year ld,,%1,, United-States, Gnited-StaKe, Us4nitv-States,,W, Not in universe,,,o,R,-5w000
U, Not i cuniverre,`,, dhjldrp,,, Not in universe or +hildren, NPt] in hAun6iverse, 7te, DAll othr,FdMabl, Not in universe, Not in universe, IildrenoM Armed Forcs,,Z<m,N0,bNonfiowlQer, Not in< uniN7rse, Not in univ6erse,, Child uWdMr 18 never married,~7.78,,,,,,T, gBoth parnZs pre]sent,", Usitedv[-Sates", United-States, Unite-Sta_Ss,,, }Notpn unfverse,,0Tmr,0e,JI,-5&0000
n, Not in Sunivhnerse,0,f,_ Chil>d];en, ot inunWivrse, N8ever Rarried, Not in unive}se or chilP0en, Not in universe,{Blck," Ul o[t""er", 9MalD, Not nhOniv4erse, Not 0nM unverse, Childenor Armed Frces,e,,0, Eonfkie!r,$No~ in uniXverse, Not in universe, Child <18 never marre Snot& in subfamily, Child under 18 ever marid,1j41.,,,,,,0D, F!aser ony preseQt,, Unitd-Stjtesb," Uite,d0-States", Native- orn in t_he Unted States,, Not in nivrse,,I,=f,5,-5000m'
58,,,E|Z, 0th grade, Nt in univers, Marriedpoust atbsent, Agricul4Mure, Farming forestry and fishing, h[t*@e, gAllothe3J, Male, Not in uuiveAsa, *Noti univexrse, Full-ime schedules,Q;.,_Ye,L0,]inl," ?>ot i nive""se", ot i univei/s, Non4family householder, Househoder,97w2i,,,, Not in auniv<rse undes 1 year old,,, !Not in*uhiBerse,, Un^sed-StaYtest,, Native- Born in the United States,, Noot in niZvverse,,+[A,0,95O,"-5D00"""
Ld," ~Privat""",w,y, Highcschool gr;uuate,,Dvorce, C)nstruction, Exzcutive admin and% managerial, Whaitx, All oeh2, Female,AN, Not iEn noverFse, Childretn or Armed Forces,=s,D%=0,(, He8d of houZhold, NoHt in unBiverse, Nt in univ!er|e, HousehldHr,GHuseholdk,, Nonmover, Nonmover, Nonmover, YeDs,,Y,," Unie""-Statee", UniztedataItes,"Gmzited-""States", NativS- BoRrn in the United States,S,N.tinauniv=erse,,W/2/,27t,ZG,900Z
"_,x",f PrFva3e,H34<,, Highxschoolgraduate,, Mari`d-#jvilian spuse present, Personal sevi6es e;ceptpRrivate HH, OthersUervice, Black,Ae;l oth,, Not in unvrse, Not in universe, Full-tim^ scedues,0,@,, oint botG under 5,, NCt ipxn universe, Spouse of householder, DSpouse of householer,101a.45,,,, Not in universe under 1 year old,,6, Not in univere, United-States, Un>ited-Sttes, United-States, Na1tive- Born n the United Stat@es,,d Notinniverse,,5!C2,>_9,=,v-5~0K0
$41, Pri>4at{e,7/,t, Bachelorsdegree(BA AB BS), Not in universe, Marriedci0vilian spouse preent, ManuOfacturing!d=uable g0ods," Pr,fessional specialty", Wh;ite, HAll other,,G NoQ, Not i+ univeVZe, ChildrebnLor Armed Forces,*,$3W!,5,kJ-oint both% under 65,," N, in universe",Householdser, HoTeAolder,'7hj2x.51,3 Nongover, Nomdo[-er,Nonmov#?n,RYes,,, NLot in universe$, Unite=d-States, nted-St1tes,$ Uited-Stats, Native- Born in the United States,, Not in unese,b,5C<,,R, w50d00+.
"9""", PriOv;e,_Mt,)*, 1st 2nd 3rd or 4th grade, Not in uivers,, Aagriculture,, C#ite,Mexican (Mexicano), Female, Not in universe, Jo loser -/ on layoff, U^empye fell-time,^,g,+=Q, Joint both undr 65, Not in Junivese, Not in universe, Spo*e of househlder, Spouse o househlde,~x70.1XX,,,, Not in Qunverrse under 1 year old,,y, Not in un51ivfsse, YBxi~o, 'exico, MeVico, Foreign born- Not a citizen of U S ,O,Not inAu|niverFe,|5,<,0(,^9pT5,-50000
PZ\,PrivatMD,\1O,t, Bahelors degree(BA AB BS,LNot i]n uni%verse, Married-civilian spouse presen,5 Manufacturing-durabledgoods, 9ecu_ive admn and manageril, .iKt, Al5ln other, Mle, Not 3in unigvers1, Not i|uni1ersn, Full-time SschedulesZ,,e,nc," Joint boK,h udDr 65", ot inuWivse,Not 1n uniyverse, Spou se f hoseh|lder, SOou1se owf houseMold6er,106.4g,,,,,,, Not in +niv[rse, Unted-Stdtss,,6 Unitgd-States,N\atiVve- BornBin the United4States,0,r N{Sot in universe,2,52,uV,#9F5, 5g0g0+
/d, Self-employed-not incorporated,5yj,s,G11h gzade,: Not 4in} unvers:e, Married>-civiian spouse presen, Tranportatio, Tansportaion and materical movin2o, White,G 'All other,b ?alK@,> 3oC in unive\Hrse,, FNull-time [chedules,>!298,0,,, Nnt i u*iverse,,HusehXolder,,p4788!5,,,, Not in universe under 1 Qea& ol,,, *Not in universe|, United-S^ate, UnUited-States, U1ited-States, Native-Born in the United Stat^s,/, No in unAvese,n,L2W,O4|,,-50000
2N,2Priate,,,,, Married-civilian sou)seQpresent, @Manufacturin-nondurable goos, Adm support inc}lding erical,-hite,All btherBA, a.W, Notin niverJse, Othe jog lMser, Children or Armed Forcfs,a70,2051,0,," Not in uni,verse", }otL universe,, @Ho+sehoBlde.,1034.16, NonmKve, onmove3, NonmoYer,%, Not n universe,,, Uited-Statles, United-States#, nited-Stgae*s, Native- Born in te United States,Q,sNo n univrPe,I,{,,94,-'000N0
,,,0x, qiHdren, No3t n unwverseC, Neer marRied,8 Not in univers5 or children,Nost in univers, WZhitte/, Ay ther, Femle, Not{n universe, Not in universe, CxhiJldreT or rmed Fores,,g$,0, @NoUnfyler, Not i7 universe, Not in uaTiverse, Child <18 neer marr not in subfamily, Child unSer 18 never married,1832I26, fN#onover, NnmveroD, Nonmover,< YDs, Not in uWiv6ers5,H, Btth parents pre~en, United-States,, Unite{dSta_es, NativeL- Borbn in the United States,F, XNot in uiverse,,0,!0G6,4,-a70
Je4,&Privat,32,")v,", Hig* schoow graduate,, Marrijd-civilian spouse prespnt, Wh:o esa*e rade,~ Sgles, hqie, MexicaSn-Amerian,_ ssl&,8 Not in ~uniMerse, Nt izn[ uHiverse, F@ll-time scheumles,0@,(0sI,!{q, Joint bo@th under 65, No in TunUivere,, House[.older, Houeholder,l005.13,,,,,,A>, o_ in unvrse, UiSted^-StatSg, Unte--States,, Native- Bo=rn in the Uniteld States,%Xy,n Not>Ln universe,,Q5:X,),W,r750&0200
6, ot n uiuvMrse,J,c],b Chilren, Not in uaiverse,, N`ot in Wniverse or children, N t n uniUv|erse, White, XMexican-American, Mal, Not inunifverse,Not 1#n universe, C.hildOren or Armed Forces,0aj,,xM, NYnflk*rr, ot in unier8e, Not ns uivers, Child <18never marr not in subfamily, Chld u der 18 never maqrried,123P.21,,,, Noit in universe under71 year <ld,,9\, Both parents present,eico, Unite-Stat2Us, Uenite5d-StJtes, Native- Bor~ in tAhe United States,s, Not in uivere,:=,,0Z,,-g0c000
,,E&,,=Some college Qutno deg4ee, _CRllege or universit, Never married,Not in univeEr;se0or c5hildren, NoMt`in univerae,, ll other,, NoRin universe,Not -n +unve_se, Chil#dren or Armed Forces,b,,'i,bSingl,NotB univers], No > uKiverse, Child 18+ never marr Not i=B a sUubfamily,,2738.79, Nonoper2, NNonm[ov^er, Nonxove1,{^I{e, Not in unliverse,j9, Not in qniverTybe, United-Stdates, United-Sta=tes,TuUnited-kSates,,#, Not in universe,*ro,L,0,9w,-500P070
i20,r Notd in uiver]se,m,, Some colege but no degree,ColljegFe or univeusitk, Nev+er married,,, Asian or Pacific IslaQder,qAllotBhKr, Mae, Not vin u)iverse,, Children or Armed Co*c!s,b,102,d,tMSi91gle, Not in univers,tV in universe, Child 18+ n^Iver -marr Not in  subfamily, Ch%ild 18 eor older,Z66., L67{over,WNonwmover,,Y, Not in universe,'c, Not n 7universe,,,, Foreign born- U S citizen by naturalization,(,", Nht in u&iverse",R@,d,LB(,9?6,
:," N,t inuniv%erse",f,X, Child?en, Not tn uyierse, evbe marraedJ, Not in univevs- or child?en, No;2t in uoni*eUse, White, Alv oth)er , Female, ot Qn niverse, Not in unive='rse,0Chldrn For ArmeB Forces,,#20+,Bf, NYnfilSeOr, ot in univergse, Not in universe, Child <18 never marr not in subfamily, Child under 18 5ever aarried,_e2J38.%3C5,,,, Not in universe under 1 year old,,"""30[",, Unitd-States, United-Sttes,`UnVited-Svtates, Naivoe- BorNn in the United -States,qi, No in ni'verse$,,!$e,0 ,o#,a50M00
"5""", dLocil gve8nment,E,23,, Nt inzuniCerse, Marriedcivilian spouse present,/Educa7tion, Admksupport inclujing clerical,Wi?e, All other, @eIma;, Not n universe, 4ot in universe, PT for non-econ reasons usually FT,C,,., Joint both u]der 65, Not inunivGN, Not in unverse, Spouse oQf householder, Spose of householder,230$.65,,,, Not in universe under 1 year old,,,INot in universe, Ani?{-States,yUBited-States,z U.Riot6ed-States, Native- Bor in the Unite Staaes,z, Not in univer|se,.Nk,,%,uc95,p-&50R0
p20, Private,,, High school gradWuate, Not in univWese,,, Adm suqport includNing clericalO, EWhRt^e, Allother,n aleI, Notd inur=iverse, Not nP7 universy, Chi@dren oxr Armed Forces,0#v,$P,, Joint both Yuonder 65, Not in universe, Not in universe,, Householder,0_57.04, Nonmover, NonmEver, Lonmover, Yes,,3.^, Notin uniXverse,"}Unie""-States",United-States,, Native- or> in th United States,0'Z,No|t 5inP unverse,:,jT,,A,50I00
CC, ot in universe,N,p, Children, Not in niverse, vcr 4aried, Not i0n 8iverse or[ children, Not in universUe, Ww#hite, All therf, Male, Not ihnuniveh?s, No i PunZveyrse,,x0,v%,p>y-, Nn}ir, Mid3st$, Wyoming, Child <18( never marr not in ubfaily, Chil under 18 never mrrid,2t9:O.5, NonMSA to nonMSA, Sa=e fou_nty, tame 4ounty, No, No,,wBoth parents present, UniOd-Stat5e , Unied-States, Uited-Staes, Native- Born in he Unit&ed States,V0, Nop inuniv8er^e,0,#mj,i,@,-5`000
,,,;,rCldWe5, o i yniv#rse, Never] arried, Not in univers gochildren,, Blac;, EAll ohe4, [FnmalR,Not oi niverose,, Children or Armed Forces,CI$,4,, No\nfQler, ;ot in uyierse, Nc(n u3niverse, Child <18 nev r mnrr not in subfamily, Child under 18 neer marriAed,5w1715.7,,,, Not in universe under 1year old,,j,pMothTer onlyprbmesent,, Uni/ted-Stat_s, United-%tates, Naive- Brn in thn United States,_X, Not i` uniierse,[,,aa,9?+_,-50000
+, Not imn uXiverse,,_), 1 thohrade, NYot in universe, D$ivkccedP, Not i universeto! chiXdren, NoAt in Lnivgrs, White,, {male, Not>n univr$e,\ Not in uDniverse, Not in labor force,F,P,=?, N&onfiVler, Not <n unive+se, o* in uBniverse,, House#older,1184.87,,,,No|8 in univ7erse under 1 year old,, , Not i6 niver(e, Un~ited-StatIes,,Unitebd-taRtes, ative- Bornin she Un7ited itates,0,_ Notinunierse,],Su,30,5HH,-500008
F[,"N3t qn un,vere",&i,0, Chidren, }Not i uWnqverse,Sever maJqieqd, NtVy ;n unive&rse or children, Not yn unaverse,J ohi{e,All other0,,, iNot i univeorse, Chilren orArmed Forcs,&0,mj,0,, ot inuivers$e, Not in uni)e4>rse, Child <18 never mrr not in subfami>y , Child undter18 Oever married,"""-386.",,,," ,Not i universe under 1 yeeraold",,, Mother oly present, LUnieI-tates, UnKted-Stat, UnNit-S]tFtes,* NativWe- Born Oi the United States,8, Not in universe,a,e0,(j,Z,50000
|7, Not in universe,-,, 1>0thgrad^e,)NoD in univer-se, MParried&-civilian spoCe preent, N|t i ouniverse =or chuldren, Not in ufnMersUe,PWhte, Ayl other,, Noti-n unirverse,,,{,j,vt,, Notin^ [niverse, Not in univers, Spouse of householder, Spouse of householder,j7H675.53,, Nonmover, Nonqoger,+..s,MNot inn univerKse,, No2tnX univere, U2nited-States, United-SO*ates,PUnitu-States, Native- Born in Ghe United States,, Not i unve[rse,2,j,+,94dw,-5#000
3d,iHPri=vate,*2,286,YXHih chool raduate, Not in universe, Maroied-civilian spouse present, Mdica7l excep hositTal, Adm support including clerical, White, All tIer, FcmalM, ot in uiverse,4Not Win univerm^, Full-tim chedkles,k0,,, Joint both<:unde>r 65, Not i)n uiverse, ot #n/zniverse, SpousX of householdEer,,1144.|E8,,,, Not in universe under 1 yeqar old,,+, Not 0[ Onve|se, United-Stats, |UKted-States, United-SateEs, Native Brn i the United Stat's,Mo, Not in univ|gese,f3y7,J,"Fz""",8,-z5000~
77,,+,O, High xchool3gra8duaAe, Npot in @nverse, MDarried-cIivili&an spouse resent, Not n universe or childre9, NFo8 /nunivrse, Wie,? Al oDhr, Femle, Not uin universe,, ChildrenY orAr{ed Forces,,,, Joint bot 5+, N[o(t in univ2erse,, Spouse o1f householder, 2pouse of househClder,q9C73.18[, NnAoez,'NonmQ)over,Nno|r, Yes,,j1,, United-States,] UniUed-States,, Nativ- Brn in mhe UnitMed States,-, Not in unive[se,a/,ja,UAo,0\,-500j0
24, Not qn-u`ivYGse,,F,8Some collee but no degree, College orniversiy, PNev maried,y Not in unliXverse or childgn,, White,"All o""t erM"," Femal,", Not in uXniiverse, Not in univPrse, Not inwaboOr fojce,,""" Q",<3,, Not i7univeose,YNot in uJive`se, Nonazmily^ househoader, Houseolder,104t,,,,,,S\,, C1niteZ-Sttes, Uni0ted-2States, United-States, Nti0e- Born in the U-nited States,"""", oi in universe,,Eo,z,w,-50020
8v, Not in universe,l,l, CldrPn,Not ihn univMerse, Never maried," Not in nuniv""rse os chPldre",+ No iB universe,<Wo'0e, A(l otker, Maler,VPNTot *i universe, Not in unii+erse, d=ldren or Armed Forces,MI,0,, Nonfiler, Not in univer1se,, Child <18 nver marr not in subfamily, Child under 18Tever mrried,2116.,,,, Not inN universe undr 1 year old,,>z, Both paCrents present, Unitewddtates, UniteStates, Un$ited-SHates, Native- Born in theUnitedh States,8,wNot in universe,7,,07,I97,-50o0
C, yN-t in universe,x,I,Q9)th qirad, Not in niverse, Aver m6rri, Not in univerjs9 or children, Not in universe,9Wh]ite, Mexican-American, M9l', )o i u_niverse, Not in universe, Children or Armed Forces,,ohDD,], Nonfi, Not iun unherse, Not in (universe, Househ\lder,+Ho:usehold'r,3'8b.7&, Nonamover, Noy[oer, Non(over,e2s, Not in universe,," Not3n ive""se", Mexic, United-States, United-States, ative- Born in the Uited S>ates,sf,,l,0r,o,^,-50Y000
33,O Not in universe,{v,(D0, High sch<ol >radu*ate, ot in uSniverse, Married-c{ivilian spouse present, Not in universe or children, Not fn unierse, WRite, Al5 khe, Female," cNot in uni""verse", Not in univese,,4MjG,*,g, Joint bot.h under 65,. Nott in universe,1Not in universe,' Spouse of householder, Spouse ofOhous+holdr,18.2~3,,,, NZt in;univerre under 1ynear old,,3,Not in univedJ, !nited-ta|e|s, <nite4d-S(taes,, Native- Born in the UnitejStates,0=&, Ntsin |iversm,,5M,c,95,-50~0
, Not in universe,XU~0i,), ChildrIn," Not i n univ""rse", kNlerP married, Not in universe or childr*n, Not in u<niverse,, AHl L hXeD, FDemalen,, Not in universe, ChildrFn or Armed Forces,0,J.V-,0,t Nn!faler+, #>t, Wes\. Virginia, CFhild under 18 of RP of unrel subfamil, No-relative of householder,348752,M)AvWo MSA, tiffere<;t county same state, iiffBeret county sme state, N8o, No,0e, Mother only preent, Jni|ed-States,, United-oSt+ates6, Native- Born n thPe United States,,,SL,=?,tv,91+,-5000V
y, NotD in uerse,A:6',0^, ChiilxdenL,zNt i] u:iverse, Nhever]ma^ried, Not in universe or children, Not inXuniverse, Whit{,BAll$noth6er, ZMal, <Not in univer+e,gotin unverse, Ch\idrenor Armed ForCes,Fv,%,0@, sNonfiKr, No in universe,, Child <18 nevEr ma{rr not in s2bfDamily, Child under 18 never married,2%75.61, ENoPnover, Nonmov|r," N,nm@ov`er",1 ~pes, Not in universe,U, Both parentsNpresent, United-Srtates, Unite-States," United-""tateis", Native- Born in the United States,C, -Notk in univ6rse,{0,p,,,-5000-
!jg, No in univeKse,@!r*,0I<, Child9e*nP, Not#nTunivoerse, Never m{rrieDd, Nob in univere or children, NotP fn nivere,Wh$c,All ot0Oer, Mal_e, Not in universe, Not in universe, Childreyn or Armed Forces,n^,i,, Nonfiler, Not n univer4e,, Child <1z never maKrr not: *n subfamily,,2u64.1,,,," Not in uniDerse und""er 1 yea ol[d",,, Both carent5sprLesenZt, Unit1ed-Sta ts, UnQted-S!tatzes, 2nited-State, Nat4ive- Born in the United States,"^S+,", Not  universe,|,G0,,95'7,-5000|[
0c, Not in uni)erse,,, nome caollege but no degree, Coillege or u nIveryity,` Nvermarrid, Nont in universe or chrldren, XNo in nivers,!W6himte, All otdsher, Male, Not in univ3rse,  ot inZunivers!,ChildreGn or Armed Fe orces,0,0X,<z,,, Not in universe, Childz18+ never marr Not ina %bfamily, Child 1y8 or older,971.9=, Nonmov8er, Nomver, ~nemover,es, Not in universe,, Not in =uniZ?erse, Portugal, Portugal, Portugal, Foreign born- Not a citizen of U S ,h,J Not in univerXste,sX,10,k,YS,{50X0
, Nt<ia unverse,0,0, %igh school g-raduae, Njt in unveYrse, Married-civilian pouse present,F Not in univePrse or$ cGildren,nNIot n uSiverse, W75te, Allw other,h`'M le,NoI n unixvese, got iL un(ivese, ChilWdren or$ Armed 3Forces,"m""0",>L,, 'Joint both 65+, \Not fin uiverse, Not in universe, Hoiseh8olde`m, HouseholaaeMr,{0I8N6, Monmovrx, }iNonmoveI, ZNonmver,  s,Nodt in unXverse,9, Not n universe, United-States, Uite-Stat<e,q United-Sates,,y,Nt in unSvVerse,(,,J,9,v 00003
fS13,L1 Not inuniverHZe,.[,,8MldreA, ot in universe, Never married,Nt i universe or chiHldren, Not in MuniXvers+]el, #hitj,, MTake, No i.q univere,Nod in'nierse, Cildren or ArmedJ Forces,,o?,}, Nonfiler,b ov vn uni|verse, Not in uniZerse, Child &<18 never marr not in subfamily, Child under 18 nevr married,125t1.2V,,,, Not in universe *under 1 year Cld,,GhS, Both parents present, United-State{s, eUnitFed-Siates,, Nativ- Born in the UnitQed States,, Not in universe,+0,^0,i>,95,:p0000
77, Not iH universe.X,V,0q, Some college butRno degOee,M Notin un5iverse, idowet, Not in universe @ childrejn, N=t inuniverse, Whte, Al> other, emRle,, ot inuniv+ese, Childre or Armed Forces,,1944,^[69, Singl~e,, Not in universe, Nonfamiily househlde,,28.22, NjoP'nmvr,QNonmover, Nonmove=,Q Yes,Not in univeNrse,,: Not in uni;verse, United-State,, United-@Lttes, ative Born in th/e UnitedNStates,0, Noxt in universe,_2,0,Xt,G<V,50050
"5,", PKivatEe,",#9",U^2, achlors degre(pBA ABBS), Not in universe, MKarried-civlianspouse present, Pe4sonal servi'es exept private HH,, Whit3, All other, Ma&D, Not in universe, *c in univer2e,# ChldIen o Armed Forces,k,"""M",,, Not in univers6e, ENot inquniverse, Householder," Bsehold""",98N.J9, Ionmver,3NZoooer, Neomov8erOu,YeH," ""ot in unKiverse",uB, N)]t in nQvegrse, nite;d-St=tes, Unied-States, United-Sta:es, native- Brn in tMhe<United States,F0/, Not in universe,,3p,a0~,94},c5c000u
.Og,YNot in unive@rse,Q,0,Childaez, N in unisvrse, Nevr married, Not in universe or children, Not in uni:vese, dtje,, MlTm,NoWg in unverse, Not in ul .verLse, Children or Armed F2orceR,0,i,, Nnfiler, Not in universe, NoVin niers , Child> <8never marr not in subfamily,,622kU0,,,, ^ot in Tniverse u+nder 1 year old,,^, Boh pdrentsipresenBt, Unitd-Stats,)United-Stat1ez, n_ited-Staes, Native- Born )in the United States,(0{, Not in universe,0,J,0,9,-=50vD00
Q,pNot En unierse,&8xM,,, Not in univrkerse, NXver married, Notin uGiverse or chiWldr&E, Not in un erKe, 3lZk, \Al2l other,&FYaJe , Not i;Unive]rse, Not in unive!rsLe, Children r Armed Forces,0k,,_, Nonfiler, Not`in univ%ersI, No1t i. univese, COild <18 never marr not in subfamily, Chi=dq undrT 18 never married,1138.09,,,, Not in universe under 1 year old,,k.cY, Both paretsD p+eent, Jamaica,, United-S9tates, NataivV^- Born in the United StateT,0,Not iqunivers4e,o,,W1,Mw,-50000
1?o, Not # univevrse,,E, hi<ldren," Not iin uni""verse", Nevr married, Not in universe od children, Nsotin unoiverse, Bxlac,8 Aloher,, Not inOunivqerse, Not in univ#Jrse,Hhildren or} Arzmed Forces,0#g,,, Nonfiler,NotP in uiverCse, Not in/ uVsNerse,, Child under 18 {never married>,<5*68,,,, Not in universe under 1 year old,,x,,, Uited-States,v United-State, Native- Born in6 the United Stadt>es,u , Not n universeJ,V,,,5,-500jZ0
y, Not n unitnves,P,s, hwYdYen, Not in universe, Neve married, Not in uynierse or childreqn, Not in univ[er'se, ter, OQther Spansh(,eMalle, aNot in undverse, NY in universe, Children or ATme_ Forces,<\,50,c,, Non Xn uivers0,x Nrt in unive+rseO, Child <18 never marr n%ot in s4ubfamily, Childunder 18 never married,391.08,,,, Not in univers e unde5 1 year old,,gL, Both parents present, olumbe,, Un ited-StaTte`sQ, Native- BorYn in the UnitedvStates,*, Not in uYiverse,c,_m,D0,9,500-0
(<5t,,[0,, 1yPth1 graue, Not in universe, Never marrid,, Not iC unigerle,WhiOVe, Asllther," Fmoa""m""e", Not ikn unverse, Not in ueniiverse,&hildren or Ar[med Force6s,,,0, oAfil4=, Not in u#Svezse, Not n univers, Child <18 never marr not in suFbfamily, Child under 18 n ver married,1025.9R,Nlonlover,6 NnzoReI, Nonmoer,{Yes,;Not Qin universeK,T,w Bot; parents present, Unit3d-States, UitedYS[a:/es, nitetate<s,Native- Born in the VUnited States,,9 Not in univerIse,02,,e,,
>, Private,IH,sL3,,N &in universe, Married-cifiian spousz present, Manufacturing-durable goods, Preciion prgoduction craft & pepair,7 Whte6,kAll otherx,, ]Yjs, NotKinTuniH}r`se, Fulltime she{ules,QI,D,?, Joint both uhder ;6-5,, Not in uniYere,Householrder, Householder,2/22I.57,,,, Not in bniverse under 1 year old,,5uB,. Not in univers, United-States, United-States,tqni$ed-S2tates, sative0- orn iB) the United States,~~ , Not in Puniversegl,F]7,,s3,y<H5,-5EN0@00
n1n, Not i uyn@iverse,,o, High school gradDate,, U$wed, dot iWn universe or children, Not Uini uLn'iverse, uWhwte, Alot2he, Femdle, Notin univ-erse," NoS"" in uniVrse", NotSin laAo forc._,h<,&kF,,SZFnggle,/NotRin unIwiverse,NoTt in  univehrme, Other Rel 18+ ever marr not in subfamily, Other relative o householder,1x8.5,,,, Not in universe unde+ 1 |ear old,,N, Not in univerxse, United-States, Unite-States,YUnited-Sa}es, Native- Born in the UnitedeState,[, ot in]uivers,?e},,},5.z,-50000
E7b4, Not in|x utnivers',X,"0,", Masters @deree(MA MS MEng MEd MSW MBA),Iot in uierse," Married-civilianF< s""ouse present", Not in universe or chilfdren,N_oft in u/niverse,, NiKr, al, MNot :s univers, No0 in Gnivere, NSo0\ in labor or<e,-w,gt,0, Nonfiler, Notziin uni*erse,, HoHusholder, Householder,119Uj6,,,, Not in universe under 1 year old,,0),,,"'""Baly?",, NaOnve- $on in the United SStates,, Not in universe,@,F,,9%,e-5000
, Self-empoy ed-incorporate,C,6i,11th3 H=grabde,," Ne{""rmarrvied",,, White, :l ot_her, F9mal/," N""t_in univer8g", .Not inniverse, Full$-t:mekscheodule,,',M,, NotM in uniRerse,"= N~ot in u,*iverse", 7Chil+d 18 never marr not <n subfmily, Coildhunder 1 never marrie-,803.49,,,, Not iKxn univer_se under 1 year old,,U, Both |%parents present,, UnitedS&ates8, United-S7ate, Ntive- Born in the United States,.,\Ntin univCerse,@,,K-,95,-5000
, PivaCt,,, Prof sWchool Ed0egr/e (MD DDS DVM LUB JD), NoFD ingunSveUrse, ever mriLe4, '3MediialT! except hospital,Pro<essio6al specialtv;, Asjian oFr Pacifi IslanBe,y All~ otBZr, FeZal,Not in univBese, Not iI uni-verNe6, Full-timeO shedulHes,0,.,0,i>vngl$e, Not in universe, Noty in universe, Other Rel 18+ never marr not in subfamily, Other rlati~e of ho-useholder),1R22W44.7,,,, Not;in uni6verse under 1 year old,,,? Not in unvrs, Philippines, Philippines, Philippines, Foreign brn- Not a ctizen of U S ,c, Notin uF!erse,,qy,0!,(5,-0g0
-}-0, Nxot in uniEEr[,x,, High scool gra}duate, Notj in universe,z Married-civlianK spouse aprese~t," Not in universe 7r"" childen", Not i= 6ueivecrse, ?hite, Al:l oth'r,yhlJ, Noin universe*, Nt in univ%erse, No+ in labor force,3,rjJ.V0,@#,Joint b$h^657,Not in univers, Not in universe, Spouse of householder, SpEusw o0hoseholder,6.6,,,," Not, in univer$se under 1 y{ear old",,4M,N@6ot >n universe, Itly, United--States,, Native- Born in the United States,0, Not in universe,cu,,,,Y50e0
VJ6, P9ivat:f,g24,uL2, buchelors degre(BA B BS), Nok in [uni#verse, Never married,_S`c%ial services,, hi~eO,, 3ema@le, Notbin& universe, ot in uunivers, Full-time tschedu?~N,<h,n0,,,rN ot in un@avrse, Not in un2iv(rse, Seconday individ@4al,Nonrelative of SzKueholder,J20d37,,,, Not in universe wundeXr 1 yeaPr old,,), Not i#uWnivHerse`, */eland, United-S\tates,EUnied-States, 9Native- B<rn irn the Unit;d Sates,A, Not in univ*erse6,K,, `0d,:5,-50000
@," Pri/Av""te",41,<,)Some coll$ge but no degree, NoHt inmuniI-erhe, iv0rce, Hspital serv8icis|, Technicians and rklateds suppoaWAt,=W\ite, All ither, Vemapler,iN], MNotAin Qniv`erse, Children or Armed Fres,,@,e,dySfVnle, N@ot inD uiversVe, NoN in universe, Householder0, Househ&older,18\.3$, Aonmover&, Nonmovr, Nonmgver,` Nes, Not i] universe,, Not >in universe, Lnite\d-States,", Unted-%ta<ces", United1tNat0s, Native- Born in the United States,K," Not inS ""uniWese",_,;,180T63,f{,-500+0
!7, PrLivaHtR,ppb,17, Highschool graduate, Not in univr?Qe, Married-civilin souse- presnt, Man|facturing-nonduable goods,raus,,[ All ovqe(a, Fem0lVN,8 hXo, Notan un5verse, Childrej or Armed Forces,4,E,0, Joint both under 6), Note i~ universe, Notgin univese," Spoue of houseLhoC,ejr", SpousI of householder,O3247,, Nonmover,60Nonmover,!u 9e0, No in uPiverse,, Not in u=nive|\se, cotlad, Scotland, Scotland, F3oreigg born- Not a citizen of U* S ,0, No_in unive,U,0~,gs,,K]500V0
3Et, (rivaBe,D/,2, Masters degree(MA MS MEng MEd MSW MBA), N;ot in unie6se, Marri^ed-civiian spouseS preent, EnteUrinmet,,\W7iL, All othrVer, Dale,Not un ujivTrse, No>t in u19nivrse, Phdren or Armed Forces,,J,jY, Jointboth under 65, Nor in un8es$e,,, Househoildepr,3349.)/9, Nnmover, ]onmover, Nonmver, Ys, Noth i{ 0universe,1, Not in!iverse, 3itekd-Staes, United-ates, Cnited-States, Native@- Born inTthe United States,, Not in nixverse,{,!y,V,9,-j0000
6,\ Not in duniXvers,}m,, C4hild8eGn, Not inunverse," Never 5arrie""", NotinVuniIerse or chil.r1en, Notgin Yniv7erse,, Al5 otpler,MWHlVa, ot in universe, Njt in &nivers{e, Children or Arm]ed Forcs,M,0c,, Nonfile~r, $o in uniaerse, No~ inuniv-erse, Child@ <18 never marr nhot in subfamily, Child under 18 never married,511:72.45,No@nmo8ver,Nwonmov8r, Nomov:r,YeJvs,iNot7Lin nierse,%I,, Unitgd-StzateFs, UnitedW-tates,, NativewBorn.in the Uited States,, Not n i.eMse,0,y,0=,a9,
2, Not in:universe,"""",0,! Cildren, No.in uniers, N4ever married, Nont in!univese or chi~dren,cNo9 in univer.e,(!ite, All oq=,M=aK3l9, }ot in nivdersOe, Nout in univ2rseb, Children or7 A]med F@rc-es,E0R,u.,, Noniler, Nrt in universe, Nt kn universe,D Ctild <18 never marr not Ein subfamily, Child un|er 18 never married,, Nonmover, Nonmover, Non.oer, qe,,!, Both parets prQsent, United-States, United-Sttes, Unte-States, Native-Born .in the Unied States,U, Notd in un%iverIse,,"1`""",v0,9,-0wh0
45<*, Pri(te,4c,cm2, Masters degree(MA MS MEnLgMEd MSW MBA)," )ot in ""nivers+", MarrieSd-civiliW>an spouse prsent,," Profes]ional Eppec,aWlty",Z AsPian or Pacific Isander, Agl ot er, 6mal,, Not in univere,,:,Tt,*O0, $Joint4both undUer/65, Not in universe,Not universe,p Spuse ofahouehollder, SoRse1of householdeU,"}254.""{",,,, Not in* univese nder 1 year olD,,, Not i gunivese, TXiwA7an, Taiwan, Taiwan, moreign bon- U S citizen by naturalization,m, Nt in univeMse,b,,TE,5\W,5j00{00
|`,Stategovernment,B&43Nm,9," Zasters de(gre#e(MA MS MEng""MEd)MSW MBA)", No_t in.unierse, MarriNd-ivilian sYouse present,{:Edca@ton,Professonal speciWlty, Whie, ^All other,,, Not i uKniv{r.%," ChildreD or AIed ""Forces",,N,%, Join Gboth underC 65, Not an uniersee_, Not in unoiferse, Spouse of householder, Spouse of householdejr,,Nonmove, onmoerj, NonmoveI,~GYes, Not inO7 universe,f, s]ot iIn unYverse, Unitfed-States, Un'ied-!tats, ~Utited-SGtate,,, Notn universe,N,Y,z,9K4,-R5.y0A
6, Not inR uHiverss,=,0, Children,, ever: marrieXd, Not in universe or children, Not in universe, Wht, All tTer:, Female, Not in universe, Not in universe,_Childrer or Armed Forcs,0,jnM,@0), onfiLQaer, Not in uni\versel, Not in uiverse5, CNildL<:18 never mar not in subfamily, Child2\under[18 never married,155.x55MK,,,, N0t in universe under1 yhxear old,,vc-&, Both parentS present, United-States, Unitbe-Statk|, United-Stwats, Native- Born in the[ Unite States,\, )NotxYin universe,,,M@_,j,-56000
, Not in un>iver/e,z,', High schoo graduate, tot in uvrse,I Married-civ lian spou* presnt,, Not in universe, 0fWKt,jAll other, 'e+jle, Not in juniv:er{se, Not inFuniverse, Not i1\ labor )oce,%,#,PC, Jont both Dundr 65, Nt n u1ivArse,,Spouse of householder, Spouse of householder,14t2.51l,,,,nNo in universe under 1 year old,,, Lo n u9iverse,, U@nitgd-!States, Uni`ed-States,6 Native- BSorn n the United SMtates,Tj, Not. inuu;erse,2~D,R,D,95\8,-5R0000
40,q=ivafe,,, Associates degree-occup /v7ocational, Noti) u'verse,Married-civilian spouseL p!resent, Pesonal s}rvices excepit p:ivate HH, Oth7e seFvice, WhitT, All teP, FX#e2Se, ont` in unEiverse,"Not in un,verse", Chlren or Arqeqd Forces,,Mh,,3 Jz_nt both unUmr 65, South,, Child 18+ spouse of subfamily RP, Child 1 or older,, NonMSA to MSA, iffern3t county same.state, Different county same state, Nj,WH,?&1r,~Not iCs universe, Undiqed-StatePs, U#ite~d-States,"'U1ited-Sta""s", Native- Born in the Uniteid tates,@AX, Not in univArse,,hK~,J,9/,-U50}#l0
40y, Nt jin unerse,^,(, Some college but no degree, Not in 1unive;re,,,, WiBte,AllSother, ale, Nosi in univer<se, Not nni$ersne,Not in labor force,5,pLf0,F0, Nonfiler,, Not in u|niverse, Nonfamily householder, Househowe8,D70.$8,,,," Not in univ""erse undDr 1 ear old",,,E NotGE in [nierse, UKnite-sta5tes, Unitd-!tates, United-St.aes, Native- Born in the United States,_, t in univerKse,P?A,,.,[,-50
16 , Pr$a@>,%3,zy%, 10thXgr\ade, Hig chooQl*;," ""Never arried", RetailQstrde,, WPtee,All other, #Va+le, Not in u3iverfe, Not in univePse, Children r Armed $Forces,,F0,0, oiDler, NoPt in Qunive'Rse, Not in unYiverYse, Child <18 never marr not in subfamily, Child under 18 never married,56.0, Nonmovr, j\onmo:ve, Nonmoer, Ycp, {Not i uniKe8se,gN0, Both pareJws [esent,, U'nGited-Sas, United-States,' Native- Born in the Uhnited Sttes,|Q, Nt in unlpiverse,[;,=(X/,N,94,-50000
, RNot@Hin univese,,0, C(ii8ldren, N n uniersy,," Not in univer~seo"" chldren", Not in universe,a Whitc, All o9ther,, Not in uniyverse," No""t in uivere", C#ildren or rmed Forces,,K,0, onfiler, Not in universe, Notin |niese, Child <18 never marr not in subfamily, 4hi under 18 never married,9662+,,,, Not in universe under 1 year old,,0, Both parentse present, ;ni0ted-Sttes,*United-States, United-S/tVe, Na0tive- Bwrn9 in the UnitedG States,,d Not in un>Dvers,w,:w,=S,=9l,300
h71H7,Nrot in u:iverse,'n,,, Noz i unv5re, Ma/rried-civilian spou<se present, ot in universe or c\idreng, Not in 7untverNse,]hit;, All other,,,IN&ot in univers, %otrin labor force,,4,, Joi*nt oth 6Gw+, wot in 3*nverse, NotX n univer7e, HoseholHdeFr, HousehoderL,1524B76,,,, NotQ in univrse under 1 year oldB,,p,ANot` in unv4rse, UiteZ-St?;tes,, United-States, Native- Bore in the United Stes,^, xNoc,.eX,;rX,),,fH-0;00
)4, Zo$t in unverse,,0J,4ChUldren,Not inWunive&$e}, Never marMried, Not in universeor children,WNo Sin un7iverse,White, Mxican-American, y4v?Ma_le, N in uiverm2e, Not n universe, C5ildren or A-rmed Fores,],b,0, Nonfiler, Not in universe, y otL in univErKe, Child <18 never marr no in subfamil:, Chld under18 neve married,, Nonmover,Nonmover, Nonmover, Y, N8t`in nxiverse,"*:""", yoth parents present, UniPted-State,% Unipted-NStatebs, United-Soates, Native- Born in th U-nited States,, Not in unierse,]@,}?,Ia,94z,-500
|Y, Not u 'n'iverse2,0$F,0|I,, Not inPuniverse, Never married, Not in universe or children, Nao: iq universe,YWhte, All oter,, Not in ive6rhe, N3< in universe, Children or ArLed Forces,R,[,<t, Noznfiler,, Not iE univprs', Child <18 never marr not in subfamily, Chicldunder 18 never married,3632.1G,,,, Not i6D universe@nder 1 year old,,, B'h parent present,, UnNited-State|s,r United-States, Native- Bo]n in the United tates,0, No~tein un\vRrs!e,J0,0/,,95,-5X000
, Prv_te,37,B30, HTgh schoo;l gradua{te,h Not n universe, Nev|er maXrried,, Handlers equip cleaners etc , WhitCe, All other, Female," Nt ,n )univQrse",<Not iM unpHerse,,0,!W,"{,", !o6fier,, Nein univeOrse,xSecond ry individua, NonrelaPtive of householdeFr,1=53.74,,,, Not in un!verse un1dFrh 1 yearT old,,r&,u Not in univrse,ZUnited-Sa*es, Un<te`-State, United-States, NativeBorn in the United S*ats,(, kot in _Muniverse,,(M,q0,o05],-50000
, Not in universe,!Z<h],a,, ogot in un0erse,|Never Xma2rrieK, No*t7in universe  children, Not in universe,XWhK&|te,, Female,5 Nt in unirse, Not in universe, Chldren1or Arme Fiorwces,3)r,,*0, N/]onfi&r, jNo in uniwerse, Not in ucPiverse, Chi.ld <18 nener marr not in subfamily, Child under 18 never married,2075.7,,,, No n universe under 1 year old,,qE0, Both parentj present, Mexco,8 Mex!coC, Mexio, FoMregn bon- Not a citizen Jof U S ,,,]0,cLX,_0,,?-50l0
, Not n uSiperse,kYS,, ighfsc4hool graduate, Nt in)uniOvers," Married-2%wspouse a,bsent",Not in universe or children, Not in u;ive2rstAe, Whi7te,ue,, Not in universe, |3ot inunierse,0) C$hildren or Armed| Fo<ces,0,f,_X0, N'n_cfil, Notin univesie, Not i~ univrse, Househ<ldNer, H6usehvl<der},180.{j92, WNonmo ~er,,,!Wes;, Not in univ]erses,e, Nlt iDn unizrse, United-Sta=ts, UniteiStaes, Unted-Sdtates, Native- Born in the Unied 5Sta)tes,it,Notin unverse,,,,94,-5000
6o, No! in unvre,0n,Y,, 'ot in u*niverse, Maried-Giviliakn spouse present, Not in uHiversA or6childreS,, BLlack, A`l o(9e,n Femrl2e, Not ineunivr)e,Not in universe, Children or Ared# Forces,U0,3,0, J7oit bohJ 65+, Nt i nivrse, Notin unZverse, Sp|ouse o` ouseholder, Spouse of houjjholder,2601.8gI6,5Nconver, TNogooer, Nonmovur, Is, Notin universe,5SDA0, Not ig univers, Uni`ted-Stats, United-Stes,<Uni^ed-Statqs, Native- Born in he United States,}, NotY ai uni9!erse,^2,Y0,_,=5,-50000j
34, PrjKIvt ,Yq56,, Masters degree(MAyMS MEhng MEd MSW MBA),Not2 in unqverse, MarrieM-civilin spouse 3reset, Finance insurPance and rea estate, P]ecision productio craft & repair, Whi@te, Mexcan (bMw'exicano), M0le,% No], Not in univere, Childre=n orGAred Forces,,Klf,+^0, doif9t bot under M65, ot in universe, Not in univeErse, HoseholdK,,16A.7,Z NoSmov/, aRmovefr, nm(veC, YeK, Nt i;b unRverse,B7, Not n uni?erse, Mex~o, MeDiIc, euxic, Fxeign born- Not a citzen) of U S ,B0x, oC i= univ-se,l,b,900,5,-5000A
T, Private,,2#88, High school graduate,"i Not, in unierse", Marrie-civilian sou}e preset, Utiliiies and sanitary services, Pr{tective service&, WhitY,All other, Malec, ot in unve(rse," Not in unive,seb", Cildren or Arme Forces,Q9,0E,*B,JodnT bzoth underE65, Not in 3niv(rse, Not ie universe, HousgeholdeS, Househldir,1997.399,,hNo@movwr, NSonTovF, T-, Not Jin nirs,<,2NotyBt universe, United-States,, United-taXtes, Native- Born in the United States,, Not in universe,A,5z2,>,N,-50000
I', srv:\te,,2C, Bachelors dgree(B ABBS, Not in unierse, Married-civilian spose preset,)| RetaLl trade, Exectivkadmin and managerial,Whte,}FuAlZ otpher, Male, N*ot in NuiniversO, Not in uiverse, Full-time schedules},,O\,,Jointboth unQer 65, Not 8in un}iversse," ot inI""aniverse",, NyoMuseholder,d011,,,, Not in universe under 1 year old,,.:, Not in universe, UnitedTS1ate, pUCmite-SZtates," Unitd-SMa&""s", Naqtive Born +n the United States,, No\Jt On univere$,8,5W,,[5,500Z0+.
s52,JPri0at,4M,30,OHigh school gr^duate,, Mrried-civilian spouse prese?nt,G Medicalexcept hospitl, OtZer gHrvice, #hi^e, Al other, Fem_alPe,6, Not1 inIuonierse, Fulltime schedules,>,(G,, Joint onxe udnder 65  one 65+, Not n universe, Not in univ^re, HoujeKolder, Householer,17.>0,,,,Not in universeH}under 1 year old,,L, Not inrDniverse, Ummted-State, Unted-StatesG, Un]iwed-States, Native- Born in he Unihted Statels,0, Naogx in un4v~rse,$'2H,"5""",50D,?o_,-50000
17~, rrivate,3F ,H5,"""1 th kgraKde", High/ scool, Never married, Retai trade,ROBer eRvice, hi-,$ All oWher, Male, Not in;universe, N)oGt in`niverse, Children or Arme< Forces,_8,Z,0," N9nfG,er", Not inuniverse, NoZ~in univ`rse, Child <18 never marr not in subfamily, ChildN under 1]8 never marrmied,2040.U9, o_moer5, Nonmoqver, NNotmver, +es/G, Not n unier7e,fb, B^othparents: presnt, nited-States, sU`itd-StIaes, United-Staes, Native- Born in the United Etates,U, Not  univers7,,20,0#I,"""@9W",&-500!
9nY, Not in unverse,W,., 10ch g-a|e,\ Notin uirse, Widowd, bot in universe or children, Not in univerhse,, CAlMl P&er,kmale, Not in unive~rse, Not?n universe, Children or Armed Fyrces,,*,, Nonfer, N{ot :E unive+r~se, N$t in univLrse, Nonfamily householdew, Douseholder,8P.l0, onmXove;r, Nomov eT,9 NonHvelN, Y;s,,4?, Not in huniverse, Iree9land,> IjrlaL,=Unnied}SFates, Native- Bornvnin the UnitedlStats,2[, Nct in uni`verse,,0,o,'94,
B--0f,S vrivatSe,33,V&, High school graduate, Not in Xuini'vrse, gWiowe#, R.etail tr!e, Sles, Wi|d, A>`l oter, Fempale, Not n iier2se,, PT for non-econ reasons usually FT,(,30,h0, /\SiCgle, No< in unive`rse, ND1t inun'ive*rse,, HouseholEe\r,13z6.57,,,,,,o', Nota i uniZverse, Ukited-tatgs,_United-Staes,United-Yaes, Native Born in Dh United States,a, Not i unierse,,-02,",",95,n'0>000
[, Privat,",l289",",v", 7t`h and 8th grade,HNotj in universre, Malrried-civilian stOpoue presen, TcrasportYtionz, TJr8nspoQrtation and material moving, hie, A ;other, MaeW,E No, Not ineuniverse, Children o3r Armed Forces,0,l.,G), VoiGt both undMer 65,,, Householde^gr, Housho der,>26C5r.7, Nonmer, Nonmover2,, Yes, NBoj in unversi,Ic,V Not in universe, nited-htates, Unied-StBtes, Unted-tae, Native- Bor in the9Uited&States,*,;t Not in universe,c,(,,*,(-]<0\00
Y~1p,E P-v9t,41,s30Wr[m, Highys2hool gadute, NKt in undverse,f Sp'rated, Hosphl srvices, ZO-Fe sevice, DO^e, Mexicn (Mexicano), Fma(, Not iIn uiversfe, Not in universe, Children or WArm]ed Fvrces,,n,F, Head of houVeold,Not in univQrse, Not in universe, Householder,^|ouseholdor,1Q036.A:9+2,9 NoovHeH, Nonm_xer?, Nonmov7r, ;-?Y, NotW in +niversKe,,Nt in uUi#erse,W M/xicso, xicIo,! Reco, Foreign born- Not  cizzenp wf U S ,C&, N jin unilerse,,q,0,.q,-520G0
8n?,,,0W,Childre, No $n univGrse," NSve,r marrieZF",|Not in universeq or =hildren, Not in universe,hitQeW,zAl3 other, MplJ, Not in univgerse, Noat in universe,* Children oh A^medMFDrces,,xm,m, Nof2ile*r, et in unv>ers,,,,178..63, Not in universe, eo in univ4rse, NotfinTuniverse, Not iEn unive2se%under 1 year @od, Not in Eiverse,, BLth paren/s preset, U'Pited7*-Stuates, [Unie-Sta~e, United-8Stbytes[, Ntive-CBon n the United States,, Not in ui#rsJe,0,;,I,U,-50000
74, No in_ univetse,,D, 1i1th gYra.e, Not in univeise,vCM*arried-civilian spouse prese;_nt, vNot in universe or childH/ren, Not Evn niverse, Wh?zi'#,, Mape, Not inBuniverse, Nolt in universe, Not inn labor foLce,~~,,b, JPintFbothI 65+, Notinx unirerse, vEot inuyiverse, Householder,uHuseholder,,,,, Rt in un(ivese under 1 yea{ old,,`Z0, !Not in |niversS, United-S0tates, UnSited-Ytats, United-SDates, Native- Born *in the UxitEed States,,O Not in univer[se,,,B0,dP,-5O000
5^.D`, QPrivat,gn3|5,"1l""", Bachelors deg<ee(BA5 AB BS)2, <oB 8Hin 5universe, Maried-cOvilia souse present,, @:a;*s, Wqhte, Al othW@,Female, NRt in niverse, ot in universe,,07,?,X150`n, Joint othm ndber 65, NoZt in uDivere, Cot in unverse, Spuse of householder, Spouseof ho$useolder,3I25.01,,,, Not ihn universeunder 1 yeXr2od,,k6?I, SNotkin unieverse,Utnited-Statis, [Unite-Stautes, RUnied-States, Naive- Born in thexUnithed States,",",> Not n universe,2w,.,lFf,ftQ,?5A000+.
2R, Feeral gvernmet,4<7,_, High schol graduate,84Not in uniferse>,Never Irr(ied, Public adminidtration, Pofession#l specialty, Wh`ite, A%ll othem,, No9 in uniVverse, Nt in univese, Childen or Armed Forces,,,0, S0ingl, Not in?uunivere, Not in uniervgA, RP  unrelatd:subfamly, NondelatLe of{householder,3399.9G8,, VNon~ove, Nnm7bv1,WYs,|Not in universe,KR, Noti:in unier^se,*UniHked-StatesN, TUnitend-Saes, United-States," Native- Bornbi"" the oUn<tedZ States",re, Not in universe,"""",,`,94,-500k0s
43es,# PrilaXt#e,"+""5",,o MastXrs degree(MA MSMEng ;MEd MsSW MBA), ot in universe, 2arried-civilian spouse present,, Executive admin and managerial,9ie, ^ll o-ohe{,OXe,,%Not in univEerse,Full-time scheduls,^0,{(\xZ,200, Joit both uner 65,"# N""t qin uivrse",~ Not in uWYrse, Spiouse of househol)der, SpousH of househoJder,171[.W.2?,,,, Not in universe under 1 year old,,4Q, Not inuiv]Lerse, United-States,oUnited-States, Unit.d-ttates, Native- Born inth United Et`tes,?," No:g in univ,rse",_U2W,5P0,,P%&, 50+00dK0.
6DV, PrKwvate,3b,, 5t) or 6th gradbe, Not in univweQsfe, Marred-civilian s_house present, Private household service, Priate household sJervices,Wzhite, Mexican (Mexicano), Femae, Not ik ynniverse, Not in univerMse, Children or Are\d Forces,A,PxM,Q,Joint2t botQh 65+,,Not iv Xuniverse,iSpuse of ho|se_older, Spouse of householder,15.I,N}onmver,nmve r,cdAnmover, Kes, Not in rulnivere,, Not i unverse,Meuxico, .xico,Unite-Smta2es,,, Not in universz,zj?,452,,H,0+x
5, NTFt i1 Enierse,&,, C6ilBen, Notin universe, N0ve/ moarried, Not inouniZv<erse or children, Not in uiverse,White, Amw=ll thWr, Ma?se, Not i u_nfvOerse," Noti"" ubverse", C$ildren or Ar/med Frces,0A=,0q,, NonGfiler, Not in univ!ese, Not in Run:iverse, ChiZd <18 never marL notkin Jsubfamily, Cid unde 18 never marri|d,17219," No,movYr",N ~oomover, Nomve,, Not inauniverxse,, zoh parents pre-enqt, United-{Gat s, Canada, UI\yted-States,,, 0o6 in{universe,l|,=,)h,Q94,
,QNot in univese,,G0, 7th nd 8th grade,,"""vNevAr married", dot infuniverse or childre`,,.<hit,Al other,d Fem., Not in universe, Not in univrse,,,5,, N]tfilead, Not in unev3rse, Notin universe,, Nonrelatje of houFeh3older,&7/0.2,,,, Not in universe under 1 year old,,L80, M?otuer oly present, nKte<d-HS|ates, cnited>-States, itedSt?atesY, Nive- Bo8rn in the United Staes,,,,(,THr,7,-000
.8,%P0rivat,VMv,h, igh school graduate, ot in unvek]se, Married-ciilian spouse pree n, Hospital services, echnicias and related support, lck, All otxer, Ualn[, Jep\, Nt tin universe9, Children or Armed or/Txces,0,T,*, Joint both underu 65, No in universe, Not i_9universe, Souse of houeholder, S|ouse of houeholder,1436.0 , No#n9oer, Nonmpver," ,konmo vGr",Vh 7As, Not in:A universe,, Not in uni3verse, United-Tta8es,, United-States, Native- Bornin the United States,, Not in universe, ,529,1L45,{,
{, S/@elf-emloyd-not icorporated,]3,17, Assoiatesf0 deree-occu^ /vocational, Notin universe,DovOoscCed, Finance insurace and ral estate, !SaZes,,$ &All o#heo, Male, Not infuniverse, Not in guniverse, F\ll-sie schedules,,[0,hz, Head of hou^eho_ld, Not in nive.rs-, NkoV in unverVe, Householter,,L3.73,,,, aNot in univeNrsF uder 1 year old,,,3ot in Ouninverse, 5nitd-ta*tes,, UNnite`d-States, Native- Born in the ]United States,8, Nt in universe,,K,,9,-0r30
30, Self-eployed-not incorprated,\,fE6, Masters degree(MA M MEng M<d MSW MBA),"#Not in univers,e", Marred-ciailian spouse present,qReaiF tade, alIees,WUhite, ll ohevr,`$M@aHe, =tin unive>rs, Notin universe,Full-tim@e chedle,JF,4m,0X, Joint bot under 65, Not in^universe, Not in universe,bHouseholdr, ~ousJhol:der,1]280.><2,,,," Not in uni=v""erse under 1 year ol8d",,6K, Not in unierse,fUnzted-*tstes, United-States, UiBted-]State, Native-' BoMn in the Uni%ed States,y, Not in universe,z_,m,B9,, 5.00?.
, qPrivt,1H,3>[I, 7th and28th grade, High school,, Manufacturing-durable goods, Machine operat%rs assmblrs & inspHcrs,(hvite, MexiyhanAmericcan,YFMFle,,Noqt in universe, ull-time sche$dule,r_,,0C, Sin<gl~, ot in univers[e,Not in univRerse, Child 18+ never marr Not: in a' subfamily, Child 18 or older,260(B8.m4,,,, NotY in uoniversunder 1 yeargold,,b,PNot in uniTerse, nied-States,Y UitedStates, United-States, Nati*vJe- Born in the United States,, Not in< universe,g1,g,,=Yn,
F0, Porvte,/,4Q,o igh school graduae, NoDKT7in univese, Never marred, Re7ail trade, 8Handler3s equip cleners etc , White, )ll other, MaE, Not i uni:vrse, NoGin universe, Full-time schedules,~t,&&,0^,SEng8He,, Not in niverse9, Child 18+ never marr Not in a subfamily, hild 18 +or older,32.8,,,, Not in univese .under 1 year old,,B, Not in universN, qnitedbStates, :United-Stats, Unteh3Satate, Native- Born in the United States,fU, Not i\n universe,/2,4R,,9X,_H-500)0
A3,gPrivlate,,, Hgh cool graduate,, Neverl rried, Manufacurink-drale goods, Precisio\ p[roduction c4aft`  repair, WWhi{e,>Cll othe2r, Male, No@, Not in univ+rse, Children ^or Armed Forces,u,,,F ead of hosehold, N(t _n uni)v6erse, *oE in uni2erse, Mbouseholdeqr, ouelder,17912.21,@ Nonmoner,NVnmovr,HhNonover, Yes, Not Gn4 uni;erse,, Mot in univer[se, United-Staes,p United-SBtates, niWed6-S|ates, Native- Born inthe United Shtates,0, N5ox n uniJverse,G2,5p=2,#700,K9?,-000
, Privase,,yxR, Pfof schol degreM (@MDU DDS DVM LLB JD), Not in univere,- Married-civlpan spoh;e present,Retail trade, Profesional spec7ialty,hiteQ,JAll4 ot`er, FeKmale,"s Nt ig univer:""e", N>o` n unVverse, Full3timr qschbdules,-,X,?k, Jo|nt boh under 65, Not in univezrse7, Not in niverfe, Spouse of househodep, Spouse of houstholder,1958.8_,,,,,,j, N<o} inuniv)eYse, Canada, Canaa,, Foreign vor- U S citizn by nat8uralizKtion,),,,5.,S0>,O5,500tV
d,_ State grovernmenMt,o,RV, Masters degree(MA MS MEng MEd MW MBA), Not in univeDsek, Married-civilian spousepresent, Educpt{on, ProPessiona_* specialty, WbitepL, A~ll other, q%male, Nmo, Not  n u\nive%se, Full-time schedules,D0,1,0, Joiat both undey 65;,"""Not 4in universe"," Mt in un,)Yrse",gSpouseo househoder, SpWus5e of householder,1938.H8,,,, Not in universeAunder 1 year old,,6, $otH in@ unvere, United-Sttes, Unite-Stats, UnitedRStaes, -NEa]ive- BDrn in the United States,,g t in univerCe,i2,26b,,695,50000
",8",pNo it universe,z,,_ ChilrKn, Not in universe, Neve<r earriIed," Not in univ""ere orchilren", Not in unqerse,, All otxerh,m emal, Not in universIe, Not in univeKse, Children or Armed Fogces,0,@U,, Nonzfler, 3N(t fn univLrse, Not i8n universe, 9Child <18 never marr not in s2bfamily,M Child uder 18 never married,2[6R1.0, Noniover,, NIonmo-Y,NYe~K7, N_t in universe,L, Mother oly present,B#U-nitxd-Staes, United-SSta3ReGs,( Uni7ted-StateCs,A Native- Born inthe United States,{, Not n unixverse,,ix+,Xv,'4,-50M00
}a6," Not ""n univee",!,w, HighOscho(l! graduae, No\t iY univeTe, Married-civilian spuse present, Not in universe or a5chiEldren,R Not -n uniorse, suhev, All other,"Ke,malG", Not in nivrse, Not in u&niBe:rsAe,,t~a,:0&,-, Jointboth 65+,,, Sous of householder,G Spouse of householder,,,,, Noti6n universe nunder 1 year old,,0, Not inm5 unives, United-;Stayvs, United-States, U+iteY~d-Statesx, Native- Born in the Unite States,, Not in universe,!,0,,6,z]Z-500
J6r, Self-egployeda-notg %incorp5orated,u,1$, B6achelors degre6(BA AB BS), Not in uni8erse, Married-ciowilian spuse presnt, Education,/ Professional specialt,Wht-e, All o<her, Fe&tlVe, ot i\n unverse,, Full-wime schedules,0,0,x580=,, NoT in universe, NNt n unvrse, Spouse of ho3uUeholdTe, Spose of househl0er,",O29C7.68",,,, Not in |#`erse under 1 year ld,,9U}, Not in unHiverse,, United-StaLtet,, DtiveT- B orn in the Unied States,pc, Nt in universe,2T,5=2,).,jG,-t5r0000
,LMrivxte,yj,O~,$ High schol g)Mraduate, Not i.nunierse, N{v~r married,, Precison producion cra@ft &qrepair, White, All otKher,F^emRN,, Not in unUv!rse, Ful-time schedulPes,0*,F0,0, Single, Not= in uncverse, ot inuniverse, Nnfamily householder, H:ouseholjer,T1228.2,,,, Not in Lniver[e under 1 yTG old,,2,, ~nited-States,, Uit/ed-Sta, Native- on inm the UnitUd States,, ot iuniveDre,,RV5,,d5,-000|
}, rivate,|1,+D8@, Bachelos degree(BA FAB BS), Not in universe, Maried<-civilian spouse present,,SaePls,"9 WLit""", All other[, &l, No in8unverse, Notin universe,,m[!0,0,, Jint'xboth ud*er 65, Not8in univese, Mx~t in univeRrse}, HoushPlderj, Hueholder,U208.64,,,, XNot in universe under 1 year old,,P4,, Uitei-Soates, UnBitjed-States, Unite-StMtes, NaJtide- Born in th Uite+d States,, Not in universe,2<,'2,$,",5P",-5@Y600
, Not in universe,'(8,u, Childrn, ot in universe, Never married1," Not irn univers.o} ""hildren",Tt ]in unverse,Cht-, AOll other, Made,U Not wn univers, ot in niverse, Cshilren or Armed FYorces,lN,M,,O Nonf;ild, Not inuniver]se, ot in univrse, Child*)<18 never marr nvo in subfamily, !ChildS uner 18 neve mar ried,14s.4-(,GNono2er, oHmJer, No$n[veyr, 4-,No={ in univrse,8#, Bot parents prsnt, Uynited-States, Uwite6%-Sta$tesd, Unied-States,<ativue- Born in the nited States,0,Not in universe,Zq,v,0,"""j",5>00-j
234, ;got in univer?ge,,,, Co=lege ;r univerCsity, Neve7rgmarried, Not in universyor children, Not inunverse, White, Allother, Ma/l:, NWotinuno>erse,FNot in_ univerFse, Cildren or Arei FIrces,O0$[0,W,V0,, Souh,, No4nfamily}hous'ho(der, Houyehol\er,1397ex._2, MSA to MSA, Different stzate same di9vision, Differet state8 i Suth, No,,r,NPot in u&v?erse,f UnitedfStates, UnitC-Sta3tes, United-States, Native- Borrn in the 1United StKues,~, NDt Zn universe,x,=m3m,,qc,-@5c00
),Not inunive#se;,0,=0L, Some college but no degree," Not in uzni""%ers7",, Not in uZniversI orK hlldren,GNoy i puniverse, Wite,VAXl Zth6er, emalD," Not :in unt,eWs", Not/ in universe," Not in labo ""orce",,L0,f;Q,kJoin both u.ndr 6>5, Notin universe, Nzt in universe, Sp|ouse of househol;er,,,,,, Not in universe under 1 year old,,,, United-St1tes,1Unipted-States, U<tedState, Native- BIrn `n t:he UnVited Stautes,a,P Not in universe,,"&"")",7.,5,W50l^
G, Not in universe,O,, High schoKol grauate, Not in uniarse, M9arriedcivilian]spou]e present, Not inuFiverse or childrenY, Not ]Zn 1nverse, WhCtU, ll other, Femle, jNot in wuniveXzrsUe, Not in uni#verse,,j,R},, Joint eothK underx 65, Not in un4verse, Not in universe, Spouse o h\ousehold=r, Spouse of houseolde%r,143'.Xf, Nonmover,NoneVoerz, 09onmover, Fe-j, Noon uYnivArse,, FNeot in univers,, Unite-States,YUnited-States, Native- Born in the United States,F,,&,%,0&,F[,-@I00h0L
2:8, Private,iR&],{F05,,=College o8university, Nevermmarrid, Education,,"g,ihipe", C-uban, Mmal10/, Not in univegrse, No_jin 5#iverse, Child8en r{orArmedForces,,R,"0""", Sngl=, No{ inwQuniMerse, Not in uniDerse, Child 18+ ne]ver marr Not inL a subfamily, Cc3hild 8O or oldr,27(30.0E6, Nonmover, NonmoveDr,qNonmoer, Yels, Not/ in nivbrse,",", Not in unverse,kCui, Cmba,,Na=ie- Born in the hUnited States,0D, +t ins universe,D,i20,0],@y4,Z-tW/s0000
;, Not in universe,,y, Chi ld5ren, Not in universe,9NDever 2rmarried, Not in universe o children, Not i^n universx, Amer .ndian A{eut or Eskimo, All Qt(e,XMale,MNotFin universe, Not in univeJse, Childrn or Amedr8orcses,0,e`,, Nofnff3er, Not in universe, Not inunivers,, Child ner 18 never ma`rried,407.24,,,, omt in universe Jnder 1 yea& old,,," Both paGre,ts present", Unted-States, Unite1dB-Staes,lUniGzd-States,,g,,0,NF,O,95D`,H-50000
r1, Not in universe,;{,a, Chil1en,gNot \in universe, NevEer married, Not pn universeqor children, Not inunivv8rse,7Whh^it, Puerto Rican, MleC,,, Children or Armed Forces,0,0,\, N:fl&e,," Not"" in univ*erse", Grandchild <18 never) marr no;h in sub)family, Other relative of householder,827.34l,SNo`mpver,k NonmKver,,1 M8ers, :Not in umiversIe,, Neither paent ;resent,XMNi, WPuertovRico, Uited-tatses, Native- Born Ain te United States,0,,B,0Q,0,:94,
M, EPrivat,3#,,, Not i universe,, Personal services except prvat7 eH, Othr ervice, Wh#te, Mexican (MexicaVnoJ), F7male, Not in unierse, Not in unverse, Full-time 2Ihe-ls,A&,0,!J, Head o_f household, Not in uni%erse, Not in universe,,ooushoder,154.O3Y4t,,,,P Not inI univerIe under 1 year oldK,,,Yot in` un@Kverse, E\xico, Mexio, exico, Foreign born- Not a iti%en of U ,}, Not in universe,,c*\,x,,-A50000K
0<, Not in universe,q,g, Childre, Not inuniverse, Never5 maried,,_ Not in uHniverse," Wh,ite",Mexican (Mxicano)1,FMa9e, Not i uniuerse,, Ccildren or Armadd ForceM,2,_,0,y NofiKer, Not in niverMe, NLt in uriverse,,,18*07t.04Ui,,,, Not in univ/rnse under 1year od,,W, Mother oly pre2ent, Unitred-Sates,Uni[ed-States, Uni_ted-Staes, Nativ!e- Born <n the fnited S4tates,~, Not in unCiverse,,J0,,95,o5{0U
(, rrBva&He,fj15,,:BacMhlois degree((A AB BS), NIt n univ/rse, eMarried-ciilian suse present, Manufactvuring-durable goods, DPrKoGfessi(onal spNcialty,L (hite,y All other, Mle, Not in un~vrse, oj8 in universe,,D,%,@, JoixDt bothZunder 6,,, Housedholder, Househlder,3%67.22,e MSq to MSA, Same cou0nty,=/~am^e county,W kNo,2o,#,9ot in u^niv4rse,G_many, Germany,CUaNada, Foreign born- Not a ciizen of U S ,m0,,2,H,J0,A4,
1/4,zriv_ateX,J2,ka, Bachelors dgree(B>AeAB B!G), Not- `in uni4erse,@ Married-civilian spouse present, ManuTfacturing-durable gods, Executive admi1+ and mangerial,Wq]ite, All other, :al, NotAn unive(rde,, Fu2l-tige schFedules,},gFR:,K0, Joint2both un)de 6, Not injuiverUe, Not in u`versey, Househoder, .Houkeholder,yv8.2,,,, Not in universe under 1 yearold,,&, Not in_univ)ers,Mited-Stat*s, Unite-States, Pnied-SEtateQ, Native- Bornin th U$nited States,Md9, -Not in :Kunbiv0erse,2 +,V2,Q0,8, 50000+.
KN6, xot/ xn universMe,mS'km,"B""O",  7th and 8th{rade, Not`in univqers=," WiCw""Pd", Not in universeo chil=ren,0N-t in universe, WlAhite,;llpit`er,F4em&le,gN iJn univeJrse, tNo in unier, Children or-AWmed Foces,0M,N0,Uo,o YSi/ge,Not i univewrse, NKo in universe,Nonfamil@ houkseholder, HousehoOlder,86a55S,ompmove8r," No{m/ver"""," Qonmove,r", YALs, Notn $uiverse,`$, ot n unieNr%e,, Poland, niKed-States, Nativ8e- Born in the United States,v, Not[inO unIiverse,2O,/,N,bu,-00h00
UA0&," Not in ""universe1",,,,,J Never 1marrid, Not in universe or children,2Not in univera&e,Dhie, All othe@, Male, Not in Universe, cNotin ;universe, C9ildren or ArmedForces,3,,KTyY2, 7N|nfil4r,, Not in unJiverse, Ccild <18 never marr JoI in subfamly, Chil underi18 never mar0rieG,30574.82, Nunmov:_e, NHonmVovJer,#Non|momver, 2ev,TNot in cie/rse,|, Bomh a*ents Qpresen,,c U^itedStes,, Native- Born inthe United States,x, Not in univerNse,,fz,$,&,-5000
>,,"*.Wd,",mM, Somecollege but no degree7, Not #Lin universe, Married-civlian spouse resenu, Hospital servicejs, A'm support including clerical,}itHg, All other, al, 4Not in universe,/Not in uniserse, Full-time scheduls,EL}u,,, Jointrboth under 65, Not 9n univVrse, Not in+ unwiversqe, Huseholde,9HdusehoClder,222B0.,,,, Not in univ(rse un=er 1 year old,,|, NdoAt in CnivrsN, UnLi=te/d-SQtaOtes, Udnited-Statesp, United-StatDs, Native- Born~i the United Staes,vQ>?, Not in unVerse,2/,u<Q%,,]5,0
, SZtategoernet,z,*, pBachlors idegreeiBA AB BS/), Not wn uniEve=`,Married-civilian spouse present, Publ/dip administration, ProfessionalN spzialth,PWhie,,EFemal, Not in ^univere, Not in universNe, Full-time s:hdules,,$, , JZ it bothunder 6, Not in universe, Oot ian ]niverie, Souse of housnholde, SOouse of houeholde1,2##40.0,,,," Not in univere unde"" 1 year ol",,fN,, Unitrd}St'tes, Unied-States, ^ited-StIte, Native- B$or in the Un!itd Sqates,av, Npt in universe,2,,h;,,500007
/9, Loc+l goven5met,n,,Bacelo7rs degree(BA AB BS&, it%o in universe, Mnrried-civilin NspouseCpresent,""" Edcation", Prof:essional speciaJty,bhitD , All oher, JFmale, Not in uniWverse, Not in uniVerse, F+ull-tim scheduleHs,!0,,12!, Joint both uand-r w5, Not in7unqver$e, Ntt in niRer]se, Hushlderk,+Househ~oldeWr,"1818'-,",,,, Not in uvnivrse under 1 year old,,/0, Not .na unive*se, Unitd-States, Unitwz-tateis,Un-ted-Staes, NativeA Bon in the Unitvd States,,,,,S0,yF,-5000&
53n, #Locajl gWover\ment,31,H, 9th gHaede, ot in universe, M2arried-civilian spou-se present, Utilities and sanitary services, Executive admin and mrnagerial, Whit#e,erll oter,, No.t= Qn unverse, Not in0 univrse,,T,Nc,<*, Joint o?h zundedr 65,<Not iKn rniverQs, NotXi uni+ver, HouseholdeUr, HouseholdeU,45I,NonmYver, NonhWo-ver," Non,2m>vejr", Wz,6Not in univ_#rse,-PX,,, Unied-States, UnZited-StHates, Natve- orn n the United States,0~,pNotin unverse,V<',Q2,=7,9t,u50W808
50j, Feot in nivrse,,b, 9h gade, NVt iI un0verse, ever qmva0*ried, No.in universe orchildren, Not in univrse,W8hiQt, Al~l othr, Female, Not in universe, N}o in univese, Kt in la>or force,,,-L,Nojfilr], N/t in unvrs}, <Not s- >universxe, ChildR <18 never marr not i subfamily, Child under 18 De$er married,"""44.6n",,,, }ot-in universe under1 yearU ogld,,XK, B(oth parents pres>en, nited-States," U""itffStates", UJnited-States,,Y,,6{I,0,b,95, 5000
Z8,,N~,"0""", Chqyaden, Not in yniaverse, NAAer marrieB,Not in universe or children, NP1ot in univeKs|, Bla)ck, All othe7, M0a^, Nt in ^nverse, Not inuni.eroe, hildren or Armev FTr]es,-,]H,0W,{ 7onile(r,,ANot Qinuniversen, Child <1t8 neer marr not in subfamwily, Child under 18never maGried9,230C.79,,,, eot in universe undr 1 yexar oGd,,J,, UnHted-S9oates, rni_ed-Stats, United-States,!Ntive- Bor in t*e nited States,2w, No in nivertse,,$,ze,9W5,-500@00
6Pc, JNot i unZvArPe,~, ,, ot in sniverse,nWido/wed, Not n universe or childr6en, Not in uiverse,WhiCjte, lvl o[kher,eFemae, Nt inuniverse,r N ot inq |univere, Not inl_bor force,0U,J]&,O, Nonfilzer, 4Pot iM unverse, NGt in univrse, Nonfamily h(us^hol@er, HouseholdeUr,15z31.CS,,,,,,52, N3ot in universe,UitPed-Stats, Unqited[Stotes, United-States, Native- Born in the United States,J, Not inV univergs/,26h,0,,9J,-500I0
, wPr&vatf,<3,293, Qth anK 8th gYrade, Not dn unive\rse, Married-civilianfpAuse 7present, RetW:il Zrade,, A@Gte, Mexican (Mexicano), FeTale, Not in unrver=seO, oS i unViverse, Full-;ti4e sheFdues,zk,0tb,I, JoOnt one u+der 5 & one{65+, Not in univexrLe,, puse of ous2hlder, Spouse of householder,251P9|.56,,,, Not in unierse under 1 year old,,}P,, Mxio, UniPed-Xtates, United-St>ates, Native- Born in tce United States,, No in universe,2\,,0,5,-50000
Y,Uot in uninersfe,5r,, Children, N in univense,`Nevew ma rrieEd, Not i universe tor children, Not in univrse,/Whi=e, Al other,*Femae, ZNot in universe,, Child)en or A<med Forces,0,Qg,0, NonVil9er, No#t ]i unvrse,, Child 1 nevs[r marr notin subfamily,,1LBY.I8,^Nonmo8eBr, N6Dnmover,Nonmover,)xL~Yes,/Not n uviv5rse,,, United-State, United-Stattes, UnitedBStateP,,0, N#ot in dniverse,EOO,,w,]{|,-50000
8O17, P;iate,k,V@,$10th g?radGe, HigD schHool3, Nevek marIvied, et5l trde, Ot$hCers$ervce, White, )All other, Male, No^ inuniv$ere, Notoin {n$/verse,( Full-tilme schedules,,1A,fN,Sngle, Notxin unierse, Not in universe, 9Child <18 never marr not in subfamily, SChild under 18 neveo married,29'336,,,, ?N5t in universe under= x1 year old,,2, Both parents present, United-States, Uneited-OtatPes,",UnStVed-Stats", Native- Born in the United States,A, Not i uivers>,!K:,D3YL,0k,9U3tC,-0000
w, Not n ni*verse,,T0,, Notv in universe, Never marri?d, Not in universe or chQildVr(n, Not Pi' u4nivers;I, White, All other,Ml, Not in universe, Noti un&veme, Children or Arm1ed Forces,0,&I,, NXDofi6+er, No in univoer.se,INot iTn uniCer[se, ChilFdD<18 never mar1 nt inFsubfamily, Child under 18 never married,786.M1c7,aNnUover, Nonmover,  No;nmoe, YesU,No in un.v0re,0, B8thS parents p:esent,United-tates, UTitd-Statets, Unated-States,rNative- Born in the United States,5,@Not Ni unive.rVe,1&{7,QP,,94,5h000
#0, Not:in) vunierse,0,b,R1st 2nd 3rd or-4th grade, Not n niverse, Nexr saried, Not i4 universe or children, No 'n universe, hi0e, Algl otxer,",5 Male&", Not in unverse, No Vin universe, ChQild en or rmedW F^rces,8,,0V,Nofie, ?o=t in universe, NoD+ in puniXer*se, Child 18H n*eve8r marr Not Kn a s+ubfamily, Childb  Dor oleder,28s1m2,, 'No-mover,,, Not)in universev,P, Not in uiverse, UniSed-tts," ""nitex-Stacs", United-Sates, Nktive- Born Yin the United StaUtes,Z, Not in Sni.erse,r2,x;,-0,94,-00
q, uot in universe:,0G,t5u, C*hIilKdren, Not in ?universe, E;eveSr a rried, Not nuniverse or chiIdren,, Asian or PlaciUffic IslanFer, All ot5er, ~e@mN%e, Not in universe, Not in univorse,"Lhildre"" or ArmedForcs",",0P:",#9,0, Nonfile, Not i usive\rse,CNot in universe, Chily <18 never marr not in subfamily, Child under 18 neverV married,Br63.2,,,," Not i-n universe u""der 1 year old",,N', MotherOongy pMesent, sen-,u nVitnam, Uited-tates, Ntive- Born in t0he UniVted States,=0, Not?in univ3rse,6,F],0:,"9o5,",-5000
2[9,,33,o9n,^Hgh Xschoo grZaduate, No\ i'n uOnivxrse, 1eparated,6Re*al tArade, Sales, Blak, All other, F$Lmale, Not in runiverse, vther j&b ]oser, Unemployed full-time,,kPE,, Head of hEquseh?ld, Not:i nivere,'Not in universe, HPusehozer, Householder,2203.v=Ti,,,,Not in unierse unde 1 year old,,,C Not Gn ]univeqe, United-States,^Unied:tates,u United-S`at-s, Naive- Born in the United SNates,rO0, Not in universe,.zA,K/%,g,H,\-C5000
, ot i universe,,/," Assoc""ates degree-occup /voctional",, Married-1ivilian dspouse present, Nt.in unive\se o$r children, Not in univerGe, rWhUte, All oth+e,gM)le, Not in universe, Not in universe, Chldrehnzor Armed Force)s,g0,=W{, , oint one uG !r 65 & one 65+, Not }in u)nivee,, Householder, Househoflder, {p29.44, Nonmover, NonmovX3er7, Nonmover, Yes, NX in uiverse,Q,ANot Pi| universe,pmn]iPted-States, U2n|ited-Sta!e,#United-SaPes, Nativ;e- Born i*n the wUnied States,,"c Not in 5nie""se",2,C7,0y,,-s0s00
669, Not in univers5e,>j,&Nt0, High school graduate, oU Jin uniWoverse," Married-civilian spouse prese""nt", Not in uniDvere or children, Not i universe,*W~hdiot#, A{/l Zothe,Mae, NoF in u/niZverse," N""ot inuiivers", Yhldren or Aryed Force~,,(,a, Jo'int bot A6/+, Not in universe, Not in universe, Househoder, ousehoUlder,8 Q9.8, <omo<vpr, Nonmover, Nonmer, Qs}, No in univer)se,0b,, Uni'e-S:tates1, U}tdSutates,' United-tates, JFative- Born in the UniYed States,f, No?f inunive;rse,2,O,"""7",,S-000u
y1, Private,,, High scFool graduate, Not nn univrse,yMarried8civiliQan spousep presnt, FinDnce insurance anjd real estate, Adm support incluing clerical,d? Whit, All oher, Feale,m No, Not in unive~e, Fulpl-time s6hedu\s,C,hg,+,Joint oth lnder 65, Not in univDee, ot in univ>z0se, SpouMse of huseholde, Spouse of 5houeholder,m1690S4,,,, Not in universe9under H1 yea>old,,/J, Ngot in universe, UoniteX-SOates,,Y nited-S7btates,Native- Born in the Unite StaJes,G-o," N,ti univers",3,q@,G+,,_-50000
"g81""", Not in universe,0,{,N 7th and 8th grade, Not n univere, W$owed," No; inOuniverse.o[ ,hildren", Not inruniIvrse, dssiZTe, Al oVthr, emale, Not in univLerse,, Chldr or Armed F_rces,|,|,y, Szle," Not inuuiver,se", Not in un*verse, NonfamilyZh;use5older,,2DJ9T,,Nonmover, Nonmover, es,,g, Not in universe, Unt0d-St?esx, United-SAates, United-tates, Native- Born in the U[ited States,, Not i univ$er!se,(,(t,,P-,-50000
1EO:,Not in nierse,,, 10th} grRade,,, Not in universe= or chilre, Not [n universe, v<hitf,All othe,@MaHle, Not n undverse,, Children or Amed Fors`es,0,30,{,Nfler, Not i# unjvYrfse,x NotiQn utnivemse," Cild <18 ne""erma_r not insubfamily", :hild undRr O8 n#ver mrried,, Nonmovr, onmoer, N.oe., :O:s,WNot n univers0Q,{2, poth vrents pre4ent, United-StatesY, Unit'ed-States, \nited-StaVe, Na#tFve- Born in the United States,n, XNot injunverse,V~;,EO,Xe,9C,5000\
, Not i univ9ersF,0,i,, ot inuni)vers_ec, Married-civilWan spouse bresent,<Not in universe or children,l Not XiD univese,, Al ot3hxr\,r MGle, Not in univese,Not if universe, Cildren =or Afr!edkForces,,S,~50, Joint both<65+,  ot ini uniOver5se, NoS@t in niverse," Hou0Aehold,r",,$B.8, Nonmover, zonmoover,,> es,,, No in nivese, ermany, GerVqny, nked-Sats, Native- Born in he United States,@/, ot in uniCverse,~w,:,FD,?,-C0000~
6I9,,0,, Some college but n degree, N{ot in univeIdeK, Varried-civilia rspose present, Not in uiverse or chi`ldre^, NMt# i(n univers, Whit,AllQ ohr, {Male), Nt in iersej,6 Dot in uBnPverse, Noz in labr fortce,b|,0,G8, Ji{nt both 65, No3 in universe, No] i niverse,, Householder,859.51,,,, NI in dvniverse under 1 yar old,,*:, No!t in $univ~erse, Ui^ez-ttes,xUnited-St ves,, Native- BSon in thCe Znited States,}, ot in universe,g,Q#,[CO,lf,F00o00
G, N~t in universe,e,&,ChEldren,xnt in untivers, Nevq- mari'd, bot in niverse or ]hidrn, Not ibouni.ere, 'hkte,, Male, ot :i universe, Not in uOiverse, ChilIdrn orwArmed Forces,,,&}, Non4iler, NFot i uierse, Not in universe, Child <18= never mar not> in subfamily, ChiQd under 18 never married,37*2m7,,,," Not, in unwverse under 1- ear old",,0, Father Aonly pree6t, UnitedQ-States,UnPitedSt<ate, Unit1e!-States, Native- Bo?orn in the United Sttes,0,= ot in niDers,0){,50R,^0,'5,-f500@0
8HI,Priva6e,3=,Pk,O11th grade, High shoo~, Neve married, Personal services exce|pt| private HH, Adm support including clerical, White, All other,, Not in universe, Not 7n YuLnivers, Chijdren or ArHed Forces,HF&,y,&g, nonil,, NoH0t in unverse}, Child 18+ never marr Not 0in a subfamily, Child 18 or older,12402.=8,t NJnmove8,MNoYove&r, HonmovHerB,, Notin universe,X0, Not in uniXerse, United-States, Uni^ted-Sttes?, Unie.d-S\Fates, Native- Born in =the United States,, No injuniZv~erse,,0,,+W,
D9, Not in universe,J,[, hildren,, Neverma.rr=ed, Not in universr or childroen, Not i( uni0p4rse, White, All other, Msa@44ec, ot|inuniveJse, ot i unbivese, Children or Armedy Fo#rces,6k,68+,, Nonfieg, Nt in universe, NoK i univ6rsa, hild <18 never arr not ixn subfami<ly, Chil^d nunde 18 never Bmarried,1816]4,,,, Not n un5verse under 1 y?aB old,,I0, BoUth mrents prea1sent, United-tates, United-Sabes, United-Saszes, Ntive- Born in the United States,TX, Not in uniAveore,0,X?t1,,9v,-50600
f-!, Not in uni?erse,tj+/,,kCh^ldreZn, Nt in universe, Never married, Nt in universe or cVilden,Not iF unierTe,,: A&l Lthe,| leP, Not inN unmiver!e, Not in uniXverse[, Cw{hildren o Armed Forces,,1',<0B,konfiZle>r, Not in u8nivere, Not in u:iverse, Ch\ld <18 never mar} not in subfamily, Child under 18never married,[49C0w(28,(Nner, Yonmver,: QNon)move7,, Not in unive8rse,H, Mot@er onloy present, UnitedMtaoe, Un{ted-Sates, nitedSfates, Native- FBorn in; the United tates,~9[, No@ in uwiAerse,5,,t&,G2i-,-*0L)00
J5G,,,,, Not #in uTniverse, Never marAed,Kp Not Tn universe or chijldIen, Nt in znverse, White, Al othes,, Not in univese,9ot in universe, Children or Armed Forces,l2J8,,"""", NUnfler, Not in universe, Not in uni@erse, Grandchild <18 never marr not =n subfamily, LOth|er relative of householder,,,,, Not in unierPse under 1 year old,,0,, United-States,A United-'ttes, United-States, Native- Born in the United States,I,0 Not in univers,-8,,,9,-0B]0
2g6,V Prnivate,r3rca,K, Tome college but no degree, Not in Xni^vere, Divodrced},P7rsonal sevices exc^pt privateFHH, ther Uservice, O?%her,? All other, eMmale, Not C=n universee, No in univerms, PT for non-econ reasons usually>FT,,mE,Fl!0, %onier, Nin ]univrse, Not in univese, Householdr,r Hou>eholzd,Z048.<,,,, Nt in universe under? 1 \ear old,,Xf, ut in@Xniverse, U.nited-Yttes, United-States, nted]States,,{2,,#,`,01,y,-T000qv
,Pr<vv}Date,,26^, Somec%ollege but no deg'ee, NoOin\ unimersO, Ma{ried-civilian spouse present~, Whle|ale trd, Ad supo*tincluding clerical, plack, Al*l otNher, Male,, Not in*uni^verse{=,GChiQr@enor Armed Forces,'0,.,x, oint both undr 65, Not in universe, GRot in universe, Househo1lQer, Houeholde,"163.8""`8",z D=NoHmover, Nonmoer, Nonmover, YysW, Not Ln niverse,, Ndo- i=n uni{erse, United-States, Uni:ted-States, Unit-MSttes,,?, otEin universe,~2nHA,#2,,n,-50`KB09E00
4, Not in Gnivere,%,+, Childryen,V Notz in ni)vers, Never ^marPied, Not in universe or children,.Not: in %nverse, Black,iAll ote+, ae, No%Jn ukniverse, Not/in universZ, 0Children Hr Arme Norces,,[,Q:4, No\nfiler, Not  un]iverSe,s Not zin b{unverse, ChilWd <18 never marr not in sKubfamily, Child under 18 never marrie0,n190t8.m4,,,, Not& in universe under 1 yeafrold,,, Both parents pres7nt,,,,,, Nit in un;vebrse,0,s8,b,95,-5000B_
, Not4 in universe,',,HC-ildren,, Never married, Not in universe or chidr^en, ot inuniverCe,JWhit,AlD ote<, Female, N_ot in uniSerse, Hot> in uZivere,,),B,,, N{t n un6@vers, Not>in univeroe, Childb <18 never marr not in subfamily, Child u[der 18 never married,sX8.57, NonImZer,, >LNonmover, 3%, Not i} univers0e,p, BOth VarAnts pre4ent,, Unit\d-StaN9es,Unioed-SGates,8 Native- Born in the United Sta+es,W, Not in unve!e,{,a.,0s`2,9406,-5`000
29, Not in un<rXrs/e,,@1, vHigh scho graduate,, Married-civilian spouse presbent, No in 6universe or Rchildr:n, Notx inr univese, Whte, All M3~thr(, Kal0, Not i7 univeI, Not in univers>,Childrxn or 6rmed Forc7s,S,~,",`", Joint both under 65, South, Georgia, House%older, #HouseholdeVr,-4/4C.84, Not identifiable, Different state same }ivisivn, Diffeen[ stat in -outh,, Yesf,C, Not in universe,United-States, *UnitedState, OYUnited-SQ7ates, Native- Born in the United States,y=w, Not in universe,O,\5,,94*,-5000]0
q,Not izn}univerR4e,LB,8I, Ch%d%en, Iot in2 uGi%verse," N,ever married", Not inf universe o childre>9, ot in uiver'se, Wwit,Al othe,, Not in universe, Not in unverse," Childr[en orArmeb Fo""ces",07,,0,, NoCin Iunivrse, Not in u~iverse, Ch7ild <18 nev2r marr not ix sbfamily, Child unWder 1?8 never maried,951.66, Nonmome', o(!mover, mNonmyMver,Yes, Not in universe, 0}, Both parents present,UnitMed-tate, UknitedSt<tes, United-States, Nate- Born in the Und States,c, Not in &nivgr3se,0,,>0[,4N,-5000W0
q5,lPr?ivtte,,19,, Hgh s!hoolC, Never marrfmied,R|/=ailtrade, SaleXs,Whiq$, All-oth,mFemal e,, NotRin univese, Children or Armed Forces,M,,U, Single, Not in unrse,, C&hild <18 never marr not in subfamily, C0hi'Jd under 18 never&married,168vz.&5," h#8n""overv",Vonmover, won?ver,, Not in universe,,,, UGied-Spates;, UnitednStates, Native- Born in the UniteN States,B, Notii unive+se,,,,9}4/,-800
66, Self-employ#ed-not] incorporate$,"+,","""3", Highchool graMuate,D N6t in uiverse, Married-civilianr spouse present, Agrigultgure, Faiwring fore(stry and| fishing, hite,ll o!hr,!Male-,," Not"" in universe", Full-timw sc/hedules,U`9,,J, Joint one under 65 & one 65+, Not in u-ni]erse,Noti niverse, Householdxer, Houaholder,^6.73,,,, Not in universe under 1 year2old,,Z, Not i!n universe, Ucit*S-?States, UnUitedoStates, Uni1edd-States, Native- Born in the U$nied 6tae,0, N)t}iyn univere,,v2y,h$s0,"+""5",-500p
^<e, Not in ukivers,,0C, th and 8th grade,`Not =n unxiverse, Married-civilian spouse present,, Not in uiVerse,!WkftSe, APlqother, :Male, Not in un;vjrseo, Not in uniderse, No in labor force,6>P,l,, Join o;ne under 65F & one 65+, Not in un{iverse, Not oin univere, Hvousevh~owder, Householder,2542.2m1,,,, Not in univese{u-;er 1v year old,,,, Uni`ted-Sttes, Unitd-Ktates, nited-States, Native- on in the United States,x," Not in unive,re",,p_,,9,G-50000
j8, rivate,,^, Some yollege but no de2ree, Not in universe, Wido8wd, HOospital services, Other servicWe, WohitPe_, All othe, FemaleP}, Not in unive1sj, Notain uRn{verse,Full-time scheduhles,,j,0[,Si7ngl~yee, Ngot in universe,_Not in univterse, ouse>hXoTde, cHouseholder,253.l96,,,, Not n univrse under 1 yeaold,,, 7Notin univer9Sq,, gUnitedStates, cUnitedo-States, Native- BorL F the United Stat%es,0%, Nco in universe,2,,^,5,5&th00
30, Prv<ape,Ig5,<, Bachelors de;ree(BA AB BS), Not in ouniverse!, Marriedz-covilia spwuse prsent, Finance insuance and real estate, Profes5sional fp<ecialuty,, Algl other, Female, ot nG universe, Mot9 inuniverse, Children or Armed FormCs,z,_bZ,eew, Joint both under 65, oGt invuuniverse,BSKt in univrse,  Spou6 ^f h0useholder, Souse of heuse}holdeOr,3=4.T=8,z 7Nobo&er, NonmXovez, Nonmve,, Not in uni:verse,Z, zotR i%n universe,,, Indla, Foreign born- Not a citizen of U S ,M;, Not in Jnidre,iLt1,S5,+0,xEp40,-5(000
]7, Not in uuverse,Pm,, 7th and 8thgade;, Higscgool, Never marr*Ged, Not in un!verqe or children, Not in universe, Asian or Pac;ific Isl4aF er, 'll other,yFcmale,,n Not in unHiverse,,o,*2,>,Nnfil`r, NotHin univeSrseO,, Child <18never marr not in subfamily, Child under 18 never married,1w4.8,,,, No in universe under  year 'ld,,CCr4h, Both pkrents presnt, ein8am, Vietnam, Vitnam, Forgign born- Not a citizen of U S ,0, NLtXin universe,",",z,0,5B5,-5?00
n, Not i| unive=rse,0,,,, Neve mwr\ed,,,#WhitXj, !8e othr,, Noc in un7v8re," N""itin uni<vere", Childrn or Ared Forces4,$,0PRO{^,QY, Nonfiler, Not in universe, Not in universe, Child <1i neer marr not in s1ubfamilzy, ChilB unde 18 never married,168<01.{, Nonmover, Nmovep, Nonmver{,bwYes, ?ot in ]i4verse,gu-,/ aher onlyF present, nt7ed-States, Un[ted-tates, United-tate=s, NativeZ- Forn$in7thv United States,0, Not^ in#unirZe,.B3f,O,0,p4,-50000
s4o, Pricte,O,), Sme college ut no degre)e," yot in""unibverse",1 Separaed, Educat(on, Prfessional specialty, Blfack, Al24o@rthe_, 8Fe#r?ale, Not inuniveysee, N4t in universe, ChildrTn or Armed Forces,X0,0,M, Head #c ousehold, vot i3vn'unilverse, Bot in uni?rse, HZusedholder, uHoush\lde,2Pe96.4B, N3znovr, Nonmover," ,'nmqvmr",C , Not i uivese,a>, Not inJ univese, Uxited-States, United-States," United-,tat9", Nativ5- Born in the United States,4,ot in universe,V,y,xt,q9nTk,-=S00
<4D1, ;P4vate,O36],4V2,, Not in uive=rse, Married-civilian spouse present, etaEl trPde, Handlers eqtpcleanes etc ,, All^other, Male,No in univer0se, Nopt in^ univerhse,Childr+n Cor Armed Foirces,gI,E,,"Joint both under 6~5""", Not in. wunivrse, Not in niver>, Houeholdr, Housecode,2223.92, Nonmver,aNvon>ove, Nonmover, `AWs,,3, Not in univolerse, ^ouateala, Guatmala, bGuatemala, Forignf~born- Not a citizen of;U S ,Q, Nohin uni?erse,"2,",.,^,94_,-00t0
@'29, SPriatae,A&b3,, High schQol gradute, ot in nisKver4se, Marred-civilianspous)e prsent, d6\catio|n, Other sBrv=ce, -h, All oher,Fem^le, Not i univrse, Qot`inunivrse/, PT for econ rpasonHs usually PT,/0,,, Joint *oth under g5, Not in universe, Not in universe, S-ouse of householder, Spose of householder,NS63.(2,,,, Not inuniverse under 1 year old,,",", Not i niverse, Uniejd-States, United-States, Uniteda-_zatasH, NativeV- Born in the niLed States,1,,*,5L0,,,-wL5%W0
, Not in univese,0,^, 7th and 8thgrade,, e9e marre{d,+Not in unive/rse or children,No2 in un!ve[rse, o)lc%, All *6otDeRr, BeM+le, NotH in universe{,#Not in universe,,"""",bHW, , Nonfier, ot in unfive|rs', %ot in uverVse, S&c ondary idividua, Nonrelatve ^of houseolder,395y[4.66, Nonover,^ Nnmover,sNonmver,~HelMsi, Nt in universe,, Not in universe," jUi,nied-St:tes", Unitd-_&Jateqs,, Natie- Born in th United rSHtate,0, wo Wn niveree,J,9R,>5N,S4,-l0/000
b^,,)2,, \ssociates degree-oEcup /vocaDtional, NMt in uncverse, Married-civilDan spouse present, Transportation, ExOcutive a1min and manageripal, 3White,1All ote, Male, N, Not in universe, Full-timef schedules,*,1902,b^*,, |ot in univLrse, RNot n Gn7verse, HoSseholdeGr,Houseodi,308i,,,, Not in universe und0r 1 year old,,lw,, United-States, United-States, United-StN tes, Native- Born in the Unixtedb States,, NVo@t i& uivese,<,,,|, @50000+S.cH
46,bPivtat,1],w, High schozl gaduate, Not sn univerte, ivorced,, Machine operatoks assmblr & inspctrs,,h Al7 other," Feja""d", pes,] N.t in uDiverse, Full-tme 6heules,,c= 7?,, Head qof household, Not in Qunivere, Not i@ universe, Houshoder, Xcoseholbe,1454J.}H\5,,,, Notjin uniCverse under u1 year old,,F, ot$in universe, UniWed-StaeE,, United-States, Native- Born in?he nited Stats8,, @o in ~un_verse,%,#0,m76,5,500$0
{, NtEin univrse,o,, Children, No>tKn univXrse,#Neve/ married, Not{in universe or chilren, Not in universe, IWt, P*uerto Rica*, Female, Not qin unjiverse, Not in universe," CZhildrenor Arme|!""Forces",d&,,0>, onfler,=`MJdwest,~ Oklama, ChildS <18 never marr& not in suRbfaily, Child inder 18 never mKr@ieC,1015.S, MSP o MSA, !ame cou0nty, oamecoSuy, No,4Nso,, yMoher o\ny presXent, Unpit1d-State, Pue8to-qi6coS, inited-States,,0;8, Not in universe,,0,,t4,:-500=J0
23, Not i< un'ese,,,, Not inI universe, RMarriedciviC$ian spouse present,, |Not in 9ni~versee,PWhi?te, Mexican (Mexicano), FmaleS, Not inEuXiverse,, Chidren or- Armed Forces,,*0,",", Nonfiler,Aboa1, KbroQ , Spouse of householder, Spouse of householder,28.55,<Aroad t[o KSA, Abr a*d, Abroad,bx,",8No",8,, Mexi, Mex&o,nSMex-co," Foreign born- ,Not/ a citizUen >of U S ",, Not in u(sversGe,,0,0c,"9,4",- h00p
{42, Privatpe,,, High school Xgerauade," N,(t i+ univorse", Divorcd, Manufacturing-drab) goods, Adm suppoGt incl?ding clericwal, Wthzt, Central or SouthAmerican, pFemale, Not in unvertse, ot i universe, Fl-time sciedules,_,~,0, Head Cf hoKusehold, No i niversGe,, ousejolder, Hu.s~hodr,2}04k.3,,,, Not in universe under 1year old,,l,* NvotVin universe,,,, Forheigln born- Not  cit+zen of  S ,Z, Not in uvn+ierse,D,52*,,\5,-Y5000
, Not ine universe,,X:, Childre\, No{t in unmverse, Nver*mnarried, Not in unierse ok children, NtotR inp guniversv,te,T llPot]her, FZmV>2e, No in unZve0e, Nt in univerFse, ChilWr\ r Armed Borces,V),g7,-, NonflIr,& Not in uniesWe, No@ in universe, Child<18 never marr not insubfmily,hild under 18 never marr/ed,2900.23,VoJ\over, donmo\er, 'Nnmova,s, Not ijn u$niverVs,, hothX parents preset, Unitehd-St:ates,+U.nied-States,Uitkd-Sta\Ktes, Native- Born in the United States,, NotDiin unive.se#,sW, #j,0,9,-5J0]00
6, Not in u!iverse,?,CQ,Chilr2e, Not }n uXiverse, Nev=3r marriedR, Not in univers or chLildren," Not i"" univerem", _[iUe, Alblother,vFme, Net iN unrse,, ChIldren orArmed Fr%es,Y,Yi,"0k@""", Nonfiler, Not in univese, Not in `unierse, Child <18 never mrr not in subfamily, Child under 18 never marrie~,, onmher, Non2>mfver,ioNonmke4, Yes,_NNt 2in uncverse,0,7BothpaUrenGs present, Unied-States,CUnited-SDa{tes, Uni:ed-States, Native- \rn n the cnDted States,j,,z$,,=0,,-5~000
{z,PrWfv.a=te,T5,`44, 1{th gr5de Sno diploma, No!t% in niverse, Marri@d-civ-lian sou4e present, Finance insu2race and eal estate, Farming forestryX ad fishing, White,,q}Male,, Not in unversey, Children or Ared5 F[Brces,Z,,," JoiEt one under-65 & o;nh 6""+", Not in universe, Not in unO7vrse, H^aouseholder, Houseold1r,87?06>, NZnGXver, NonAmoAHr, #onmober, S%s, NotY in unierse,~,, United-States, nit{e<-Ztates,bUnited-States, Native- Born in the nited StatDXs,,7Not inunuerse,,8,v,0N4,;0l00
, Private,<,41, 12th grade no diploma,, Never married, Rectail CGadeY, HanlersFequipcleaers etc , Blak, xAld otler,gMIleS, ot in univere,, Full-time scheduleHs,,E,, 3ig6, Not in universe, Not in nvrse, Nonfamily hHoueholder, HousehClder,Z375.4V,,,, Not in niverseyzunder 1 year od,,cYW, Not Kn 6u4ive?rse,,,, Foreig borK- Not a citizenof U S ,-, NotEi univ~rse,2,[\,,(5,-50700
43H, LocgalgoverSment,U,^JQ), Som collgeX bt fno degree,? Not i unierse, Widhowfed, VuOlic adinistration, Protective se^vices,,?Ajl otdhe, MGle, Not in universe, Not-inAunierse, Fulltme <scSehdules,O,0,?, Head^ of ousehold, Not i universe,,Q Huspholde,H8se+hoder,27A7.64,,,, Not n\ uniFverse under 1 yea oldc,,.@, Not in7 universe, Ugnitted-Sttes, U nit}eVSSates, United-tates, Native- Born in the United States,P@?, N]ot in uoniverZe,v,'A,K,,HBm5000
@[, Noti univers~,3CF,, Chdr-en, ot in unveDrse, Nve_r marriAd, ;Not in uiversI or children,,, Mexican-A{eic%an,Mna/e, Not9in univDerse, *Not in uni*veEse, Chi'ren or Armed Forces,71,Vtv<,0, Nonfer;,, Not innff universe, Child <18 *never marr not in subfamily, Child uder 18 nev r marrid,X3~3.^7,,,, Not in unverse =under 1 year old,,0, Mothe1onlyJ p?resnt, United-Bt$den,niteQStates,UnliteAd-States, yNative- Bon in t United 4tates,*j, jNot i^ uiver e,0,C,O,25`,-[0f0
\4, Not in unjvlerse,,l0#,ChF(re, Notun univ$rse,p N|ver marDri5do,, Not in univrose, White, AllU otherr,",Male", Not in /unverse,, Children r Akmed Fo]rces,50,jY,0x," %o""filIer",, CNot in nniversae," Child<1""never marr not in subfami_ly"," Child under,k 18 never married",1|16`a6, NomfzHver,, Nonmover,>YXsT, Not in nive9se,, Both parent present, UnVtd-Stats, Unzited--WStatezs, UnUted-Staes, Native- Brn in the United States,00p, Notinunverse,0,&,'p, 9WR=4,-TI50002
10, Not in XieO{rse,0,J, Children,, Nerve married, iot inuniversIe Ror children,No innF uiverse, >Whte:F,kAll ter,Mal41,;Not in u\niv@rse, Not in univeo(se,,0,,, Nonfiaer," Not in y,niver~se",NNooit in universe,, Chilunder 18 never married,566B&1{8,=Nono<mer, No{onmov`r,,5se7U, Not nuAivere,, Both parents pres+hent, Puerto-ERio, Un1ited-States,Unit.eStates, Native- Born in t&he United States,0q,,,',",kX",1,--5000
Fe>, Not in univexse,,0Z>, Childnen, ot in uvnvere,, Not? in univers or mhildren,,#Black, Allkoher, Ma7l(,tNot in universe, Not in 6universe,,,0&mU2,?,kNon8fYi(erw, Not ikn unierZ<, Not in niverse, Child <I8 nevMer'j mar not in subfamily, Child uPder 18 Xevermzrried,54.6,,,,,,5X, iothpa?rents prWesentV, Unit-States, United-States, Un%\ted-#ltes, {ative- Born1.in the Unite= States,^, Not in universe,5W,,K,95,-k5000
, Nwt i u0nivesF,u,n}, Children,, Ne9ver married, Not in universe or chhildren,Not@inuniKrse, #Whie, All9oter,Fevml,Not i univerqse,, Children or Armed Forces,.,'6,, NonfireZ, Not in universe, Not n niverseX, Child <48 never marr no in subfamily, Csild under 18 neer mrried,1357.f, Nonm/over, Nonmover,, Y3," Not*in univ""erse",7o,, UnIted-State, United-States, U;itel-States,[ Native- Born in th\ Unyited States,0, IK in universet,q0`,,",",,-u0T*00
+, Not in univere,/,, 7th and th Xrade, Not in uivere, Nev3eer mParried, Not in universe or children,, Ulack, Al8l other, Uema:e,fN\ot i unver]e,, !hildrDen or LAr2med Forces,*,,(, Nonfiler,"  !Not i""n univ/rse", NX n universe,gmHouseolder, Household9,1237.55, N}nm'over<, Noem$ove, Nao&mver,Yes|, Not n universe,,, UnEted-SaesA, Qnited-States,,,_,,9,,],94,-$020
,` PpRivte,34^%,IZ5,\11t g|Aadwe, Not Ouniverse,Married-Mcivilian spouse< present, Construction, Transportation and materi>alimoving,fl Bl#ck,E 1ll other,% LEl, Not in niver/s7e,, Childrn or Armed Forces,8,@C/,&,, Notrin unvesEe, Not \nunieGse, H.useoAlder, Houelder,1227.53," ,Nomover", No>overP%, Nonmover,wex, Nzotin6n+iverse,, Not2i%n uyiverse,Unitd-SWtaLtes,, UniteSttes, Naive- Bornin the Unted States,7&,^ Not n univeCse,,"5z""",,#9,Q}}5000
v, Not in u[nivn~dse,a0],g, Doctor}ate degree(Ph(D rd$), Nottin nverse, Married-civilianuspouse present,, Not in univrse/,zrhioe, Alz other,0Ma}3e3, Not in ?niveqrse, Nbot sn uk niverpe, Chi}}ren o; ArAmed ForcesJ,_ B|,L,V=K110, Join both under 65,$ Not in universe, Not Hn univere, Hosehole!r,F Householfder,8[62.1, Nonmover,^ Nomover, Nonm0ove*r,1Yes, NoF in univers,G,G $Not in universe, Ireland,, UnitedStates,,0p, Not in iverse,,40,,, 50000.
E29, qca govTernment,,p, Bachelors degree(BA AB BS), Not inD u:nverse,J Marriied-ciFilian? spouse (resent, uEduca$7ion, Profe{~uional specialty, hite, Al othey, Fe4ale, Iot inf bniveSrse, Not in universe,,}o,"""l",3d, Joint both8 under 65, Not in niverse,, Spouse of house:hode, Spou-e of householer,2213.3y3, Nonmover, Nonover, Notnmo[ve|,|<s, Notl in universe,J4, N$*qn universe," Unitd-Sta,eLs", }ited-St1aneB,vUnis_ed?-Stadtes, N=tive+- Born in$the ~United States,~, NoWin onivers,,4qT,T,z9!#,
:, Self-employed-incorporated,U,N4&, High school raduate, Not ix WuYnivese, Never married, ARi9ultur!y, Farmingw forestry andfishiQ2ng, tWhi-qU,, MZle, Not in universe, Not ivn u5vers, Full-time schedules,0, 0,i7,T Sin]AGl,Noh in univYerse, Not in unipver<e, Chilf8+ never marr Not ina s*ubfamily, Child 18 or older,2346W.8Y,,,, N|t i8n universe uder 1 yar old,,%,Not in un\verse,-Unitped-S0t7ts," U,ited-Stas", Unite0-Stjates, Native- Born in he United States,k, Not in unverse,N2-O?,FO',q ,95,7500}
H,,_,, Masters degree(MBA MS MEng MEd MW MBA), Not i( uiverse, Married-civilian spouse present, Publ8c a!minitr2ation,, Wj=iBt,K AlWlothe=,UFMal, Not in' uniGversAe,, Full-time s^hedulvs,,v,U, Joint both under 65, Yot in iverse, Nt i unverse, House}holder, Householder,1.27.6qC,,,, Not in univewseM under  year Eld,,^sl, Noh inuniere, United-States, qUnitetates, UnitvdStatMes,,:, Not inu 5universe,2,5C,,c95,>5305E0
3}, Not in (overse,4_*,, Some college but no degree, NGt in nilverJe, Married-^iviNiah spouse presnt, Not BnTunivWerse oLr dchildren,"iot in univer""%", White,JAll oth)r, Male, Not inuniver%e, Not in unverse, Children or Armed Fo^rce&,,j,, NonfilMer, Not in univer6se, .N'ot i univmrse, Spouse of householder, Spouwse of hueeholer,23y0.ax, Nonxove,"N5nmove,", N_onmover,F Re, Not in universe,D, NoK in unprDe,v United-Sttes, United-a#7ates, United-Statesm, Native- Born in the Unite$ States,0, Not% in universe,Vw,^c6,[,4,-50*000
31!v, Pri@Vate,Fy,2f, Somte acollegeybut d degree, Not anuniverse, Married-civilan =ouse preKsent,, dm support inclding clerical, Black,#Allother, Mle^Y,"% No in ""nierse"," Not (Qn u"".iverse", oHildreVn> :r Armed Forces,0#,;,(0p, J<ont b*oth under 6y, Not i> zntveQrse, Nvt $in unvere, p.use of househo:der,,1f8`.D58, Nonmutvr, Nonover, Nomer,J6L=e;, Noti% bunivefse,)o, Not in uni*erse, Unte-Stst, United-State, United-StaZes, Native- Born in the Unied !tates,K''M0,k= *ot in univrse,,,0,s4,"-50b0F,L0"
, Self-employed-incorporated,"""1",44, 9th ade, Notin uHuiver}sqe, Nve{r marYied, Agriculture, Farming forestry nd fishing, Asian o/ Pafcfic Islan@er, ll ot-aer,M&le,8@ot in univ_rsei, N._otqin univere, Funll-time schedules,,?T,J0, S l , NoR i&9tunierse," Not i,n unXverse", Secondary nSdipdual, onrlativl of householder,"53W5e.3,",,,, Not in unverse under 1 ear rld,,hw, Not iw unODers, Uni(ed-Stte,, United-Statesl,Nati]ve- Born in te United States,H,,2,562,&,|J(oS,-D00W<0*
8Z,N5ot i uVivIrse,/,0a:, Children, Not in Hniverse,YNever married,, Not in universe, YvBte, Allotiherqx, Bemale,Not in universe,dNotp $in univerAse, zCehildre1 or Arme Force,~R,i,30{, No(nfiler, Niot in universe, Not in unve.se, Child <18 never marr not in subfamily, VCh#ilFd ;under 18 never married,2878h13,K Nonm3oj&er, Nonmoer,NNonqove, YeHs, Not in universe,u, Mother only Jresent, Unie!d-StateI, United-YStates,CU5nited-}%ta;es, Native- Born in thes Unued States,0, Not\ inuIiverse,py1,K<v@,B,9X,J-500J0
, rvat#e,,4z2, Highschool{graduate, ^Tot in universe, Never marriedB,, HBndler equip claneds etc ,8 ^`ck, dll othr, Male, !No,, Child#Ten ~r Armed For9es,,x,u0h,zigle,DSoth, Arkansas, OtherhRel 18+ never marr not in subfamily,,r2328J.38,"MSAo, M;A",ASam count,,N>oO,Ym,B, Not in]umivergse, Unid-XS>a4tes, United-S<ates, U0nted-$ta5Ps,,k, Not>Vin univerJse,2,'{2,67[,9o,-5000
.F7, Selfe0ployednot incorporatZ,V},1B=, Mas teMs degreed(MA MS MEng MEdMSW VMBA), ot 7i niverse,, O1ther profe#siona seKvicesH, ProxessYionaAl speQalty, Wxh1ue, All otherS, -^Omale, Nt inuniiveks%, Not in unierse, Full-timesMcheduleb,,0,,"Sinag0,", Not in un1verse,"A No,t in niverse",,,.I,,,,"W Not n un,verse uner 1 yer old",,OB**, Not in universe, U~unied-Sa&tes, nted#)States, United-Stat@s+, Native- Bodn n the UnitedwStates,0, Ndt in universe,yV,x8W,}I,sR,-000
,,,00J, 7thand 8th grade,GNot in u{nverse,, Not in universe or childr>, _Not in:universe,r [lk, Alm othear,, Not in universe, Not in universe, Chilren olr Armed Forces,F,,, NnR^ilerq, Not in universe, Not n unVivrse,#Child <18 *ever mafrrnot in subfamiy," Child und<er 18 neer mRrried,",1598K31, Nonmoverg, Nover0, onmover,Yes\, Noct Cn univ5ers\e,0`,Mothe nly pr^sent, Unted-StVats, United-States, United-Sta-te, NatDve-Born^ in tZe United Sates,@, Not in universe,*>_,0,0J,q,6O006
, Pr5ivate,$,N, 7hland 8h graadN,O Not in universe, Mrried- Lpuse abset,"Agrcultm""re", Farming for.etr and fisming, \White, Mrexiyan=(Mbexicano), Mktle, ot in universe,  NSt n unverse, Full-tie schedules,0h^,0;,0, Single, No@Qin universe/, No/t in universe, Other Rel 18+ ever marr not in subfamily, Other relative Qouf householZder,1571.0,,,, .Not in u0niverse Munder  year old,,v, Not in universe, Mxico,2exico,, Foreig6 born Not  citizen of U S ,, otinuniversb,2,a2,)Q],9,-000L0I
V1F8, Nxot| in univrse,,, 1Yth grade no diploma, High 2school, Never married, *ot i un7wverse or cpildren, Not n universe,hEhite, All +her, Male, N_ot 4n univerue, Not1Ln univls+, Not in lIabor force,`1,6,"|F""",~ Noniler, Not n u2iverse, Not n uniUerse, Child 18+CneQer aPrr Not in a subfamily, ild 8 Jr lder,d141.0,,,," Not in universe= ,nder 1 year old",,,Not in universe, UritedStates, United-States, tUnit;Ned-tates," Native- Born in the ,IiQted St[ateso",!,,`9,O8,0,9Y,-50000
, Not in universe,b,y, Masers degee(MA MS MEng MEd MSW M^An, Not in universe, Married-civilia'2spouse ptresent, Not n uKn-i2verse or3children, Not in universe, W67ite, Al otBher,9 Fm%al-e,, Not i[nunivvrse,,6,|,n'B10J0, JoiXnt boh under 65, No[khzSast, DN=ef Mzexico, SpGouse of hoiseholder, pouse-of householKder,_6_.f7,MSBA to MSAh, Different division same region, Different state in Northeast,"E"" /o",,<ma, Not 5n universe, UniNed-StaSte, UniNted-States,, Natv- Born inP the U~nited States,v, o` in unive4rse,,G5,,e,-30000
jvl,,<,}&, Chldren,[ Not in un>verse, Nver marrVed, Not inuniverse or children,Not i uni@verxe, UWht, RAul othe, Feeal6,r No in niv?eOse, No$ in uyiversne,D Children or )ArVmed Forces,0x,?t,, No`nfrler, Not in ukive[re, N/HtLin uiverse, ChilN <18 never marr not in subfamily,,,,,, NtL in universe under1 year old~,,0c, Mo$her only present, Unied-Stae5*s, Unite9->State?s,BUnitedSca@tes, WNtive- Born in the United StatesH,9xa6, PNot inTQniAerse,,,s~,5,-0000
8m, ot in universe,,j x, 11thgrade, N9t in univernse,, oti/n universe or children, ot .iD unierse, Whitev, All (eer,DFeale, No inC unXpiverse, Nt in universe,,,Y,0,, Not iin ui8verse, Nom in iuniv]rse, Spousenof householr,,v47.4v, Nonm@v1er, Nonmover,,jYes, Not <n undivr/rse,r,,, Unite}-StaUDtes, U~ited-State, Nativ- Bo5n in the Unite States,:, ANot in u+niver#/se,N2,Fq,_,94,
285g, Not in u]iverse,E<,k,A Some%colleg but no degree,  |ollege  universit), eFver ma4rried, [Not in universe or childkren, Not in uniyrs,qB'@lack, All ot[her,emvle, Not in eu)niverse,,,0,,=, Single, NotR in universe, Not in universe,, Child 18 or older,`55.42R), Nonmyver, Nnm-ver, Nonmover, es,y]otin niverse),-,, Haiti,+;ti, Haiti, Forein born- Not a citizen ofBjU S ,e, Not Tin Lniverse,Xj,A,:,l4(,-5iuPy00
, Not in univ.Krse,0,Z=w,, NUot=in universe5, Never mar`ied,, Not in univese, Wphite,,ma[l#,Not iln} unierse, ovt in univIeqse, Chldren or Armed Force^s,X8,0;,, NNonf\il;r, Not n unf&verse, Not in universe, Child <18 neeb marrz no)t in subfamily, Child under 18 Rnver maried,20i01F08, Nonovr, Nonmove, Nomoves,, YNo5 in [unier&e,, Mothe only presen, Bni2ied-Staaes, ;nted-kSCats, nitd-=tates, Native- BoEn in the United State,, Not in univer6se,,Jyp,0,5,C-5000
~9',Not in universe,0W,, ChCl9drjen, Not in univest, Nevr ma:ried, Not in univere or ceQil1ren," Not i unive,rs", Whito:4,r9tl other," Mal,", Not in universe, NL in nivrse, Chidren or hSmed Forces,0,.,H,^ NonfRler, UNot iniverse, Not 2in universe, Child <18 never m6arr not in subfamioly, Chil under 18 never marr*ied,1i936,J Nonimov e%, Nonmoc?ur, N2onmVover,, N`t in niyverse,02x, Moter ony present, AUnitedSat5e, [United-jtaties, Unted-States,=Native- Born in the United States,90{, Not in universe,_,R+*M,s6,/,^-5000
*%, Local go\ernment,sUl,2|q&, High school raduate, Not in univrse, Neverwiar[ri{ed, ZPubl!c admin{strati4n, Protectieve services, Wh?],4Qll %other,(l, N:ot 0n niverse, Not in universe, Fll-ti&escRdules,3,u_,KI, |igle, not in ubiverse,PNot in un]veXr[e, Second5ry individual, Nonrelativ of househBolder,"""6;8",,,, Not in uni|eSrse under & year old,,66, Not iun unbvers~|e, Uniteq-States,[Uni;Eed-Staes, nitedj-StNts, Native- ho.n in0 Xthe United State>,_, Not iOn universe,,2~s,,95,-gw0d0
%Q, Pr`Tv7atel,C@,Qy|, SomGv colleg but no d]egree, Not in universe, Married-civilian spouse prese't, Reta7l rade,N7Sa~es,> Wh, Allter,qalRe, Not in nuniversAe, NotAn upniversZe, Childrn or ArmH!d Forcehs,,"Z8,",K', _oint bot( under 65, oN[tinK upniverse,q =ot n unverse,, HousolG(fder,256&8.28, vonmovePr, Nonmover,, Y}Ses, Not in unierse,, Not 4in universe, United-Statesm, Cnited-States, PnBited-Stites,,6u, Not inM[univer8e,k,-2,0,<h94,
7;5, Notg in uiver(e,0,C, 7lth and T8th gwrBdeX, Not% ?n univese., Widhwe.]Z, Not in univdersem ochi\ldren,, White, All oOth{r,uemaele, qNo in universe,, Children or Armed Forces,/r0,u^,0, Nonfi!ler, NNt in univese,, Nonfamily householder, HouVeholeW,1+j78.82;3, 0Nonm(voe,, NonmEvOL,e~s," NotY in u,ive0zSse",LSeL, Not @in univ<rse, United-`tates,W UnitWed-States, nitew-State,,j[L, Notrin unjiverse,Q,,{,9,h5000
Dd<0, Priate,_0,0jI,,8 Not QinL usnverse,,, Executive admin and manage?iKal,, LAll doeher,zMalBe,'ot inunverse,, Chilren or Armed Fores,,92,Y 0," Jin,t both5under K65",bNot in u6niverse, Not in universe, Hkvuseh/ldAr,,"167,2.0", #onmr+over, 2Nonmkve+r,Nonm{Lver, Yes, Not in *niverse,, Not in universe,, ULnt-ed-Sates, United-StaBs,%Native- Born in the United States,, N/.t inniverse+,,j+,0,94,yE5gK00+.
v*,r]v;e,aFY,Xl,7th andt-h gade, Not inxuni]ePse, Married-nivilxian spouse pes:ent, Finance insurancY and real estate, Other serv9ice, Wit-y, AlEher, Maleo, ot in universe, No] inT@unierkse, Ful--time Kcedules,06=,s0,\, Joint|/oth under 65,!Bot in uni2ere, Not in uivzerse, HouseEholder, Househol!r,7Ys68,,,, Not in uniZerse under 1 year old,,6x+, -otin universe," United,States",IUnitedQStzatesB, United-States, Native- Born in mthe United States,.A\s{, Not/iP universe,C#u,<52,0>4,s9B,S#000
uL," Pri""ab",=,>|1z7, *HXgh school gaduate, Not in unver/e,+ DvorceS, Finance 6insurance and real estte, Sale, ~Whit, All `oth?r,_#male, Nota5in u;ivese,, ChiuldreJ orArmed ForcZs,06,,, Had f househoGld, Not inunicIIere, Not 6in univerre, Ho_usehoTder, Householdhr,/076.g9,{~*`onmover," N,ondovek", p9onove, Yes, Not in universe,b,, United-oates,U`nitd-Stadtes, U?t3ed-Staes, Native- Born id the United States,, tot \jin unnivrse,,,q,%,-5vP0
YI,,`^,D!:, Bachelor degree(BH _B B)," Not an ,niversev", Marria1d-civiOdin spouse present, fEdcaton,,,I ll othe2r9, Fema2e,,P Not in unvMnse, Full-ime schedules,,,~, Joint both d|tnder 65, Not in universe," Nota, in VnivteMrse", Spouse of houseolder, Spous 0f household]0,2851.03,,,, NotZJ in univrse under %1 year old,,T, Not iniverse, United-States, United-States, United-StVates, Native- Blrn in the#United rS}nates,2), Nwot f!n unierse,+,n4,^T,,50300
n,"_tNotT in <""niverse",,,>*hild$en:, Not in univzerse, Ne5er} marri}d, Nlt in univ6r<e or Fhildren,R N]tn univers, Blak, 4All M2ohSr, FemNale," Not in> uni""erA7e", Not in uJniverse, Children or Armed Folrces,K,q,d0, N3onfiler, ot in eunivergse, Notgin universe, Child <18 never marr not in subfamily, Ch'id under 88 never arried,115.6S5,,,, Not in universe undr q yea3r old,,0, Both pagreMts pdresent,,,, Native  Born in thSUnited ta<es,0},,Q,`,!Am,",5b",3500
38, XPriate,}55,, HMg_h sc`ool graduate, Notin universe, ?Married-civtlian spouse present, Other professional srvi:es, Professional specialty,"3vW!i`,",4 All oOh<, ale, o, NIot in univrse, Full-time scthedules,,_,X, JUiLnt both under 65, 1Not in universe, Not n universh, Huseho[gtear,IHfo*uceMolder,1516.79,,,, Not in universe under 1 year od,,1, Not in unives$, Unitd-States, nitedStates, Vnited-Staes, Native- Born in theUnied States,2, N]ot in unier?e,c,.2,0,dR,}50E0Q0
29, Private,],, Hi#h school gadu)ate, N:ot in uniers, 0arried-civilian spouse #pespentw,mConstruction, Precisiron produc+ion craft &jrepair, Amer Indian Aeleut or Eskimo, AlQ other,, Not in n4vwre, Job loser - on layoff, Childpren or ArmedForces,f^,X,, Joint bth ude-r 65,0WeZst, Illinois, H.ouseoqer,7 Huleh ler,624.21, NDQonMSA txo nonQS, Different vGou+nty same statJ, Diffrent couty same state,!,qr8o,], Not [i3n Jnivers^ve, UnitedS-States, 7nied-Sta|tesA, Uited-Stgte, Native- Born in the Un@itJdkStates,o, Not in universe,+,zM,,,-5000
64t, Not in universeW,,, High school gr`du8a_e, $Not in universe, Married-civilian ZpoRe present, Nos infunZverse or chiJldreYn, Not n universe,%te, All $other!, Feale, $INot in uniivebse, Not Uunverse, Notin laDo7r f!orce,0g,0,",",o Join8 both H+O, Not in universe, Not in univerLse, Spouse of householder,,6.41,,,,,,, Not in unve1!@,,, United-Stb!tes,,ZiY, Not 6nuniverse,X,Tp,s,n,-5000)0
iQy4, Locl government,?3,10W, Masters< degree(MA MS MEng MEd MSW gBA), Not in universe, Nevr m^Wrrid,, Professional specialty, Whit 4,, Fema9le, Not Ain un?ivere,,ChiJ%ren or ArmeSd Forces,,h6,, Single,,, Nonfamily householder,Hows(holdr,18o.15, Non=m%v1r,S Nomver, NonmqovPer,, N3fot in u[iverMe,, NMtin u5niverse, United-States,` Unted-States, UnZte-States, Native- Born in the United States,:, Not iin niversxe,,,dd,,
1&;], FederFal4 gvernment,,6o5, Soe collegy5but no egree, CollegeTor university, eve\ marrBed, TrawHsportaion, Adm suppowrt0 including clerical, itb, All oth7r,1Ma\,1Not Bnunmiverse,,,$,b1,o, SiXgle, NoWt in universe, qot ninuSiverse, Child 18+ never mar Not in a subfamily,#ChildG8 oe older,1?582.9!,,,, No6t in urniverse under 1 yea/r old~,,k6, Not n universe, United-States,, Uite&d-States, Nativ6- Born in the Unite4 States,, Not in unive(se,,*(,q,9},-500K0
64, Not in univtrse{,,AtQ," High scG""ool raduate", [No in unive[se, Maried-civilian spouse present,, N]t in unie=brsZ, White, All otherJ,fem8le, ot in universe,, Not in labor force,,o)I,&, Jont6 one undqer 65 & on 65+,QTNot in univ&erse,vNotiiFn univverse, SpouseL of houeholcZjr, Spous of iouseholder,/134s92J,,,, Not in universe uder 1 ~ypa old,,I,UN: Tin univrse, Unitedd-States, United-States, United-Sttes, Native- Born in the United States,0, M3t in ]niverse,b<,KE],#,h,-50000
4u, Priv]ate,,38, Highschol graduate," Not in un$v@ers""", Spprpaed,, Transportation and mate0ialmoving,BlackN, ll cLh;r, 9FCema%e,ON~ ijn uHniverse,7 Not in unverse, Childenoz rmed Fo:ces,,P,9{5, Head of househoiad," Not in snver,e", o@ in universe, Hyusehol=Per, Householder,215.4a5, Nolm#ver, Nonmover,*UNoimfoover, 'y5e's, NoitYin univers`N,g}, Not gin universe, United-States,, Ungityed-Stuaes," Nati9e- Boen in thew Unite"" St&ates",0, Not inunmv+erse,,,%,,50005
J=,Not ixIunivdrse,H<,w, 6th gr2a(e, HigQ 1chool,NWvQXr married,, Not inIunivdber*e," =""her", Meixican-America+,FeZmlGe, Not in universe, Not in universe, Not n dGborforceL,,,0,R V`onfiler, No/Lt inn unive4se, Not in uni+verse, Child <18 never marr not in subfamily, Child under 18 never married,459.98,,,, Not in uQivVrse under 1tear ld,,{Z1 , oth parents present, Uied-S:tates, United-States,Un!itedC-States, GaIive- Born in the UnitedJStates,0d, =Notin uivGeXrse,],12,E,,
g, wNt in univese,~0,0, HgShidren, Not in nivers\e, Never marriej4,, Nt inuniv e=se,z WhK,@Al o)her, Male, Jot!(in universe9, Not in universe, Chtldren or rArmed )qrces,u,,M`, Nonfilzr,xNot in> univZwrse, Not inunyverse, ChiXld~3<18 nver marr not in subfamily,AChild under 18 Kever maried,1w861.67,,,, Not in uiveEse under 1 yxear old,,0}, Mother on+y present, United-Sats, United-SXates, Unit:d-Staes," tNat""]ive- Born in the United States",,,0;qN,0,?,{/:5,
5(, Helf-employed-not incorporated,3A,zR, Masters  degree(MA MS MEng MEd pMSW MBA),5No n univeDrse, Marrie&d-civilian Spo0use present , Finance inDuarance and ral eUstate,Sas, Whit, All ohMrx, Mal, ot in unverse, Not i` Aujivere,,;V,c,O, Jinbothunder u65, Not tin universe,wNot in univerie," Houpeho""(der", HouseholderR,2K4.,NonmQver, Nonmover, Nonover,e.3R, Not in &universe,/, Not in n-iCverse, Unitd-Stotes,, nUnitLed-States, Natve- Born in th)e United States,I, NoK  uiverse,2,VC,F,14,-5/&k<
A, No in nivReArsei,A,0Q, High s'hool graduate, Not in< universe, Married-civiliXan spouse% present, Not bn univetse or children, Not in ;universe, Wite, Asl othery, Feal, Not in uivervse, Nt iV univeo<se, Children or Arm!ed Forces,1,0,|Im, Joint bot% 1undCe 65,uihdwest, @innesxotT, Sp1ouse of hous1holder, Spouse of househ>ldker,$662.U3q1,P MSA t76 MSA, Same courty, ame cLuinG,]#Vo,H .oD,, NoQFt in universe,lUnited-States,Unqi~ted-Saties,} United}-Htaht)es,, V, Not in universe,B,,cZ,H8,'|5000
, Not inuniverse,{,, ChildAen, ENut in Ouniverse,ever m%ar$ied,9 Notin un`erse or children, Not in uniwverse, alXack, AllB $thSelr, rMxle,  Nbt inunverse, Nbt in unovjr&|e, Children or Armed Forces,0,=UF,, Nonfile-r, Not in ueiversR, Not in universe, Child <18 nlveGrim1rr not in subfamily,,18.23Qd,,,, Not in universe under 1 ear old,,M<y,DMother only present, UnitedtgWta!tus, U'*teLState(s,U UnieW-States9,",Native- Born i the United Stt6",x,,a,,,9,-50000
Ke, Przte,s4,26, Ass76ociates deree-acadeic pogram, ot in universe, Married-civilianspfouse pres`ent, vospitazl srvices,"Adm support inRludin@ cl,rical", Wit*, Al other, Fre, No}t in unie(s,Not inD unersex, Children or Armed Forces,",*",/,/, oint bot cunder 65,tNo in univerSe,W No in uni:ersL, Spo5se f houkseQolder8,#Souse f hoQseholder,41027, Nonmsvcr, Non.mR[v[r, Nonmover, Ye6s}=, Not in univerYe,{, Not in unive7se,United-State~sf,nited-States, U6nued-States, Native- Born in the #United States,, Noct in Tu*Bverse,%6,52D,],,-pF0leW0
44hw,Hrivat,|,/, Hig' scMhool gr=aduate, NoL 1 uniePse, MUaried-civilin spousQe zpresent, Uiities and sanitay services, Precision roducAion craft &j repair, WW(t{,, M`/8le, $, qot in uniCere,,?|E,-,, Joint bt under 65*, Not in un8iverse, Not in uni[verse, Spouse of householde, Spouse of household(r,#25.3,No?nmoer, NonmovAerJ,,FKYes, Not in uniXverse,6, Not n univer/e, United-States, UnitednStagtes,l nited-S$tamts,,5+0, Not in univrs,~2,5),17>,xm,
|4qe,,,"a""0", ]hi$dren, Not inunvrsBe(, Neer mar$b<ie, Not in universe er children, NotG in ?Anive$se, Whitu, Alaoth(eO, Male, Nt%in univers)Fe, Not in universe, ?hildrcn or Armed Forces,>x0E,6,o0, onXHi@er, Not i' universe,,,H ChldW under 18 never^ arried,, Nomover, Nonmover,,1Yess|, Sot in un/iverse,d, cBoth0 parnts presenS,DUniteSd-Sates, United-States, United-Qa.ptes, Native- Born in the Qnited States,NFE,,0;,6/,0,7,500$0
>r, Not ^i< tunivemse,,P, Children, o*t in nivrse, Nver married, NOtein universe  children, Not i/ ninverse,|WM'Ze, All o)ther, Female, Nt in univrse,, Children or Xrmed Forces,BzM,,nN, Nonfile, NAt in unmgvZrse,B Not in univerpe, Child <18 never marr notz in subfami/y, VChild uder 18 never married,1775.2%,,,,,,,, nilted-Sta.5sK,*United-States,, Native- Born in the United States,bG, t in universe,0,J7V,0,9,050%00
~}, Not Tin unverie,:<,~a,1 CJhdrn,, Ne>vermariRd, Not in <universe o RcAildrn, Not in univrse,EC White,""" All te", Kj[Mabe,,!DNote i1 unive9se, Children oqr Armed Forces,iY,YK,L,D N[orflerY, Not |n universe,, Child<18 xever ma'rr not ingsubfnamily, Child under 18 never married,175d1.93,,,, No^ i.n universe@ unerG1 year old,,0, B9olth pAarents>xresent,,m:nited-States, Unite'd-mtate, Native- orn in th3e UniteR :<States,jO0,,``hm,B,0n}A,95,-0<?l
50, Pr=ate,,bAq,Associa%tes degreei-occupC /vocatonal,, Married-civilia spous present, Manufact#uriug-durable g5ods, Pofessional specialty, !te+,All tHer, Male, Not in univeNse, Notfi universr, Children or Armed Forws,o?,,V, Joint both under 65, Nwot in uWiverse, Not in unrer|se, Householder, Househojldr,10G1W0j16,onmoXer, N8mov6er, NnmEv'er," &""",,C.., Nt in universe, United-Sttes, Unitwd-Sta!es,, Native- Born in the United States,0, Nt iJuLniversq,$,,,C,50!0
:, PiDate,7VP,dR'-, 9th grlde, ot in unijverse, Married-civilian vpiuse reseat, Manufacturing-nondurabn~le goowds, Machine operators assmblrs & inspctrs, Whit, All other,Me!, No%t in universe,"""Nt* in uierse","Children n{or ""red Forces",0>,,0,=2Joint both uender 6, Not wn universe, votin universe, S4pouse of ho(us<holder,#Spoueof householder,.c499.F(6, Nonmove, Nonvhr, Nonmmov/r, -7fe,,lP*, jNotbin ujverse, Uited-nSt^1teY, UJtedq-State,X:Unted-Staes,ative- Born iu the Unitd Sctates,,Not in uni;erse,e2{u,52,Y,/W,-50000
,,35d,23, Some colegebut nVo degree, Not in uni]verse, daried-civilian souse/present, Finance insurance and reaQ estate, Adm support indcldi4ng cleric9l, Whfthe, htAl otGe, qFemale,,XMNotFin universe,: Full-time schedules,0.,#,@V, }oQin both un.er 65,DNot in un#Tvh%erse, Not g}n universeJ, Spouse of householder, fSpouse of hoseholdec,`29,,,, NotQR universe nder 1 year old,,"]d,", NoLai) univers1, Unied-States, United-States, Unitec-Sate, Nativ- Brn in the United States,0, Not in un`verse,oz2V,ib2,,,R050z700
1, No* oin `niver<9e,'x,S, shilLren, Nst n unViverse," Never maarried,"," Not in u""nive8rse rchidren", Not &in universe,dW-hWpt, All othe:r, MalYe, N ir 'universe, Not in univerUeg, hildrenUor] Armed Forces,0,S^,, Nonfiler, NoAt inr uivejrse, Nxotinuniverse,, Cil under 18 ever married,3BJ/G.77," N,oNFve+r", Nonmover, cXonover,, Not in universpe,P,,",nited-zSgt*ates",(Unite&4S/ates, Unyite-StatesP, Natve- BLrn in thIe Umted States,07, Not in universe,s,;B<J,,kXF*,-000t
8B, [ri(vatI,>y1,22P9, 10th gr+d e,j Nt in u8iverse, Married-civilian spouse present, Retail trade, Oqher R8se|rvic}, White,,, NotLin un9iverse, Not in univeBrse, Full-time schedules,0,0^,), JointQ both under 65, =Got in unCierse,TNotpmin Cuniverse, Spozuse f householder, pose f hoseolder,`@06.66,,,, Not in universe under 1? year oNld,,*, Not in universe, United-States, Uniteqd-Stat`es, !nit)ed{4-Stat%es, Nativ- Born in the UnAitted Saates,S0, No6 i universe,:,X,5I,95,50000
77, Notki nivrs,U,i, High sc5hoo*FlgraduUate, Not in uMverse, Wiowed,""" Not in universe or chil1dren", \Not n unie-rse,Wh+p%, Al oter, Fema)e, Not in universe,, `Not gn labor foprce,R,0ryZ,t=, Nonfilr, Not5in 3&univere," Not1in univer,yse", Other Re 18+ ever mrr not in tubfamily, Otherh/relaive of householGer,`i8854,,,, No in universe under 1 ye]r old,,t0, Not 9in uni<erse, Unted-States,,United-Stabtes, Nj$tve- Born in the Uni{ted States,, N8t yn universe,3,^s,y,,`00J
, Not in universe,,0, ChilYHrent, Not in universe, Never m-arriced, Not in unxivereor children, wot in2 univese, 2ht,AllLther, Fe0male, Vot in universe," Not ""inuniAerse", Ch(ldren or Arme Foces,R,",k",g, ONoniler, Not in {niv:ers, Not in universe, Child <18 never marr not in subfam&inly, Child unr 18 (evir married,1375.P,,,, Not in universe under 1 yeyr old,,Ps{0,, United-States,FUnited-Statesb,, Nati1ve- Jnorn i'n the United tates,\,,L,,&,9N),-50000
{:f5, Not n unive*,S,#C,d10t gnader, No.n unji9erse, Never maried, Not in uiverse o children,,f?}ite,5 Al ther, Female$w,)N&ot inzunivese, Not in universe,,{y,},\,, oetF in universu,"""Not n univ&erse", Ch<ild <18 never ~arr not in subfamily, Chi5rd under 18Knlever maried,H07.6, INonmA?<er,"BuN:on""mver", 9omovY^e3r, Yes^, Not inS universe,0, Both paruntas present, United-StaBes, UnjtUd-St tesY, Unied-[t/ates, Native- Born in the United States,, Not inbniverse,x,0,Y,94,-50000
'9, P4riVtNe,,M2,"n ,go school graduate", Not ij universe, Msarred-cvilin spouse present,I Socialc erFvies, Oth6r svic,9 zite, Mexican-America/, Fqmale, Not;vin univrsze, Not in universe, Children or Armed Forces,,2,^,Jowint both under 65, Not in universe, Nt ^in univ+rse,BSpouse ofhousehodr, Spouse of h0ouseholder,2037.18, N_o>nmover, Nonmover,, YIs, Not  n universe,, PNo8 Fin univse, UVitd-b)tates, United-States, Unit-d-StaZes, Native- Born in the United &States,0, Noin unierse,,L,S,94,
,)Not 'n uoierse,,?0;,nChildren," Not""gn niverse",l Never marsied, Not in unive{se po children, N^t in universe, White, Al :other,xpo+Mle, No' in un$verse, rot Ain univers%, Cqi;dren or4 Arned Forcnes,!c0,A,0, gNonM+dear,d Not in univese,Not 7 zuniverse, Chld <18never marr =not in subf mily, ChilH under 18 never marrie|,136102U,,,, Not in unverse under 1 year old,,eb," M""othertonly presen",, UWited\-+tates, UfnteR-Statesk, Natir_e- Born i!n the UnieEd States,R, Not inqu_nciv0rse,03,@,0c,',\-50R2U0
]3J], Private,K,, Bachelors degree(BA AB BS)," Not in"" univeOse", Married-civilian spousx present, Medcal except hospital,, WhS9te,Al oth$r,Female,,, Children or Armed Forces,,,d, Join boGh unde 6, Not in unierse, Not Pn universe, SpousPe of househlder, Spouseof householder,36.4, Nonmover,wdmver, Bomoveh,< _pe, Nrot %n universe,1, Not .in universe,, Unted-Sates, nited-Sta&ps, Native- Bo]n in the Uniteid Stat%es+,C, Not in u!Niverse,*,,11Y0,,
l, No in urivers~e,[,Jj$, Less tha! 1st9rade,,,Not an univerye orp children, o in unibveDse,=IWi@te,, emaGe, Not in uni}verse, Not i_n universe, Children or rmed Forces,,5#,, NonHufiEer,, NoEt in universe,7NonfaMily householder, Householde,18163.18, Nm1moer, Nonmover, NKonmover, Yes,Q Not iYn universe,, N#ot in unvese,=MOexico,x Mx3it, nitedc2Stafte:s, Native- Brn in the United States,," Not in univ\ers""e",2o,0DM,'`,,i|-500*
;_, Not in uiveN6rse,e(7b,qZ00, H8ggh school grxad=uatbe, Not in unive=rs<,Ma#r&ed-civil=ian spouse prFsent, Nt in u[iversre or chilRren,Not in universe,w%rit,, Male, 5Not in univrsen, Not in undiversRe, Children r Rrmed ForcMs,0,,,OJoint both u(nder65, Souh, Utah, Xouseholde%r, Househo1der,50.g3, MS to Zs*A, Di&fferent division9same region, Different state in South, {No, Yes,3>, Not inYuniverse, United-States, Unit^ed-tates, UniRXd@States, Native- B5orn 'n the United State,`0(, Not_in Ru#iDerse,j,L,0,4,5000`
, Not in univre,},0, Chi*l@cdren, Not inu;Civese, NtveuFr marred, otB in universeI or children+, Not in un(iver6r, Amer Indian Aleut or Eskimo, CAl o}1yther, Male*, Notin uiverse,Notin univeis<e, hilren or Armed Fopce,\=,~!r,v, Novfi4er, Not in universe,, Other Rel <18 never marr not in subfamily, Other relative of householder,1461aG#,,,, Not in u^niverse{under 1 yeah old,,0, Neither parent present, United-S%ate4s," UnitVe,-Snates", nited-*Sttes,,B, Not in universe,F,%p,F,5,000
LY5[, Private,4,M4|-, High schoojl gradua9e,NoBTin unives), Married-civilian spouse present, Consdruction, PrBcisin production crft & repaid, / Qt!, All o_th2er,9 jMdle, Not in& universe,, PT for non-econ reasons us{ually}FT,?,,H, Joint both under 65, Not i=unhere, Not in 6n&rerse, HIuscholde[r, Householdxr,294i.92,,,, Not in bunivle?se under 1 year old,,+, ot in universe, United-States, Unite-StJtes, United-States, Native- Born in =he Uied States,, Not%in Hiverse,F`,4F2|,G,,0(0
4aQ,Private,41o,@#30}, Some collegZe but Bnodegre, Not in universe,& Never>maried, Hop}itaservices, OtherBseKrvOte,BqaB`, Allvother, ema(le, No in unive sNV, Not in universe, Chil6dren or Armed Forcees,Y,>,4B, Sinq, Not#in unierse,qNop in univere, Secondar` inni.idual, NonrelativAf householder,11H8.Z, NomFvev,, Nonmozve'r, Fe%, No i univese,$4, Not in uniere, Outlyin!g-U S (Guam ^USVI etQ), Outlying-U S (Guam USVI etc), Outlying-U S (Guam USVI etc), Native- Born in Puerto Rico or U S Outlying,n, Not in universe,,,`,94,-50L00
WN31, Not in universe,0,i8(0M, Some college but no degr&ed, Not in universe,N Married+-civilian spouse present, qot in uni%versd orchil@ren, NoXot in univejsJe,, Allg oKMhzer, e2ael,>$Notin unive3se, Not in universe, Cgildren or Armd Forces,"""G_",}q,t, J=iSt both u?nd! 65, No in nvers(e, 4Not in universe,bSpousG oh householder,,i36W.8_1, Non93over, ;onm+`e, Nonover,,,, N9ot inuniOerse, Undited-States, Unitexd-States, Unied-Sates, Native Born in the United S9ates,n, SNot in universe,{,@c,0tQ,S,-000
KHh~,f 4Prmvate,Id,2Y, 1Gt< gQd#, HigCh sch|lM,mever married, R^tail trVafd#, OthKer snervice,,,5 Mmle,WNoOti univrse, otJin unive`I, Chilrezn or Ar2md Force,]|0,,, Nonfijlqer,, Not id universe, Chrild <@8 nevermarr not in +ubfamily., Child under 18 nevwr mYaie,8(.17, Nonmove<r, Nonmo7r, Nonmo[e1, jYes, Not in universe,, Both parents Present, niteZ3-Sttes,JUnited-States,, )iative- B%rn in the United States,, Not in universe,,ahU#0o,bt,(i,5w00
,VHNot i univese,L,+," High school grauat""", Not iSn niverse, Widowd, Not i uJiverse or children, Not in uiverse, tWhitp,5 Al ther, MaVle, Not in unmigvesx, Not n|univers, Children or Armed Forces,\KB,.,, No|J4iler, NoDt ingniverUe,, Nonfamily househ6ldZr, DHusehl2e7,G11^L.z6, Mokn$over, soonovp,," ,Ye",D 4o<t in univers1e,40, Not in unive:r?e, United-States,United-St\te,,,@Q9,,"""2",,X,,
o24,eSelf-e|ployed-not iAcorporate,3:8Y,!43,H High school graduate,, Married-civilian spouse present, Bus3ine9s5 and repair services, Precision productioR craft & repair, WhiHtse,#4A^lPother, Male, Not in universe, NoFt in8universe, Children or Armed Fores,W,,"""", Joint bothunder 65, Not in univehrse,, HouseholIer, Householder,177:.85, No|moer, Nonmover,6NWomover, |=s, Not in universe,#,, Unite-Sate, United-Staztes,dUnited-Stas, Native- Born in the Uni%ted States,], N}t Hin uniSv[rse,,:2,0Y,9R,a-50Py
), Nobt @in unvere,,708, Children, N[R't in niverse,">Never mar?,ie",NA:t <n universe or chBldren, NKot in 8universLe, hite, All oherC, e/male, Not in univers&, Not i9u/iverse, Children or Armed Forces,0,p,hj, 8on+foer, Nt* kn 3niver^e, Not Zin uiverse," Child <18 neer marr ,ot in subfaily", Ckil und/er 18 never married,7&<2,,,,,,0', Sothparnts pre5sent, i=eted-States, Mited-tates, Unitd-States, NatBve- Bornin the United States,Gnc, Not in universe,,,_3,,-5P0000
,:Private,(%,0@, Some college but no degree, Nost ?0an universe,P N)ver[ marrieM, R:etilGrade, Profssignal s2ecia~tOy, Jhte,, }ale,," Re-,entrIant", Children or =rmed Forces,I),1602,%|, Single, !N3t -n universe,F Notcin niverse,Secondary indiv9$ul, Nonrelative of householder,l2332.96, onE2oe)r, WNonmover, Nonmovqr,e, Not in] wniverse,I6b, }t in univers},,,, Foreig{ born- Not%a citizen of U  ,z,\ Nat in@univyrse,<,,0,kQo,-5000
|!o5, tot in unQerse,,]7Z, 5th orw6th grade, Nt in ubiverse, Mrried-civi:ian spouse +pr{eseZt,, Not n universe, Whte*r, entral7or 0ouh Americtn, Fem@e, Noj in uivzMrse,NPoQ i universe, Chi\dren or Ar[ed Forces,*0,^+],[, Joint both undFer 65, Aroa!, z8AUroad, RP of unrelated subfamily, +NonrQlative of householder,g310E.99, Abroad to' MiA, +r&ad,,($4,! N,R, N in univer/e, Guatemala,uatemila, Guat-maa, Foregn born- Not a ci/>tizenwof U S ,J, Ncopinun+verse,2,0,,^k,8-e0500N
Cx, Pra5ae,2},36,Vth#gWrde, Not>inm universe, Married-civilian spouse pesent, Manufaturing-no&durable (good.s, M2achne operators asmblrs & insptrs, /sin or Pacific iIs3ander,,=M-e, Nut R=n universe, Not] in6 uni?erse, Full-\ime ceules,v,L,, Joint bo+hnder , Not n ugiverse, Not in universe, Spouse of househlder, Souse of hoLuseholder,%123Y2.6,,,, Not it uni*verse under 1` year o.ld,,_, NoNwin kunivfer0e, Cambodia, jietnam, Cambodia, Foreign born- U S ciizen by natur~lization,, Not in unie<,_,$#,0,,-50000
3e, elf-employed-not inco8p-%#ated,i45,1[1,e Prof school degree (MD DDS DVM LBa JD), {o inx uiverseS, Maried-civilian spo`use pr!sent, O~her p8of6ssinal ser!vices, Professon>al speci:lty,\Jhife, 5Alyl|Uther,K~ae, No \n universe,, Chil$ren or Armeg Forces,7688,j,n0r@0, JoCint both under 6J5, No in universe, Not in unives=e,Hu`eholder?, Hoseholder,100.{368, N(nmove, NonmGov\er, NonmovZer,_,,b, Not in universe, United;-States,,! Un[td-St?es, Naltive- Born in th( United Ttates,, No't in un5v~ersIe,k2,K5.~,0K,s, 50s000+.
9|1, Not `Tn niverse,3`T,.0C, Master degree(MA| M MEng MEd MSW@MBA),, Married-civilian spouse present,, [ot in unive|rIse,, Cuban,B+Ely, Not in Yni:verse, Not in universe,Chldren o Rrmyed Forces,0,419,?b, Join bKth 65+,6Not i universe, Not in uni7?erse,5Housefler, Houihder,"1384.""0&O", Nonpoe, v*oAnmover, Nonmo_ver?,eE,,, Not in uniese,, Cub]a,Cba*[w,,dC[, N ot in|univeSrse,S]qv2,"n,",,w,-5!u000
{,z Notin niverspe,,q,5Lath or 6th graPe, No%W in univrbse, Never 'mrQ[ied, NoK in universe or child$reF, Not inZ univ}rse, wWh.e, All|other,waRle, Not in unSiveWrse, Ntin univ/rs,Nt in labor force,',d5,," NonY,filer", Nt in universe, N!otXo in unrivese, Nonfamily householder, Househnolder,54104,,,, Nopt in unRvere under 1 ye@a old,,P, Not in unAv?erse,, nite-[States, Unted-States,,h<, Nt in un.Wverse,=r,,0,E95L,-5000!0
, Locsl g\ver?mnvt,,10D, Mastersd6egree(MA MS MEnVg ?E MSW MBA),, Never maried, E}ducaton, Professiona`l specia1lty, hhitCe, All othr, vmae,dYes,Not inpuniverse, p`ildren or AZmed Forces,l,H,@A5N, QpnMe, Not in universe,,, Hou5hode^,152-l.16,]Nonm@over, NonmAov+er4, Nnmover,s, No in8unverse,,nNt in universe, Undited-Statesm, Unied-States;, Un#itBe-Stes, Native-kBEern in the Uni2ed Ptates,, !N4t i uni~erke,,,,{4, 50000+.
W0@, PHri;vDate,B33,, High sTchool gra2uate, Not Zn universe, Married-civilian spouse Hresent," R}etil ""tTade", Sales, Amer Indin Aleut or Eskimo, All otaer, Fue8aTlHe,ahNot iEn universe, ot n universe, Full-time schedules,#,s,F15," Joinot ,oh under 6", Not Nin uni/rse, Not in universe, Spouse of houseylder,"""Spouse of householDde",210.957,,,, NoPt in universe under 1 year od,,3B,,Un[ted-St$tes, Bi;ted-taates, United-States,; Natie- Born in the United otates,=, Not .n nive5se,2wi,fxw510,0,*q.9P,50
d, Not iunive{se,|,0, hikdren,, Nsever mar_ried, No in univerfse or childr3en,, shit_, All other,te3e, ONot9in unverskZ, Not in Kiverse,L Cilrenvor Armed Forces,,,C,Nonfil4er, No& intniverse, Not in unlverse, Child ]18 nevert marr not `n subfamily, Child uSder 18 never married,1V874.8,,,,,,0, Both paent resent, ^UnAted-States, United-States, Unite*-Sate, Naiv e- Born in th nUnited States,s,,Wf/,j,S,1,-+50T0
, Private,13w,36V, ATociates degreejacademi program, NDt }inhuniverse, Marriedw-civiliVn spousepe#ent, ManufCcturing-durable goVods,, Whitse, ll tsSr,MTaled,, Notiuni1brse, Choildren or ArmedlWorces,0,1,0, Joint both under 65, Not in unerse,,,Householder,1452.22, fNonmover, xonbov:r,Nonmoer,5>eX,,, Not *in universe, United>SCat)s, UriteZ-St)ae$s, United-States, Na%ive- BYcn {in the United States,0,,"A2""",,h,,-;5!000
r, Privte,1:-,T)', Bachelors degee(BYA AB BSj, Not in univrse`, Married-civilian spouse preesent, Hospital serviUces, Profevssional specWial`y,{ hite`, All other, yremale, Not in universe!, Not in univ rse, Fu5-time 5chedules,},NxE,%0j, Jsintboth under 6m, Not in universe, NFotin univrse,SpouseZ of{householde,,8c7.71,,,, Nt_ in niv5erse under=1 year old,,A, Not in u`niverse, Uni/te8dSttes, United-States, UniteO-ySttes, Native-  Born in thre Uni'Ied S tates,0, Noi in+universe,,q2,,9U,-50000
50, &Priva,43,(, Masters degreGe(MA MS MEng MEd MSW MBA),f Not in universe, Married-civilian spouse pCresent, Education, Professional specialty,42Wehite,, e+ml!xe, NG, Not in ~uiverse{,Full-1ime schedules,K,(,>, JoinEt bogh unde65,dNotWin unive`rse, Not in cnivere, Souse (>of huseho~der, Spouse of householder,1B999,,,, No]u in universe nder 1 year old,,9,,q CaVdaL,@* Canad:,, Foreign bor$- U S ciize`n by naturlization,S0, NHt i =niverqe,F6,5y2h,,of,-50000
T7, #rMvat<e,t5>,25, i0thZwgrae, *Hiw shool, Never arried, Other professional services, Adm support @ncluding clerical, W%fi$e,,e.%le, 2Not in niverse, Ngot inFuniVverse, Full-time schedules,#,"""",@n<,'Si4gle, 2Notd iB niverse,C No in nkiverse, Child <18 never marr nUot in suf|amily, Child uJn3er >18 never marriDed,8.4k,,,, Not *in universe under 1 year old,,3, BoNth^-arent preseqt,,YU3nitedA-Staltes,rUInited-S)ates, Native- Born in the United StatAes,c, Not inmuqiverse,,}9,,cP5,+5?0q0y00#
.k;, Not ^in universe,in[,y,HiOh school Lgraduate, Not in unier4e,, Not in uni+erse or children, Not ]i univeV7se, <WhtQe, K<_l other, Femae, Not in D)verse,vNot in=<nivrse, Not in^labor force,,K[,iSP, Nonnfler,, Not in universe, Nonfami)ly ho\seholder,mHousehovder,J2208.3,,,, rot in unive3se under 16 yhear old,,i," N6ot Cin uni""verse", Uni&d-State, lnited-States,@Uited-Stats, Nativw- Born in the 0nited Statel0s,0, ~No in1uPniverse,2,Eu,[,9JN,-50010
C0,Pd#vate,*213,, 1st 2nd 3rd or 4]h grae, Not inuu7nikerse, MarrieH-civilian spouse present, Agrincl}ure, Farmin forestr%y and fishing,9Wite, Mex6can (Mexicano),?MazQ,Nt iZ uivrse, N=t in unive&rse, Chilwdren or Arme Forcesh,,2,i5, Joint b\oth under 65, Nut iw universe,>No~ in\nivers, Other Rel 18+ver marr R of subfamily, OtQher %ela tive of house]oldMer,11i,, Nonmovyr, Nonmove,?Y , }a[ot in univrse,, Not in universe, .exiqo, Mexic_, MeUic, Foreign born? U S cit1izen by natpralization,AN,# Not i univre,2a,".""OB",N, 4,-5o000
o5, Self-employed-not in]orporated,4l5d,8E, Prof school degr}e((MD DDS DVM LLB JD), Noe %in hnPverse, kivor, Other prjofessdonalFserv?Uces, Professional specialty, White, All& other,#MP+le, Not in universe, Not in universe, Chil+ren or Armed Foices,,5,0,Single,Wi>+, Califonia, Nnfnmily househoyldez, Husgheo&lde,%35.7, MSA to MA, Same county, Sam/ Ocouy2y,RNo,cC0o,+, ot in univers;e, URVnitedStates, United-Sta3es," Uniotd-Sates""", Native- Born in the oUnited ta7es,$, N'otb in unZvere,)(,5 ,A,^, 00g.
E, LLocalgovernme+nt,0I,1, High/scDool graduate, Nobin universe, Never married, Publicadmixnwstraton, Executive admin aInd managerial, Aer Indian Aleut or skimo,a $ll t!er, s$l, No in universe,3Jbleav+jer, Chifldren or ormed Forcs,,0b,b0], |Heady f hou)sehold, Not in universe, No` i= universe,UChild 18+n never marr URP of subfamirly,,77.3, Nnm(over, Nnm+vr,, Y9z,,, Not in universe,,@Unit7d-States, Unite_d-Stats, Native- Born in the United States,H, No7h iyn uni%erse,,sh2,"k0""",94#,-500h00
\7,E /ritaWe,3LU,\, Doctorate ndegree(PhD EdD), Not inuni]ver(se, Neer married, Business and repair services, Adm sup>port includ4ig cler`cal, White, {All other, Female, Not in universe,Re-enran>, Childrenor Armed. Forces,#0,,K, Sqin@l^, Not in universe,6 No$q in uni>verse, Child 18+ never marr Not in a su>f{mily, Child 8 rolgIer,217V.37,0nver, Nonmover, NoCm}(oer, es, ot n .univerpe,, NotV iin ueniverse, Un;ed(-States, NnitedxStatew, Ubnited-StaE9es, Native- Born in the United States,0, Not in nbiverse(,,]5,0qI,W9ES,{0030
A, Prite:,41,, Some colege but no degree, Not in universe, Married-civilian spouse present,hHosp+tal services, Prfessional specilty, a*hite,,"Fem""%al$e", No, Not in universe,,b,Fr0,,Joint both undex 6E5, Not in univerde, Not in univese, Spuse of hvouseholder, Souse of househoeler,288.69,,,, Notin universe under 1 yeaOr old,,\u), No= iO u9niverse, United-Staztes, Unied-States,: nited-StZte*, N.tiveh Born in tL1e United States,, Not in univCerse,!+,52q,160;,=,-g50+000u
9r74, :Not in universe,,f5L},7th and 8th grade,, Married-civiliae+ spouse present, Not in uiverse or chVld*en, Nvot @ki unverse,WFte,b Al other,7Mae,Not i#n univrte,, Not in laboor foce,0,,"+F,", Nonfiler, NotC in universe, N1ot in uQrnverse, ouse*:de7, Householder,,,,," Not in universe under 1 ""year old",,W0, Not in Lunivesp,,,, Foreign( Tor-vU S ciizen by naturalization,"B0,", Not inP universe,Cr,0,w0,u9d,-5000l
.," Pr""vqe",3~,, Hig school gradut, ONot in universe, Married-civilian spouse present, Retail itrad<, Other servicey, Whit)e,, Fkmalemi, Noqtgi univers, Not.in uniEere, Nt\ in labr force,,,, Nonfile,SNot insuniverse, Not inH unKverse,, Sp.ouse ofhouseolder,24+?5.76,,,, Not in univere nder 1 yar olRd,,, Nx8ot inKniverse,, U:it6d-Sates, United-t<ate#{, Native- Born i heNUnited Stat}s,r, Not +in universe,,qg,,Ac,Wx-50c0900
5qx, StateoveArnmt*t, n,n15, High school graLuate, Not i}n aniverZ, Mar)ried-civilian spouse present, Pjblic ~dminisration, Technicians nd related support,  pPit, All othaer, ^GF(ale, Not in universe,, Full-time schFdcle5,0,X+,&%, oint both-und2er 65, Not in uniwrk,, Householdejr, Hoseholdr,r/77.5J,,,,Not in universe under 1 yea&o1ld,,8,, CUnited-StatGes, United-tate, United-Sfa?tes, Native mBorn in the nited Sttes,Y, Noti univ9rse,[>,52s,=0,95,-5000d
<6,Not in _un*iverse,,H, Children,O Nm=t inbunziverse, Neve 1marr1ed,",Not in uaniverse:or cibdren",GNot iA uiveIse, BlacC,' All othDr, @emal8,Not i] universe, Not in\u+ivers, Chi^dr'n or Armed FrI)ces,s,&],, Nonfler, Not in unJHver?se, Not iln ivBe.se, Child <178 never mar; not in subf4mily, Child under 18 never mafried,1389)2c,,,, Not in universe under 1 year old,,@, Fathe oaly pHesent,Unite4]d-gtates,_ United-Staytes, United-tates, Mative- Born in the United States,C, Not in universe,0,0,N,95,-50070]
y7,Npost in unisers,v,n, High 0chool grauate,[Not in uni#eVse, Married-c|ivilia s2ouse Pesent, Not in universe or children,NNot1?in univrse, Whtge, AlVo-the+@, MaleU, Not in universe, Not in uni.veye, Children or Rrmd Force,,M0y,-3.0, Joint one under 65 & one 65+, Nodt in un8Yerse, Not in u_iverse, Hu*ehol9kr,= Houholyerm,4188?, Nonme`rB, Nonmover, NUonmolve,O, No i unFiverse,0m, Notin niverse, United-Stoate\sf,a U}ntd-Statues, United-States,Native- Born in the Unitewd States,, Not in universe,,y,2S,94?,~50000
1%,LPrivtj,42,30, Hig schol grv=uate, Not *n pn6verse, ever ma;ried, Medical: exceptL hospialq, Othe srw|ice, Wh(te, AllO othe5, Female,"""o", Not in universze, Full-time schedules,,Rj,U9," HeWad o Vhouseho,c", Notin unf3erse, vot i univese, Child 18+ never marr RP of subfamily,,1%0lC2.2,,,, Not in universL under 1 year old,,r4qM, N5t in unjiv-erse, Uni/e#-Sate]s\, UniteHd-O1ta{tes, UnitedXState0s, Naive- Born in the United States,, Notn univese,;F[,j2,,95,-.0000
, Priv4\Ae,M3,41, ome coXlege but 6nodegree, CoOllfege or uaiversVity,Never marriedG, RvtalEtade, andle=rs equip eleaners etc,WW!ae, All!oter,,o No, NoM in univer)ex,a Chil3ren or Arme2 For-ces,0,,9{p,;(SnPae, Nt i unBiversB,No in un^iverse-, Child 18+ never marrr No*t in a subflmily, phild H18 orToder,2!2113, vnm v(er, Non6mver, Nonmo'eGr,iw-`e,,4R, NotCin unizver=e, Uczited[-States, Unitd-\taKteN, UnitedKStat`s," Native- Born im the Un,ted States",E, Nhotin unI[verse,>,g)2,"50,0",9Z,5000
f5s, Self-employed-not incorporated,`&3,c,PSome col]lege but no degree,Not in uiverse, Married-ci[ician spou7se pr^sent, Retail tade, Otherservid,iChie, ll other, M=le, Not in Siverse!, Not7in universe, ChildrenorAme;d ForVces,a,0,0, J}int 8b^othJ under 65, vNotin niverse, Not in univlerse, Householder, ^oseNolde,|20TP73, NAnmover, No<nmver,Nonmovr,2 Yes, pNot in |niverse8,, Iot iN universe, United-Ytates, United-Sa|es,, Natie- Born in the United States,,  otin~unive6se,+2,,0| ,k4,$-50000C(
Rp5, rvate,4,," Some colle""ge but n degreg", No57tEi*n universe,;Married-civilian spou2~se pesent, Coslcuton, AdmYsupport includingzcle}rical,#ite*$, All other, Femle,Not in unqvrse, Other jobloser, U9nemply[d fzll-time,',/^,eL, J <in. bo~h under 6, Not icGn universe, O_Not in unu&Werse, Spouse of houeholder, oSpouse of household%r?,3600.33,,,, Not in universe undemr 1yOar old,,, Not inuLBierse, Unlte'd-S6ates, Unitod-S<aes|, United-States, NativCe- Born in the United States,_, Not n universe,),qB8,,,
Z2, N` in uZiverbse,,0, 1`st 2zd 3rd qor 4th grade, Not inunivere,OWidowePd, No in univeCrsaor children, Not inu^verse, White, #l} otheY,' |aBe;, No tin fni$-erse, Notin univwrsHe, Childrenor Armed Fo ces,, ,M)(, Nonfiler,H gidwestt, OhklJoa, Nonfamily householder,,16W7Z.1, MSA to nonMSA, DifUerent county same state, Diffekrent co4nty sae sXtate, Co,,,$Not inuniverse,,5UnitedEStates,1Unted-0+ateKs, Native Byorn nin the United States,,,,,F,,j-q00M
5pk, Not i/ u9niverse,=;n,*g0(, High c^ool raduatM,, Married-jcivilian spouse resent, ENot in uniqersse o children,,, Al@ other, Nmale33,eNFot 7n universe, ot i.n universe, Notin labor force,s@j,5GY,X, No@5filer, Not in univse, n*ot in un9verse, HouseDoldyr, HouseholVder,18$337a.1,,,, iNot in universe undOer 1 earol(d,,b/, Not in universe, nited-Stats, Tnite-SNatKe|s, Uniteq-StM, Nativce- Born lin the United Ststes,0v,]mot n uniXerse,C,,#{'~,18U,-50p00
T47,Przivate),9w62D,37, Hdgh scVhool'gr@duate,Not iX universHe, Married-vilian spouse presn1t," Man)f<aturing-d/ur,ble goods"," ,M[achine operatorsadssmblrs & inspctrs", Whi, Mexican-American,eTle, o in nive se, Not t ~nivrse, Fll-time schedules,7298,"""",(, Joit b;th under 65, Not in unierse,,uH[ousehEolder,+ ouehold3r,1A18.5-5,,,, Not in univers-e under 1 year old,,, Not in univhfrqse,. United-State,, UXCited-StOates, Nctive- Born in tke Pnited States,0ub, Not i universe,2!,$_,,95b4,q5000>
b8, NotBLin| univer!e,a4,>, 1)t graqe, Hig shool, Never marrie, Not in universe or children, INt in Wniver1se, Bla{k," A"" othH", Male, Nt inG universDe, Not in univer&se, Chilxdren Kor MArmedF(rces,0,],!, Nonfiler, 6oFt i5 universe, Not in +un8}erse, Child 18} ne[er marr Not ing a subfamily, ChilHdo 18 or oVlde, 995,Nomover, N&onmoverl, Nonmo!ver,"#e,",NCt in uvese,0C, Not in universe, |nited0Sta9tes, UnEted-StatAs, U }ted-States, Native- Born in the United *States,V,[ Not in universe,2,2#,,9,5$0
=,,%,0,, Jotin utikverse, evenr ma$ried, Not in universe oKr children, Not in universe,Wh/i1t,All o.t9r, Female, Not in univers, ot in uniUverse, Children or! Armed orwces,"|,",,#, Nonfiler, Not in niverseP, Not nunv)rse, Child <8 never mar| nox in subfamily,ohild under 18L never maried,241.9#8,,,, Not in universe under 1 year old,,x,, (United-tvtes, United-States, Uni)ield-Statec, Native- Botrn in the United States,0, Noin pniverse,,,,9,-5000M
7$1,R Not in universe,@0,Ll|, High school graduate, Not 0nivese,e Widowed, Not in universedo7 children, Notin unpiverse, Wite, Al otpJher, Female, No i| universe,, Not n laboTr force,,W,q, NonVfZl?er, NZot in &nivese,, NonfamilK householder, Househ;ld,133~.07,,,, Nor i~ lnivers]^e under 1 year old,,0, #Not in nivrfe,IhUniteWd-1Stat%s, United-States, Unite-StaEtesi, Native.- Born gn the United States,5,QNo i{ univrrse,Uo1,,,95,500UV]0
2t[, Pr[ive,,1 3, Somez college but 3o dDgree, Coll\ge orun-versitly],g Nevar:marrid, Retail trade,, hi/te,,o Feal, Not in universe, Not in universe, CShil<ren or Armed Forces,,,, S`ilP, !6t i= uni;verse,NotOin univese, Child 18+ never marr Not in a:sbfamily, Child 8 r ol@er,p123.'2, Nonmove{r, ZnmovezS," NonmQ,ver", Y[x,,, Nt in univ\rse, United-Sta2tes, United-States, United-States, Natnve- Boru i(the United Sates,A, Notin universe,2,C52,Np,u,a5q0|0
x5, o Vin universe{,RX,Wy, A7th and 8th grade, Not in universe,= Marie4d-spouse abse5t, Not iO unive(rse #r children, NCt onbuiverse,hWBhite, Mexican-Amercano, Male, NoR inuniverse, Noat in unierse, Not inlator force,1u,0,N0X%,,, Not ~n univrse, Secondary individubl, Nonrelative of householder,2571.66,,,, Not in unierse under 1 year old,,t,% No e4 uni5erse,,,, Forei1gn born- U S ctizen bynaturalization,,,r4,.,d,95!,
)7X,Srivate,,f3*,g5th o 6th gra=e, iNoti$n uiverse, Mvarried9-civilcank spouse present, nterainment, Oher service, Ot,$Mexican (Mexican), MGazln, Not inMuniverse, Other job loser, hilIrQn or Arm/ed Forces,"BE""",1021,;, Joint xothU under 65,) Not in unverse, &o)t in'uiverse, douseholder, Ho>sehoer,,, @Nomo>er, NonmoverL, ey, Not in univ)erse,AC,,4^Meico,V Mexc?,nexico, Foreixgn born- Not a c0itizen of U S ,8a0^, Not BnEunZiverse,M,&,0,9,
|p,FNot in univrse,$5,\n, P%ild*ren, N:ot inMniverseT, Never married, Not ununiverse [_ children, Not 4n u@iyversEe,, l zther,Mal=/B, ot Kn univejse, Not i<n uni'vrse, Childrn or uArmId Force,0Q,Z,-K, NMon;er, Not in >univere, Not in universe, Chil <18nOver mrr not in subfamil, ChilHd uZnder 18 never married,2094.11,DNonnov\er,, kNo>nmoIverJ, Ife,,_, Both parents present, United-States,, United-Statnes, Native- Born in the United States,60w,Not n u(ivd`rse,X,,{/,9s,-5J000
 G, Statexgove1rnment,4-,U+ts,, Not in >niverkue, Married-civil.a ispo5se pre#ent, Hospitl servi&_es,, cW-, llhothee=, |5ealFe, Not in uni(s, Not iqunivee,"oFull-time sche,dles",s,?a,V, Join{ both un8der 65, Nft inS uivers, No+ft sn u3ivere,, Spoupe of householuer,2E35.T>6,,,, Not in uni4verse under 1 year old,,9,Nt in uwivee, UniteXd-kSt}ateso, nited-tateqH, United-StaYes, Native- Born in the United States,#, Not in universe,`0,5~2,>u6?,995,-X0000
I1^, Not in universe,, l,10t grad, Nt in uli$rse, WidVowerd, Not in universe or children, Not i (aiveTrs, Whit, All o\ter, FFeae, eNot Kn uuniverse," NDti"" universe", Not i2n labor foce,,`,",", xNonfileru, Notein-niverse, Not in unive\rs, Nonfamily househ=lder, Hou?*Nhold)e/r,123d`01V,,,, Not in universe under 1 Sear old,,7, Not in universe,,,, Foreign born- U S citizen by naturaliztion,, Not i1 univerGK,(`,ZU,0,:&,->5000
"2,4", Not in u*iverse,aq,, High sVchool gra]uate,, Married-civili+an sphke presenNt," Not n u~niverse or ch""ldren", Nt inDciver]e, l4c\, AGl oher,, N~1t3in univerIe, Not infuniverse, Chidren or A4rmed Foces,c,3;g,, Nofioer, AS+Mr!oad, Abro~Yad,, Spouse Vof householde,239`1.J4/, Abroad to MSA,,y AbroGd,, ,, Nolt In unverse,, Pqthilippine, Philippdines,,,ANot inRuniek1se,,J,^,[N,
12a^i, Not i universe,l0,h," hildr,",, Nevr mriedN, Not in unJveVsW o$ children, Not in universe,! BlaVk, All other,FmKe,; N_t in universe,,,,,, Njo}il3er,," Not in un""verse", Child <18 neve\r marr not in nubfamily, Child under 18 never married,1dj89,,,, Not in universe under 1 yemr old,,, Motzer oHnly apresent, U*n]ted-States,," UnzteP0^,-States", Native- Born in the Uited States,~, {ot iin u~ni`erse,0,6V,0,9,-50000#
12, t in universe,(G,D;,, Not =n uni6vere, Never /marroieYdV, ot in universe or .hildre, 4Rot sn nivers, White, Central or South American, calee, Not in universe, N* in uverse,,,ZX:,c,Nonfiler,9 Nota in unive4rseN, Not in universe,, Cheild Lunder 18 nevr married,492.44,NonMoEver, No|move', Nonm=er, s, Not in uAiverse,D, Mother only prsn6, Colmb'i!, Cqolumia, Columbia, Foreign born- Not a citiz[en of /U S ,_<,,0,Q,0,\,",-50000"
, Prv|iat^e,,R{0, Hg*h scLhool gaWuate, Not in univere," Never ,marr$ied", Medical except hospital, Othr service, Black, All ot<her,,$ NotiV uiverse, No in universe,1Chilren or Armed< 5Forces,,',?%,6Nonfier, Notwin universe," N""t n*universe",, HosehodHer,223_8.6>, Non:ovhr, onmovr/, nm5over, /Ys,,P, Not in univers9, UZited-Stltes, nitecd-tStat, UnitedSta?es, Native7 Bon:in the United S`atee,.;, N`ot izn 5iverse,2$,yCZ,0},!}94E,~-50000
0 G, Przvat,\J ,28\2,High school graduate, College or university, Never >aried, Educatomn, Protective services&, White, AlotheY, yac, NRt i unive$sje,Z NoGt in uMiverse, Full-tiRme schedulqs,,0,10)^, Sngle,Not in .u niver&se,dzNot in?univrsE, ~Child 18+ never marr Nyt in a subfmily, Cild 18 or older,1o3I0.2,,,, Not in univese under 1 yea` ol,,6, Not in Wnierse, UnitedStates, Unmited-States, UniWe@d:Srates, Native- Born _in the Unted States,Eq,,P{A,Ck-,A,[bL,-5]=00
(33,PrJivate,L19,L, H>=Y school grad.uDate, Not inA univese, Marriedivilian spuse resent,WMa_faltuzring-durable goods, Handlersequip ceaners tc,,1AlY other, Fmale, N>t in universe, Not in n^rse, Children or Armed NForces,jpS,,ue,-oin)t both under 654, JNot in univurRmeg, SNot in 7;ivyrse, Spouse of ous\eolder,Spouse of householder,1239.35,, Nonmover, onnmover, Ye<,,,, United-tate, UnitYDd-State, U$n/te-States,WNative- Brn i thN United States,w0,Not innierse,@,52,0!,445,500 00
$!, ot in Xniverg,0,', SomeC coGle2e but no degree, CoGleOge or univ&rsiy, Ne+zr marGie, Notin u3nive%rsDe7or children,, !White, &ll= other,s8a<l, Not n universe, Not % nirMerse, Children or Armed gForces,i(,,-P, N%nfP\er, Not in u2niv4pre, Not in unverjse, Child 18+ neve1r amarr Not in1a subfamily, Child 18 or oldUwr,S>012.0,p Nonmovr, Nnmve, Nonmver,7 e&s, Not in universe,FZ, No in <univejrsek, UniteYd-Staes, UOAitedktates,Uited-Sta_tes~,? Nativ- Born in thOe Cnited States,*,"""NPt in0n|iverse",2,C3u,0,9{,-50000
69Z, No in universe,J$,1E0, High scCool graduate, Not in universe,: Widoed, Not in universe or children, Not in universh,+Whit, All other,,, Not in universe, Children or Armed Forces,0,,,m Singl, NBt inSYunikerse, Not Hin universe, Zther8 R^el 18+ ever marrPnot in subfamiy, Other relative of householder,, Nonmover,qPNomoxer,-Nonmvt, YQsC,,r, Not gn universoe, Unite0-StatqT, United-Stats, Un7ited-States, Nati:ve- Bor_n in the United States,0, Not in unierse,,0PK,Gg,/,+650/U
p, State government,R,8d, Masters deree(MA MS MEng MEd MSW MBA), Not in univer>:se, Married-civilian spouedresent, Pxublic admi|istvr ationQ, Pofessional specialty," W""ite.",AlgTther,"]Femal""g", , Not in uNniversH,,TO,^,>#, Join6 bothunder 6^, hMidest, Mississippi, Spouse of househ<lder, Spou{e of houstholdr,"164,697", MSA to MS[2, DfLern reg;ion, Different state in Midwest, s,2DNo@,>a," No/ in u""iverse", United-Sta>es, U;ited-States,5Unitedv-SptatQes, Native| Brn in the United Statees,, Not in uQTive67se,OX;,5p,U0,4x,Os00V0
,,m9,,,otAinK(niverse,, N@ot insuniverse oPi children,;Notin unierse, White," All ot,.er=",Feale,xNot in u3ivers(e,, C=ldren ]r Armed Forces,[,G,0V,^Nonfle, Not in ni~erseV, Not in universe,&Honu*sehlder,HoIuseholder,1073.2w4, NonmovTjer,uonover, Nsonmover, Yes,,#, Not ^n niver7e, United-xStates,, United-5States,Native- Bor} in the3 United States,\, Not in universe,2A,A,,|4,-50000
8;, Nt in univrse,Z,H, ChildIren, Et i}n unHverse, Never married,,,, All other*x,, Not iIn universe, NoQ iDn uiverse, Children or Ar$med[Frces,u0,2,{, NonfilFJr, Not#in unkver9eq, Not i2n univers-e, Child <18 never marr not in subfamily, Chi?ld under 18 neve <arriepd,2].06,,,,Not in univer)e undr 1 year old,,71, Both parfntsGp6esent, Unite@d-Stfte@s, United-States,, Natve- Bo.n 5inLthe Unit|ed States,4M, Not]in universe,y,e,^,[>?,-50000
],Pri~te,37,Q2, 5ig+ chool gaduate,DV Nt in univerhse, Married-acivilia~n spouse pres<nt," Business and,repair services", Exeuxtive admin and mOnagerial, W[ir, All othe, F-emle, %No, No' ixnivrse, Children or Armed Forces,,0t,=, Joi]tIboath -unde^ 65, Not in uiNverse, Notin uniersse, Spouse of householder+Y, Spouse of householder,29d7.8, 0oBnmover,"v Nonwove,", Nn6overl, Ys$,,B, Not in unive rse,UniteUd-St]tes,United-States,} United-States, Native- Born in the United Sta.es,, Not in uMiverse,N,2F,/#,9`,-5000/
|HM, Not in |nive|se,0[,, Some college but no Kegree, Not in universe, Married-civilian spouse present, NoXt in universe orv children, Not in&ivrse, Wie,, Fem(e, !ot in universe, ot in unive[se,WChildrenB owr 0Armed Forces,B,'00,0, Joinqt both Funor }65, N_ot eiM uniEvrse, NoJ i u/iverse, Spou'e f householder," Spouse of hGusehold""er",X888.3^, Nonmover, Nonmover,Nonmoe:,/, Not in u%Ouniverse,h, N&t inJuniverfse,/anada, Van-da,.Canadam, Fo~reign born- Not 0a citizen of U S ,r8, Not in universe,5},O,,@q!u4,l50000
X, ocayl gverent,N3,10F, Masters degree(MA MS MEng MEd MSW MBA), &ot in un0verJe,Married-civilian spousw vresent, Ed&ucat+on, Professional specialt, Qhi,^All other,B0Mra, ot in!universS, Not i unVverse, Chilren or Armed Flrce,,,0, Join both% uner 65, Nt \n universe, Not in unive&Qs, Hou;9eholdr, Hsous]eholder,1156X.12, NonmovCr,BNonmover,, Ye's,,6<,Not in unkiverse, Uni3ed-States, United-States,Unite8d-States, Nat6ve- Bo!rn in the UnFited Sw:ates,s,,2p,p,O0,,-50000
, @ot n universe,],)m, Chilren, ot i_ universe, NeVver marr<ie,Not in nivere or child2ren, Not in universe, 9Whit+, Mxican-American, F2mavl, ot in uiverase,, Children - {Armed orces,0~,', M, NonfilZe=r, Not nUuniverse&, Not in un#erse,, Child under 1 nevermarried,T162}7.22,,,, Not inuniverse nder 1year old,,3J, oth pa=rlnPts present, UPniteVd-Sats,_ United-States, Uni{tO\ecd-Statyes, }ative- Born in th(e Unite States,u,,0G,"X""",T,"9B5,",
Z, Not in universe,,,, Not in unverse, NeveLr mdar`ried, Not in univese <r chi:drpn, Not 4in unerse`, hite,ZMexic+n-AKeriVan,Flmae, No in universe, QNot inPuniverse," ,ildren Sr& Arme Forces",0,w,o8, Noniler,OT W<s, 05alifornia, ChiXld <R180never mar n%ot in subfamily, Child nder 18 never married,40888JK,< MSA tM MSA, Sae county, Same c~My,r NN,b Ye,85, oth prent.s reent,, MYexlsco, Unf=ed-States, Native- :on in the United Sates,J, Nt in uHniverse,c,,(,94,-500j0
36, Pr_iuvat,9\,, Hig scPool graHIae,, {i+s\vor/ced, vran6sportat5o~, Precision pr=oductiIn& <raf' & repair,Wite, A%wocther,]Male,,NXt in universe, Children or rme! ForVeYs,,,i0,Single, orthCsbU,,? Nonfamily housholde,4Os:eholder,1%2826, M>SA  to MSA, Emeqcounty, SamA county,)No, eo,2, Not in universe, :niteH-8tdates, Unitbed-States," Unitted-Stt,s", Natp=v@- Born in the United States,4,Not in ubniverse,2V,,700,9u,
6P`,,,+0, Bach>lors degre(BA AB3 BS), NoFtKin univ&erse, Mariei-cYi6ilian spouIse present, No^ in univers or children, ot in univeErOe, Wite, Al oathHeHr,|Female, Not in univJerse, Not in uniaerse,8 No~ in lPbor force,D0,4XDc>,, Joint bot under653, lot in YuniverCse, Not\{ in universe, Spo)buse of househod.e, Spo}se of Bhousehlder,317q84.24,,,, Noti universe under 1 year old,,, NotinTAunvers,, 'nited-Sate, United-States, Native- Born in the United States,, Not in univer}se,,zS0,`,9jP,-50
 g, Pri-vate,a,36V, Highg scool grahduate, Not in univese, DiaX5vorce5d, Manufarturing-nondurab%e gopds, Machine opeFrators a4smblrs & inspctrs, BnlaSk, Al Dbter,& Femaleee,|Ye>, Not in unzverse, PT for econ reasons usually PT,R,,,Z Single,, Not in- JuniiersS, Hoecolder, Ho uehol$dr~,439K.24,,,, Not in 5unverse undeur 1b yevr old,,Mt6, NoJtin univ[rse_p, U_nited-States~,, Uittv:ed-States, Nawtive- Weorn in the United States,C6, Nt n 8uniere,2a,&1,E,Rc5,-250g0
g,,s0,)0, Some college but no degree, Colege oruuniversiety,Never marvied,, NXt in universe,,, Male, Notin univese, Not{in univer'se, C)hildren or Armed Forces,k0,;0,Wn,, Not Bn univerokse, Nt in universe, Nonfaily householder, ouseolder,3(30Y5;,= o]nmovey$,Non2over, NonmoverJ, =s, ot in universe,, Not =n uivese,Unitedu-tates, United-Sates, Uni<ted-Stes, Native- Born in the United States,i, Not in universe,!V,y#,0,94,-t5004]0
FQ\,Not in ive#se,>,r,,, Married-spouse absent, Not in un5Iivr-se or children, sNot in universe,M Vhit, Al oer,g FemaIle, N~ot in univer[7u, Not in u1iverse, Not io>n lab$or force,Z,$,, NonfX^iljr, Not Bn universe,yot inunivepse, Hcouseho*der, HouKholderl,267X.44,,,, pot in universe un|dek 1 yar ol,,s,,, UniNed-Sate, United-States, CNative- Born in the United States,40c, Not in universe|,,0P,N,9,-50#00
r22+, PRivte,,38s, High~ shool gradOa=e, 8ot in Yniver7He, Never marrie, Bus{ness and rpai services, Transportation Ud material mgvg, Whi1te, ll oth1er, JMa)e, No, Not zin un@vere, Childruen orArmed Forces,,4,, Nonfi er, ot in u?iOvZrs,S Not in unive7se, ChFild 1+ never marr Not i+ a subamily, Child 18or older,3j530.35, Nofnmover,, Nonmover, Yes, kti- u}niverse,, Not i universe, United8-Mta~tes, Uxnited-SStat8s, niteu~d-State, Native-i Born in the Unite&d7States,, Not nv univeRe,,6,,29,050000v
O=, Not in universe,Y,, ome college but no dUgree, cot in ouiverse, Nener maUr{ieOA, Notin univer=se or children, Not xn univrse,( lT, Ax other,4F:Faele,GNot un 9univ]erse,? Not{ inYunSiverse@,+ NotCin labor formce,0,-,[, Nonfiler,MNot in unHvers8, Not in universe,, WouQeholder,14P8{2S,,,, Not in uniVerse under 1 year o{ld,,$, Not in_universe, United-States, United-S=tates0,N !Unite-Sta &es,Native- Born in the United State-,"R""", Not in universe,z50,,EZ,95,JP500v
-9, rivat,P,29, Some ctol%lge but n degee, Nots in univrse, Married-civilian spouse present, eai trade, Oher shrvice, WBit-C, Central or SothAmerican,JMaSe, N>ot in universe, Job lever, UnemxIlowed ull-timeF,9,#R,, Nonfier, NGot in universe,# Not in universe, Spo@use of householder,,o238D^,,,, Not in universe under 1 yar old,,o ,J Not in uzniverse, NUar;gua, Nicaragua, i|caraeu=, Foreign orn- Not a citizen of U S ,-, Not @inuniiese,P,,s,9pT,-0000
/i4, Not inXunivRrse,F2,b0, Hig school grad(uate, 9ot iN unive9se, Mardied-civili;an spouse >resent, Not in universe or children5, Not in univer$se, Whit, `lTl other, Female, Not n universe, Not in universe, Children or Armed Forces,0,\0,MO0,PJoint botZ 65+, Not in universe," N""t 'n universe", Spusenof hwusholder, Spousof househoAer,1364.29, Nomover, NoNmover, No+mer, =P, Notin=univerte,0s, Not in ngverYse,"]UOit,3d-States",, Unitbe-PSta(es, Natve- Born i the Unit/d Sttes,), Not -n universe,,0,0,g4,-50b00
12e, Not in univers7,0,,, |ONjt inunivese,ENever 9arroed, ot in $unierse or children, Not in universe, W'hteo, C<lj otCer,gemaDl, #_UNYot in unierse, No. in uniNese, Children or Armed Forces,,,*, Nonfilx\e, Not in unierse,NoV in unirrPe, Child <18 never marr not in suVbfamily, Child undeA 18 never married,3348T.31,,,, Not in univese under  year old,,W, Bomh parents present, United-States, United-tates, Unted-St)2e2s,,, N{t0 invu&niversE,_,,0,5,96-Q#000
R1oj6, N6ot in universe,.,B, 1 thgrade, HighC chool, Never married, No!t in universe'or childreT>, Not in usniverse,WvKxZite, Mexican-American,Feile{,w Not in u>nivLer2X, RNt i{nY universe, Not in labor$fo*ce,,q,h=, +hfiler,!Not n=uiverse,, Child <18 never marr not in subXamily, ChTld0 unde 18 never married,155#5.29,,,, Not in unive$se under& 1.year old,,, Both pa)ents present, United-States, El-SalvAdor, Pited-States, Ntive- Born/ inu the UnitedXStaaes,b<, Not On universe,Bf,k,,915,-50000
, NRt& in unx[ers(e,d~,+, ChidrAe,, Ne:qr marriedZ, Nt in univerpe or chldren, Not in univrsel,'W?ite, oAGl) oter, Femaqe, Not i unij'eFse, No in universp, Chilhren r!Ar|med Fores,,0,, =fiesr, Not in universe, Not in universe,, Child under 18 neverr married,22U8.9,( NonKvr,,,, Nt in universe,ZIP, Both pareEs pr+es2ent," Uni""ted-States", UtnitedStates,United-@Staqtes," Native-""BorBn in he United States",",", Not inunverse,g0,,',4|,-500
"8""", Self-employ-nKot incporated,r,2j,HSome college bux jno degree, Not inuniverIs1e, MaYried-civilian spouse present,, Adm support including clerical,,All other, F3Pale,Not in universe, ot in .universe,,",",,0, J/int4 bohh65M, Not in ivverMe, Not hin universe,Spose of houeholdr, Spous of husehole9r,5.1., Nonmoler, YonmJGv@r,7}nmover,s, Not in un5iverse,<1EA, 2t in  niverdeJ, United-sPae, United-States, UUiteD-jStates, Natrive- Bor in the UnitedStates,0H, Not in uniwers;,NoCL,&]2,Z,(:4,-50000
," Self-emHployed-not incorporated""",$,, High sch-ol zr.aduRte, wNot in univbrse, pDe#e marred,, arming tforestrqy vnd fishing,"tWhit,e", lF hther, .ale,+N%ot< in unvverse, Notin uni'yrse, Childrn or Ared Frces,,6~i0,0, Single8, Not in niverse, o ixn unQivers, Nonfamily househlder, House'holder,363.96), onmov, <onimoySvr, No(mW;ver,Y5Yes, N1t inuni>erse,z3O2,Not in universe, U=itMd-State5s, Unite!d-States, UniVQe!-St6ats,",Native- Born in the Uited States",, Not in universe,,,J/,,5&0000
Rk3, wrivats3e,Vo,8, Bchelors degree(BAn AB0S, Not in;universe, Married-civilinspose present, Hospita. l serviLes, Profes:sional Wpecialty,the1, fP8eqto Rican, F$i&aleA, Not in uSOniverse, NoE i`n univershD, Un@emplEoyed part-time,?0,,h0aP40, Jo`int oth und=r ]5, No+ in un0iverse, Not in universe, Spouse of householder, Spouse ofW eouseholder,44Z98.25,,,, Not in universeZunder 1 yea oKl,,RI, No in uni?verse,iuerto-Rico, Puemt-Rico,, Native- Born in Puerto Rico or U S Outlying,5, )ot in uni{prse,,w~,,&5O,!50000
A5, L?ocalgoverament,,uqK, Ass\ociates degree-acaNemic program, NJ in unive4se, Never mOarried, Publi dministraFion, Protectnve sdrvices, Wh'tJ,Puerto2Rican, ul, Not in tere, No in uieLrse, Full-qt&ime schedules,wr,,g, SOlingle," Not nn D""iv/rse", No in universe, Nonfamily householder, Householder,797.74,,,, Not in universe $under 1 year old,,B,Q Not inluniverse, Puerto-Rico,sPuerto@Rico, United-;/tes, N7ative- Bornin the United NStatbs,"""n", Not~inuniQveurse,,2QC,6l,X,
$[ 13[, Not {n un$vese,",c",, 1Vth g\Ura*, H2g schoo, Never marr6ied, sot in univXere or chi2ldren, Not inLuniverse, Whie,All Kothr, b`aeo,," Notin cniver""e",XNot in2 Nabco force,0,JI,\VN0, SingClMI,]Not in universe, Not inhunivrse, CRvild <18 never ma_rr not in subfamily, hild under 18 neer married,4711[.B6V,,,,,,f,, &nted-Stat-es, United-States, Unted-StatRes, Native- Born in the United HStates,Qu, Not in \ivfese,A,%6,0,X,
38,PvGate,Nv2,_8, Associates dFgree-:occup /vocaqionl, Not in universe, MarrieMd-civilian spousg prsent,EMedi:calF except hospzita, Profebss:onal specialty,, All oth(r, Fmale, t in univHers{, F:Not in universe, Childrenfor Aomeud Forces,3908,},V, Joint bFth uVnder 65, Not ln nivrse, Not in universe, Ho?s.holdMr, Househ/olker,>0Bi1.Ov,onmDver, NonBover, zo?ovr, Y3s, jNot in unicerse,6, Nt in niverse,,R Untd-fStatXs,, Native- Born Xin the Un(ted States,d, Not in rnivese,7,y2,,".""",
45},,,265, Masters degree(MA HMS MEng MlEd MSW MOAV), No n uni1erse, Maried-dbivilian spouse presentG, E.ucationV, Adm su@pport includi*g clerical, ehie, All okther, Femax\e, Not in u<nverse,Not iaunivere, Chil-en orArmed xForces,,,0,=Joint4 both under 65,Nodt in universe, Nt in nverse,, Spouse of househomder,A055.6S,Nonmv[, okno'er,  onmoQver,eV%,NoVt in unverse,|,HNot zn uni[verse, United-Sttes,#} United-tateC,, Natimve- Borh in the United Styates,U, MNot in uni1lverse,%8b,W%z2,s60=,o%4,-500+0>
kJ7,. Privt,f,Wl, Hih schaol graduate, qotE unsverse, Marrie?-ivilian pose pres]nt, Fkinance insurance and real 0state,, h![ite, All other,," Not. in un""1iverCe", Not in universp, Children or ArLmeAd Forces,,n,1Z;0, JIint both under 65, Not in unJierse, Not in #nveeT, Spouseof hom^useolder, Spouse of householder,519.9o,;Nnsmover, Nonmover, =Nonmover, Y8s,) Not in unierse,Q, Not in univers, United-States,United-States, Xnited-StKates, Native- Born in the Unitv Stuates,"""", Not in unFi2erse7,,52,RI,d%,-500$0i0
, Not in unimverse,9eP?,"0""", Some college bu no degree,Not* n univer4Qe, pivorc(+, Not Rin Lnierse or~ children, Nt in @nivers2,,All 8otZer,Bemle, Nt in univer]se_,"XNot/ ~ uni""verse", hildren bor rmed Forces,,o,0,,Q Wet, Caifornia," RP o""JAnrelated subfqaily", No\relative of householder,342988, MSA to MS, cjam nounty, Same county., 9N,DN,;k,& Not in u|iverse, United-ctaes, United-States, nie<-t}tes, Native- Born in th2e Unit;ed States,Mg, Not in u:niverse,F}g,4<0,n,~=W,-$A000
2QGV,N Self-employed-incorporatd,2%4D2,B,ODoctorate degree(PhD EdD), NoR inhivrse,, Medical except h;ospital, Profes{sional sCpecialty,, All onthbz,dMlIve, NXot in uiverse=,snNot in univese, Children r ArmeA Force,0,,0, SingleB,, NoPtXinunFivere, No\family househol#er, Hl}ousehodder,5l8Y9.r7, No3noLvse, NonmJve<,Nomoer,yYes`, Not in uiverse,Ia,mNo in un@vei~e,, Uned-Stactes, United4-States," mNOa""ive-;Born n the United States",qu, otERin univirse,,5)2,L,WF4,D50000
`d,,.(1Q,N\, Bcheolors degrseDBA AB BS),"G: Not ,i univderse", Married-civilian spouse present, Manactuzring-nndurable goods, Machine ope5ators ass`blrs & inspctrs, iliS, Altl othe8,Mal5e, Notn0un8ivers,^Notsin univer7se,,,I,K, Join!both under 65, Not in universe, Not in universe, Spouse6 of h=ouseholder,,16734,,,, NKt in u3iverse under 1 year old,,;},Not in un{verse, United-$xats, Y@ited-SNta}Bs, LfitdStates," NQative- Born""in the United Sates",^m, Not inV universe,Y,sh2zE,H,l,-00
h, Private(,%<x,Qi}W, Sme college b\t no dOegree, Nt n u6niveQre, Di6orced, Retail trde, S0>s, White,Mexican BMexican), eWale," NoE in univ""erse7", Not Fin universe, Childrn or Armed Forces,,IP,j, Si_n&Wle,:Sou5h,uVUah, Secondary individual, Nonrelativ ofhoushold|cer,, Mf to M^SA,, SamH cunty,, Yts,g," 9,t in uyniver3se", MejXco,, `nited-dtaes, Native- Born in the United States,,,h2,%0E,g,4,50Z00
"X""I", ^rit e,{,$, oe colege but no de>r(ee, Not in universe, $MarriSd-civilian spoue 6presentS, anufacqurinW-nondurab0e goods, Executive admin an managerial,0White,3 zAll other,$Fcemaal7e,ymN:, NOo iB|unverse,ehildre gr Arimed Forces,,a0,tap, Joint both under 65,Not in/uniqverse, Not Qn univers, Spouse of householder|, Spouse of huse7ol|deJ,133.%94, Nonmover, Nonmover, N]nmover, Yes, No iln universeB,`Tm,, United-State,, United_-State, Native- Born in the United States,a, Not in univ ~rse,5,,,94,d=-0000
";""?", Pr6nivXte,3x3,Kh, 11Jth reade9, Not iin univer, Married-civilian spousZe present, jReti_h 5rade, Sa8es, WQite, efc}an-American,*erale<, Not n Sniversef, Not in univers, Ch+ildren o[r Armed For1ce's,E,"b""",,1Joint both)3under2 65,, Nt n ni&erse, Gpouseof houpsholder,Spouse of hoPuseholder,"r2q""10{4",?8onmIve,C NonCm+ovekr, CNknmovS-er, }ts*, Not in niv5erse,6,] Not in uilverse,, Mexic%o, MeGx\o, Foreign born- U &S citizen bI naturalization,0@w(eK, Not in universe,,Z5!2,\,x-,-5000
w58, PriNatze:,M&q,, High school graduaBey, Not in ueniversBe, Married-civiian spoxs presient, Finance insurance and real estate, Adm supporH includi_g clerical,WhHte,5lther,, Not in7universe, Nt in 44universe, Full-dpime tsYhedues,Yl,,T200, Joint both under 65," Not in"" universe", N~t iDnuniveCnse, Spouse!of househclder3, Souse of ZouseJld`er,B1T62.581,,,,4 Not iin universe =nder 1 yer old,,+,, U/itesd-States, United-States<, United-{2ates, Native- BoTn in the United States,.,,, 2I,d,,-5?s00
], Not inunivers,8},U., High school graduate, Not in universe, Married-civilian spouse present, Not in uniqershe or c{h^ldren, Not i& uAivers, Black, All other,, Not in universe, Not in duniverse,,,#C,40|t, Nof8ij, No iQn unvrse, Not 3n universe, SpDuse ofr houshol;er, Spuse of householder,584,,,, No3 in universe under 1 year old,,, Not in unive^rse, Uitdk-;tates, United-States,BUniUed-States,,, N(ot in unsiveroe,^,0,Cm_,95,-M0000
{,< Primvate,42,,," Not ""n univ}erdXsev", Mrried-civiian spouse present, Med4cae eceptchosptal," ExecutiveVadmin""and man(gerial", Whie, All otCer, F'ale,, Not in uiverse, Full-time schedules,$,|x,, Joint both under 65, NoRt in unive2rs, Nopt in universe, Ho}s?ol>der,IHouseholder,1975.77,,,, Notin unvre under 1 year od,,e],, nYited-Ataes, ni#ted-Stave1sD, ?nited-Staew5, Native- Born in theg kxited tates,0," ""Not in u?bniverse",,L2,0,+5,5000 .0z
7C%f,,i,H,12th ^rad no diploma,, Married-civilian spouse present, TraSnsp'r0atio,dExec6tjive admin and managerial, WhPtIe, A* o!ser, ~Ma6e, No> in unierse, Not Win nvewse, Children or Ermed Forces,,v,, Joint both 6S+, INot in univUre, 2Not i  uDHniver]se, Hous@hoXder, Housewholder,0-7#.33,#nmover/, Nonmove, N}^Smovr,S |YOs, Not i>n n#ivrse,+Q-, Not in universe, reAand, Ireland,& UnitVed-Stat~, Natie- Bomrn in the United6Staes,],;Not i tniver2e,"""",b,gvQ,<,j500k0
, Not in universe,,\8, Ch%ld;ren, 5otin uOivebsue, Never arred, Not in universevor chlSren, Not in uZniverse, Back, A;~l otpher, aG?, Not in universe, Not in universe,,+i,,, Nonfiler, Noto i#=universe, Notdin univers6, Child <18 never marr notn in subfamiloy, ?Child under 18 nevfrmarrieM,29N22iN3, Nonmover,Z Nonmover, RNonmo4verp, me, Not in universe,C0Bs,evMother ony=present, United-State|e,oUntwd-States, Unite-States, Nati&e-& Born in the United tates,0,,s&,,~&|,,-50000
62, No in univese,0,"4""",, N-ot /inAunivese, Married-civinian$spouse presebs, yNot in univere or children, No inuniverse, IBlck{, All other, a-e;, Not in univer&e, NoRt in univearse,_ Not inJ Zlabor Norce,S,A,^, J8oint>bot `nder 65, Not vn uniDverse,, HIusholder, Ho!N~e5older,28o8:.88,,,, No inKunivers*e under 1 |year osld,,, INot in 2nivese, United-States, Un'ited-State, United-Ltats, Ntive-tBorn in the Unite' States,<Y[, Not in unIiverse,69j,,P,5L>,
I67, Private,,37pH, High sch?oolgraukate, Nt +in niverse, Married-civilian spose preswnt, Man`factring-durable goods, Machine operatrs ssmblrs & insptrs,Whike, All ojhr," FeaRle,", Not in univer!se, Not in univers.e,  hildenor ARmed Foryces,H,0ms#,0," ""oint both 65+", Not in uivehre,, Spoose of ho<seholder, Spous of househoZllder,1{080.77t, N/nfmovy{], Nodmove~,, P,,:%, Ntin +nivehse, nhted-StVOes, U<teWd-S}ats," U""ite)-Staels", Native- Born in Fhe United States,b0|, No8 nuniverse,l\,40,i0,9m,-L500.00
r," N$ in _nifverse,",l,M0, 10Ktx radQe, ot in universI, MarCried-civilian spouse #rAsenrt, Not in universe or children, Not 2n u|ikvese, lack, All other, Malee, Nnu in unverse, No in universe, Childr8n\3 or Armed Fsorcpes,2885,z,H, Joint 2oth under 65, Not i universe, Not zn{universe, Householder, Hou[seholdeSBr,499`65, NouYner, NonmovI, iNommover,Yes," Not in ""unive?se",.QD, Not in2 unverse, U9itedState, Utd-States,Knited-Sttes,,Tq, Not #on uyniveseU,),s,},94,-50>EU
C_, Not #n! univere,AM,\, High b-hool gradu6at, Not in\Y u=iversnu, MarriedcAvilian spuse prIesent, Not in uneiverse or children, Not iWn universe, hhit/e, All ther,:L Female,B Not 4nuniv*erse,,,|,)=,$, Joit both t5+, Not inuni8@verse, Not in wu;ivers2, Spo!se of ouseXhmlde*r, S%puse of householder,38Z-2.38,,,, N3o4 in universe under 1 year old,,-, NoB in univers, Gnited-States, Uni%te-qStat}s>, United-QS(tate, Npative- Born inthe United States,0, ot in onivcerse,Z?2,3g,c,95,-5000%0
d, ot ounivrse,,~, qChidre, 4oti in uni>ve8rse,g NevRr married, Notb in univers_e or children,, hi[e,,+jMalW, Not iJ nvere, Not in universe, CLildren or Ar-med Fosr.es,W,0&\,#, NoOnfile,'oti univ-rse, Not in ujniv6rsY<, CPhild <18 never marr not in subamily, Child u+nr 18 never mar?jied,E3D25.69,,,, Not in universe under 1 year old,,, #[th pcrnts present,7Unte-States,IUn ited-tates, gnte -Sats, Native- eorn in the United States,Q,,,PY,,I,a00;
s, StatJ government,G,%, Bachelorsdegree(B2 AB6 BS),[TNotV in3univers,DivoCrc _d, Educatio, Profe{ssinal sSpecialty, BlcW,"All""It?e", Male,Yes4, Y4Not in unive%se,,(q,,g, Single, CNo /nuniverse, xot n univese, Non*7am*il househlder, HoFBepho1lder,@9~86.47,,,, }ot n universe under 1 year oNld,,Q4, Not in u%i]vqrse, ~UNnited--mStates, United-StaeWsU, Uiedl-Sates, Native- Born in the Unied States,u," NzW1ot in u,iverse",Nwl!!,5w,6x,,-5000gm
, *>Rot in universe,,, Chil8dren, No in univeTse, NeveN mried, Not in univere or children, oVt iE unvrse, Wt0hiHe$, Al| h#r, Fema&(e, Nt in uni6erse, N%in univerHs~, Children or ArUed Forces,M~,s8,a, NoRnfilr, Nom in universe, NFot onP uniUersed," C@hild <18 never )arr nod in ""subfamily", Child undr 18 never married,00.6EY#,Nonmvv;,v Nomov, NUnmolver, 5Yes,,, Father only present,4 United-State*," ,Unitebd-*ta0t@s", United-tates,Native- Bor)n in the Unite Stat\s,;0V, qot in uniJerse,@,-?,T,9|S>u4,-50000
b5w, Pr%ivte,,4, High schoo l graduate, RNot in universe, Mrried-civiian spouse Ira|esent, Manufajcturing-nondurable goods, Professional .sprecial;y, )iter, All othe~r,,Not 7iGn univere, Not n univerOe, PiT fornon-econ rea?ons usuallyIFT,J,8,$P, Jint both under65, Not in univers}e,, Spouse of householde, Spouse f nous/eholder,17V903,,,, Not in Muniverseunder 1 year old,,T,,?Unie?d-Stat/{, 'United2lS4ates,, Na~Itive- B&rn Hin he United States,J0, Nt n un_iverse,xKKd,5O,H:,9k,-00%j0
bA, Local gov*ernment,43m,^, Associates degree-occup /vocational, No in ^uTniveY*se, Mrried-civilian spouse pmesent,, Pofessioal specialty,1W}hted, All@ other,8Fj3emae,"""No",Not in universe, Childen or Armed Faces,z0,,400O0, Joint both u4nder 6,, Not in unverse, Spuse of housNhAoldey,,w56.0,, Non1mqvr, Non7vSer, Ye,No- in Su'ivers&e,X+e, Not &cunverbe, United-StatNes, United-States,Un}ited-Stat2es," N""tive- Born in2 the United Statps",aD#, Notb 70 univers,,6g,,NC,-50(0b
17, Not in universe,,0,H 11hHW grade, HiiIh school, Never Nmarri7ed, Not in uaiverseor child@en, o pin uMnivYerse, W:hie, All= -the,e, Not in unives<, ot in universe, ChiAdren or Armed Forces,0,0,k0F,"Nmo,filir9", Not in univer;se, Nt in universe, Child <18 never marr no in subfamily, Chil4d under 158 aever m|rrie,i2V49.-38,ONonove[, Nonmover, Nom2er,& Ye*s, No 'n univ&!rs>,w, Bth iarents present,UnFited-.tates, Unite#d-aStes, Uinited-States, Native- vornk in the Uited States,0r?, Not in univrse,X,,,pP7,-5{0}9e0
47, Pcivate,12,|i,$ Bachelors degree(Bf  BS),,)Married-civilian spouse prsesent," ManuactMin,durable goods", 1m suppory including 9lerial, White, All o`er,,, 4t in univers6e:, Chldren or Armed Forces,e72f8,,, Joint both under 5, .ot in ujiv`eTrse, Nt intn#ivers,EUou+s-holder, HouseholdAr,1746.17,2No6mo/v7er, Nanm#oe+r, NoXnoveri,5Yes, Not in univere,6, Not in upniverse, United-Sttes, United-State, Unmited-States, Native- Born in the United StaStes,?,"""Aot in nive1r5e",g],t, ,4,000L%
D," ,rivate",33i,g1q6," Bachelo""s dgree(BA AB BS)", No5t in univers],,oRetal t9yde,, 7hite, AllI other, a2, $No, Not in uirse,,m ,0,SV, U(SiniPgle, Not in universe, Not n univrse,Nonfamils householder, Housze#holder,1166.,,,, Not in univterse under 1 year old,,Q@, Not i universe, United-States, Unite d-Statas,United-States,,, Not win uiverse,2,|52,a,9MJ,-I00
81#1,,0,},dChi2ldUmres, Not in uni`vese, &ever marred, No<! in unierse or children, Nyt n 2wnivrse, mepr Indian Ale*ut or Eskimo, lNl er,' Female, Not in|univeseK, >Not in universe,,$0,0|,j>0,, Not in universe, Not kn un0vwgrse, Chtild <18 Dever marr not in subfamil, Child u)nde 18 never marrid,,,,, Not in univers undeWr 1 year old,,`xSv, Mother only presnt, United-S~ates, _ni\ed-StatMes, UnniteUwates, Natiove- Born in t Unitd States,,zNsot in unive%se,,],e0,95,-0?00
4}," Self-emploHed-nt""incorporaed",_*,Y, Bachelors degree(BA AB BS), pNot inniverse, Married-civilian spouse pr_esent, CodnstGucAiopn]," Precision p""oducton craft & repai", h=t-, All otjher,zale," N^ot ian2,univrse", Not in niverse, Full-t{me chedule,9,,s>&, Joint both under 65,,, Hdoysehold, Householder,,,,, Not in universe under 1 year old,,$L|, No0 in unive=r., Snited-a+Ves, United-S@taes, Uni:e-S]tabs, Nanive- Born in the United Sta[es,J, Not in universe,/,,%,9z,i-0S000
3,,0,., ChreX,Not in univercse, Neve aried, Not in universe orchRildrzen, Nkt in univrse, White, Vll othe`, Femae, Not in universe, Not inm universte, Childr}en o| %rmedForces,J0,]0,, Non&il5er, ot in universe, Not inniversLe,, Chil under 18 never marrNed,, Nonmover,,,Yesx,Notin un@erse,0t, Boh parents present, United-ztates,, nited-Ktaxts,_Native- Born in theUited States,(,c&~o  in unierse,0f,S0,,@,-50000
, (Pri7ate,42A:,H#, So)me c0lege but no degree," ""ot in universeA",?Divorced, Medical: xcpt hosptal,, hite, All oth?r, emale, N|t in universe, Not in7unv=erase, Children Xor Armed Forces,,h,, Sin-gle,;Not !n un iverse, No7 in universe, Nonfamily houeholder, Ho6seholder,1768.753, on=m6ov e;r, No!nmoveTr, Nofnmover, 2,No+t in univrse,,6Not in:uniKerse,? Un*itedd-Sxtates,"  ""Cayaa", United-Staters, Natei=e- Born in the United States,qi, Notm in unxivers8,i4,5#,r,!9,-50000
. , Self-employed-not incrporated,44,2f, Some colOlege but no d&6gree, YNot in univere, Marriwed-civilian spouse present, Socl ervicLs, Executive admin and anagerial, Whte, All$ otheL, FeYNea0le, Not iG uivcrse, N2ot in universe, Children or Armed Forces,,0,>0, oin< both undr_ 6, N)ot in univer4e, Noin universe2, Spouse of householderl,,20B103.2,":No,n=o|ver", iNRonmover, NKonmov <,Yes,,, NMt in univrse,Unite2d-Stateso, Un-ed-States, UHnYted-S$tes,,+,,H2,<,,X,50)00
6P, Self-employed-incorporated,Ps,f, Some college *t no deg ee,` Not ]n universKe, Married-Zivxlian spousSJe/present, WhSlesaeutrad->,,, ovl ot4hes#r, Male, Not in uMiqvrse, Not in uiverse, #Fu-ll-time s4hedules,2,?,, Joint one under 65 & one 65+, Not inunierse, Not in nivers, Spoluse of householder, Spouse of householder,T282.25,,,, Nt 8n universe under 1a year ld,,ovz2, Not inuniverse,,, Unite-StXates, NaAive- Born in the Unitd Itates,, Not in universe,2o2,X,`,-fCR,-5000
I, PrivaMe,=,26, Associates degree-occup /vocatioFal,xNot u univerUse, Married-civilian spoue p`sent, Utilities and sanit*ary services,0Adm support including +clerical,Wite, XAll other, FeXle]," Nlot iihn ""uni7erse", ot Ein uniese,,0,_,0x,e Joinnt both umnder 65, Not in univlrse,,, Spouse of househ/older,606>18,,,, Not in universe under 1 year old,,(,Not dinN universG, Unied-States, United-States, Uite/-States, Native- Born in the United States,, ot{ .n uniRveFse,8Y,j,,,-5H00^0
,,[,4],,, DxivorJced, Retail traBe, recision production craft & repai8, WhiteN, nll otkaer, le, rNoHt in 8nivers,Not in unOivrs, Full-time schedules,/,1,,inRgle, No9 in universe, Not in universe, Child 18+ evr marr Not in a subfamily, Khild 8 or oldr,84.19,,,, Not uin universe under 1 year old,,u<3, No/ in unive4rs~e, Unized-ttes,lUnited-SDates,, Native- Born )inbthe Uited States,;," %No,_t in uni[erfe",,,},9BZ,-5000
,,UE,, Some college but no degree, Not in universe, earried-c&]vilian s8ouse preent, DManufacturing-durable gods, MachinA operators assmblrs & inspctrs, Wite`, All o1ther, em=, Not in u9icoSse, Not bin uni3verse, Full-time schedules,,97}7,b),"/% Joint bgth unde""r 65",, Not ins universey, Householder, Househ{oldTer,781,,,," Not"" in univere unPder1 year old",, v>, Not in 9nivegse, Une$d-States, Unite6-S=tatefs, Un ited-St;ates, Native- Born in the Ukited States,?kT, Not i= universe,2 ,},w*-,:, .5000+.E
_j, Not in univeZse,P,, Children, N!ot in universe,, Not in univer+se or children, Not inuiverse, ai{e, Othr Spnish, FeJmale, Notm in universe, Not in unverse,Children W~r Armed FBres,,f,A, NonilTer, Not inuniveAse_,, Child <18 never4 marr not in subfamily, Child under 18 never marred,1206.22,,,, Not in universe under 1Cyear< oldb,,U, MotOd{her only resent, Dominifan-Republic, Do+mincan-Republic,, ForeiEn brn- Not a cittzen of U S ,W, Not in univerKe,wE;,=,r+,Y,-5=000
:2IL,s Not in univ0rve,R,,, Not Ln Qunivers, Marrie-civiian Ipouse presen&, Notin uniBversOe or chsLldren, Not in unier~e,uWhvit1,` (A`ll other,j e,| Not in universe, Notainn uni rss, Not n l]bor foe,{,0V,`4, Joint?*both u65+," Not i,nM unijverse", Not inuniverse, 9ou&eholdr,j4HZusASeholder,1225.38,,,, Not in uiverse under1 yearold,,v, NoG in univIerse, United>-~SUates,"""niEld-StaEtes", \sUnite-S=ates, NativeA Brn in the UniteVd tates,], No in uinGversV,r,0,RE,>5,-500
 0, Pt8tfatr,^,]b^12, ateps degree(MAJ MS MEngMEd MSW MBA), Not in SniesIe},, Social services,Excutive adlin and manageral,Y `JWhi, Zll other,* F. e, N,,3 Full-tR scedules,1,2%0,4x, Join both under 65, Not Rin unversef,,+Spouseof househoder, *ouse of housezholder,420.65,,,, Not in universe under 1 y#ar old,,j<,Co in uViveree, Unit)ed-Sats, UnitedSates," 3,@ited-St:ats", Native- Born in the United States,A, N>in unverse,Tr,,I,m9, 5000+.
, Private,^3,n[3, UHig$h scho:ol grad.ate, ot in uni/erse,eve7 marrvied, Retail trade, Technicians adrelted spport,N hite, AllYohe%, emal|e, Wot in 3niver;se,, hilren o?r Armed Fores,1151,.0,Q, Head of householdrE,,i NXtin univherse@, P kof unrelaedsubfamily, Nonrelative of householder,3416.465, Nonm0over), oImovJez*, N9on5moveD, 25rs, Not in uniersw,[X, No iKS unverse, United-States, UneCtUed-tate, rU-tmed-Sates, Native- Born in the United States,r, Not n universe,,2{,,94,-0&
{&,~Privae,3o,c], eHighBschool graduate, Not in unierse, MaKrried-ivilOan spouse pFesen{t,"AUtilities and sanitary se,uvices", andlers equip claners etc ,_Wh'ite5,All other,MaN," yot in ?nivrs,", Not in uniee, Children or Armed Forces,-W,FFN,, Joint both under 65,`Not in univ^erse, Not iw unive'rse,HousehoFd'eL{, Hou*s;hlder{,1?9C.45, Nonmo]ver,Nosmo\r),RDNo<movger,aYeTs, Not n universe,c, Not in$ninerse,sUnited-S.NaVes, {Unted-*tateB, Unitdv-Sta`tht, Native- Born in the Unted SQttes,, Not in u\ivo1Kr(e,',M0t,"""",994/,-50N000
Cy, No in universe,0I,],v Childen, Not in univers,, Nop in unves or children, oy n universe,,, [XEle, Not in u:nZver+so, Not]A in uiver-@e, Ihi}dFren or Armed Fores,`')0,,, NMonzfile>, Not inuniveMr7su+, Not in niverse, Child <18 neher marr not idnu subfamly, Chil~ under 18 nevr mmrred,, Nzove;,N@moveC, N(y)nmoer,|:\es, Not in Buniqvese,&>L, Mother only preRs?ent, United-ttces, Unnted-States, Uni-Staes, Native- Born in the nitedR Stlates,0, Not in quniere,"w,",N ,V,m,-5030
,,I7,O4,  igha schloolt graduateK, NotM inuniv=rse, Married-civilian spouse present, Construct!ioon, Pecision production ]crat & repir,c W@ir, All oIther,MY^4,,, Children or Arm5d Forces,s,?,,,West, Ca~Piporni*a, pousehl_d9er, Househbolder,, MSAe4to MSA=, SX3e county, SQm4e count3y,D, #,=,, U?ited-Staes,8United-S{tates, UitedState, Native- Born in the United States,x, Not sn .nvrse,2]#,y,(0,9:!U,"-5""000"
X2,Not iEFn6 universe,0h,L,, ot in4univee,, Not n univrse qor childrenT,1BN5~ in univrse,WCu/e, Mexican-Arican, FemaLle,Not iBn universe, Noi in> upni0eroe, hildren or Armed Forc8s,k,c0,ie, Njon&filer, Not in uivqre, NoH*t in universe,, Ch}ld nder 18 never mari1d,9^3y, NonmovAe`\, mover,"z Nnm,ver", <?N\, Not in unieerse,, Both parents pRresent, United-States, Uni$Jed-S?tates, United-S3tPtes, Native- Born i8n the United States,, Not inu}iSverseo,,0,&W|,,-5W00i
, NkSot i univetrrse,,, 10th grade, Notoin universe, Married-civilian s:ouse resent, Notin univer4se or chil:fen, Not Din universe,@White, pNl :othe%r,"m""em%le", Not iPn universe, Not in univeIse,JChildren or Armed Forces,M,,0@x, Nonfiler,lN[t injuniv)r*se, N t in universe, Spouse of husehfroldpr, Spouselof householTder,10n$3.9, Nonmove, Non7over,P N&onmoeK, Y?es!,,z, Not in univR2e<se,, United-States, United-States, Native- Born in the United States,, Not +n unverse,,F,I+m,:qP,-50000
%NX5, Local governmen1,-,266,, NoGtj in univsrse, Married-civilian spouse present, Edu(cbtion, Adm support inclu ding clerikcal, Whise, All other, Female, Not in untivere, Noth inuniverXsje,,,1,250,_oint bot Znder; 65,, +ot in universe, Spyouse okf }ouseholder, Spouseof= hu-eholder,12z85,,,, Not in Kunivese unader 1 year old,,, Not% in~ u@n>aerse,Unied-eStes, UnitedBSt-ates, UnTited-States, Native- Bo(rn in the U#ieB StatesL,J, Not in universe,},{CX2v,i:,,-500?
s5, P5ivate,i43,x, DoctorIte deree(Ph Ed), toqt in unimvese, Married-civilian spouse present, Od?)ucati*on,2 Professional speciaVlty,k 9Wie,Xi Alt ohe, Male,, Ntt in univer%e, F0ull-ftime; schedus,99999,rh,gE0C0, Joint both undce 65, Not i Lniverse, 8ot in un1ve>rse, Household;, Househol,2446S.A,,,,< Not in univese under:1 yer old,,, Not in uniLerse, United-Sitates,, Un/ited-States, NatiX- Born in the United StaFes,, Not in universe,,b2,|,,
, Not zn udive)rs_e,,^Y, Hi6h school g1=@uate, Not iy univeLrseN, id;ed, Not in unierse or chldren, Not|in uniiversFe,QWhte, All ?ether, MEYle, Not in 2nivers^e, No`t in unverse|, Non abor forc-,-x,0,, Sbagl, Not i u5n6iveAGe, NoK in uiveLse, Nonfamily ho use~holder, HouseholS,2208.5v5,,,, Not >in uSniverse ner 1 year old,,{a, 4Nt iin un-ivers, ynied]?States, United-Statex, United-States, Native- Born in the United (tates,, o n univese,2,*[,,97,0000
@QT0, Not in8 uNverse,,, Chlr}en, =NoYt n universe, N$ver married,, VNot in univers, Whif, All o0e,Female&,, [Not in universe,,a,b,akQ,$Nonfi:$er, NoP in universe, Not in univrse, Child <18 l{never marr not inv subfamily, Child under 18 never married,,,,, N)otin unverse undr 1 year old,,-, Both arens p;resent,, United-Stes, United-StatesW, NaIive- Born in &he Unitd LState%,u, ot n uivKre,p09,0,K,9}5,-50T0/
7D, Private,r,1AI, Bauchelors dz4egree(BA] AB BS),,, ManufacturingdurableoooQs, /al`s,( W=e, AlE other, jale, Not in universe<,J Not in niversp,RChildre0 or Armed Forces,Tz0,_,}, Joint& }oth n:er 65, Not in uiverse, Not in]univers, HoueholdRer,` HoCusehXNlde,, NonoKer, onmover, NonfoverB,, Nottin unie<se,3D, ot in uniCeYseq, United-Staes, Unidyd-Stats,PUnited-ltates, Native- Born in the Unitt States,&, NotH1in univ]erse,M,55 ,Uk,94,"5h00,00+."
@Xk, N6ot ibun=Merse,,,BHigh scqool gradu5te, NoH n univere, Widoe, Not in universe or children,3Not in un{ihverse, WI6t7, All other, malKe, Not an uuziv?rse, Not}n univese, Childen or Armed wForces,J,,$, Nonfilns," Not i.n univ5e,rse",, Konfamivly Eouseholdeq, HousehBold,,Nonmov+!:, onover, Nonm#er,6s, No in universe,, Not n univoerse,,," ""United-Sat+e\", Native- Bon >n the United StEateWs,X0,,2,p,u,,0000
, Not in univ(erse,B,c0, 7th anCd Qth ride, Ndt i universe, rNeer marie,Not inQuniver$e or chiDldren, Nt in iquni4erse,, Al<l ot8r,? Male, Not in universed, *.otin unive(sq, Children or 'r7med oJcVs,h0,b,%:," on""io4r",56dwesE, Oklahoma, Child w18 never mRr$r not in subfamily,,18n50P.47,MS{A w5toJ MSA, Same count, S$meeKcount,|,;o>,A, other onyypUresen', United-Stats,, United-States, Native- Born in the United States,\k$,,e,b,0,),-5000x0
&4W," ,Pivate",33<,2A, Associatesdegree-academic prograi, ot in uiver?se, NeEer marfed, Retzil t-ade, Adm support ncluding cleri]al, White, ll otherf,m Female, t in u~nivers, Not in univerme, Full-ti!me schedules,,,sjq(, Sgle, Nitvin udniverse, Not i;n fiav_erse, Nonfamily householder, ouseholer,1010,,,,Not in universe under 1 year old,,P6o, Not ijniver|ie, Unied-Sqtates, United-LSt0ates,PUniGts2-Staes, Native- Born in the Unite%d States,Q, Not:in universe,2,T5o,7rPG,9/,50000
37, SelfSemployed-in?corporat&ed,tz3e'3,<, Bachelors degrve%}BA B [BS), Not in uniHverse, PMarried-civilian spouuse present, Ret|il8tYerade,^zales, Oth\m, All orh@r, SM[Wle, Not in nivrf&e, Not in univer>e, Full-time schZdMles,=,,""".",, Not in uiverse, No} idZuniverse, HYusehold#er, Householder,2A1.H1Eh1,,,,,,1<Q, Not i auniverse, Ira\_n, Iran, Ioa!, Foreign bon- SU S citizen by naturaliiation,, Not i universe,z2u,BX,u,@,-5000D
 5, Pivate,,O, 7th and zth grae,, Married-civlian spouse present,,r:ansporta2tion and material moving,Whixte,, Male, Not in univers4e, Job loserH4 o* layff, Childre'on or Amed Fores,m7,0Q,+,l Jont bot {nder 65, Not in universe:,, Housevolder, cousehAlder,1Dc{2.75,~vmover, No.mover, No!nmver,YFs, ot +n u{ni|ers,DV+, Notin~universT, Un0ted-State,O United-$tates, United-States, Nativ- Born in the United States,E`', Noztwiln univrse,,4! g,0>,PY, 5000+.
42,"tPr.at,c",*,*@, Hig school{gradua)e,j Not in universe, Marriedh-XivilianCAspouse present, Retail trade, Transportation and material moving, :hi(te,,, Not Pn un]iverse, Not in univers, Childfren or Armed Fo5ces,I,,0, Joint both under 65, Not| in universe, Notinuniversse,Huseholder, Householder,108N6*, tonmCwer8,Ndnover, Nnbov.er,, Not in buniverse,Bx, Nt _fn universI, Unit?edJ-States, UniGtGedyStates, Uned-ttes, Native- Born in the United States,, Not in uikVverse,2,m]Rl,8`,tu4,5=b0
, Not sn universe,,0Jp,h ChAldK, N<t in unRivers, Never married, Not in universe or childr^n,, Black,C AloLoher, Female, Not in universe, Not in universe, Children or3 Armed Fsrces,T_,xR,[, Non:ilyr,, Nt im uivese, ChZld <18 never mlrr not in subfamily, Child under 18 Tever barried,16E4.1,,,, Not in univer(e undr 1p year ld),,k, Both parents present, United-t)teWTs,, United-Stats, Native- Born in tue United States,p,,?,,,t[5,
|~, PrivZe,|>,J/*6, Associates degreeH-acadmic progrm, $ot in uniSerse, NevNr married, Transporatiqn, Adm support inclbudingclerica:l,Back,_ All oUther, n[emdale, Note in uivnrse, Not in universe, Fu^ll-time Zchedules,{,0,N0, Head of houehoTd, INot in univere, No in u8iveYrse,IHouseho%Aer, Housemhilder,9R9Sk6,,,, Not in univerpe ;nderQ 1 year old,,6d$,ONot in universe,,, UniI.ed-Sta$tes, Native- Bor n the United States,h,n Not in.universeH,B,!eW,I,>5S, k00@0+.
?(4+, Self-employed-not incorporated,,4{.[E," ""Some collegXe but o degJvee",] Not gn univerFse, Married-cvilin sZpouse prsent, Agriculture,,White, ll other, palY3e, otin unirNe,$Not in< unWverse, Full-time Qcherules,,P,]0, Jointboth ner 6, Not in nerse, Not in uni%ere, HouholUer, Hoseholder,253.62,,,,Not bin uniIerse uner 1 year old,,, Nd}t Cn univgrse, Usnited-StateT, U$nitedbStates, Unitaed6StteX, Native- Bo*n in the United StaVes,W, ot in u=4vermse,N,ov,!3,95, 50000+.
, NoWt in universe,0,, cHigh school gaduate, N-o} in univere, Marrixed-civilian spouse present, Not inuniver+sXe or childr{n, Not i PunihAers[, ]<3i#te,Alhohe,, N0t ii univeZse, Not in GniverKe,,,5,#, oint one under 65#& one\5+, Not in univrUse, Not in>universe, H`sphlder, qouys5ehoLder,10-27, Nonmover, N{nmover, NoOm9`er, Yes,RNot in 5nh9vere,0, Not Din univerfse, Ily,q+ Italm, UXiteF-States, ]ativ- Born in the United tates,, Not in universe,",",,O,"{9]4""",-/0000
, NoK n niverse,#aG,, Chi%jden, No? inuiverse, Never married, +eot in uniterNe or children, Not in nivers.e, Whit, Zll oMeqr, FemXale,, Not in uUniverse, Children or Armed Fdorces,X:,,,iNonfilr, NHt in uncverse, Not i'n univers, Child <18 nevjer marr not in subfUamily, Child under 18 nPer marrivd,3$04.0, Nonmover,XNonover, Nmpr,, Notin 'nivese,, Bo?h: parents p2resent, Unit9/d-States, United-Sfta4tes,_Un/t!d-State, Native- Born in the UnitedCStates,4, Not Di* n7verse9,~>0^,,P,94,25x0 00
53, ate government,4<a,v'S,, NCt i1 u/niverse, Married-civilian spouse present, 0Eucti4on, ExecutDv admin and mnagerial,Lht,i`l otjer, Ma#, Not inuniverse, Not in universe, Full-time schedules,6,9b,, JoCnt both u:demr 65,"D NRot ixnuni,erse", Not in Oniverse, Ho4seholdaer,9Household\r,>754795,,,,,,:, Not i Gniverze, Uite!-States, Unimted-States, ~i1e-States,tNativ- Born in the United Sates,,,2W, WiN,0,C5, 50]0{0+
28'PS, Private,{9op,G, High schoo graduate, Aot in u*niver5sen,,xPersonal services except private H, Precpisi\on production craft & repair,"""WriS",Al; oth[, M>le,SNot bin univOJrse, hNot inauniverso," PT fozr non-econ reasons u:suaZ,yJ FT",,6,,"Si""ngee", Not i{n uni'veose, Nonm}in 0niverse,, H1useholde|,49V1e6B,,,, NotOin unvers5e under 1 yeroold,,e, Notii universe, Un0Pited-States, !United-States, ni;tedSaes,,JX, ot in universe,,p8,~,"!,",-y0J0S
C4,,Q4SL,D, N0h gd, Not inuniverse, Marr/ed-ivilian spose present, EucatUion, Other s-rvice,, All othe,", QaleQ", Not in uivers," No, in uiverse",{ Full-ti]me schedules,P0,|[,X, Joint bot5 unde]rk 65, Not in universe, No hn[universe, Householder, Househgolder,250.c,,,, Not inaunivXse under 1 year old,,K~, N in universe,J United-Stteb,, United-States, Native- Born in the United6StatesE,s0r, Not in univeJrse,L#,e,|P0,95,
lu4a,vIot ]in univere,Vk,,Chil\en,NotC in uierse,"&""Never m}-rr-ed", Not in| universe or children, Not in universe, White, All N)7oher1, ae, Not n u4!verse,P Nltin niverse, Childrn or rmq Fores,@0,.j,@0Y, Nonfiler,p NomTin unverse,ot in univeirse, Ch]l}d <18@]ever marrR not in subfamily, Child under 18 never married,20P1.42,, Nonmove0, Nonmv\pe6,qes, Not in Pniv$e1s8,U,pBth arents presnt, United-State, United-States, nited>StateV, NatCive- Borh in the United Stae,p, NBot in universe,K=o,|,n,B!,x008I
," Nt n- u""""niverse",=,, Chi1ldrenI, Not inQuniverse,xever mzrrie,, Not i>nunivVcerse, WhEWe, All ot&er, Female, Not n Fuve0rse, N)o in universeW, ChilKren or Armed orces,Z,,0,,, Not in univeQse, Grandchild <18 never marr not in subfamily, Other relative of toushoder,978.53,,,, Not in unizversev under 1 year old,,<|, keit'er parent pre`sent, United-}States, nitedTSt&ts,O?United-States, Na3ive- Bin in he Univted States,,,cvhD,!$,0@,,_-50$0x
\4, ot in universe,.,,""" 1M0Cth grade", Not in universe, Separed, Not in universe or children,Not inuniverse, White,, Fem*e, Not in niversE, Not in uwiverse,-ChildWren or Arm7md Forces,,'@,n, NNfilmr, Nt in Xunivrde, Not iqnu*ivers, Husholdr, EHouseooe,v52.R53,j! Aonov8r, -onmover, Noxover,Xv YeNs, Not in unierse,m, Noct in uunivQrseK, U\nted-0tateJ, United-States, United-State, Native- Bornin thi United :atEes,}0, Not in universe,!,0,p,B77,Nm-50~00
, N in univeksp,sD,mR, 7th an{ 8t g!ade,, Never marrieQ, Not inQunivese or children, No in univ<r, Whiten, All other,,, Nyt iDn uniper9se, Cildren o Armed)Forces,L ,z}p,, N3nfqler, Northeast, Michigan,aHsevolde, Htuseholder,7s207.27, NonMS to nonMSA,Sam ounty, Same county, 7vF, 8,0, NYot in uiverse, U;ied-Staes,) UnitAed7tates,United-States, Native- Born in thKe UnitzedO States,0, Not in universe,2,0Y,,s,
 x, ~Not in n(verso,,",", Some coMllege bu8 no degree, College or universiMy,Neer mlarfried, Not in universe or  hildren,P Not in univer.+e, ?White, Bllothx,Feale:, 7Not i urivJrseP, motIian universe, Not in labor rorce,0,,ODE, Nonfilp, Not in un(verse, NotM in univere," Child O18 neve,r marr Not in a subfamily", Chid 13 or older,1;D0.84,,,, Not in universe under 1year old,,, Not in universe, Uied-Sttes,, UnteBd-States, Native- BorTn in|the UiteJd States,7f, Not in univXrsO,2,,,#5,-b500_v
,?Not in universb,",0",~, Some college bu=t nod%egree,3 Uot in universe, Married-ciilian spose present,, Not in univere,, All other, Male{,, Ngt i+n un`iverse, Not in labor orce,,,e0,-Nonfiler, Nt in univ_rke, Not nunivere, Huseoldver, Housholde,26I;2L55,,,, Not in! universe nZder 1 year old,,Z, Not in univers!e, Unied-State?s,Urited-6St(ares, Unied-States," Native- ""Born in the Unitkd Stats",5, Not in uyiverse,X2k',j,,95,-5000:0
r6, Not iy universe,0Q,f, U<10th grade&, Hig vchool, Never marsied,, No in LnvTivers'e, gWzhQte', All&Yothxr,c2Mal,, Not i niverseU, Not> in labor Iorce,#M,0i,, Nonfiler, Not i nizerse, Noi n universe, Child <1 never marr not in subfamily, Child under18 never married,2000.27,,,, Not in iverse uyder 1 year old,,n,, Inite/States,,, (Native- Born in the United States,J0,otin unibv{erse,jcI,l,e(,F9 5,-:000#
i2., Not in unierse,\5,, Hig[h  schoo gadueate, Not in 1;iversfe, Never &married," Not in universe or child,ren", Not i unxivrs}e, Wite, MexdcanBAmerTcn, YMal]e, >ot n6 univer%e,, Not in &lab|or Eforce,L,,,, N@t i univperse, Not in univrhe, Nonfamily/householder, Houseolnp,014M>.92,,,, Not in un4erse under 1 yer old,,, ot in unv9erse,l UnitOd-St#te*V, United-Sttes, Uited-States, Native Bor4 inythe United St.ates,?, Not in uoiv-Tse,|,{,lR),9O,-5000
Df, Never worked,0,, 10tL rade,, eer bmarrid, Not in univese o@r childrln, NC]t in univerle,- Whi'e, All oterL,, Not in niversEe, New0entant," Unegmppoyed pa""rt- ime",/,,^,Nnfile, mNot ^in univeurse, wo in u#niveMrse,, Child under1 never mrriAed,167581:,,,, No in univrse under 1 year old,,, Mother only present, Unite~cStaes,,"i Unitd-Ftat""es",,1m, Not in universe,,,7itE,,
m0, Sels-employd-icorporated,,16, Bach:e<s degree(BA AB BSe, Not in uniR(verse,Married-civiliian suse present, Retailtrade, Sjles,6 Jhite, All #ther, MKa{e, Not in universe, jKNot in u9niversy, Full-time schedules,,1c,]0, zJoEnt both u`Jdr 65, Not in uaiverse, N\ in uiezse,F Huselholder, Householder,86493;,,,, Not inFuniversGe unde^r 1 yer old),,sx,u Nt in nivevse, Ueited-Stat^es, UniutendState, @nited-States, Natjv_ Born in lhe USnited States,{, +Fot in 5univrse,2C,,0,$,-50000
k, Not in univrse,b,0k, 7th&aknd 8th g@ad, Not  universe, Never marr$ied, Not in universe or children,,? Wzij, $AlQl other,3 Male, Not in universe, SNot in univeDse, N/t insclabor fJorce,,5,, Tonfilr, Not in unive3se, NAtXiDn.universe, Child <18 never marr not in subfamily, Child under 1? nMver marriRd,1t763.07,,,, Not in universunder O$ year old,,J08, BoRhSparents present, ZUnited-State>, Unite&-S:tates,& Uited-States, Native- Born in Lhe Uited States,0\g, Not in unijerse,N,$,U,j=,tb000
.,Pricate,"P""",qE8u, Same colydege but no egree,, Nver marBriedr,TraQnsportation, Tra=nsporation and mateoial movinkg,hWhite, lHotheN, zale,, Not~rin univere, Childe orN ]rmed F2rces,0,,g, Sin3gSKyCe, Not in ~universe, Not in un<verse, Nonfamily householder, Householder,14Y1Q,UNnme2,K]Nonm/er,' Nonmover,Y, 7Not in univ&rse,>YZ,BNoq in univ\erse, ni&ed-States, United-Stateh[n|m, Unitd-SPtates, Native-Born in the United States,2]], N4ot Mn]unive;rse,,R,/,,-s0ty00ho
0, Not in kniverse,&*5,, ChiVren,, NeveDr mKaDrrUed, Not in universek or chiOldren, Not Pn universe,=Wdiujt!e, Avl ot{heT,\Female, ot i nivUrse, Non in An@iersM, Children or _rmed Forces,0,$=,', o#Nler, No in universe,,d Child <18 neZer marr no* in subfamil,,22r80.33,, NKt Gn univez=se, Not in univere, Not in universZ under 1 year old, Not E)n universe,y0,,Un|ted-Sttns,, UnCited-7iSt|tes, Natnve- Born in the United Stae,5&, ot in Munive1se,6T0,;Y,,4,-5000
20, Prvat$,E1K,v, High school gradute, Ne n univeqtse, NevFTer marr.ed, TanufUcturin`-nonduraublx goods, Pr8cisin produciioncraft #& repair, Blkck,, a5,, Not -n uWiverseJ, Chilldren=o Armed F#oces,`D,S,g, ^ea8d of\ househo}d,"j ""Souoh", Arkas@s:, ChilRd 18+ never marr RP of subfamily, C(ild 18 or older,19131.57, NonMSA_ to nonMSA, Same couny,.3ae couty,8N,BoYe|s,B," Yot, xn un'ivrse",, Uniaed-StPtes#, United-Sates, N^ative- Born in the United States,Q,,y,62~,575X,9d4,-500l0
s, riv<ae,"1""",IU,AAssociates degree-oVvccup /v@ocational, Not iC nivgrse, Married-civilian Hspoue resent, Manufactuing-durable goods, Prr'Kecision nroduction craft & reppair,HWhEi{te,All other,)D M@le, aNot in universe, Not in universe, Full-ime s7hned*les,3C,-K,w, Jone ]-oth under 65, Not in universe, Not in universe, Hoseoldur,,Y711._8>,,,, Not in universe under 1 year old,,, Not inU nivers@, United-Sates, n^teStatec,, N#ative- Bo rn in the United States,>2+}4, Nt in universe,*7,28,J,/],50000
, Privateo,,v=, Hih sczhool [grduate*," Not ,in universe",, Manufacturing-nondurable oods, Precision prduction crft  repair, .<e, l^ote,IMa_e, =Not in universe, Job leaver, Gn&m9ployed full-time,>>,2<=,, Single, $ot i( universe, UNot in nivterse, Sec\ndary ind]zv\dual, Nonrelative ofhouseholder,.1Q_6*.01,,,, Not in universe under 1 year old,,B-, Not in universe, 6Un_ted-SKate,United-States, nited-State,  ative- Bor= in the United JS?tates,$, NootLin $univCrse,k2,O,z,,-5000
o, P]riat ,,w, Some college but no degree,, Married2civiOiaPn spusepresent, Construction, Precision proZuction craft  r?epair, White, Al otnher, %h, Not i! universe, ot 0n universe, Full-time schedules,,z,0, JointZboth under 65, No7t in uni=ersv, Not in uiverse,Husihol<r,HoTusholderI,18O97.k,,,, Not in univerwsepunder 1 year old,,~, [Notin niverseO,u United-ttes, UnioedStates,J nived-States, Native- |B:rn in thp Ungted States,`Y, N{t in univese,9,5y,0,9-,5(0000+.
, Notin univurse,,"""",,p Nto in univers, Never mari, Not iAn universe or ch~ildre~n, Noti uiverse,Whi, 8eican-American, (emale., Not in universe, Notin uiersee, =ohildren or Ar\med Forces,,,"""", Nonfiwler, Not in universe, Not nunivrVse, ChiQld <18 never*marr not in subfamily, Chld~ under 18 n/evr married,1926.19, ionWmover, boXnnoeQ, NKnmover,%Yes, Not idn universe,R1n, Both parentsRpresCent," r,xiGco",T Unied-StteZs,cLUnited-States,H NaGtive- Born ixn theuUnited States,l0, N -n universe,0,6*,',,
9:, Not iNn sniv*er0se,0,O<,," Notn""in qnliverse",SNevCr married, Not in universe or hkldren,!Not indUuni|cerse,&Whie, All other,l FemaWe~," [Not inuniver""se"," ,ot7 i*n universe",,.,s,p, Nonfiler, Not in uGiverse, Not in univere, Chid <18 never marr not in sufamilyv, hild under 18 neer arriekd,2554.07, sonmover, Nonmove'r,OFonoveIr, Y.$e, Not in universe,j, Both paentsA;re&ent,,,,/F0oreign born - U Sc citizen by naturalization,Q3, Not in universe,0,K,,9m3,|-5)00GwK
^, Not in universe,W,;rX, ChxlRdrCen,NSt inVniv erse, re)erJmarriFed, Not in universe or children,,Wi9f, All othoe, Mae, Not Jn universe,, Children or Armed Forces,0,"@L)""",)M,, Not in universe, NtF inuniYerse, Child <18 never mar~r not in subfamil8y, Child under 18 neer married,83i!, N`mver, Nonmove}r, Non.o#er,, Not in ;nrvese,0,, United}States," ""ted-Stats", Unitedi-Stae-8, Native- Bor in the United tates,R, Not i-n universe,,x,0$,94,500>
,,,!, Chilren," Nt i3 univrse""", Neve;r warried, NNot i unfverse or childr6en, Not in univerOe,WhiTgW, All other, MlXx, Not in universe," Not in unverseN""",,y0,;u,, NonfileZr,, Not in uZiverse, Child <18 never maur not insubfamily, ChildXunder 18 never married,2*+0058,Nonmover, Oonmovwer, Nonmover,Bo3s, Not in univewrAe9,!H, Both parents resent, United-States,, United-States, Native- Born in thedUniteh St6t1s,)4Q, NotPin universe,,0,,$944,-50C*000
4V0, PrivajeV,,E1, High school grauate, Nt in universe, Marrired-civiliIawn spouse present,, CSales,, All( oter,<MaMe,, Not in universe, Unemployed part- time,15]B4,$'5,k25S, JoninNsboth under 65, No in uXni@vk%rse,gNotin unverse," HJose,ode",=Householder,t34.g27,,,, Not in univNrse under 1 year old,,, Not#inO uni{verse,, |nite-SJ;ayes,, Naative- Born in the United StaOtes,;UJ0,,,w}0,,9H, 5='00+.
@C,(PCivate,7|3~,1O, RHigh school graduatGe, Not in u#nverse, Divyorced,@ Retail trae, SWe,ZWhite, AlAl other, Cemale, NGo,,t Children orHArmed Forc;es,V,e_,,e S+le, No n`universe, Not in unive3sre, Nonfamiy 1householder, Houso9lder,1L6.9, Nonmove%, Monmover, n|mover, Yes, xNot wi( universe,,Not inXuniers , I@aly, ItalZ,  United-Sta`es, Nativem- Born in t9he Unxited States,yy, NoV iKn universe,,,F{F5, *94,]5D:0
m7, Not En univers,N,, Chdren7, Notin uTnveErse,gNevr m.arried, Nt in un^iverse or Qchilden, Not_ in3I universe,aY'hie, All other, Fem$le, Not < univ5e+se, Not` inHuniers, Childrn or Armed Forcks,,J0, 0, Nofil3efr, Notin unierse, Not i< universe, Child <18 never marr not in subfam ily, Child under 18 neerXmarried9,,, No#nmover, Nonmover, YJs, NotSi unv>erse,CB, Both parentsapresent, UJni1eLd-tates, n.ted-tate=s, Unitd-Sats,,, Not in univyre,,,0,,K-500:$
ha,,,?W,, Nout in univers)ez:, Mardried-civiian spouse pesent, Tranpirtation, Adm support ncuding clerical,Wke, NA, Female,N,r Nop in unvive8se, Full-time schedul'es,[,Q#0,, Joint both underM 65,Not in universe, 8ot in udverse, Spouse of householder, Spoue of househohder,_1558:31,,,, Not in%univers>e undr 1 year old,,;6z, Not in%universe, nitd-States, /ojnited-St'tes, UgnitedUSXtateP, Native- Born i the Untw S:ates,Ui, Not Tn universe,,52%,1Wn,7*9A,-5000a0
A[H),,x,, Some college but no degree, Not in univeYse, N?v2r !brrid, RIetai+t trde, Protectie services, GWhit*e, Al oqher, gM/le5, Not in universQ, Not in uni8verse, Chi.ldren or Armed Forces,F,,, SgRinge, NortheaSPt, North Carolina, Child 18+ never marr Not in a subfamily, Child 18or older,2w2.64, MA toMSA,Dif?fere:2n;t county same state, Di&erenot couzny same state,ZP UN(, poNo,+, N<ot n sniverse, ?Unitd-uS8$ates, Uni}ted-Stftes,5Rited-Sztaes, Native-Born in theUnited States,, } i unimerse,|, 0,?w0,9J,-50000
eY\,>ocal go-vernmnt,,x=, Bacelors d_egree(BA AB BS), Not in univrse, Married-civilian spouse present,Eduatiovn, Professional spcial8y, Yh#iHe, M(exican-Ame1rican,,qNot in uniere, NoX in univ}e^rse, Fullztime schules,{,P,Q0, Joint both under 65, Not inF8niver, Nt in(universe,Householdeh, HoseholOer,86.86,,,, Not in universe under 1 year oOld,,K4, Not in uni_verse, Un%te-Sastes, Unite-Styates, Unite]-States, Native- Born in- the United States,N1:, No> inuXiv0erse,"""",5_,},yu5G,-nQS00
"""", Prae,NG2,+C, High school grWduYae,Not in/ univesK, Married-civilian spoTuse present, WhoesalY 'ra&de,Sals,F Whte, AlGl9other, Male, Yes, Not in universe," Ftu,l-time %cedules",?,,100, Joint both under 65,,+Not in umi2vere, Ho;usehohl?]er,,q293.38,,,, Not in univers under 1 yer old,,<N,0NoS in un3iverse, United-Staes, United-States, U1ited-St+te," Naive-XBorn in t,he United States",0(IU, Not i univerv{,*,zOF_,0,L`,50000
Y_+, Not in u-nbvere<t,hA,k/^n0,, ot  ingunvese, Never marrNied, Not in univfYse orE children,,wWhite,0 All o4e, Fea<le,Not in univers, Not in universe,,,5,-^P, onfiler, HSouth,, Grandchild <18 never marr no` in subfami.lg,Other relgtive of ho5seholde&r,31Z24E,, Different state same division, Diferent st0ti {n South, Ndo, Y,,KNeither parent prsent, UniLed-StatNs, Unted?-S;tes, United-States, Native- Born in the United Stats,R0, Not in universe,>E,,F,4,0-500500
{, Loeal gverAment,!f,`sG, Bachelors degree(4BA AB BS), Not in universe,, EduclAation, urofessional specialty, Wbhite, Al^a+ otsher, Female, Nt in ;nive3rse, No$t in euniverse, PT for econ reasons usuZally PT,v,],0, Joint both undeCo65, Not in universe, Not in universe, Spouse of ouseholder, S]pous oO househlde,$8p6.s4,,,, Not in univerYse under 1 year old,,, 1No inq univers4e,, Unit;ed-States, Unite-OtaKsp,NaOtive- Borny in the United States,"""", NTt 9iNn univekse,6,5kK,,9D,-50t00
d7,,0'is,, 5 thn or 6th gr )5, t Vin un+ivrse, Married-civilian spose present, Not in universe o pil>rn, Not in universe,, A%l |otGhfr, Raqe,, Not inunivers, LChildren or Armed Forces,-,0,Lv, Joint both 65+,q Not n u{n}iverse,, HouDsehol2er , Hou2}eXoer,_$3#484.93,NoLmovc," ""nmover",y Nonm*e,K$ss, 5t in u;iveAse,%, Not Kin+univerWse, United-States,UniteF-State/s,! UnUted--tates, Native-fBorn inH Bthe United States,, Not in universe,@yk,^>,,%u,
\,4 qPrivate,h,\, High schhl grade,&Not inDuniverseD, Married-civiljanqspouse` present, FinXance insuraEceG]and real estat/,Admsuppot including clerca, W;)te, llohe, Female, mNo4t in niv{rse, NMt- in uPiverse, ChildrenN or Armed Forces,,<,, Joint both under 65,+Not.[in universe, Nt in-iver<e,,}Spouse of houseuoldr,2282.23,o Nonmer, Nozn^C.rover,I Nonmover, NYosc, Not in universe,Joc, Not in univrse, UniteK![-States, United-8>ates, United-States,,l09l3, Not in uivers1e,12,?Nt,n,DUY~,-V000Z
G, Iot in universe,0,, Childrn, Not in universe, Nv`e married,Z Not in universe or children, No 8n4universe,, All otIer, Femmale, Not in7 unerse, Not in uniWerse, Children or Armed Forces,l,.,/, NConler, kNt in umivyerseT, Rot in universe, Child <18 6ever marY not in subfamily,: Cild under 1e neer married,737z22s, onmoCver, \NoRmoe}, Nono6er, YYes , TvNot i universPe,9, Bsth prekns presIent,Unite-States, IUnited-Stats, United-States, Nat$ive-Born in heUnited Sates,|0, Not in universe,Y,(,Q,K24,\-50]00}
O24, Localgovernmet,43,$, Bachelors degre(BA ABBS), College oFr univeEsYity, Married-cvilian spouse present, Education,," ""Wite", l otVher,Malj}, Not 9n univxxrsAe, N0t in univmerse, hildUen or A$med Force<,,,p,JoiRnt b^th unMder 65, *st, West Virginia,, /HouszolRer,K1u05.96v,, Same co4nt', S:me coutyy, TNo,``o,, Not Ein univers6, nited-SUaes,Unit*dFStates,+Germany," Nativ,e- Born abroad of American Parent(s)",s, ot in Xunivrs[,:,z,,9%A,-e500020
E1m$,rivate,4O2D[r,/3, As9o*iates degree-occup /vo|cationtal, NotOiW2B uni-verse, Married-A F spouse present, Medical except hGspital,,?Wht,Al otRhe=r, Fmale, Not inwb uinvese,w YNt in universe, Full-tgmew schdu*s,"0*,",oh,0, Joint both und$r 65l, N2t inunierqe, Not in universSe, Spouse of householder, Spouse o\ householder,2i#.w,,,,  Not in unZverse under 1 year old,,U, Not in universe,I Unie-tates, United-States, United-~tats, Native- Boirn in the UitedStatejs\,5,#Nht in *Aniverse,C2,q&2,,5,
,,3U3,19, High school graduate, Not in universe,yMarEied-ciXilan spouge present, Retailtrade,,QWhiHt[t, Al8Ml *tcher, e1a>yne, Nt in 5ni|vere, No^ in u<niv8ersP, PT Wor non-econ reasons usuallyA FT,D,],"""", Joint both unier 65,+ Not in3uni='erse, Not i~ un1ver=se, /ou>0ho\Uer, Husholder,,,,, Not in unive<rse under 1 year od,,, NXot in unver'e,, United-SatesJ, Unted-States, Native- Bor inJ theUnited States,r, 'ot in universt,w(,M7,h0f,|h,-M0000
18, PrivtwE,,1.9Z, 11th grade, Highshool *, Never m{rd, etalX trade, Sleso, Wmh<ite7, cAl@ other,<Male, Not in universe, Notin un\verse, Qull-tmte scheduces,s%pK,F,0,"Nontfilr""", Not in universe, rNot in universe, Chiqd 18+ n5eve=r mar Not in a subfamiply, Child 18vor oler,716.l96,,,, Not in univmerse under 1 yeaJ old,,, Not in uniRerse, United-TStates,gUnited-States, Uted-tatos,  ative&- orn in thukUnited States,:n, kYot in universe,,v,,:H5,
,BPrc)ate,q,18[," Some collg,e but no| degree", Not in universe, Divorced, Hos^ital services, Technicians and related support, 4hitDe, All other, FLemal, Notin univer>Nse, Not inUunViv*rse,,,xR:,0+,, NAt in un1iverse, No Fin unive`s8, Nonfamily householeder, Householer,275|.53, QNoRm`Xer, Nonpoer(s, Noovj?r, es, Not in universe,4@1, No i Fiverse, .UnieD-tatis, Un6ced-States, UniteW-St!ates,,/y,,(6,fS2\,;,4l,L500
39,IriZate,S19C,, High sshoo graduat, Not in unverse, Never marr{iex, ManufacQuring-noduable goos, Transportation and mate(rial moving," Blck""",tAll other,xmMm}, Yez8,7 Not4 in unKwv;rse, Full-time schedules,,zp,,S~ingle," No :an pun""verse",, Nonfamily householder, Househ>oldqr,l30.2sH,,,, Not in universe under 1 yar old,,<4, Not in unve~s, Unied:{taes,! UniedHi-Sta;es, Uited-[Sat,,:, Not in universe,,ptu,9na,Z9<q,-20000T
21w,ZFederal governmen,#5i,r, SomeTcollege butno degree,""" rCollege oruniversiy", Neverm'Psrried, Manufacuring-dafurable goods,Adm Usupportincludng clerical,c B-lac6k,TAl othe9r, WFe@!al,3,,,r-,k.gt,~, Nonfi&Zler, Not in uni~verse,Nko}  universe, HousehNlder, HousehlSr,1674.43,,,, Not in /niverse unde 1 year old,,=6, Not in universe,itd-States, United-Statpes,,# Native- Born Sin the United States,}, Not in universe,,2Wz,60``,9{3,-500Z00
&7, Not in 'niver'se,&nw,, BachelCorZ degreFe(B AB 4S), Not in universe, Married-civilian spouse present, Not in universe oR children, Not in u ivjrse,WNhtre,>AlJl other, F@eMmale, Not in univere, Noti &universe,Notl in Habor fre,0,x?,0\, Joint ob}oth under {65, Not Cn unzverse, Kot )n univ>ere,, Spouse of h6ouseholder,1v96^15k,,,, Not in unierse uneer 1 y'a* old,, ,Not inouniverse,, Unitwd-Sat=s, United-St^tes, NtDve- Born in the Unitd States,, No[ in unive`rse,Bp#,,),<5,%-5000
, Nokin fnivehse,VS,, +hiqdr%n, Not in univ9Ss@ , evLer-maUried, Not in universAe or children, Not in unevdemrseH, Wtotr, ll&oherI, hmLlXe`, Not in universe, Not i universe," Children or Armed Forc""es",C>,0,w,~ Non'ilr, 'Not in univer6cse,=Ntin unXvese, Child <18 never marr not in subfamily, Child unSder 1/8 never *married,37d4(6,, N_ot in universe,," NNot in universe u,der 1 year old",,0, Both parents5pr6eset, U8ifLed-StatWs, India," Un_ted-,Stiats", Native- Born in the United Staes,0, Not in Runiverse,(0,E,,aO4,-P000
, NCot in Gunivrse,"""K",0,Childrn, Not n univeesK,| NeveN married, No in Hiverse or children, Notxin un4iersej, Blac, Allot.he-;r, MalG, Not in universe, Not in universe,  Chvldren orM Armed Fo9ces,AK,^m,, oner, Not in universe,- Not in univese,I Chid <18 never marruno<t in subfamily, Childp uYnder 1R8 neve maried,1m71.83,,,,,,o,lBot Tarents resent,, United_States, United-StatesN, Nwtive- Born in the United States,(V, No iZ uneiverseS, ,,0R,,-0o00o
"""N0#", r>vae,P,, Sme college but no Ipgrez, Colle8e or uBniversity,",lNevr arrid", Finnce ixgsuranceand real estae, Adm suppnrt incuding erical,uWhite, All oher," Fem_ae""H", Not in univergh,!L Iot in univeDrse, Children or Armed Forces,0,0,, Sidgle,  WestH,#Ca@*i(forni, In group quarters, Group Quarters- Secondary individual,35~.p5, MSA oo MSA,, Same cou/tD, No,"""s",6, Not in universe,,,, Foreign born- TU S citizen by natu=raization,2, Niot#in univer,,( ,(w+,#G,-50000
,,0?G,G1u, Children, Qot ib =niverse, Never marrievd, No% in niverse or chilren, Not i0 uwiverse, .WhitM, All The(, Femalei, Notuinn uneWse, Not in universe, Childre0n or Armed Forces,,B~D,0, onfilr,, Not in universe, Child <18 never War*r not in subfamily, Child nde! 18 nevrr marred,163`r3.8;, NonmoAve,,, Yes,,>, Both parents prese|t,,OUnited-Stats," U""ted-<tes", Nativ- Born in 6the 'ited States,e, Not in+u%vers,V,;l,p,qt,-.000
,Not in unI`veirse,R,Q,r 2hidrn, Noti+h universe,Ne9r ma'rieOd, NToot in universeorE children, Not in unverse, Wphi, PuertY Rican, Maze, Not in 3niverse, Not in) universe, Chi)ren orArmed Forces,,kV0j,, Nnfile,RNoW in universe, Not in universe, Child <18 never marr not in subfamily, Child under 18 never arrie,895.83,,,, Not ik iverse upnde8 1 year old,,,iMother onl#prespent, UitedBSates1, United-States, Unted-State#, Nativ?e- Born in the Unied States,U, -ow in uiverse,~,,0,rQ,%^000
r, Not in unive!se,0,, Chi-ld=\en,wDot in unive7rse, Nevr married,, No n un<ivers, Whie, Ill otMh_r, hale, Not in uonivers, Not @in$ uniers)+, Chi)ldren or Azmed Forces,0,dI0,, Nonftler, N>t wn unierse," Not in univ""rse", Child <18 nevr marr no! i su\famiy,khild undeu 18 nevermarried,2A725, Nonmover,n Xo}\nmoveH, Nonmover, ~e?, Not nvuniverse,2i, Both parHnts presn2, Unit*ed-Sttes5, Un5tefd-States,j United6X-St/tes, Nati@e- Born in the Uited5 Sates,, Not in ufniverse,,k,t,:,-5aP0y0
, Priv{t,X,kq4, Less than 1st grade, Not in uiverse,, Manufa'turin-durale goods,J] Farmling forestry and fishig,$NWhite, Mexican (Mxican&), aMaV,X0_o, Not in universe, .ChildrEen or Armed Forces,41310,P,0, Joint both 8]nir 6K,4bxeoad, Abroad, Other Rel 18+ ever marr RP of subfamily, Other relative ofhouseholder,1R020.0rr,, br`^, Abro>Ve, }o, od,e,"""Not in uivFerse", |exi^co,8AxjicT, Mexico, Foreign born- Not a citizen ofUM ,$, Nt in nivTerse,{K,{{,]#,,
7l, Not in unive>se,,, Childre`n, Not in# 2nivergel, NevermaLried, Not in universW or children, Not in univeGse, WCt, Nexic@n (MexgicenoW,33Male,, Not inunZveMs, Children o r rmd F.oorces,,c,0, NoBnsfie, NoEt in universe,GNot iFbunivers, Child <18 never marr noyt in subfamily, Child under 18 never arried,2089..55,,,, Not in universe under 1 year odJ,,, Both parents present,Mexin, Mp6xo,, Fore_g- 'orn- Not a citizen ~of U  ,0, Notnen 5kiverse,0,e4,~,,-5y0V000
c,+Privape,!?',p7.H, Some college bult no degree, ot in universe," Di,orced", Manufacturing-durable gods, eachine operators asLmblrs & inspctrs, KTvWMhie, gllohr,`n^ale, ;o, Not in univerlse, Chid~ren o$ Armd FoHces,,-#2,,SiqnNxl, Nqoq i6 universe, Notin univCerse, Nnfamly ho8sehoder,House5hn2lderr,1|2.53 , Nonmxvr, N7nmover,NRnmo+veDr,  Yes, ot in univeSrse,F%, Not in universe, Unitd-States, }niedg-States, &pitd-St^tes, Native- Born ein the United Staaes,0, Nt in nivR{rse,&Im,~2,10F32,F!<,-K5\s00
19, Not inunverse,9oz6,MR, High school graduate, College or unier%ity,, Not in universe or children,|ot n uniVerse,- WTmite?,tAlG othelr, Feal$-,[ot in universe, Notin uniY4e,]Notz in labor force,0,?,2P,%N*onileIp, Not Wn%-uni[rse, Not ian nLverse,Y Child 18+ never marr Nt in Da subfa ly, CIiPld 18 oJ older,N+S2.81,,,, Not in rniverSe undTer 1 year old,,0, N{ot in universe, UitUd-StaVte7s, U6ited-States, UndGed-StFatesZ, Nat)ve- orn in tO United Staes,@,,k2,0,0,95,-50000
r~, N7o inunierse,EE,v0, 9thy grad=T, High schol, Nver married, Not inKuniversew1or children, Not Vin unierse, Wh<ite, Mexican-American, Male, Not in uni{erRse, Not in unierseu, Not{i labor forPce,P0J,,), nNhpfqler, Not in uni?verYe,Not n universe, Child <18never marr nbt pin suOfamily, Chi/d under 18 never m0ariQd,,,,,,,;,, x2citd-Sttes, Uwi4tezd-St*ates,[ Uni=ted-Statrs, Native- Bdon in thte UnijtedRStates,, t in universe,,@Q~,vB0$,,-570(00
8U, No~t in univer*e,D,r,, XNoin univere,eve+a married,' Not in univerXse or childsenA," R@ot i,n universe", ^[t,Apll coher, Fema5, NoPtin uncverse, Not in unierMse, Chilr:n or Armed Forces,Y,01,,Non+i9lez, Not in ungierse, Not in unive6rse, Child <18 nebver marr not fin subCamily, hild unde 18never married,"92.,",,,, Not in universe unde6r 1u y)ar od,,@," Bot pTarens, prsent",* Ubnited-StatWes, United'SNtes,, Native- Born inthe United States,"""",Not n unaivers!e,&28,M,C,9/h,nm500
I, Self-employed-incorporated,9N3=,1H2, Bachtlors degree(BA AB BS), NotWin univeorsbe,,,p Professiotnal specilty,7 WGiZ0te,, }MPlRL,, Not in unierge, Fukl-time sched[l?es,&,,zu, Joint b\oth underX j65, Not in universe,Not in universe, Househldeb, ouseholder,1105.65,,,, Neot k9inuniverse under1 year old,,R,, UnitwVed-States, United-States, Units^dStates, Native- Born in the United States,7W,No i unierse,;_,#<+,,f)t,
5}, No iuni)erse,eI,, Child0en, Not in universe, Never married, No]t in univerWs\e or children, Not in universe, White, Mexican-AmGrica,e}mSalpe,Not infuiverse, Not in unmiverse, Children kor rmed 1Forces,6,,, Nonfiler,GNot in niverVse, Not in universe,, Child under 1D8 n$ever married=,M3.v8',,,,{ Not in universe under X ye5ar old,,Wr, Mother only present,?qiM;exico, WUnited:?t(te,, Native- hBo$rn in the Unit]dStates,_, Not in univerAe,,,,9,-5000
HN, sNot in !niezse,+,m0, 7tand 8th grade,/NXCt in8 universe, izrced, Not in univeCse o[ children, Not in universe, WN^xine,,mFemae, Not in unEivers, No3 in unFivrse, Cildren or Armed F]orc$es,_,,0, Nonnifer, No in 1niv5GYse,, Nnfamily hoseholder," Househoy""ld~r",42.l6,No3Pm.over,,, oes, Noin unierse,P, Not in universe, United-Se5,, United-Statet, 'ative- Born in the UniteB States,, Not in universe,B?)5,k<,,V,&-Ib00
;9, Not iP universB,wz\,"""", 5th or 6th grade, Nbyt ifn unie;rse, Wido4wed, Not ^n universe oUc)hildrn,* NotN in universe,, Al)l other,vMale, Not in univers, No{ i universe, Not in labor forc&,6np,0,c7m, Nonfiler, Notin uiverse, Noat inzn&verse, Nonfamily househoVlder, Householder,26s6K_09,,,, qNotOyn universe under 1 year old,,$0, Not@ i uni:ese, Un-itdqState>, Unite5d-St4tes,  nited-States, Native- Born in the United States,F, No i uiorse,2,,,h5c,+-50L0z
aKP, Nt6n universe,B,0," Associ""ates degreemacademic pr3o<ram", Nosan unive+se, Mayied-civiiln spouse presFnt, NotW in universe or children, Not in ivere, W>h_ite, Al }Uother, rgal8, ot in univ)ersu,1 No>t inn4iverse, No in laborfo-ce,%,,{, 8oin bouh Fder 65, Not in universe, Nht in uniKerse, Householwder, HoYupeholder,2D16J.31,,,, Not in universe under 1qyear old,,]FJ, Not in universe, K-United-Statets, United-States,nite-Staes, NaVtive- #Born in the United States,]E,,\,0],,,-0V00e
@," Self-e/ploy""dnt incor`porated",@,M2, Masters deg7ree(MA MS MEng MEd MSW MA), Nowt inuniver, Married=civilian spouse present, Othr proRfessional services, Profesi`onal specialty,") WhwiC,",, Maleg, No iIn universe, Not i/ universe, C3ll-time sched[le,,!,0, Joint both under 65, ot inCuniversZe*, Not hin univer|Use, Hos6eholder, HoJsehoodr,89.71,,,, Not in univrse under 1fyear old,,1, Not in universe, United-States, `4United-States, United-S4Vats, Native-:Born En the United States,"|""'", NotEin universe,,5E,)T,?Q,B5080A+.
*, Notin}un[!iverse,,, Sme college but no deg%re, Not in u6iverse, Ma.rried-civilian spous present, Not in universe or childrn, Not in Muniovese," W.i""te", All ote,Aeimle,", Nt inj _universe", NoUtLin nvRrse, Children or Armed Forces,v,-}0}@,Z5E0, Joint bth unde 65, Westj, lifoXnMC, poseof househyldOr,,1813.3A9Q, eO\A to MSA, Different region, Different state in West, oR,{nYes,K, Not inyuniverse, Untedw-SHates, United-State, United-StJts, Native-Born in the United Sates,*0j, .Not n6uni)ers,Y;,Z,~,44,-50000
24, PrivRate,3V,31, 12th grade no diploma,," rMarried-civilian espous,e presen", Personal services except prWvate HH,, her, Cnntral r SEouBt%h American, e[al|," N$ot in un,Vesq", Not in unZverse, ildren| or Armey Forces,lN,0,$, J[int both under 65, Not in u'i>ZversS, Not in unierse,L Spyuse of householder,,136.>3, NoXmosver,Nomover, Nonmcober], Re,Not ig univvrse,2, Not in universe, El-Salvador, El-xalvador, El-Salvador, Foreign born- Not a citizen ofr U S ,K, Not!ianuniverse,,,L\,4,}o0s000
, PrLivate,;~!,, SoEme college but no delgree,, NvJ marrie, dVetail tra8Nde, S%es0," ""~he""", Al oher,D Feade, fot in univere, Notf in uivMrse, Fnul-timFe schedules,^,z,H, Single, Not in universe, ot in u niverse, Child 18+ never marrlNo in a -ubfamly, ChildO18 or older,{53S37q,,,, Not in7 universe under 1 ear old,,4m, Not 04 universe, United-States, UnitedStat/es, UniteV-Stat*s,,3dO," Not in, universe",^,9v6,,q,-50A0ZH00
{, Not[ in uiver>:,y!Z,g,. 9tFh g+adey, N-ot in un7iOerse, dowed, Not in universe or %hildren,y N1tin uivers,{Whit9e,,!Fe>male, NQt iV universe, NhtI 2n unilere, Children or Armed Forces,,[eh,-,,utWh, Maine, Nonfamily householder, HouseholZer,t272$4v=6, N'MSA to nonSA, DifG<ferent county same state, Differe` county sam3 stat, No, `esQ,0, Not in xniverse, United-States, 5nited-State&, Unitd2tates,,0~, Not inq ]universK^e,2CK,*V,{,910,"-""5000U"
B=32, %PrivTate,W,42,Bachelors dmgree(BA}AB BS), Not in universe, MarYied-ciilian ouse present, Busines+ and repair services, Handlers equip |cleaners etc ,05WhBte, Al3her, =8Kem'le, Not in universe,, Full-time Qschedules,z,j0,n4, Jonbt Dothhunder .5, Not i %uqiver0e,Not in universe, Spouse oLf ho^useholder,,2253.87,,,, Not@ i7n universeunder1 year old,,, Not ina unverse, kPolarnd,1 Pdl(ad,] o5ad, Foreign born- Not a citizen of U S ,0hfk,,72,"+P,>",,p,-50000
"6T""",g Locav government, J,12E, Masters degree(MA MS MEng MEd MSW MBA), Not iK uniGerse, Widowed, EduXtioi, Professionalfspeciacty, Wht5e,, 1Fmal, Not inuniverse, Otbr or lose, cUnemployed full-tim5,0],,0, S5ingle, No JnunivUre,, HouseoldDe:r, Hous+holder,5005`T,,,, Notin universe funder 1 yea old,,u,,hUnieA-Sates, Unitedf-St]ates, Uni~ted-St;s, Natve- Born in the United/States,,NoM in unverse,y,,,,3.F0000
^5, Priv Ilt&,11,3%6e=, HiWgh chool+gaduWate,"Not ,inNuniver}se", Married-cikilian spouse present,, Machine operators assmblrs & inspct5s,.Bdauk, AFl; the," =leY,", Not in Ynierse, Not in universe, Chidrn or Armd F9rIces,_,u,@, Joint both Eunder , Not n univrsC,#Not in wnKverse*,&Houselder, House-5ol(er,223&.9,%xNon6mo1vDr,8NomoBver, nfmIvFer, h_eus|, Notin unNvers+,, Not in univeroose, UniQe-States, UnGited-S^ates, United-StaRes, Nativ- Born in the United States,0vo, Nt i universe,,Q,C,X2t,B-5000
3`4, Private,B,2l, Bachl`ors degree(TA AB B), Nost in un-iv{rs, Ngever mar4ied, ReVtail trTadU, zAdm upporrtincluding clerical, i^itf, Ail other,o9nMal!i,DNt ihunverse,Not _n nFverse, Chilqren or Armed; Foces,,,, S4i?CgleG, Not in universe, Not Vin uivers, Child 18+ Never marr$ Not in 7 subfamily,,1@040.7,,N5nmyover, Nonmytov=, Yes\,7Not i universke,T,, UntLdStaus, United-States, Un^itedState, Natiove- Born in he Unit:d States,9, No in un^ivase,2,5U,,I:,j50z00L
,NotPn universe,!G|,L, Children, No$ in universe,, Not in univehrse or cildren, NJt i niv2ere, (l[ack, Il;otjr,bmal#, Not i*n universe, Not in+ univer)e, ChilAdren or Armed Forces,0,_i,+$,Nonfiler, Not in un!iverse, CNot in uUniverse, Child <18 never marr not in subfamily, Chifld under 18never#married,2$01.2`4, Nonmoaer, Nonmover,, Ye7s,:Not in universe,jM, Both paents present,HUnited-States,, Unitud>-Sttes, Native- Born in the United XSttes,, Not in universe,,cy)u,y_,94,-5000
7_/+, Nkt i9n nivese,,<16V, 5th or 6~th grade, Not /in wKivese, Marrie$-civilian spouse present, Not i{2universe or _hildren, xot in unie#e,sCWhi5e, Ag+ oth=r, /aDlM, Not in UunivGerse, St in universp, Children r Armed Forces,-Y,0,a', Nocil5r, Not in universe, qot in_J universl, HoNdsehopGerw, ouseholder,W42.37,, NHnmovr, boln`ov-, Ys, Noc in unZi^verse,V, Not in unverse, United-States, United-StOates, UVnted-States, Nati4e- /orn in the Unit)dzStates,\,FNot un uiverse,,~,T 0A,99r,50X000
], NoT Rn ui-vers,8w,,%_hxldn, No9 n unirvee, RTNever mrYied, Not in univers^e or children, xNot in universe,Wh-itRe, OtherSpanish, Yemale, Not n universe, NMotinuniverse, Children or Armed Forces,so,`,B, Nopnfiler, Not in nSese,Not in0 u_iversM, Child <18 never rr ngot in subdamily, Child |under 18 nevger married,46u6.15,,,, Not2in universe un}der 1 year old,,0{," Bot par""nts present",, UMnitZd(StB ates, Unted-States, Ntve- Born n tuhe United Sttes,Duyb, Not  in universe,,,,](z,-@00A0
5%, Privates,2cW,,GP!ro school degree (MD DDS DVM LLB JD), Not i= uni.ver(se, aUrried-civilian spouse present, Medical excepthospital, Profe-ssiaonadl spec%alty,` Whit|e,AlPl/oter,*BMyae,"R N""", NoV in universe, C5hildren or Armed Oorces,,(,, Joit bth.uender 65,kNotin univeJs%e, NoDtdin nivers, .oue(holer, HouseBholdmr,1875.01, Nonmqove,:u Nonmo&%er, Non?o?r, Ses, Not in: u/iver9s%,O, Not ObuiveSse, Scotland, United-Sttes, Uniytd-Stat8s, Native- Born n th  4United States,1v, Not in universe,,,0,Y,- 0000+.
OF53x, Private,43,, Masters degree(M MS MEng MEd M/W MBA)," No]in u@nier,se", Mairie\d-civilian spouse prIesent, bdu catso$, ExecutivRe admin andTmanageril,, 'All other,O ;Male, Notoqin univerXsj[, NoHt n universe, Flnl-t|me scQedules ,`,H|,nG,, N&Qotn universe,, Househozlder, HoC)holder,005n9,,,,,,, Not in universe, Unit=Statea, United-Stetes, Un0e?0d-Sta<es, Nti-ve- 'Born in the Unitgd States,G, ot in uoive\se,,[,0j,, 50900+.
d47, Private,3?9,2!, High school graduate, Not 4n niverse, Mariedcivilian spouse present, Personatl services except private PH, PthEr s]rvce, Whitae, Al ot6her, FOema\le,kHo, Not ih uuniverse, Children orPArm$d Forces,M,c,|R, Joint ~bot unde 65, Not in universe,ot C univeroe, Spouse of householder, Spouse of householderk,"62,5.7",Nonmove,>ho?nXove,Nonb^overq,"UY""s", Not  universe,, Not in wnierse, Unitedv0Sptates, nite-States., United-States, Native- Born in the7United States,AM, Not in unqivrs8e,@,Mi,42W},94,0
nw, Not inWZ unirsY,00},0,> Children,Noti uive|se, Nevtr marrie,, Nt in FiversNe, White, Zlc o'he,@Fma0le, N!t Tn(uni~verse, Not in PunNiv#rse, Children or Armed Forces,",",k,[, N2onf]iM~e, N-t in universe, Not\in usverse, Grardch(ild <18 neve marr ch.ild of subfamily RP, Other relative of hhocuseholder,"7"".", NY_onMer,, N& !over, Yes, Not in universe,+9, Moher only presOnt, United-States, United-XStavY5Fs,& Upit>e-Statms, Natve- Born in the United StatRs,-, ot n univerdsev,,e1,,9I,-50000
ap, Not in +niverse,j,, Some c0llege but no degree, Not iR un5iverse,mWGdwed, Not in uiverse or children, Not in universAe,7Wht,` Aul ot/Wher, F<e3mal, No in universse, Not in u_niverse, Children or Armed For:es,,r<,, Singlj!e%, Not gn univere, No in unk&ivers, NonTfamily huseholde1r, ouseholder,690., Non|movtr, onmver, o.Tover, F3e,&Not in uc`iveZse,Z, Ntyi- niverse," Ui),ed-Sttes", United-StHaCes, nitedRStte;s, Native- Born in the United States,M,~Not in 9Tnivergse,g,0#,,,-500c0
, Not i[n<unvrse,*,, xhildren,," N""er mrre", Not in u:verse or chpildren, NotFin univCrse, Whit&, All othe@r,Male,"fPNo,t Qn uiverse", Nt n uiverse," Children""o,r A@rmed Forcs",p,IX,*0,HNronf?4r, fNot in unive3se, Not6.n Cunivrse,,,03.v9q,\Nomover,,N6N.onmover, =, Not+ Vi% universe,r, B&thparents present,,,, Foreign born- Not a citizen of U S ,(,c Not in Mniverse,Vxu,,eoi,9Z4,-5O00v0h0
?IL1M, NWot in univprse,,, Hi(gh scfhooc graduate, No5t io uni`rerse,, Not in universe o children, Notsin uZnivrse,W_itw, ;A+mllfot2her, FB]e;al, Not in universe,;^Not in univerQe," Children or Arm,d Forces",,,, ]oinb both 0unr 65, Jo+in universe,, Spouse of house=older, pjuse of 0househoder,1758D2,ZNondov%er, Nfnmover, Non-[overd*,GM*es, Not in univers,w, No inn?verse, United9taeso, ?oted-State, ni@ed-Btatws,,Q, Noc in univers3e,Q,I?0,,W4,-500
x,:_ivaK?,,DT1, 7th andZ8th grad, Not in universe, 5ever married, Tansortateyon, Handlers equip claners etc , Whit, A+vS other, Male, Notin universe,, UnempSloyedfull-time,0),,Y$Z, Single, No ic un7verseF,, NonfaQily hkuseholder, Houseoholer,107|9.74,,,, Not in univer&e un'erM 1 year ~ld_,,3, N-ot n un{vrse, Uunitd-SOatehs,< MUnited-States, United-Stayes, Native- B&rnin the United States,&#}, Not pin universem,,Qw,0,95_,-5000
, Cot n uUnivaerse,=,,, `zin universe, Neerimarried,{Not in universe or children,~tNot i $unHverse,0 hie," AYl o""^Xr", Fesa/e, Not in universe, Nti uverse, Children or Zred Forcts,5,0,0.rI, N!ofiler, NWt <inDunivwerse, Nt 1n usivHerse, Ch+Lild <18 never marr nHtAn subfamily, Chil:d uAder 18 neavSer married,134.iR,,,, NZot in universe;under 1 yeavr olC0,,T,,, United-STates, Uni(ted-Statwes,,u," Not i,n uni trse",},0,u0,"""",50090
,,"a""29",9*, Some Eollege but no dfeg;ee, Not i uanivese,Married-civilian spouse present, Transportation, Handders eqip c\leaners etEc , ther_,,"Qa,yal", N?ot in univer, Not in ~universe, Children or Armed Forc_es,JN],T,$F, OJoint bothuunder 65T, Notcin uni.ve.se,, H?ous_eh}lder, Hobus2eholtder,101455, Nymver,, Nonmher,LYec, Not *n univere,, Not Fn universe,,,, Native- Born aboad of merican Parent(s),@<, Not in univese,,r,01,=d,-)5000
fk, Not in universe,O;L,, High$school gradute,, NDvo=rced, Not in univrse orUhildren, Nt in universe', Whit, All o@`heyi,,CNot in uniCersX, Not inuniverse,Y Not in labor fooce,,,m,, N)t in unvCers4, Noft ion uiv`erseK, )Other Rel 18+ eve~r marr= not in subfymily, Other relative of husehozder,1-o48.9=,,,, Not in universe under 1 year old,,, Not in u@iverse, Unitefd-Slta@esY,HsnitedStates, *ni!ted-States, Native- Bor|n in the United kStates,2q, Yes,.,,y0,,-50U0a
, Not in nierse,+,0, Hig school graduatX,}( wo't in universe,, N(ot wn univxrse or chWldren, Not inunAiverse,`hite, gAll otkher,"eJemaO""s", Not in nivWerke, Nogt in un$i/|se, Not in laborUf0orRce,k,T,e, Joint both 6'5+, No? i~ unidvewrse, Not in uniefse," ""Spous{e of7 Gh7useholder", SpouseR/f Khousholder,1788.4,,,, Not in universe under  year old,,W,,Ita{<y,<ar, UntUd-S0thtes, aative-Born in the United States,], Not in universe,7N,,#,>,-50000
*, Not in universTEe,/,X., CIfildr$`n,,, Not nn universe or children,+ Not *in universe, Asad or acific Islander, All o.b3, FemMa,, Not in univers<, Children or Armed Forces,.\0,[,0-,N Nonfiler, Not!_d]n universe, No[ in universe, Child <18 never marr not in ubfamily," Child under, 18 nyever married",c11bJ4, gNmovr, Nonmo`ver," Nonmov,er", Y:s,S NotiKuniverse,S, BoDh hparnts presen, United-States,[IVnd(i,8 UnitedStates, Nhti?e- gBorn in the United States,, kNot in 2nierse,s,0,0>,`,-5q)F0x0
+, Pri4!vat^e,$3+},B], 12th grade no -iploa5,, Nev'r mrriDd, RetVil trae, Oer serviaej, tQhte, AMll othQF, FaBe, Notin%universe, No* inunLvrse," Children or Arm,edFoce&",6G0,Q21,K,, #oFin universse, Nt in univese, Child <18 never s.rr no in subfamly, Child under 18nevher married,98B.89, Nonm$ove,x onIovexa, Ngnm?ove:,4`e}s, Not in universe,E, BothB parents prxesent, United-St%ates,ZUniteodxStaes,Unite>d-State, Nativhed Born in the United tates,<w0/8, Not |in universe,S2B],,g,4,
G~, Notin universe,,, Fsociates degree-academic program, Not in univerdey, MariGedb-civilian spouse presnt, Not iQn universe PVr children, Not i>n univertse," W,te"," u+ll o,ther", FeHa, NtyFin universe, ot in nivese, Not in yabor force,0w,K;,"a,",, *ot in universe,, poue of householder, Spouse of householder,1f01.o7,,,, Not in universe un&er 1 year old,,=, Not in unierse,,,, Forei}n born- U S litiGen by naturalization,!, Not in universe,=A,&0,gu,,-50000
3%>, 7ot+ inv uW6iverse,:,y'{6, High school graduate, NM in univese,= MarSied-c*Uvilian spouse presend," Not in univers"" o children",Non W universe, hie,4All ther,* aqlje, Not in universe, Not in Dniverse, Ihildren or rrmed Forces,0=,,0,, Lot inuniveUrse, Not in universe, Spouse of 9ous-eholdcer,TS5ouse of  ouseholder,?1J0594.3.?, Nonmover,P NnmorV, N!o`Iovmer,mi, eNo 2n unkverse,, Not HFVuniverse, )taly, Italy,AUnited-States," Native-,Born iQ te United States",p, Nt in universe,,,0,4,-50000
^9, StateI ovqvnment,F,, Masters degree(MA MS MEng MEd MSW MBA), Nout in univesG, Married-ivilian spous#v present, ublic administraAion, Executive Iadmin#and maSnagerial, WAie, All other, Mle,Not in4 universe, Aot inunivesx!, Children or ArmTe Foes,:,,G, Joynt both under 655,>Not in nierse+, No >in niverse, 6HG*usehold!r,,,, No|bmoer,]NonIRer, e', Not @n universe,q,, Un(te!-Sttes,,Onted-Sates, Naive- Born in the =UnitZ States,E, Not 6nunivrse,&,2*,.,u9,-5000
z0, No in universe,tU0M,X0,," NNoti'""universe", Neverma\}id, Not in universey orvchil=ren, Not in universBe,;}3h$te, AllK o->her,,, NGot in 3ivebrse,bChildrenor Armed FKorc5es,0,08,0{, NXnfimler, Not ntuXiverse, Not in univhfe, Child <18 never marr not in subfamiy," Chl""d uder 18 never mar[ied",1582.37,,,, Not in universe under 1 >yea\ olid,,, Both parents pTesent, UnEiteqde-LStates,United-St@teM, nitedSttts, Native- Born in the United States,0," No in nivers,e",,L,0,C,!B000
C2, Not in usniverse,\@0,i,* C!ildr.n, Not in unive`rse, Never arrl~ied, Not in universe or children, Not in universe, W~Ite, Al5 other,": ,e=le", Not in universe, Not univeIrse, Childr?n or Armed Forces,c,=,,Nofjler, Not inuniverse, No+t in univRrse, Child <1p8 neEer marr not in subfamiy, Chil$ under 18 never m)$arried,"1070.""3",,,,,,0, Both Parents presentx<,# United-Statel,D UniI;d-States,.Untd-S=States, Native- d(o(rn in te UnFited States,dT], Not in univers,+W,>,,) ,-50000
?9,g Not in universe,@(,GG, Some ollege bun no de=ree,Not Hn univerYe, Married-civ5ilian spose present, Not in unrverse Ior hildren, Nt in univhee, White, All aoh$r, Mle, Not in uni*erse, Not in univers, Children oAr Arme) Foes,|0,Eb,14$?,Joint both under 65, NLt i universe, -No idn universe,Hoseholde,eHousceJholr,"1013,315",b6No;nover, Nonmover, Nbo+mover, mYe, Not inunvere,, Nl~ in unbiverse, UniPte|-Sta6te,, U8ni=teBd-States, Nati[ve- Born in the United States,Rk6X,k Not in universe,m,,d,,-850000
{, PTi1va9~,M,, SYo@e college but no degrVe, =t =in IuniverseR,+DivoPqed, Peson al servces except private* H, OthOr1service,R Whie, AJl other, Fe}ao, Not ie unive\se, Not in RuniveLrste, FuBl-tHme schedule,,,ag,,, N;t i(: universe, Householder, HouQehole%,353e56.q,,,, Not inuniverse under 1Dyeaf old,,, Not in universe, UniXted-Stas, aUnited-States,} United#Statks, Native- Born in the United States,q(, Not in uHiverse,,I1iw,,40P5,V-=00
W, Pri$vaKtbe,15S,C, Hih school graduate, Not in universe, Divodrd, Mafacturig-durablegoods, pPechnicians aJd related support,Whtb+e, All other, Mea>l', Not in un@verse, Not in uni^verse, Childrenor Armed Forces,*jp0,0,sm, Sings, Not in unLverse, ot in -njvrjse,NJnfaeiyhouseholder, ouseh:ldej,C1#61.19, Z+nmover, NoenJmoiver, Nonmover, PYs, Not in unverse,v, No?t i'nuniverse,Unit~d-StatTes, UntedX-Pta&ts, United-States, NaMtive- Bo_n in the United Stat?es,0," No~ in ung'Xrse,",G,5t,,7,-/S
;, Not in un|ves[e,w,Y,C !Childen,,"<, N5ver married", Not in unverse or children, Not in unive:se, O;Sher=B, All o=ter,Mala, Noet in u9nivre, Not inuni)erse, Children or Armed Forces,8>,yX0,QNa, NoYfil4r, ot ib unrse,, Sec(nary individual, Nonrlative of hou!seholder,2n58.O, Not in Sniv@erse, Not in7universe, Not iQ u`ivers,, Not inuni@)ver@,h, N)ot in ^univers, United-State, Uited-States, United-Ste," Native- Born i,n the United StaLteEs",%0, Not in universe,2,0,,,
g0m,] Not |n universme,0,W, Some college but no degree, Collegeor university, NeveQ married, Kot in universe or child9renM, cN:t in univterse,Wit,""" 6AlM oher", Male, Nut in uKniver;se, o in u iverse, Childrn or Armed \Fborces,,i0/,F0, S)Fngle, Not iwn universe, Not i}auniverse, ChilQ 18+ nver marr No6tP in a subfamily, Chigd 18 or^ zlder,4318.34, Nonmover,Njonmve,/ 'No]Amover,YY1y, Not in uriverse,, NC( iD universe, UnitedStates~, United-ie, Unite*d-States, Natizve- Born i the+ United t0tes,?,;NotNiy u8iverse,q,D,Mn,9,-500
"""2V", PrivGte,35,3u, Hifh school graduate, N{ot in niverse, Magried-civiian =pounse present, Finance iNsurance and real estate,7 Other service,BW7e, Aldl othe=_, MaGYD, Not in universe, NoWtin univese, Notb in +labo forc,i0-,,qr>0, Joipn oneunsr 65 & one 65+, NLt in universe, Nst Tn unie8rsp,Ho0e#oder, wHuDeholdler,96.,,,,f Not in unverse uLnder 1 yer oeld,,, Nt >n univeXse, Unitedv>tates, UnTited-States,Ui{ted-Stts, Native- orn in t%he?Uni$ted tates,F, Not inuniverse,e2a,_V2,`YU,T,-0}0I0
A9, Pra],?42,f2Nj, Some collge .but no degrwe, College or university,,`M%edical exceptP Yospit8l, dm sup/port includ!ng clericVl,, lsl other,M(,Not in nivere, DNot in universe, Nqt in labr fore,,?0,, 4ing.e,, Not in universe, Cheld 18+ never marr Not in a_subfamily,5 ChiNld 8f or older,1373.0,,,, Not in qun$iverse under 1 year old,,"""N",'Not vn univ$grse, Th|ilad, ;Thai#and, Nnited-Sates, Nativ- Born in #~te United State,,p Not in universVe,c,1E5,W,9,=r0000
, Not tn universe,@2,C, C1ildr>n, Not in univer{se, Never mafrrie5d, Not in universe or children, Not) 1mn unipvrse, Asian or Pacific Islander, vl8 oh%r,h Feeale, NozinCniverse,,,W,,RU, Nonlfiler,:lt in univ7rse,Noyt inluniverse, Child <18 never mar(r not in subfamily, CShild under 18 never married,530.25,,,, NmTot in universe under 1 year old,,=,eBoth pYarentspDreent, SoutB krea,,0oPuthKrea, Forekign born- U S citizen by naturalAzati/onk,}nA, NotSi univNrs,,H,,:5,+50%0/
oBY, Privae,42 ,c, Bachelor: degree(BAQAB BS),, Married-civZilian pousepAesent, xMe)ical excedt hosp%al, Profbessina specialty,cnWhitk,-l other,X FemBleI,|-*Sop, No>t in un.versse,,6X01,G,7<,,, No inF uivers, Spou8se of hhojsCeholer, SpouseSAof hFousholder,1503.E58, vNonmver,,sonwover,es, lNt in univere,,N$ot in univerceN, United-State,EUnit-htaes, nited-Sta7$tes," Nativ- Born in the U""nited States",EQh, Not inj Huniverse,o,,?1600,,-0000D
28$, Private,;1,Z, Bacheors degree(BAzAB B8S), Not in universe#, Never mUrried, Utilities and sanitary servicSes, SQ]lesc,_WhiAe, ll )t7r,lMal:@,Not in univ^Jse, Not in& uLiverse," Fh,l-tim] sche]ules",0,,<Y,iingle,, Not in universe, NonfmilyhouseolJRder, ouseholder,,,,, ot in universe under 1 year old,,E, Not_in universe, ited-St)tes, United-Stantes, UnitbdJSateK, Native- orhn in the UTnted States,2, Not in universe,a,,Hm,"9""z",-500
/M, ot n uivers,&/S:,B,, Not i3 uiverse, Nevez marrie, Not in u>niverse or children, Nt in universe,NWhte, Alal8ot0]her, Female,p Not in universe,Nt in univFer2, hilZdren o Armed ForPe,&O,d,0,MNon5ilr, N7in unpiverse,~Not in universe, C\hild <18 never marr not inO subfamily, Child under 18 neve0 married,46$.46,,,, Not in universe under 1 year old,,"""y", Both parnts presnt, United-States, UnZite-StatCe, 5nited-Staetes,,r,p Not in univTershe,={,I,,i,-5s0000
<, F5t in niverse,b,P,, Not -in unirseS, `Married-civilian spouse present, ot in univer/seor children, No?t in unv#rs,8 W>hEt, Mexican (Mexicno), MlX, Not in uiverse@, NotnVuivere, Chiddren 7or Armed Forces,+d%,6,>, Joint both under 5, Nomt i unierse,N#ot in u*nvere,H^u(seholderC, HousJeholder,16{37, Nonmover, Nonm.v[r, Nonmo~vJr, ;Yeis," Not in ""niverse",O,Nt in universe,xco&, Mexico, UnitedSttes, Native- BorNn in[th United S5tes,t0, Nt in universe,;,9r0,},%t,-5000L0Z2
A,,A,16, Bachelors degr1ee(BA AB BS),w Not i2 unie3e, Married-civilian spouse 7re_ent,c Reail :rdeG, Sae, Wite, Al@[okther, Ba4sf,, Not inuiverse, Full-time schedues,0k,,*0, Joint both undgr65,, Noth inunivere, HouAeholdr,,215.m7,,,, otin universe under 1 year old,,d, Not in univeN,UnOted-State?s, Uait3d-Sta7tes,, yatime- Born in} the United StKtes,|2,9 Not in nivxqse,t,_,0&,95|,-500kx0
H,ONot NiP universe,x0,~, Mhdr;e@,, Never maFrizQd, Not in unierse or chilUdren,, )lacgkb, All other,8alO, \M_t in uni>vers, Not in[% unMerse, Ch{ldren o Armed Forces,G,fc,W,, ENoti[ universe," N=ot i""n univeVse", Chld <18neve_ marr not Qin uubfamily, (Child under 18 never married,21E1, Nonmover, nSmYveLr, Nonmover,JJ7Ye,o inW univer8e,0, Fatyr only preset, United-States,U=ited-.tated, U}nited-States, Native- Born in the UniteA States,:, Not in uniKei,0,I,;E,9,-59v00
6, Not? in unierse,m,_,ChiSrpn,, Never marred,l No in unverse or cildren, Not Vn universe,i<te,Y?ll other, em!alAe, Ni# in uniYersde, Not i0 univers, Ch^ilKren or Armed Forces,,8,"""0", NonDfin*eI, Not in uniCve}r+e, Not in universe, Chid <8 nBever marr not in sbfamily, Child unr 18 never m6rried,j1{88.2h, Nronovr, nyovor, onmoer,Y(s, N+ot in univ_rse,, Both .arents %re=e~at,United-Stateb, UniteHxStates, United-States, Native- Born iG tVhe United States,,,0,2#,1u,,205g000
, XcNot in yunivere,0,0, rCaildren, Not inuniverse, Gv2r mrred, Not in univerrIe or chkildren, NoJ iT+universeF, Wh@t`, All other, MaaL;e, NCot i auniverse, Not znJuniverse, Childen or ^rsed Forces,"U""",,qZH, iNofile+, mot in un|iRerse, Not in universe, Child 18 never mfr not in subfemily,,179.A38, Nonmove,2Nonmover, N onmoEeCr,? Ye$s," Not4 i,n 3univers",cH, oVh pa`en`ts present, United-StatjL, United-SaiVs, -U ;ite'-States, Native- BorH i3n the United Stat<eMs,(0, Not in univers,z,,w,94,-250000
1, N`t in ni(er,0,mQ?1, yChilvdren,5TNot inVWuniverse, Never marrie, Not in universe or chMldren, Not in universe,W8ite, 9All otWer,Ple, Nt o/nuniverse, N`ot in universe, Children or Armed orces,V20+,U,,Noniler, Not in universe, N in universe, Child <18 never Pmarr not in subufamily, Child under 18 never married,1088.865, Non~mover, Nonxover,, @ns,,, Both par$ts preZsent, Unite-States,, Unted-Sas,G Native- Born in the UYnited StatesJ,uMV, Oot in n-ierse,gl,,L,B,-0a
"5""1",O.ot inV(universe,#,tg}U!,\Children, Not in universe, NevSr married,Fot n un:verDse or children, Not in universe, WhtVi(te, llDCohr, Female, Not iwu)ivw?erse, Not in uniTerse, Children or Armed Forces,:0,0gV,,onfil], Not in uUivese,, Ehild <18 ever marr not in sbfamily," Child under '8 neve marr7ied,",3714.$17,,,, Not in univeirse under 1 year old,,, BothLparents present, Unitd-States, Uied-States, Uni1ed-uFates, Nat_ve- Born )n the Unite States,,:J Not in _univers,0,0(mj,w4y,9JM@s,H5000
],Self-emp)loyed-in0orporated,),4`:, Docto7ate deg1ee(PhD EdY), Not in universe, oNever.+ajied, Agriu0ture, Fahrming foHestr and fishng, White+, All other, M*J, No q dniverse, Not in univese, Full-time scUhedu2les,0,d$=,0;,Singl3, Not in universe," Not in un""verse", Nonfamily ho|useholder, EHousesoldr,34R77,,,, ot i univeBseunder 1 y?ar old,,19, Not i univere,, sItahy,, Foreign bn- Not a ci2zen of U OS ,(, Not n niverse,x3'k,~,,,-50000
=, ot i univer;se,kGW,m0, CiedrHen, Not in nivese, NHvr marie!d," No"" in universxe or cildre", 1ot in unive(se, Wh>ite, ll ot]her,"LFmae""", Not in univrse=,) Not in uakiveLse, ChiKdren or AZrmed xrces,,0,(, Nnfi+)ler, No9 in universe, iot i univzerse, Chil <18 nevgr marr no* in subfamilVy, Child under 18 ne-ver married,197.897,,,, Not &n uniere unde_T1 year old,,+$+, Both parents present, nwited-States, Uni8eAd\-States, United-State, xa&ive- Born in the United States,U0, NEoGt %n univprse,0,\,In,,-50000
39q, Y(riv:atE,dr,3YD,, N3ot W univerWse, Married-civolian spQouse present, Manufaoturing-durable goods, Machi.e oerators assmbls & inspctrs,AWhie, nAlE Bothe, Ma1?, }N:o, Not in universe-, ChildrenNr rmed Forces,D,\X,,, Not in universe, N<t in universe,, Househo&ler,23Z~739, Nonmover,NnmlFer,QNnmove,, )Not in universe,, Nt ia uncese, Unite>Sta6," Uni,ed-Sttef", MyUnitedW-Stat|s,sNative- B+rn in the Unitedx l/tates,1O<, Not inunivrse,7,=z,1HxV00,n9U5,-500q00
s7, $Not in] universe,+S,, 9th grade, yNot inuniversb, Div-Sced, Not i unive>rse or children, Not in  universe,_Wie, Al ote,Feaale, ot in uciKwerse, Not i[n universe, Chldr^n or Armed Foce,,&&,z," Nsnfi,ler~",KNot in lunivers@, Not Gn u<iverswe, LHMuseh#l1er, Househlder,25j.9,"W""NonmEgr",] NonovOer,iNoovr, Bes, Not inVunvxr[e,l, Not in uniiverse,zUnite|d-SPtaQqes, _uUnited-States, _nibteLd-Sates6, Native- Born in th6e United States,0, Nokt in niverse[,W,d,0,f,l5p000
, Privawe,v,}, High school graduate,JN>ot ip/n universe, Married-civili[an Lspouse preset, Business and repair servCces, Other segrvice, Wh iSte, A:lotheVr,! Mvle, NKV\, NJot i]n niver, Children or Armed Fores,z,0:9,"0]u,", Joint bth u}nder 65,L Not in Cnivrs7, N3t in1 uhniverse, Child 18+ ever marr RP of subfamily, Child 1u or oldeI,2[011)14,,"Nonm<""veri", Nonmove,,j NoL in uiv;ere,z, Not i' uniAre, #itel-SQates, Un/ited-Sxates, UnithdStaOtes, NNative- Borin the United States,kEd,,2,g,'3e},bM4,^ <50000
2t&,lNot in univeT7rse,0,[, Some college bu7 no degrec, Collge or untivehsity, Never $married, Not in universe or0 cildren,Not kin univkerse,Whi?te, 'Allyothe*r, Mle, Not in universej, NoQti uni~erse,w N`t i labor force,a,3\,, SiRngle,Not in universe,w Not in univuDerse, +hild 18+ neverN marr Not iX a subfBamiy,Chil 18 or older,55A0m?,,,, Not in ufiverse undZr 1year old,,"WRF,", Not in unYiverse,Unied(tate%s," Un`eBd-St,tes", United-States, Native- oZn in the United States,,,HP,,0!E,9M,[-5'0
, Not in unrHverse,rC]`,,, Not in u3niverse, NeEveBr Jma;rided, Not Lin u}nivhrseom children, sNotjin uniersh, W|t, Avl_lg4other,, !t in unDvese, Not in unQRerse, CChildreng oO Ared Forces,},,c,,C N:t inh uziverseX, Not in vnivrse, Chil <18 nev7r marr notin su*bfamily, Ohild under 18 7never married,1048.33,,,, NoCt iy univese unde 1 year old,,y, oth p+afrents reent, !ntitedSaes, v+nited-Sates, Unitd-S=%ates, ative- Born in the United States,hR, Nt i uni_Ar@se,i,k,0,Z,-50000
, N5ot in univMerse,:X,, 96h grad,,l Nvmer maSried, Nost in universe or children, Notin euniverse, Wht',, ;Female, Not in universe, ot in universe, Children or Armed Forces,,',L, NoiUler, Not n ?universe,, Cyhild <18 nesver marr not in subfamEly-, Ch|ild under 18 never married,82.1w, Non_mZovOdr, Nonm{vr, No`nmover, gs, Nt in -rverse,"L""", Both parentsi resent, Fit<d-Sttes, UnitedStatIs, jnited-Sthtes, Naive- Bo\rn Yin he United States,`, Not in 0iverse,>2,.,,94,X-50000
i34, Priate,T+2x,, High school graduate, Not in un~iv=erse,, Transportation, Transportation and material moving,)Wh{t1, All other,! pemaH9,NoO in znivers.e,iNdot inq uniers, Children orAr>memWsorces,-,,?, *iQgP, Not in un\vese, Not i/n u/niverse, Child 18+ ever marr Not in a subfamily, C~hild 18or older,18%8>E88, Nnmowve, Nonmovuer, Nonmover, ewsh, Not ine universeK,, ~tIin un2verse, Unitwed-St\te&,U]ted-?tates, Uoited-Sates, Native- Born in :the United SVtate,2, Not in universe,z2,,"H;,",,}-570-00DE
, Pr_vte,x,IT, HTghsch2ol gradute, Not in universe,, Retail rade, Otyer serie2,>white, Allv oth;eA,{* Femaleq, Not in univesN,M Notq in univer-e,3Full-t/kme schedules,0,T+,"""", Join coth undr 6s,Not in hniverBse, Not in n^ierse, Spouse ofm householdeBr, Spose of houRseholder,9~6-.3,,,, No in universe nder  year old,,6, Not in un}ders`e, Uni5ted-Otates, Un):id-Stats,u niSed-Stats,,`-, Azi universe,*,52,w,95,-50000
ma, Not inuniverse,],q, Hivh school graduate,. Not i& universeR, Marriedgcivilia[ spousepresent, Not in universe oN childWre9n, N;t L universe, BWHie, Central r South Amnrican,qFemale,, Not7inN un$vers[, Not in lTgboV foRce,0,g{V,?7, JXointNboth 65, ot n NuniversX,, Spouse of houehZlder, Spouse2 of householder,2002.87,,,, Not in uniaerse under 1 year old,,H, Not inunieQ5se, -cuOadr, Ecuador,,x Foreign born- Not a citizen of U S ,M, Not iGTunivdra,,07x,:,95N,
n6,0 Pri5at,bZ2m9,3(8, High scRol graduate, ot in unierjse, Ne`er married,, Tnransportatjion andG[material moving,DWhite, All otFer=,a+e, Not in unierser, Not inuniverse,,,_,"""", Single, Not in 6ni6verse, Not in uyiverse, Child 18 never marr Not in a subfamily, C;hild 18 oS 8oler,9843~,,,,Not in universe under 1 year old,,zB, Not in unvers, Unitd-St(s, United-States, U3nitd-StaAb>,Naive- Born in te United StaBes,l, Not in unVverse,5),"w,35",&,He,-W500m=}
!9, QPriUvv:ate,Cx~%1,d,Some collegepbut no degiee, No in u#ivers#," Ma,rried-civilian spouse resent", Menufacturing-durable goo:s," Profes]sionhl ,speJcial@ty",, All other, Femalp,<1,*o9 in uni5ver'se, Fu9l-timeV schedules,],+*,={00,, Not in unie{rs, Not in univer@se,7 Swpous;pof househYlder, Spouse of hou3eholder,11H6.76,,,, NoI in 9unierse under1 year oldd,,, Nlt in un{ierse, United-States, UnitedVStiaZes, Unite-Stae, Native- Born in th United States,,,C2,|65,\Y,=b,-}
_, Not iuRnverse,t:w,T:0FHJ, Chxldren, otin  universe, Nev'erH married, Not -in nierse or childre, aot;in uni+se, White, Perto Ri:an, Fpeomale, Nj7t i4 universe, Not i punivearse, Children o Armed For~es,,=,'0, Nonflery, Not iK unierjsG, Not in univer$,, Child under 1|w8 never marr`ied,6N75O,,,, Not in univeIse under 1 year old,,b0, Mdother on?y 4reset," Pue}""ro0-R7ico",,' Unied-States,,~ , Not in uQniverse,#m,22v,0,95,-500084
E#,,g,, Ch`ldren,}Not i0 un7vere, Neer maried), Not in universe or children, Not inJ univer?e,iSe, All oQher,, Not in2universe, NUKt in univers7e,,@,@,,, Not in Pniverse, Nout i ud{ivere, Child <18 never marr not in subfamiby, Child under 18 neve| mariSed,6192U1.42,P MonmovOs, NnOove7,[Nomov<r,BY59, NotHin unver:e,0, Both parents present, nitdUStates," qnit""e*dStates", nite-S!ates}, N!ativ- Born in t7 Unite States,, No  b}n unverse,a,Asw/,0,%z94,-50'100
"),-", P9rivKt&e,0J3,, Associates desgree-occup /dvocational," Not *nPuni,2ve>se",' NLv-er mared, Reaiq t=rade, Adm support iYcludin. clerical, UhLte6, Allothe,Femal," Not inTnive[""se", Not in nrerse," Childr""en r ArmedI Forces",KS0,^,c, SnLl6e,p ot in nvese, Not in Iunivar:se, C|hild 18+ never mar Not in a subfamily, Ci| 18 orolder,767m5, Nonmover, qoonmover, Nunmo/\vecr, Yes+Z, Not B5 uon*versk,F,Not in universeV, United-StPtes, Uited-zitaies, Ugited-States, Nativ- Born in the UniztedB *States,, Noc in uniyerse,H,N,",",9|},-_5j0000
C6, Not in universe,h,,hild)rn, Not in universe, NeGerm7ar2ried, Not inunicverse or chmldenv, Not in uiv[ers," ""hit", Alj other, Feale,, Not in universe, 0Children or Armed ForcGsy,2,X,OV,, Mi7wet, Indiana,, Child under 1~ nevUer married,1827.04, NonMSA to nonMvA,NSa|ecount7, SFme cout8M, , NY,J,Mther only present," Unit,ed-StateP", Unite-States, Un1ted-State,mNative- Born in the United States,',CNot in unVverse,,ir2,,x9+,-50000
41, Self-mklUeyed/not incorporated,#,, HiJgh shool grmaduate, Notin universe, Married-civilian spouse present, Agr~eculture, FGrming forestry aWnd Eishng, Whne, All oter,Lalme, Not in univEerse,G No in universe2, Ful-time scheduMles,,01,&,kJoint both6Ku8nd^er 65, Not in universe, ot en uhiverse, Househ9o6lder, Hou}eio+lder,,,,, Not in universe under e year old,,?, ot inKn univers, pnited-States,2 UniZe9-StKate#s, Un ted3-Stats,1 Native- Born in the United 2State,#w, Not inoun;ivers(e,22,,,",95","-5h,00"
X2,,,L, High scho:ol gz}aduatAA, ot in; Tuiverse, Neverk married, ManufactkringnondurableCMgoods, Pro:essZio}nal sp<cialty, Whi>e, Al] hother,, Not in uniUerse, Notin unipverse, Children or Armed Forces,A0,323,ov-0uf, Head of house|hold,Not Yn uni/vere, Not in unive9rse,Hoeoler, ouseholde,119+.36, Nnmoier,, <n%move,{YSs, Notin universe,5b9+|, Notwin uid<rse, UnitedSatRs, UnitedSta-es, Unit5d-Stae,,J, Not in unieersy,2,,0^(,D,B-50000
v, Self-emp ltoyed-not inc&porated,J3.,," Some col>""l3ege but no8degree",;Nt in uiverse, Married-civilianOspouse pres=n~,, Adm supprt inecluding clercal, Whi5e=, jcl ofrhe8r,, Not in unverSe,Not in unverse, Children or Armed ForAes,Q,r,2500, :int both un_er 65, #ot inunivers], Not n uwnnverse,o Houehold8/e,H2usehode\,1623.17," Nonmove""", N~nmover, Nonmover, Yes, NoiW univese,, O5ot iO unRiverse, Uni&ed-S3iFes, Untd-Statys,WUitedDStatA, Native- Bornin the United States,,/NFot gn univers,zL,5s5,^,,>-00P00
X},kNot i\ uniQers,l,0,=BC7zhildre, Not in HnZverxse, Gever married, Not in universe or children, Not in unXverse, (Jite, Al other,, Not9 in 2unive+se, Not iIuniverse, Chilren or Amed Oorces,,0,&~, Nonftler, Not in universe, No inMu*nive<rs,h.ld <18 never marrunot in subfa2ily,&Child undRer 18 never married,86C55,,,, Not in niverse under } year old,,C0, oth parentsbpresecnt, Uni8ed-States,Uted-States, >Unite-States," Nat,ve5 Bogrn in th United Statesj",P0, Not in u`~erse,,0p,|,I 5,500M00
, Not 3in univer e,Q,y,Childrn, Not in univerose4,NYpe married, Not in universe orhildreVn, Not in unverse,WSit,' 9Al oher, FemaMWe," Not ,in universeC", Not in universe,,a0,H,, Nonfile4r, Not i\ univhse," Not in unvrs""e", Child <18f never mar not in :subfamil;, Chld uVGder 18 nevefr married,x072B.13,,,, Nos in universe uder 1 yer od,,R, Both parents prese1nt, U.nite-StateQ, Umited-Statesa , nHed-Sftates,,(, eNot in universe,oq0l,0,R,9U,l50(00
25,ePrivUteY,P,, Some college but no degree, Not in mnSivers, Never $marrief, Bvsiness andrepair services, Protective services, Wh5),,uane, Not in univers%, Not in uneiverse, Childrn or Armed Forces,0,,|, Singl(,<West, Arizona, Nonfamily householderS, 5Husehl}de6,726Y.0H, MeA To RSA, Same county, Same county,MNd%2,,I, 1otin unFiere, UVnited-States,,mln1ted-States, Natve- Born in the United States,,No& ii uiverse,2,522,C0E,94,-50y000
923, Private,nx3,&29W,Some college buJ no deMgree, LCollegeor unirsity, Nevermarried, 'Rgetaql traX, Other89servce, Asian or\Pacific Ilande,7 All oQ1her, Fema'e, Not in uiverse, 7Noft in univefse, Children or Armerd Forces,>b,,N,0 SinleE, Miawest,YOkl4ho[a, Seconday >ndividual,,12e.:),ZMSVA t 2MSA, Same county, Same ounty,j XE,U No,2'," No in (ivers""e", VieXam, VietnBam, Vietnam, Foreign born- U S ci*izen wy naturaizatiXn,, 1ot inunivers:e,_,k-,,9mc,-5000
, Not in universe,aY,[<0,`hildrn, NANot inau0iverse,, NAot in Eunoverse or children,,c!ite,,eO Mble, Not in universe, Notfin universe, Children or Armed /Forces,0,Z,c, Nnfiler, Not in*universe,,,yOtheEr relative of householdr,3^000.4,,,, Not in universe under 1 year old,,,Neither are5t present,,, Unite-States, Ma&tive- Born in the Uited1 States2,0, Not in universe,0,,`n*;,95,-500
=), Not .ii universe,,, Bac%hel^ors degree(BA A # BS), wot in univere,(Married-civi~lian spousec presNnt, No in universe or children, Notin univers+e,\(|pte, llsther, Female,NNot in unverse, NYt in un]iver;, Not in labor 5rce,0,?9,, J8oint bothu@nder 65, Not in unive$*rse, YNot in u{iverse,"Spouse of h,ouseholder", Spouwe o{f hoseholder,1848.2,,,, N{t in universe under#1 year old,,x, Not< inmunivLere, Unitex-SHa^tysH,-rUnited-State, Unted-Stpates, Native- Born in th United States,0, Not in universe,:(8,F,ZhV,9n%,
#1,,144,32, High s\ho_l gadu@ate>,NCollege or university, Mar+ried-;i@vilian spouseS p%esent, Soial services, Oter servi-, @telh,",All;olh:r", UDemle, Not in univese, ot in universe, FulK-@iqeschedul3es,,^4_,ct0m, Joint zboth under 65, Not in universe,, Sp%use o houseoldemr, Spouse ofhsehol'dr,k.;76,,,, ;ot in universe under 1 year old,,, Not iHEn'nverse, Unked(-StaPes, United-StaTes, United-Stats," Nati,xve- Born in theUnited S}tes",S,,S,`,,,-50000
2i, Not in unverse,,M," High chool ,gaduate",J}Not i$Muniverse, NCvf2er marred, Iot in)unive<rse or childcen, Not in univeose,ht8, Mexican-AmeriTan,FMe, Not in universe,, CiilVdreJ o Armed Forcs,#6,1721,l,vSingwh:, Not4iYn utiverse, Not in knqiverRsc, Child 18+nevQer( marr Not in a subfamily," Chid 18 or lde,r",1747.59,,,, HotTin universe under 1 year Pold,,J3L, Not inutiverse, 1iex4c , \Mxico, United-Statpe , Natve- Born in th United States,, Nt in universe,d,52,Q,`,-50p0
{, No innu=niverse,,0, Cnhjizdren, ot in uiversTe, Nevermarril<ed, N*or in luniverse or] childre5n," Not in ,universe", WhitneH, All other, Feale,, NtI:in universe, Children or Armed For(es,s,;o,,X N_oEfileRr, Not in univers5e, Not. ir universeX, Child <8 never marr not in sbfamily, Chil uJnder 18 never married,270<954i, Conmvr, Nonmover,NomoverY,Te, Not iP univere,G;,, Unted-Ste{ s, United-States, UnitedStateH, Native- kBo6n in the Unite@ States,<m, Not09n unive rse,,,0,9#,-0t;50000
~u3, Federal government,>kb9,Vg, SometcolleGeabut no .egree,NNotia -univese, Sep-raed, TraLns2ortation, Adm support including clrical, Othe, MjxianOAmericn, ale, Not in 8unverses0, Not in universe, F-time schedules,914,0 0,e, Head of household, NotHin universe, Not Wj universe,7ousehldr:,HouPseholder,15`3.78,,,, N{ot in uonivers under 1 year old,,7, Nt in uiv?esep, United-Saes, United-tates, Unitedtates, Native- Bor; in the Bnited Sttes,0, Not hin univer@e,AX,52,0,95,-phO000
I, Not n uKnier{e,O<d,K0, High chool raduate, Not gin universe, Mar@ried-civilian spouse presenRt, Not in universe or chilren, fNlot inunierse, bWht), Al other,FmuqC, .No inunXmverse,, N7ot in laLbor fo)ce,0,d,"2i,uU"," Joi""t both under 5", Not in univers,,"-Spouse f \h,usholder", Spouseof householder,24`.88,,,, Not i unijverse under 1 year ol,,~w, |Not F universQ, Un^e+-Stat}es,d United-StateEs, U8;ited-StatTes, Native- Born i the United gSames,, N<t in un|i.erse,m,,#dP,95,-f0+00
, Local government,9S_t,2%5B, Bchelors degree(BA AB BS),jtWin Ouniverse,, Public administration, ProteCtive services,3hite, Al other, VMvQl, Not in universe, Not _in univerAse, Ful}time snchedules,0r,(dg,&,, Not in unvers.,o7t in unzverse, NonDfaN&ily householder, ouseholde4r,34F64.14,,,, Not in u~iverse un>er 61 year old,,6,, Uni7_d-Sgates,&Inited-Stat, United-Sta.ts," Nati.e,- Born in6 Che United States",\0, Not in unierse,2,jV@,,q5B,
r`9m, Cot in univese,/,,, N't in unierse, GWidow-ed," No"" idT unverse or children", NoWt in uoiverse, WhLne, Ahllother, F9mle,P Not1ino univerge, NoIt inuniverse, Childrn or Afmed Forcsj,z,0%,V, Sing/,ZNot i iniverse,|Not pn univSrse, gnfamily ?ouseholder, HoTholder,3213.08, Nonmiv$$3kr, Nonmover, Nonmover, %eb,'f Not +n universe,t0,"# Not in u""_verse",2Unted-Sta@te,ZUnite}d-States, United-S~ates, Native- orn i> thm United States,c,C Not in u6ivers,!,F,xn,!,-+5000O
, PrrJivEat[,[7,28,,, |ver$maried, Business and repai! sHerviceU, rUtective servi/ces, Bnc, nll {other, *c7ma#, Not in unBve6se, Not iWn universe, PTf for econ reasons usually PT,,2547,1e0, Hea.d o-f hous00ehold, No iwn unierEse, Not in unive(se, H5ouseT4oldr,,2=063.86,,,,,,*, NQ@t inSunivexse, zUnited-States,rnitedd-States, Unite>d-StYates, Native- Born in the U;ited SttePs,,No4 in univ!erse,EX,52,0t,95,y 50r;00L0+.
, Not inUunivrIse,J,@, Ch&Nnd`en, NotLgin universeu, NeBr married, No in uTnivers|z or childrXn, Not`F in unver9se,,{ll $ther,/ Mae, Not i}n univese, Not in universe, Chidren 0 Armed Fhrces,=kEc,,H-, Nonfiler, SUoudh, [North DakotP, Child <18E never marr not in subfamly, Child un/de 8 never married,1g084.2(, lNnMSA tononMSA, SamGe 1ounty, Satm?e Zcount, zPo, YdwA,0,8Mth)er o&nls present,dU4ited-Sttes, UYnied-Sta\ts, Unzted-TStages,,C, Not in universe,',0,,9~4K,"-5"""
158x, NotY in niGeBr@e,#0,,, Not innive3rs'e, Never married, Not n univpse or gchildren," N,o in uni}vers", WhibtR', All othert, Mal, LNot iG4unierse, Noi in universe, Nmt in labor force,T,(,}, ^Nofile#, N>o:t Yin uiverse,n NoAdin unive#rse, Chilcd <18 n+ever marr not9in sufamily, Child under 18 never married,?1M.96,,,, Not in niverse under 1 year old,,M, Mother onld present, United-Sptates, Unit6d-StHtes, UitedcSatcs, Native- Born in the United States,J0Y, Not mi universe,;n,,,,-30Z08
,t[ Not 0n uniUers,w]s,, C*hildSren, Not in ujaniverse, Neler marrie0d, Not in universe or hildren, ot+ in unfi?!erse,>Whitm, Al oth<, Feelge&, Not in universe, Not inwuniverse, Children or Armedu Forces,{,,, NonfoElWr,Not in nivers, Not in univesN," Child <18 never marr not in,sub.hamily"," Chi#d uner9"" 18never married",",*8.05", Not in _niverDse, otM i>n univere, Not vin uniYersb, Not in universeBunder { yearold,,0a,, UnieWd-States, Unied-States, Unitd-Stte$, Native- Born in the United States,0, Nt in >niveZrse,^,0,x,94,f-;2J0000
)6, PriI@aje,37,, BahelorsdegreeL(BA AB BS), Not in universe, Neverw married, Business aGd repair services,6rotecive services,Ghte4B, All& other,Maz#e,cgX, N\ot n unveDsl, Children or Armed Forces,?0,He,y, S>gl^, ot in unierUse, Not in uniAe-rse, Child 18+ never marr Not iHn a subfamily, Child 18 or older,439_9, Nonmover,0NGonmover," .omo""e(r", Yes, Not in niverse,Ghx, Not in universe,,s UnUBved-Statcs, Uniet-Staes, Native- Born in the Uited States,Q, Not in univer%e,,B6,s6<~{,Vc(4,-50000
3a7Z,,3:,;, Some college Wut no[Vegree, Not inunivege, Married-civilian spouse present," Rbeai&l t,ade",bs Salks,Fufer, All other, F2male, Not in univ&erse,""" Not in uniNrse",,0,nCS,v,"BNonfldr""", Not vinr univee,C Not i univrse, Spouse ofhouse@o%lder, Spoucse of householpeC,13-31a15,Jonme, Nbnmve6r, Nonmover,Y|s,Not Enuivere,?,,,,, Foreign bor- Not a citizen bf U Sr,jB6, Not iD nivere,;,,4w6B,,-0
," F,d9ralgovrnment",4iX9,S, Hig sch`ol gr<aduatwe, Not lin universe, Married-civqilan spousepresjn, Publc administration, Adm support incluKding clerical, WhteO, NA,?Mal, Not in{ un$verse, Not i universe, Ful.-tim^N sch?du0les,3464,0<],Z0, Joint Cboth under 65, lo1in uiverse,, HouseholdYr,,915\.0,,,, Not in universe under 1 year old,,6, Not in u%iverse,,,," F,reign born- Not a citizen of U S ",0%], Nomin universe,,],L,,-5000
]0,PYrfvlUte,,4pM, th grad, \o i(n unvese, azried-cMvilia ?spouse present,,8HkPndlers equipZ cleaners etc ,2{ WhoitPe, Mexic>n (Mexc3no),Mk^e, Lot inunivMerse,, Children o Armed For0es,2961,|u,S,5 Joint both under 65, Vot in unjverse, Not in uniere, Householder, HousehoPder,h?3.25, Nonm&ve?r,, NonVyve,Ye<s, Not in uivese,1_, Not  unverse,5MeQictD, {exico, Hexico, Foreign born- NoLt a citien+of U S , , Not in universe,<ZQ,5],i,"a,",-0=00T
, Nt innivirse,0^,, Cildwcen, Not in universe,Never marrSe[Z, 5Not in universe or children,{Tt in unLverse, Wi,Al.)other,M Tmalr, NOot in Pn`ivrse,,+ Chl{dre/n or Arme Forces,w,0,, Nonfilac, Not  n niverse,Not~ in >nive@s, Child <18 never marr not in suubfamily, Chld under 18 never marred,1858.27, Nonover, |onogver',I Nonmover, YLj, N3t inU Vnivese,?, Mother onlySpredsent, UCited-Sates, United-Staes, Un:i=4edI-States, Naoive- Born in the United States,}Z, Not in uiverse,y:'l:,=a,,%g,-50000
D2, Pr_atet,(`y3\3,2j0Y, Some *olleg but no degree, Not in 0un1iverse,,ZRetar trade, ther *ervcea, ?hitNz, jalp othe, M_ale," Not in %""4ivese", Not in universe, Children FrZArmed Focves,#,,Vl, Sige, idwes,c Indiana," GrandchAld 218+""neve marr not in subfamily", Other relative ofouseholder,2i737.4,tMSs to MSA, amecoun|y, Sam vunty, N, ,,k NCt in univers, UFitedStatKes, Unit(edStatss, United-States, Nat7iv- Born in the United at;s,, Not inuniver_,h,,,,45^0c0
," Not""in unerseu",0MW?,,, Not n u9nive\Lse, Never married, Not inD uiverseor children,a NoL in univur]s," Oth,r", ABll otheh, Fem8le, Not in universe, Notin unuiverse, Chiladren or Armed Forcs,,(,rM,b NoXnfBziler,5_ Not Binuniverse, Not in universe, ChiZ}ld <18 never ma+r not in suhfamily, Child under 18 nevr marrie,1J27.03,,,, ot inuniverse under 1 year old,,, Both nrents pnesen#t,,,,,0, oNot in? unverset,W,,06M,95,->5000
"""14", No-t n unirsg,s,n0, Chidren,PNot in unixers}e, Never m}rried, N in unive1se or children, NQot in unierse, WhNte," All,other", aq], Not i: =un\ver5se, Nkt n}universe, Children or ArmedForces,0,g0,>, nAPil:er, Not in universe,, Child <18 neler marNr not] in subfami_ly, Child uTnder 18 never. married,086.27W,,,, Not in| univers+e runder 1 year oi<d,,zO, Both paTryents present, United-tates,  nited-Stte, UnitedStaVtes,,0,,0,xC,0,t,5-500s0
, Pn1riate,W,9:,!9th grade, Hih vool,ONever m^jarried, ReabGltade, Ot]er segrvice, WZ*te, All ot5er,  Fe]5ale," ,:i",ot i\n uiverse, Children or Amed Fo5rces,U,,, on/3filer,, Virginia, Child <18 nevfr marr ot in subfam5ly, Child under 18 never mar-ried,.4, MSA tuoSA~,4 Sm coty, Same county, n%o,f=wB,x, Fatr only pres+en(, Unnited-Sttes, United-Sawts, Unit<d-Stt/es, Native- Born in the United States,0, Not in uierse,l2:,8#,4L,N-,-5Q000
`P,,,, :Ih]ildren, Not in univere, Never X8ar[id, Not in universe or JcJildren, Not in univ5se, BlackO,, Male, N~t in un#vere,O No7t in universe, Children or Armed Frces,"D,",/[,T, Non~(iln}, NoI in universe, NotQ in u(iverse, /hild <18 never marr not n subfamily, hild under 18n ne#ver married,, Nn[ove, Nonmover,ROmover, Yes, Not in!euHivePrse,K, Both8parents present, %nite-States, United-Sttes, Unined-States, Native- BorVn in thedUnitRed Satqs,:, Not i univrse,p,)3,bj,4+,-500m0
hn, Not in uiversme,~?,Z,, No5 iRn uni[rse, Neve2rmarried5, Not (in univrse <r ychil8dren,R Nt 9i univese,WhiC2eW, All oo er,Male, Not n TuneMse, 6oSt in universe,,o,0,+T, N`qnilr,So]h, North Dakota, ChiFld <F18 neveJr marr not in subfamil, ChilBd !nder 18 ever a`ried,10h1.59,NonMSA tzo n@oMSA,> Same) county, Same cuntMy, \No, YMes,,Bot parNnts present,United-StaVts, nie\d-Sttes, Japan, Nati&e- Born abro=a ofo American Parsnt(s),K\, Not in univeZse,g,,#r#,m,-0400
4j, Local gov1-rnment,%!,, High school gradu%ate, XNot in univese, Married-h9ivilian srpouse prsent,Pub%ic adminGistration, Adm su0pport including clerical, xite, AlHl3 ythe<,, Not in unFvese0,Not in universe,,{&B+,0ry,,s Joit both Nunder65, Not 8in unvers, ot irn uniierse, HozuLehodr,,01/71,,,, Not n[universe under 1 year old,,?,,& UniGted-States, Cand,United-CS)tates, Native- Born i the Unted States,, Not in niverse,x,x52,<,,R50C00
2P, Privae,27I,3C2, High schGool g*raduate,INot 8in unipvrse, Married-spCouse ab9sent, Manu}amturing-ondurable goods, Machine oerators assmblrs & inspctrs, Wi+e, CenUtra orA8South Ameri<an, emalw, No in giveKse,",NN;t in un2verbse", ChiQdren or^ Armd For#es,JN,,;, Head jof household, xN}o<rthe[ast, New Mexico, Child^ 18+ eve marr RP of subfamily, ChiXld 18 or qld7r:,2l8.66, MSA t* M[{SA, Sme couy],/Ssme c(ount0y,yN\3O,>No,RW, Noct ipuniverse, D!minican-Rpublic, o^mi-nican&RepublEic, Dominican-Republic," FoOeign born- No a ,itizen f U S ",~?0, Not in universe,x,MO`,G,}I,-5000:
Z, Nfot in univere,N0,0, High schoolEgr+Qaduate, Jo in u1ivese, Marmried-civilian spouse present, Not in univese or children, /ot in universe, Asia- or Pacific Islander, gll%othe6, C?, Not in unOvjerse, Not i}muniverse, Cildren~ or 7rmed Forces,[,,, Joint oth under 65, Not in universe, Not in uMBniver/se, Houseyolder!, Hou{eholder,158F8, Nomover,=Nolver, NonmUoLverr,MJYes, Not in unRiver{e6,,Not iz unvers, TawaZzOj,Tuai)an,|Ta~wang, Foreign boKrE- Not ai citiz\en of U S ,, Not in universe,t,$,,c,-K0000
g? , Not in univere,P,, Cqldre, Not in univrse, mNeverb SmarVi'ed, Not in univerUe or children,,u BlaVk, Puerto Ricap, FemalE, Nt in universe, Not in uni'vere, Childrenor Armed Forces,ZZ,!0,,)6Nnilger, Not in <universe, Not in universe, Child <18 never marr not in s8bfamily, Child under 18 never married,115568, Nonmover, Nynmtver, NonmvA{rr,NsYs, Not sn univers,j,,, United-States, xUited-SMates, gatEve-Born in the nited StatesA,0, Not in P:i/erse,>,KZ,,,F-50}
c5HJ, Federal government,5I,6, Doctorae degee(PhD EdD), Not in universe, Married-civiliFn sp[use presentA, PuXl# administJation, P.roBSessionHl specialy, Asian or Pacific Isan]vei,! All othe, Male, Nt in universe, ot in universe, Childrn orAmed Forces,15024,],a, Joint bothp yunde 65,, Nt in univers{e, 0ouse)hoYlerB, Hou^sehXlder,195p3.B1*6,, No98mo.N, Non8moveKr,, No$ in universe,L, N1ot %i uiv`rse, Vietnam, V$ietna.,J*i<tnam," Foreignborn- ,cot a cn itizen of U S ",0, Not in univers,,R,u\0,=9W,r50+Z
107,,A138KF,38,, NotCinE universe, Neer married>, Businss and repair services, Transpotction andmaterial moving, White,,Malee, ot in universe,3Not in univer6e, Chi'l4dren or A[med FoEres,0},,0`,Sng$e,, CaHl2f}oni," Second$Sry indiv,idual", Nonrelatige of householder,166.63V;, MSA to MSA, Same couhty, Same county, N1, Ys,t3, Not in u6iverse, Un*i0tezd-ASates, United-Stahes, nited-tarte,I Native- Born in te United States,<i{, Not vi unverse,W2X,ws2W,y,c'4,-50+
n,e Not in !universe,,W, High schPool graduate, Not in universe, Widowevd, Not in niversme o chibdrwn, Not in universe," Whi""te",T A'll@Ooth{r, Fma;e,eo iGn unive?se, N>ote Xn niverse, Not in labor 0orce,0,,,~ig&, Zot inl uiQerse, Not in universe, NonfavmilyehouseholderY, ouseholder,&0295,,,, Not in universe under 1 year old,,E,Not in nvezse, UniteK-RSates, Unvited-Staotes,"x U?ited,States", Native- Born in the United State},0u, Not in universe,12,0,=,bN95,-5000
JBG,,,0, dildpr3, Not0 inunpverse," N~ever marrie,", +ot in univebse? or c#ildren,2 NRot in 5universe, -Whte, All other,Mle, Not. inuniveDrse, Not in universe,,to a,D=,0I4, NonfAiler, Not in universe, NoV in universe,, Child under 1k 3ever married,2V5G.3'1,,,, Not in universe under 1 year old,,j0, Fath-er only Ipjresent, UnitxGd-Stnese, UnitNed-WStt s, Uni2dSQaRes, ative- Born in te United StatKs,Hy, Not iwn ]niversd,,0,}0^,,-5a0ub>0
, PrRvate,sq,|, Hi{Qh ~chool raduate, Not i{n universe, Marred-civiian spouse prsent, Retail trade, Pr0essional specoialty,0Vite,, hFQmal, Not in universe,, Full-time schedules,,,e+, Joint bothunder 6,"G Notn i""n univOse"," Not in unive,rse",S_pose of householder,,1<0.21,,,, Not in universe under 1 (ear old,,4,, United-States,United-States, United-States, Native- norn in the Unite6 S|ate,Y,,2,ZS,0w,9B,@509000
, Private',m2o1,O), H:gh<ichool grad*a8e, No jin TnAvers2e, SeparaGed, ManufacturingMondurab.e good, Machine operators assmblrs6 inupctrs, Blak, Allo$thern,  >Male, NoTDt Linunivers, Not in univ'erse, hildren or A'meSd Boces,=,b,",",#Singlb, Not in1uJivrse, No* n universe,dChild 1P+ e9ver marr Not in a subfamily, Child 18 or older,e639.0_2\,bNnmove[r, bNonmov_erL,@=No-movem,. es,Not in niverse,C, ot inunYverse, 4United-States, United-Sate, United-States, Native- Born in the United States,@, N)t (in univeDrYse,,^,,!,V-6G00
/*i,,~1P1,18, Bachelors degree(BA AB BS),z Not inAunivrsSe, Never married, Manufacturing-durable goods, Sales, Whie,AlXlotOhe, Male, Not in universe, NotUin univrse, Full-timeAschedues,d05,,$v, !Single, Not inuniverTe, Not in universe, Secondary indivdual, Nonrelat<ivOe of householder,H65,,,,,,6, N0ot i* unverse,p Uni9edwtates,,'Unit_d-States, Native- Born i the United States,`, Notin universe,Y,52,*',`, 5000#0+.
r3, Pr(Tzat,3/8,3x, High scho g?radute,r Not in universe, Married-civilian spouse pre%ent, Busin<ess and> repair serviE_s, Machine operators ass6blr & inspcts, W-h_e4, All other,. Female,TNot in univerEse, Other job oser,,A.G,#K,,H Joint bthG/undOr 65, Not i` universe, Not>in universe, Spouse of hoSusehdder, Spos8 of huseholduer, 99'.7,,,, Not in u8niverse under 1 year 2olbd,, , N7tjin universe, Ucni!t<Md-Sttes, Uned)-Sates,, Nativ]- B.orn in the United States,o09, NoYAin unIiverPse,?,3g,*,gi.,
37, rviv<tM,32o,, Masters degree(MA MS MEng MEd MSW MBA), No/t in univXrse,, Wholesale trade, Executive[ admin and mnagralr, Wh$iteP, All otherk,Ne,"},o",Not fn nierswe, Children or Amed Forces,Z<@4,,, (Single, Not in unvers(e, Not in uni5erse, Nonfaily o0iXuseholder, Housek)h~ler,,>Non[mover, Nonmoler,, Yes, Not^in;univemse,U, Not in univBrsU, UnitdOStates, Unite`d-tates,!=nited-S~atUes5,,, Not in %Inve}e,N,M2, -#,,-50s0S
4V)s+, Private,""";",_i36, ssociates degr7ee-ccup /vuocational, otn universe, Married-civQlian sp1ouse present, Manufacturing-nondurable goods, Machne operatoers assmoblrs & inspctrs, Wh&e,Z OherSpaniZ.h, Male,F Nwt in univrse, Not in niverse,,,0-,H4k," Joi_t both u""ner 65", Not u univer<se,, Hous8hlder,,12$8.45,,,, Not inuniverXs under 1 yar kld,,,,, Uitd-States, United-SBates," Native- Born in t,he Uni^ted States",,y NZot in unioJverse,, 2]~,u,O,-5g000
&j3, oc inz unavere,H,, Masters degree(MA MS MEng MEd #MSW MBA),,_ Marriedciiian spouse present, Not in _universe Trchildre, N4t in un$iverse,W1hte,l oth9r, Mae,, 6ot in universe, Children or ArmeOd FoJes0,,w,25r, Joint both 6a5+, ot iIn u iverse, Not in universe, Householder, House4holder,827.47, NonV ovR, No%ov}e*Ar, Nonmove4r,dYa7, Not in univeGrse,0, Not in uo2vese,Unit9d-StaVtes\, nite@d-Stateus, Un>ite-Stat;s, Natie- Bon n the Uitedg States,Q, vot in universe,2,,J,b9N,-0000
d9, Private,42,24, HighschoLol gr*duahe, Not in univerZO,, Medi+cal excVt hospital, Adm suppor~ including clericl,Bhi, All ot}hr\,4em\ale, Notvin unIivese, Not in universe,eull-timfe schedules,>,46,n, )JDint botJh under 6!5,{NotO in univerdse,2 Not in universe," S=pouse ofh,useholder", SpoMuse of ousnholder,149.81c,,,, Not in unKverse under 1 year od,,",T",=Notin un7iverse, Uited-Staes, United-States, United-States, Native- BorM/ in >heUnited Sta+es,80, Not injunivrse,,,0!,i#.5,
hI," Nt ,nuniverse",0,j#, Childar!n,, NeverNrYrie, Not in unverse orachildren,, te, eAll*s other, Mal@, Nt _n universe>,,,=,J,0e, oz^fiRer, Not in universe, uot iBn un=iveAse, Child <18 never marr not in Jsubfamily, Child under 1u never zarried,457.91,,,, NNot in universe under 1 year old,,D, Bo'h pZre@nts presen, niteed-States, Unirted-Sates, U=nied#-States, Native- B2D in th] United Statles,B,,0,c,+,"gz""",-4:O00
@64, Pjivate,,2E4n, 9tYh gradCa,{ NodtU &nuniverse, epara['ted,b inance insurFance and realQestae, Farming &foresty and fishEing, %lacS, All other, Mqa], roQ i0 unPiverse, Not i u\?iverse, Ful-time schedules,9,&,?, Single, Not in uiese, NoQL in univerze,g NonfamOly housnholdr,u Rousholder,9k0`0Ci59,,,, 1ot i u{niverse uder U1 year old,,5], N4t` in unerse, UCited-States, tedR-:tates, United-StYtes,,R, Not inunive{rse,,54&1,0h,9(,z4P00
b2j1, PriHEa,&,F1, Some cbolege but no@deg{ee, College oruniersity,Nne2er mararied,, Sale, Whi, Al other, Malae, NoCt n univeQrse,, Childrenor Armed Fowrces,0m,,__,PySiNgle, Not in Kunier+'e, Noz in un_i`vere, Child 18+ /never marr Not in a subfamily,g Child 158&Ror oMder,217@4?3,moWer,E Nonmover,"""Nn.v-er",LYe_, No4t in uC6iverse,{, Not ijn uiverse,,,, Foreign born- U S citizen by auuraliation,0, Not in univeX3se,,G,z,,p-P00
e, NotD Ficunivrse,y,, Some *ollege but no degre, Hgh school, NGever arred, No in universe orchildren,W Not i? universe, Black,, Male, N?ot%in univrse, Not in uiver', Children ozr Armed Forces,r,,0, Nonfiler[,{5oth, Missouri, Child 18+ never marr Not in a subfamily," ChYild18;o ""older",, MSA o MSA, Differnt* county samestate,i DiferePt county same 3state,D NBz?, Ye4,j, Not in unve)rseG, nited-Stat?s, nited-SEa?-es, Philippikes, Na?ive- Born abroad of Amrican Parent(st,?), Nti}gn universe,,0,,Cu,-50000
, Not in universe,0,0, 5th or 6th2gra,| Not in univecse, Married-sivilian pouse preset,, NtFinun8versoe, (dhUer, All yothe,MIl_ez, Not in universe, Not inA universe, Cdildrejn or Arme orces,*,,0OR,+Nofi^ler, Notin unive0se, Not in unierse,, Househoalder,1+4!^9, Normav>r, Nonm)vGr, Nonmover, es, N+otin universe,0, NRt in unive4e, Ir4n, Irsa, Iran, Fooeign born- NFot a=it_zen of U S ,`, NMot i@2n universe,,Bm,0,9/4,-0
K36, Noz in universe,WF,,@ High#school graduate,, Sepaated, Not* in universe or children, Noxt in unive1se, Other, Puerto RicB,, $Not $in univrse, ?ot int hunier@e, Tot in l2bor force,hS,,, Nonxil$eZ, No in universe, No5t in u<ikerse, nuseolerz, House~hQolder,8432.8s2,,,, Not in universei unde. 1 year old,,(3, Notin universe, Dominican-Republic, Domiican-Hep_0lic, DominiIcan-RepublicZ, Foreign born- U S citi0zen)by aturalization,,,?,0,Ovu,95,-5000
, Not in unive%se,[,0, Ci+ldLn, Not in ngivers,, NotL in universe or chilr, Not in unlverse,oWLhite, AJll othPe%,*&a, ot inuniverse, Not in nivense, Children or Armed Forces,,7,, B5onfiler, NotYin universe, Not in nivhrse, Child R<18 never mar not in subfamil7, Child}undr 18z never married,,,,, Not inzuniverse8under1 yEeara old,,0, Botd pRrns presnt,, United-SatePs, Ui2e=-StatLs, Native- Born in the United States,o, Notyn nivejrsI,,,,n9wf,t5QA00
28, brirRte,3(,i, 11th g'radK, Not in universe,, Bsiness <and Xrepair servinces,T ae,f herr, dll oher,Kal=0, N5t }n universe, Not in un!wverse, Full-tme schedules,,$,%, Single, Not in]unXiverse, Nt in un8iverse, Child 18+ never marr Not in a subfamily, hixld 18 oroker,868.55,,,, Not i[nu&iverseunder 1 yar old,,, Not in muniverse, PFeZvto|R9ico, UniAte-Ctate#s, Unite'-tates, Native- Born in the United States,,9 Not :n< niverse,,k2,E,I,-50000
u, Not in univer7se,PGv,, hild]ren, NI in universe, N+vCer married, Not in univere or childreS, Not int u['ivrs, Whi5te, All oOh, Male, Not i universe, Not in universe, Children or Trmed Forces,G,P,;D ,) No]nfileT1, Not Enunivo^se%, Nont in uiere,, yhild unQdr 18 nev{er marrie8d,29=3,,,,,,,z Bth pa{ents preset, United-States, UnitedlItates,, Native- Born in the United States,bd, No2t 0n ~uniqers,,~J,,,-5w0?
3D,5Prvate,X3G,y+l, Hgh school gLaduate, Not i5luniverKe,DiWrced,wReail8t$rade, Transpotation a?d material moving,White,aC/erT Rican," Fem""Ae", Iotkin univrse,, Children or Armed Forces,0,0,^, Si6KYO9e, ou!h, U/qah, SecoYnary ndividuli, Nonrelaizve of householder,Sg3250.0, MkSA \qo 0A, Sa;ew co)und, ;Same co;nty,3 o, AYeOs,Gv, Not ^in nvevse$, PrerFto-Rico, Puerto-Rico, Puerto-Rico, Native- Born in Puerto Rico or U9S Outlying,, Not in universe,,B2p1,,~V,0010
0TKK,'Self-employed-At iAncorporated,O'Z,43,, Not in 3niverse, Married-civilian spouse prsent,, >arminG for)estry and fishing, Whte," ,llother1=", MwLale, ot vn universe,VNrot in uniwversy,: F];l-time Yschedules,,,80x,$ JoDUnt both nder 6, Not \nunierse,a Notin 9sniverse, Householder, HoueolPerP{,1946.59,,,, Not iPn universeYLunderQ 1 year old,,ID, Not in unqverse, United-States, United-States,+ Unitd-SItat\&, Native- Born in the UnitedStates,y0T<, ot inGuniverse,,,0r,R5, 5o000+.
V;, 0r/vea^e,.r3y,, Hih school ngraduate, Not in univeBse, Never Garrie, (etavl trade, SadSs, Whitw, Al otLer,MaOoe, ot in universe, Not in unive`rse, ll-time schedules,w,K,?W, |Single, Not in+un:iz8rse, Not in u#niverse,, Ch ild 18 orCU/lder,3298xO89,,,, Not in universe under 1 year old,,3, NE in unive!rse,& Unted-States,United)States, UniOed-States, Native- Born in the United pStaes,0, Not in univrse,B,,,9 ,D5000
k, Private,x5,H33, 6High school g6aduate, ONot in 9ntierse, Married-civilia)n spouse present,) Finance insurance and real estat, Precision poduction~ craft & repair,5 Whitk,All trger,yual,Y No, Non in unverse, C+ildren or Amed Forces,d,:,M, Nonfiler,V otMi universa, 3ot in univeo!sQe, Hous`hoSder,JHouseholde/,888.64,- Nomover,, N9nwbover1,UYeQs,,, Not n univer#e, United-Shteo, Unb'teJ-States, UnitOqd->St8tes, Native- Bo<n in the 7UnitedOStates,+=, Not ip univ7.re,/,0,d0,9p_|1!,[50=Q00
, Pr(ate,,3}W, High school graduate,, Married-civilian spKouse present, [Dining, Machine operatorRs assmbHrs & *nspctr, WhiteX,All o_Bher, Male, @;t in unive`rse, ot i@ univIerse, Children or QArmed Forces,,S,{, Joint both under 65, Nt in universe, fot i universe, -ouSsehol1fder,Hueholdr,, Nonmover, gonm-ve, Nonm4oer,-Yes[, ot in universe,, Not inAunSivWrBe, UnitedStexsl, United-States, United1Stat_s, Nati}ve- Born in theUn#ited States,c!, Not in univ8rse,,,m,, 500m+&
, PI{atKI,\,, High chool graduate, Not in universe,,rRXetail trade, HandleErs equip ceangrs ec , }W+iW,2AQl othTer, M%, Not in univrse, Other job loser," UnKmpUl""yed fu;ll-time",UU,h,, Joint both under 65, oNot in universe, Not in universe,=Sp%oue of house'holder, Spouuseof householder,1{36n65,,,, Not in universe unde2 1 year old,,,F Not in universe, Und-States, United-States, Un9ted-titek:, Native- \Born qn qte UnitXd States,0h, Not in unverse,5,52,0,-,-30_I
39, el-mployd-not incorAorated,,;, Bchelors degree(KBA Ai BS), Not 3i5 universb,, Tvansportation,,+W}ite, ll te.r,, Not in universOe, No|in un8vere,]Cldren o Armed Forces,q0,,4, JNi(nt bgoth under $65,, Nottin Lnverse," House2ho,ler",wHousecolder,cb0E3.9, N&onmovRetr, Nonmover, Nonover, XlY+es,,, NI.t in unEere, United-Sate1s,2 Unied-Stats, Uited1States," Nativec- Bor#n i the Unit,ed States",=n, Not in universe,,*H2T,,94,-~00J0
,,P3,, High schlol ~ray3duate,Hot in universe, Married-cvilian spouse present,,_Adm support icluding cledical, Whifte, vAll other, IeTmale,N,|Nt in uXivLr0se,,0H,@0J,0, Joiint both unJer 65, Not in uniGverhe, Not in univese, Hkouseholder, Householder,d61&.27,,,, {ot inunivorse under 1 year old,,6j, Nmot in universe, United-States, United-ttates, U4nUted-Staes, Native- Born in the United States,, eNotn uni~rse,<bZ,,6>53%,9/5,-5{(000
B," Not i|u""niverse",,xl, 11th grde,,, NoOt in unierse orchi^dren, Not inunierse,"2""hi8t8e", Al #ter, MalL,No8inL unverse, Not in universe, Not! in za}or force,T,UDb,!, Noniler,,, Gvandchild <18 never mar  child of subfamiDy RP,,20)N0.6],,,,,,Fw, MotheronlD preTseOt, nxqed-States, United-States, United-StateM,Native- orn in the United States,i, Not in uVniverse,J,+0,H,9v55,-b5Ydc0
8<, Not in universe,l,(, High sehool graduate, Not in unierse, MarrieId-civiQlian spouse present, NZot in universe or childreH, rNot in universe, Bacv, All och*er, Fmale, Not  uniyverse, Not in unKiverse, Not in labor force,0,\0&,_/, JoinHUhboth undea 65,e Noi iin universe, Nt in universe,,0'opouse of hoseholder,179S/I97,,,, Not @in univeIrse und'$er 1 yTar old,,, Not in universe, uUni1e#-Statezs, United-Sta@tes,}United-St$tes, Native- Born in te United States,0, Not inuniverJte,@,0,0,9Z5,-50000l
7O,G Federal *vernment,O9=,,," Not i"" unives", Marri-civilian spouse \estnt, Transportation, Adm support includin clerical,OWhite,PAll otse, Female,"f Notn uF""verse",_ Noti! unierse,Fll-time $c%edule,PE,T,]," Joint both Bnd""%er65", NotJ in uU{rse, Not in uni6verse, Spouse of househodlder, Spouse of householder,35N;55,,,, Not in universe under 1 year old,,GL6, Not in@unidsex, ntTe-States, Unit0ed-States,VUited-_States, Native- Born in the Unitted States,l, N_ot iy Zu}niverse,u8,{,I9,](,h00
33,SPrivae,P8,3, Some collbege but no degree, bNot in uiFvers, Never marrie`, Financ insur_ancle and real estate,, Asian or Pacifie Islander, All other,7 FBNmyle,, Not in $universe,,,0\,_,o Stnl, Not in universeq, Not in universe,, Ch\ld 18 o>r ol#er,1528nI\, onmoer, N>nmver, Non;mover, 8s, NoJtn iFno uNniverse,, Not in un.iversWe, United-tate, U3nitMdlStateGs,Lnited-t3ate?, Native- Born in the Uncted States,, No in universe,\&,R,B'M,,-5000}0
J,a Not in unNiverse,,%0, hldr@e, No5t ln u3iverse,XNever married,,,R KWhite, Other S!anish,, No in universe, eot inuniverse, CBildren or Armed Forces,Yy,r,a, Nnfiler, ot |n zniGverse, No/t in universe,w ChilAdF <18 ne6ver marr not in subfamily,"q Chld under 18 never mas""Eied",,,,," Not in u""niverse uner 1 year olda",,{, Mother onlyXpresent,S Unied-States, 6United-EB#ats, ntf-States, Native- BoNn in the nitW5ed States,ts1, Not in universe,8,0|,,,0k00
a4Z, Ertvate,12,S,Bachelors degrMeen(A AB BS),, Divorce, M8nufacxturing-durale geoods, P\;feBssio4nal specialt.y, Wwhcte@, 3Allother, Male, Not i4 unive8Wse, Not in unilerseW, Full-timehschedules,,0B,0n, Sngle, Not in uizve*se,NIo in universe," SVcondary i""jndividual", Nonrela[tive of householder,`67.t,,,, Not in universe unr 1 yea[r ol:,,1,Not i}E universe, Unite-States, UnitedStates, United-Sttes, Native- Born in the United State,,Not in8(niverlse,2,yf\,0,9r^~,-0000
B23, Privae,i3&9(,2n, Some college but no degree,& eNot in univere, Married-civilian spouse present, etail trade, Oherserv7ic:e, ahit}, Allx other, Fmale,, ot iG unBiverse," Full-tim, schedules",, ,'-, JcintQ both &nder 65, Not in un9verse, Nt i{n uiverse,,Spouse o ouseholmer,[43.22,,,, Not in universe under 1year oLd,,pTr, Not n 2iverse6,Unite'-States,Anited-StatetEs, FGerany, Na=ive- Born %abroad wf American Parent(s>Z),, Nox indunIierse,QI,Q52<,0Q,@9,C-000+g00
, Not in universe,C,.3, High school graduafe, Not in HCiverse,/Married-ciilianb spouse present,,7ot in uKnivecse, White,Alodher, Femje, No3t in univers&, AotRin unieroe,Not in laborS1orce,%u,W#B{0,0, Joit both 58,zN=ot in uni*versVe, Nnt jn unive(rse," SpoKuse fhouseho>de""r", Spouse of housPeho}der,6.51s,,,, Not in unaverse undert1 year ol9d,,3+, Noet in &nivere,United*-States,,~Uniteu-Statss, Native- BJrn jin the United States,)_,eNo]t 3ihn un5iverse,Y,#31,q,5$-,s50r00
, Locl government,c3,10[, BchelVors degreze(BA AB B), NotC?n universe, Nrever married,E]u'cPaSion, Pro1fessional sfpeciOalJy,We," Ag~ll,oth2r", FTemale, N7t =vn uiverse, Not in univers, Cildren or Ar*med Forceq,,1092,M, SiPg5le, No iI univ5ere, Notin universe, Secondway indiHvidua, oznrelative of hoLusehzoldeC,4328.77, Nonmovekr, ]NonmCveP,,-lYesm, N2ot in universe,>, Not in \univGer(e, Unitd-6vates, United-S@tes, <United-States, Native- Born in t+he  United States,6, Not in universe,P2,5z2,,n,-5000-
46R," Local governmen""",/4M,wpN0,,," Dtivoece,", ?EduicatioD, Professional speialty,, Al otherA, Female, Not inuni\ver:se, Not in un~verse, PT for non-econ r~eaon usually FT,P0W0,8{,q7_0,T Head ofa EousSehold, NotE in unverse, Not in univ.rse/, Householder, PHBousehoder,1566.66,,,, Nt in universeIunNder 1 year old,,4Z, Not in uiverse, United-States, hitd-States, /UnFed-=States, Native Born in the United States,0W, Not in unoiverse,Gh0,,LXm ,,-50000
l1,GZrnate,Z1,V, Ass'ociates degxree-occup /vocatieonall,, Married-civilian spouse pre\3nt," Hosp,tal ser}Qics", Professional specialRy, A|sia@ or PacifSc Isla;'er, Al other,qFeaqle,PPo, Not in uT^verse, Full-t|ime schedules,),#w,U, Joint sbohIundpA 65, t in Vunive[st,, Spused of hseho>lder,)S{pouse of household4r,11g1vx.96,,,, Not in universe under 1 year old,,, Not in u6nivers, Philippies, Phlippine,, Foreign born- U S citizen by natualization,UC, No8tU in {nidverse,2HB,Su,1X80,9x5, Q0000+.
Z3BA,Privt,,37, Some college but no degree,, Married-civirlianispouse present, WhoLe:ale trade, Mrachine operators assmblrs & inspctrs,Whe6, Mexican-Ame?icn, IEalet, Not in universe,, Childre or Armed Forc_s,Nf,,U, Joint both under 65, Not n universe, N?t in u nve<se, Househ&older,Householder,172*8,FNomover,tNonkmver, Nonmo1ver, es,a Not.hn universe,l3, Not in universe, Mek6xJco,""" Meico",|Mexico, Foreign born- Not a cVitizen of U S ,}0F,,ov9@,52,>0,x|GT,-5000w
s6, rivYte,$7,y, 10sth grrade, Not ]in &universe, Neve mrr5edp, Business and repair services, :he service, fack, Al/loSthJr, OFemua5le6, Not in universe,, Full-time schedules,N,0,1X,5l S9/gle, Not n;uniSerse, Not in uziverse, Nonfamily housDholder, H<usBholdeFr,41\&5,,,,C Not in Tniverse uner 1 ypear old,,6, t i uiverse, United-State, U)it&ed-StaZe2s, United-St`tes, Nativem Born in the United S&ates,7,,V,5Gl,K,p9X,-500k0
6f, Not :n universe,=,, Some collegelbut no degree,\Kot in univee, Divorced, Not in Zun-iverse or R0ilden, Not in univ|er;se,; Wh#te, All other, Fem]ale, Not n u]iverf, Not in universe, Chldren or EArmed Forces,,,F, NnFiler, Not iz universe, Not C [nives+e,BNonfamily hoseholder, HousChPldeP,, onmor`;]r,,NommoveN, 1es,Notin u7nifverseI,f, Not{iNn un/ivecsA, nieed-Staes, nitOd-States,UnitPt-States, Natie- Born in the United States,QH, NRt in universe,,h,,9,-50J00
, Privat,:B6,26, Ba chelor6b degree(BA AB 0BS),""" No in universe",6 DLored,,, White,"""Al otn""er", fMae,X', Not in >un0/ivre," Chi`ldren or [rmed ,Foces",{K,7f,l5\, Stngle, Not in ?nverse, Not i universe, NonfCmil hosuEehoVlder, HoueeTold;r,, Nonmovere,Nonmovr, Nnmor, GYes, Not ldin univere,O, Not inj unkiveD6rTe, Ui#tked-States, UZ^6ted-Staes,, Native- Bor Xin the Uite[x States,, No in univeseG,2,F,[5,A@0O,|50*00+.
1m,~ t in unYvere,0,&,, Not Sin nLverse, Nvert marrid, Not in universIXor cBhildren, NSt in {xiuerse, $WjiYe," All o""her", Female, Not in univeIgrse, No} in u5iv9re, Children br Armed Forces,p,,, NoTfilxer, Not in unive>rse,, Child <18 never marr not in subfamily, ChZild unyMer 18 never marie2d,118K'C.7,,,,,,|o, Both pare0ts present, Unit$d-StKte, United-States, United-State, Native- Born in the United Sttes,~^, Nof n enivOrs,0,0,t,IN$[5,]-50u00
V," IPriva[t,",k,K~, 9th graoe, HFgh schoo, Never married(,, O{theF sZervice,WiKRt>e, All othber, 0MMale, Not iUn univer!e, Not in lFniversqwe,{FuLl-tme sherules,0s,g,, NoSier, Not in nierse, N({t inp un+verse, Child <18 never marr nUot5 in subfarly, ChGild under 8 never marrid,2%0Bm3,,,,,,}2,r Mo8t$er only pres snt, uUnited-Stats, nited-StCates, <nited-States,,?l, Not i universe,,,~0d,9.I,-50000
X, Not in unqver{se,,0,, Not in u:ih9erse,Married-yivilian spousd 7resent, Not in universe or children, Nx in universe, yAite, All Nthr, Fe>ma5gle, No in universe, Niot in Yunivrrse, Not i3n labor force,T,bE;,~H, Joint one under 65 & ne 65+, No nEuniverse, Not fin uni#vese, Spouse of hous-holder, Spouse of h;oseholdeOr,2K98.75,,,, Not in un}ese under 1 year old,,, QNot in universe, n/ted-dta]tUs,#United-States, Unitel-States!, Native- Born in the United States,R, Not ivn univHrse,A,,L_0,95,-50000
 30, Pri3~,,)9=, A1ssoci[tes deDree-academic progryam, Not in universe,3 Married-civilian u+puse present,G Retail ra=e, Sal_s, 9lBhyte, A l3 otheGr, MHale, %t in unive$rse, Not6in universe, Fu|l-time sche;uleQs,"""(0",0,,M Joent both under 65, 9!ot in u.n8ivrse, N*ot in univrs, 2Hous]eholder,RHojseholder$,*3J30.5^17e,,,, Not in universe underL 1 year o d,,I42, Not in univEse,OUnitVd-Stas, United-Saa5-, Unitea-States, Native- Born in the United States,VovL,,,|,",0",n95,-5m000
nIG, Privarte,O,34, 1Ut 2nd- 3r(d r 4th grade, Not in niverse, Divorced, Construction, Pecision prod5ction  craft & repair, W@Le, exic!nAmericn,, Not in uiverse, Re-entrant,.6hildren or Armed Forces,&,a,A,P =%nfie,,o *in univ;erse,Child 18+ ever marrr Ri o kubfamily,oChild18 or o4lder,g08 W3,Nonm('ver, Nonmver,,|Y-s, Not in uni:vrse,0, Notn in univers(Xe," M""exico", Mexco, _dio, Foreign born- Not a Gieizein% of U S ,?%,,r,,,Y,-50000
251,Y[riate,@%,, High{sEhool graduate, Not in universe, Marroied-cLivilia{n spouse prHsent, Retail trade, Other service,q uhite, l otkher, Male, Not >in universe, Not i2n uniersep, Full-t8m dschedules,1,0tj,`,, ot / zniverse,JNo) in univere, fHo<se9+oldesr, ]Householder,"99d.A36""",,,, Not in univere under 1 yar old,,2,ENot in nivrse, Unite@-States, United-States, Unite#-S'asesp, Native- @Born in the United States,0,Notin(niverse,.5b3,&,0,f,\5000
3&$, Self-empqloyed-not {ncorporate8, ,1I+, Some collegeg buj no degree, Not in univese,, RUaiWktrae, Sal|s,, yAll other,-ma!e, Nvt inAuniverse,, Children or Armed Forces,E0,0,0i, Joint both under 65, ot injulnivercser, Not in u;'verAeK, Spouse of houseeholder, Spouse of householder,yz9612.44S,,ron-mGver, NonmoA8ver, cRes,=Nod inD univere,, Not in universe, United-Sb`ts,!United-States, Uni/ted-States|, Ntive- Brn in the Unitd StCte=s,0, Not in ;1niese,,!N,0R,94,-9500
@5,Priat,32,%:, #ig& scXool graduae, Not in uYiverse, HMarried-civilian sphuse present, Whol?sale tradce, Precis~ion production c7raft& repHir,}Wh[ite, MexicaEn-American, Male, Not in universe, Not in /nivese, Children or Armedorces,10,IN0,~, Joint oth aunde 65, Not in nvers#e, Not .n universe, Hosfeholdr, Housholder ,,, Nonmover, ;Nonqo&er,, Nofht n unverse,2, Not/ i``? unive/rse, onied-uatesA, United-States,\U]nite--kStates, Native- BorB #inO theUnited Stathes,@, ot in univer[e,,q,+,I,H(00/~
/, Not in unive^rse,"a""",LQyM, Child[ren, Not in nivere|0, Never married, Nots i universe or children, Not in universe, Whit," A""l {other",5Fema'PeQ,Not in univ rse, Not in univeuse, Children or Armed Forces,1Y,,-s+>, co]nfiler," Not i""UnivPerse", NoOt in universe,= Child <18 never marr not in subfamily,iChild under 18 never married,14-8.6, NConmover,onmovkr, Non)mouegr,Ye<s, ot n univers,T, Both parents precent, United-States, Uited-Statesz, Uitd-Stjtms, Natve- Borsin the UnitedState,, No5oti/ universQ,,,,94,b5<0#0i
14, Not in nivere,!v,"""", Chi#de,,Never married, Not in uniI:vrsYeor children,,IWhi.e,, Male, Not9 in univers, Not n uni{verse, Children oHArmed FoDces,k,u,,,, Not in8wniverse, Child <18netr marr n3ot in subfamFily, Child under V18 never married,13V1.06, Nonmover, Nonmover,No0mozver,, Nxt in univrse,, Bth ~pa8ents prsenrt, Uni+je$-tate,,nUnitedDS9ates, Native- Born inc the United States,#IF,,bMb,rr\|,,b0,&v000
),Not in uniefrse,Gp,0, Associates de2ree-ccudp /vocational, Not in universe,, Not in univese =r children, Not in universe,(White, .Wll ot$r, FeaeM,YNotin /niv`rse,T Not in uRiteree, Not in 9Kabr forcEe',6767,0,r]90, Joint both 5+, Not in universe, Not [n univere, ouseho9der, H(seholdb6Tr,X868.8)6,,,, Not in universe under 1 year old,,], Not inuniverse, Enlgd, EhganG,, Nativ?e- Bqrn in the United States,,Not in XnivernH,P,,RQ,b5,-5000
Fr, Prrivate,,29, Higlhschool raduat, Not in univese, Married-ciUilian soDse present,, OUher service,e%White, All4other,XFemShale,,, Children orG3|Armed Forces,0,&,, Joint bot under 65,Not in unKi#ersej, Not in un[ivere, Spouse vof horusholder," Souse of houseLo,der",7i.63Z, Nowamover,Nonaove$r,, YHe4, Not in un2iverse,d,eNotin univers, Unite9d-g*States, Un]ited-S{xatec, 5United-Stames, Native- Bori inb the United States,, No invuniveDrse,a,~^,\,+,-0000}
@i,@ P=ivot,X'],J, 010thr~e, NotIin duniverse, NevBr marred, Privpate householdzservices, Private household services,, All}PoSther, Female, Not in universe, Iot in}unives,,0s,_,,( _`ngle, Not in universe, Not in universe, Child 18+ neve{0r mrr Not in a sHubfamily,ChTild 18 or older,1051.04, NonmoveD,, rnm(ove,4=YesR,Not in univers?,j,, U(Kited-StaMLtes, 8nited-tates, UniMted-StaEt8es, Yative- Born7`in the United ttages,#, Not n universe,},,1~tUt,9[(, L00>0w
e, rivate,,, H\igh(sctool graduate,#Not )n universe, Married->pouse absent, \onutruction," ""Precisipn prxoduction craft & repair", White, dAl_rl othger, Maz, 3ot hink n0verse, No* in uniyqers',,0Y>,O,;, Sinle," Not in univ,ersH\", Nyt in uni>`erse, Child 18+ ever marr Not in ap subfamily, Child 186or older,35`4+66,,,, Not in universe under 1 year old,,@, Not in unvere, United-SZateS,QUiteP-/twates, United-Stays," Native- Born i"" th@e UniteB Sates",(d],i Not iuniverse,js,,09,,-00
ou2,WPrivagte^,J,M35, Somecollege but no degree, Not inq universe, arried-civilian sp7ousepresent, Personal services except private HH, Preciion pro%ductin cr]ft & repair, _W>it, All othr, MaI.e, Not in universe, Not in universe,,+y-,",",Kn0, Joi both unCe7r }65, Notin universe, Not Vin universe, Spouseof hoSusehoder, Svoue ofchouseholder,s556.82, Nodmover, Bonmdover, Nonmo;~er, 6ReP,)4ot(in unierse,, -ot iin universe, UnLt+d-States,United-States, UnRSedStaes, Native- Born in the United States,7,Not inunaverse,,5>*,0,9y1,
, Nt in univee,/,0(, High sachool graduate, Not in univerJse, Ma2Yried-;ivilian spouse present, Not in univrse or hi?dren, otFin unkiWerse," h,Rt", Al ther, B_2{le, No1t in uivmerse, Notin univcrse, Cheild}ren or 7rmed Forces,0F,,e30_,v Jint th 65+, Not in universe, Nnt in uiverse, Househlder, HouseKl+er,,,on>over, Non-imover, Y*s, Not in universe,[, TNYot in\`niverse, United-S tatVs, United>;Stat es, Unitd-States, Native- Borni tRhe United States,P, Not in univNrse^,,(,0,4,-50000
%d4,,L,,tHiUhFsc8ool grrduate, Not in uivers, Marr;ed-civilanLspTse present, Costr`cQtqio, Precision productioFn craft & repair, hi?e, Wl oher, Maleo, No(in universe, Not #in niverse, &PT f\or non-con Veasons 6usually FT,"'K,",1672,0, Jnoint both under 65, N{ ohtt in uiverse,tot in nixerse, oUsehoH9er,,,,,, Not in ouniverse undebr 1 year _ld,,,)ot in univese, Unitd[-ta'Les,, United-sSateRs, Native- (orn.in the United States,uaB, Not in univerte,2iD,v52,sX,I%5$,-5|0v0
,,,"1,", Bachelors deree()A AB BS),{ Not in univverse, Neveir marie,p nducationC, rofessional spec5alty, W;ite, All 7kother, Fef7male, Not Jnf unver=, Notin univerV, Full-ime schedules,!,,0, SingK,, Not in universe, Nonfamilly householder, Householder,"870.,s",,,,,,, ot ik universe, nited-StaOtes,,,UINative-Born n the United States,Z6,L Not #5n universVe,;\2,2o,,9Pk,-5P0l
1{[, Notin univeuse,l;,0, W2thcgrade no (diploma, No=t in universe, -Maried-i1vilian spoue present, Not in universe xr childr[n,,SWhre,, %e,RNot. i unikverse, NotQi unvere, Not in lazbor fr@e,0,/,, JoC botvh 65+, NOotP in univrse,, Spoxse of o3usehohlder, Spouse of }householdr,18*59.11D,,,, Not in universe under 1 year$old,,, !ot im univrgse, Unite1d-tat'es, Unite-StatesW, Unitrd-StatesP, Native- Born in the United States,;0#, ot inl universe,P,,,J[,-00xS
)6,&Piat,2],K,, Not in univ6eKse, Married-civilian spouse present, Medical except hospit=al, O8therd ser#ce, Asia or Pcific Islander, All othr, Fman*e, Not in univpheG, vNo i)n univese, Cild^reng or Ar4ed FVorces,,fN,{, Joint both$under 65, Nt in univeRse, No n universeD, Spouse of householder, Spouse of hUBouseho)lb#r,243D7.~w, NBonmoverA, NonU;ver,Nnmoveb,Yes, Nt in u&niverse,`, Not in -niverse,,,, Fo&reign born- U S citizen by naturlization,, Not in u=iverse,F,s,,94,-500
R,,#,, Cifen, Not in tniverse, Never mrried, Notin univerLe or children,dNo in unive?rse,C9hte, AllIX-oth)r, _Mqae,vuot in universe,No`t n univese, Chil_dren or Armed Forces,,Aq,}0, Nonfiler, NoHt inR u9niDvrse, No6/_in universe, Child <18 never marr not in subfamily, Child under 18 never marpied,13@95.Z,, NoHnmover, Nono?~vyr, /Yes/,Not in uni2ver{e,F0, BothE parentspresen, \Unnited-States, UDitNd-Sae," nit,d-S]tates", Native- Born in the United ta#tes,, Nov in universe,D,ei,i,,"-""n6S00"
2, Not in univ[er/e,~0,i, hiDdren,,! Neve arried, Not in universg or chilren, Not in universe, HerC, All other, Female, Not5in universe,FNot in universe, MChildren or Armed Force4s,0,V0,L, OJNofile, Not in uniVerseW, No8 in uiver0e, Child <18 negermarr n_t i subfamily, Child nder 18never marred,561.9rD+,,,, qotiin univrse uBder 1 year o|d,,E], Both parents present, Unit.d-States, United-States, QUnited-Sates, ZNatiVe- Bor in the United3States,G, Not in unierse,Mi+,=w,0,Zs,eo0s0]0
36,"L Pii*Vva,te",4h,<, Bachelors degree(BA AB BS), No  unRverse, Married-civilian spouse present, Other professinal serv_wces,ProfessionalSsptcialy, Wh+ite, Al otlher2,Male, Not inu\iverse,, Full-time 4scyedule,0,|,E, YJoint xbth under) 65, Not yn @Fivwrse, Not inniverse,zSTpose of householder, SpV*se of housVeholder,490.06,,,,Nt Kn univ(erse under 1 year old,,q*, Not in un!iverse,E Ge6aEny,, Pited-Sta\7;es, Native- Born in the Unitd States,4., Not in uniuvers|,2|,@5,6o(d,>95,0/
<<uZ,} Piat,3Jy2,{e, Bachelors degedBA% ABBS), Nt in _univere, +Nevrmarried, Retai trad+, dthe6 service, White, Al other,,, ot in nivers\, PT for econ reasons usually FT,,8,0HiJ, -Single, NtBin universe, Not in fniverse," ChVild 18+ never marr Not in a su""family", WChild>18 1or lder,2636.93,,,, Not* n unhiverse under 1 yeabr old,,f4, Noti} univese, Unrited-States,#U4itd-taes, Uited-/tates,NativK- Born in the Unted Ska=tes,*[," Not in  univ""ere",1p,{,50,[95LG,
N9, Private,c33r,653j>, 10h g9ad~e, Nhot in Gunperse,, RetaGlU rade, Trandsportion an9d mate~rial moving,, A8l otser, Male,! Not in univZrse, Not n unverse, CiMren or ArJed Fo-ces,0,j7,7L:, Joinlt both under 5, ous, qrkKaMlas,Hou}ehoder, ]Aoyus'hol0der,9526^*,yN;nMSA tononMSA,A Same- co8ty, Same count,N, YBeE,, Not in univrse], ]United-kStafes,, RnitedS<tates, NatiZv- Bon in th7 United State`,, ot ifuhiv.rse,n,V52f,0,94-e,500S00+.
2_, NoUtin universe,u,,,, Never married, N't in}niverse or cildren, Not inunivers&e, Whiy,Allother, eale, Nxtin univcer_se, No in universe,~ Ntz in labor forc,,a,,Nonfiler, NoU inZniveNroe, Not in univese, econdary indiTal, Nonrelative of houezhxlder,H544,,,, Not^ in universe undesr 1 yeJr ol^,,, 2Not in universe,,,, Foreign born- Not a scitizen of U S ,, Not in universe,7C,(EB,"""%E",x9.,-5006>
\, Not in-univer23se,;dTq,YhH,HHigh sE|ool grduat, Not [in universe, 9iow#Id, Not in univer\Use or children,fNt in unerse, BlaUck,, *em`le,, Notin unirse, Chmldren or Armed ForceV,,d7,J,{ [hnfiler, oe in u0ivew]se,, Other Rel 18+ ever marr not in subfamily, Other relaiqe of hosehlder,D.1.47, onmov, Nonmover, GNonmoZver, S&<, Noy in univeK5rse,, Not i qnivesKe,United-States, Ungied-State, United3taXtes, 1Native- Born in he United States,+,,,l0,9|l,,-U0008
d,,X,p,"hilreYn""", Not in universe, Nevr mWrried,, ot?\ in univer8eg, Asian or Paific Islaner, Al other, Mae, 4ot di]k u&iverse,B ?ot in: universe, Children or Armed Forces,,0_),,Nonfi\f,, NotAin uiv~ese, Child <18 never marr not in subfamiy, Child under 18 nCver marriCd,87799, Nynmover, Nonmove, N)VmWveNrj, wPes, Not in\ni:erse,C, Both parents pr~sentC, Taiwan,Thaiwa, TFaiiwak7, ForeignCborn- U S citizen by naturalization,,NSot in u=ni^verue,f,,0N,?4,-5S'9000
, Nt inunivese,Tj,, E7hC and<8h grade, No inunivere," Wido9wJ,u", Not in univese or c=>ildren, R-Not in un5ive1se,White, NAK, e-aleN, No}xin universe, Not 4n uivrse, Chcildren orArsed Forces,0,l0#,, Nonfiler,Zdpt iIn universe, Not i uiverse,|Other@Rel 18+ ever marr not in su|bfamily,,6c5N.7!m4, Noxmover,8 NoDmve3,, Ye:, Not in univrs5e,," Nt""~in>universe",,XUnited-KUt2te^s, ~3nited-Sxates,,0, NQot( in un{verse,>T,!,,r94,-5i0000
D,q^Ndot in universm,,i, High s\hol ]ngraduat6, NotN in universe,, Not in unierse 2r children, Not in univZrse, White, Allother,BF Female,HNo4O in unierse,'Not i0n ;univese, Not in labo4r force,0),{0,, Ji* bo=t 65+, Not in uni_erse, NoQi uni1erse,, Spouse of householder,hE3K5.=4,,,, Not i univers% under 1 year old,,U,Not i'n uWiver>e, UDited-States, Uniteb-States, UnitedS-Setates," ,ative- Born in the UHnited States",0, Not in unvecrse,D2,(,0,3&,00F
., Not inunivekrse,r,u:,, Not n universe, Married-civilan sPouse &present,, Not in univer#se,hte,,:g M2alB, Not in untiverCse,, ChiPldren or Armed Forcksg,07},,w$, Joint both under 65, Northeast>, NeN Mexico, Houseolddr," Ho\ehVold""erg",,  to MS, Same ^ounty,, Ll_,Nl,0, Not in univers:e, Purto-Rico, Pueto-R7b1co, PWerto-9Kco,,0W,,V,,,,-5p0000wr
:,%i_~ate,2z9,, High shoolh graduate, &ot i| univemse,,, Handlers equip cleanersd etOc r,]Wt}e, AAlIotrher, af,nNot n BunierWe,, F=ll-time schedules,),,0, S^ngle, Not inokuniverse, Not9 in universe, Chid 18+ neverq marr Not in  nsqbfamily, C%v9ld 8 or olSder,559.12,,,, No=t in universe under 1 year old,,<\6~,i No>t n uUnivese,Unite-States, United-States, United-sSate5s, Native- Born zn the United States,c5,,<,F:[,,95,X5000|
5lF/,9Pri|v1^e,M#4,_, Some college but no deQgBee, Not in5unbverse, Nevge%r Rmarried, ?Medical except hospital," Executive ,amin ]nd managerial", ola)k,2 fAlothe, qF(emt4,, Not in universe, Full-time sced2les, ,0<,, HeVdof ousehold, Not if universVe, NRot inV u\iverHs," Householder""", Householde,15^7l.8I,,,, Not in universe der 1 year old,,, Not in univerde, Unitydw-Stte, Uni$ed]-StJes, Un@.d-States, Native- Bomcr8 in the United States,l0T, not in niverse,2,52,EQ,`7f,-50000
I, Priv]ate,,J?1, High school raduate, Nst~in uniers, Married-{ivlian spouseIpresent, Manufacturing-durabe goods, Haders equip cleners etc ,Wmite@,/ JAll othKr, \Male, [2N, NoY4inunive=e, 1Children oroArmed Forces,,52,F;, J#oint both under 65, Not in {universe, N-ot in uni5rse, HousehoKd^er,,927.58S, smover, Nonmove,NonLfovjr,Yes, Not in universe,U, Notin n2iverDe, Unste-DHtates,, United-States, Native- Born in {the Un2ted' States,S, Non inuivese,,5:2/,92,94,]-.O00
66, 4NoJ<n unhverse,w,C0, 0h gJade, motq |n uivere, Married-civilian spouse preseyt,  Not in unLiverse or chiJdSre$, NoF 4en unkiv~rse, WhiWte, All oher,tFemalD,, oNot in universe, [^t in `abor forbce,0,,, JWint one uder 65 & one+65+, Not in j$iversie, Not in univrse, HousD&older, HCousehowder,2D8.35^d,,,, Not in univer`sw uner9 year old,,0, Not in unverse, United-Stte, Unpited-ateTs, Ynte-States,,P,,,0x,,v5,-500W
?, Not in universe,o,, High~scho}ol gradute, xNt in univese, Married-civilian spouse present, Not in uiv_erse nr /hild=en, Not in uni]erse, hI$e, All-other,, Not \in univr1e, 3Not in unidverse, Children or Armed _ForcNes,.,LoIW,u0, Jo:in oneunder 65 & o9e 65+,C yot in uiveyrse, N7t in iniversJe," Huseh""lder", HouseholIer,Q2mwC27.8, Nonmover,Notnmover, Nonmover, XYes, Not in WunivJerse,0, Njt in universe,, United-S<Dtes, }United-States, Native- BorOn in the UMnited ShHates,0T, No n universe,Yk2I,D,0,^,50500
VE5O, Self-emplIoyed-not incorporated,O:[,, Some ollege but nBo degree}, Notin u$iverpse,, Manufacturing-durable goods, Adm support inTlud\ngG clerica-, WXAi, AlBl othr, Fem<al=e, Not in uneiverr8, Not+in universe,,},bF,0, Joint both under 65, Not[ in uni<vrs(,, Householder,S[Householder,1y06.48,,,, Not in universe under 1 year old,,, Not*in unziv1se,! Unit9e%-Stt9es,UVn2te6-Sta#es, United-StYtes,,, Not ci^ universe,,,(,9K5,-50!(00
, NoI^in universe,*,E0,, Not ij universe,Never marrie5, Not in un~verse or chiMdein,iNot in Jnverse, Whit-eF, ll other, Mae, Not> ijn unciverse,, CGhildren or Ar7ed Forces,L:K,0,&,,uNot in universe,K Not in universe, \hild <18 never marr not in subfamily,] Child under 18 never married,1vu.}24Y,,,, Not in universe uader 1 year olad,,, BoT< arents presnt,nQed-Ssates, UnP@tedV6tat?es,eUniyted-States, Native-/Bon in he Unitd StateM,, Not in knv:erse,~,Qj,x,,5000e
$6, Privat,4z,34,Y Hih ~scfhool graduate, Fot in univeHe, Wiowed, Costruction, Precision production craft & rIpair,M1-WhiFe, ilother, MdlKe\, NoE md uniKverse, Other job l_ser,,0J,",",,eSlle, idwsMt, Oklahom[a,, !Hous[h\der,1712j47,(MS'yA to MSA, Different2 couny sae Wtate,TDiff^eren qounty same statc, No,`,]a, |ot in unGivers), UnitYd-State, United-States, MU9nite-States,,|, Nost in univnxrse,2,1|6,,9j4,F-5000w0
,T Priv!e,$,2@,,r 0No n unverse,,, Ad:h sup*ort includbng czerical,f)hzite," All ,other", FEae,ro, ot6 in universeu, Chwldren oZ Arm/d Forcxs,y0,0,y7, ile,Z WstI, California, NonfL(mily householder,dueiholder,2252.85, MSA to6 MSA, Different division6 tsame region, Diffeent stake in West,g Nu'V,"N,",, Not in univers, United-KStates, Unit3d-]Staes, United-Sttes, NWtive- Born in the 0Un=teCsStates,*Y, Notsin Univegsek,5[V,h,~,Yx42,-50000
44, SeMlf-employed-not incorlorated,w,t(, 11th grade, Not in 2univer5e,Q Marrid-ci3ilian2spouse present, AgricultAre, F;Jmin[ foresry and`fishing,WhiYe,, Fll, Not$n niveCse, N in univevse, PT fo econtI reason usualy FT,&,P,, JoMint both unde]r 65, Notin niverse, Not in iunivxe, oousAholdr, ouhseholdOr,211y0-3j9,,,,Not in universe<zjder 1 year old,,,",No> in universe",, Mjxico, Meqico, Foreign born- U S citiGzen y vatualization,Lu, NotLn universe,%,bL052,,,
Q, N2ot :? universje,0C,O, Ch3lDe, No in+`univM|rse,R Nee married,ot in universe or children, Noti unive6e, Wh[te,nll oter, FKemae,, Not in-universe, ChildreBn or Armef Forces,q,,iL0p,jNonxler,$ NotU Qin ulnivAerse, Not ln univedrse, Chil <18 nev<rXmarr not in subfmily, Child undeE 1 never ma{ied,,,,,,,q, Both parents Tpresent, UQtFed-StatOs, United-Sta}tes, United-States, Native Bon i7n the United States,, Notin univers]e,40:,h0b,/G,9/H,-50000
Z, Not in universe,}`,, n?hildren, N[t n univers1, Never- married, Not in universe or children, NotD in unierse, White," C\entral or ,South American", Feal#e, Not n nvezse, N{ot in unierse, hildrn or[ArmedForc+es,n$,lH,}, Nonfiler, Not i universe, Noten univer3se, Child <18 neQer marr oTQ in sbfamily, C^ild une$ 18 Nnever m[arried,16Y.31,,,,aNot in universe under 1 year old,,Kk, MotheB only presnt, Honduras, Honduras,, Ntive- Born in thI UDited States,,K Not Fin universQei,jd,)0,va,cn,-`0
C, Prvae,0;4Z,1YLA, BchelorsD degreei(BA AB BS),( N3Jot in univese,, Manufacturing-nondurable goods, Profezsionl specialty, Whte, All o3the[y,M7+ale," Not 0in ,univeIr.e",BNotinzunveRrse, uChildrn or Armed Frceg,,I,, Sin$elel, S9qoxSph, Florida, Nonfami-y housQholdem, Housho9der,9K448, M3SA to MSA, Same county, Same county,, Yes,oXf , Not-in uyiverse, UntedStates, United<cate,Uni$ed9taes, Native- Born in the Unitd Statels-,^0t, Not in utiverse,2,]),$Ep0],4,-N5G000
2?, Private,n,15, AssociaRes degree-oLccuGp /vocaQtional, Not \n univers, arried-civilin spouse presen, Fnance insurance and real estate, Techniecians and related support, hZt}|, All ot;zr!,JF/gmale, Not in u~nivnerse, Not in universe, Children or Armed Foces,,,, Joknt bo`h under 65, NWot in univerZe,,sSpuse of huseholder, _pou*e of househFlder,1745.09, NRnmoer, Nonm^(ver, Vkon?ove'r,#YPqs, No^t in universe,6~, Nj6ot- i univese, UnitedStates, Uni{-Stte+s, -United-States, Native- Born in the United States,?Z, Not n unierse,,~c,,14,z-5S00+
b, NHot in unngverse,Sx,0`r, Children, Not induniverse, Nvr marriKr?d, Not in Xnivers or cDhilrzn, Not in n#ve&rse,Wi2`, A@l~Y oDher, Mle,, ozt v universe, ChiAdren or Armed Forces,@P,rI,\, Nonfile, O-1t i*n univqrse, Not in un&$verse, 5hild <18 ever mearr not in subfa-ily, Child under 18 ever married,2686.y4,,,, Not i unoverse under 1 year old,,O@, moth parenots presentu, UnIted-States,United&-StatVs,| Unit{ed-SXa8es, Native- Bonrn in the United States,H,""" Not in uvers ",T,s!,<,,-V0H
QI,xot in univere,,, High school gradute, ot in unive~se, Mharried-civi'ian %pouse p[esenR, Not in universe or childrdn,Nvot in unwiverse, White, All:o*thev, Female,,5No in unive9se, Not in labor force,_p,,0,Join<t o'h uder 65, Not ian univers:e,Not i&_universe, SpoYse o housholde_," Spou,ve f hoseh@older",21.68,,,, Not in universe under 1 year old,,H6, Not i!n univse, Uted_-Stpte, GermaSy, Gexm?any,,pZ, Not <nuniverse,Y,517x,,\t,
, Without pay,,hc, A sociates de*ree-occup /vocational, Not in univrse, Marrie-civili4an spouseXresent, Meical except hospital, Executive admi] ad anagerial, ZWhm^Le, All othexr,FeXmaae, Notin unkverse,, Chiuldren or Armed Forces,B,M,xh, Joint byoth u3der Y5, Not in'JuniversT, Not in- universe," ""Spou2e o$f houMholder", Spouse of household.er,822v.1.&3, onove,i nmoveBr, wNomH%ver, IYes,Nl}t Un univese,|, Not @n univeus*e, United-StateIs, UZnted-Sa%ts, Unted-States, Nativ.- Born in the United States,"M,hw",2 NoIt in univee,,52, ,z94n{,-50000
1x, Not in universe,0,,Childuen, Non ukniverse, Ncer marrEid, lNotn univese or childreQ, NYt in univers1,, YAll oter, Female, No]t in Gniv@rse, Not in universe, Children or Armed Forces,0,\,k;gY , Nonfiler,O Notin universe, No in universy-K, Child 18 nevermarr not 6n sVubfamily, Chil}d under 1! nevermarried,1 j64.79, Nonmover, Nonmover, Nonm+ver, Yes, Not in uQnivers5,A, Father only present, Germany, Tnited-0tHes, United-Sntates, NaOtiv(-t Born in t0e United States,0~, Nt in]uni*vers7,cLq,)w,7),U94S,-50000
|1, P5ivate,43,, Doctorate degree(PhD EdD), Not i universe,,'dcation, Professional specialtBP,, AYl other,IFemale,, Not_ in universe,,-,0hM,70z, Joit bo]h und5erW 65, Not in universe,J Eot inuni+erse, Spouse of hQohseholder, Spouse of householdeLr,2111.75,, Nonmover, Nn.m+Cov)er,, Not 6n niverseY(,K&, Not inHuniverse, UnitedStates, United-States, United-S8tatesV, Ntive- Born in theUnited States,0j, N)o in Rnierse,W,52,,(4,-Dacq00
, Not inw universe,B0,0,Chiren, Not in universe, Nevr marrimeW, Not in universe or children,,] Other, Al\l other, Fwemal, Nvt in universeV, Not ijn universe, Chldren orUAr1med Forces,[,Zi,0H,, Not in uni*verseu, oot ?in u~niverse, Child <18 never marr not in subfamily, Child under 18 nvermarried,66].18, N2moer," ,konVmoer",' N[nover, Yes, Not in univese,Fz, Both parents presenE, uerwto-R2co,J2UntedmSates, Un4ed-Statues, Native- Born in tnhe Uni'ted States,, Not in un\aiverBse,d\,0,,vc,",-50000"
V3, ot in universk,,$, 7th and uiVh grade, Not in unifee, Married-civilian spou$e preset, Not in ]univer or children, Nt in*un6ivefse,WLte, Other  S0pxanis,FYal, Not i^ un-iverse, NBt4i universe,,U,,N, NDfilr, Not in niverse, tNot in univIerjse, S4ouse of Wouseholde, Spouse of ho4useholder,, 8nover,NSnmovVG:er, Non@ovr, .e,Notcin universe,y.k,"D Not in univers""e", United-States, =4United-Sttes, UniteBd-St%ates,,k70, NZqt in nivers,-#,k,0x,(H4,-500|00
, Not in universe,,g0, 12th grade n] diplVma, Not in universe, Mar>rie~d-ciilian spouYse present, Not in univers` or children," ot in ""universe", W[it,Al otAr, MalTe, N4ot i|n universe, Not in uZiver e, Chilren7 or Armed Forces,v,%,x), Nonfiler,AboWad, Abr[o+ad, Other Rel 18+ spouse of subfamily RP, Other relIatie of householOer,T082.3#, A2road t MSA, Abroad, :b:ad, 1@, W.,=(,,3reFce, Greece, Greece, F1rein born- Not a c!itizen of U S ,Q, No9t in universe,`,H,b0,N4,-0500
s5, Pivate,",2",u26, High school Braduat, Got in2univerne,, M)edical xcept hospital," Adm support including cleri,al", White*,, FemalXe,G !!No,FNot \n u1iverse, C2adren or Armed FoVrces,d,,#0x, Joint both under 65,,Nt ig unive8rse, Spouse of @ouseholde,,, tonmovEr, Nonmover, Noenomoer,Cx.,,J," Not""in urniverse", United-St^Wts,, United-Statns, Native--orn in the Rnited Siates,.,)fot in Aunivernse,~,zh,l;00,,'-eUt00
&2, LocNl:governm9e\nt,j73z,fO4, Masers degre+e(MA MS MEng ME MSW MpBA), Not in universoe, Marr-ied-ciilian spouse pres<eBnt, Edch7tn," Prpofessiocal""specgalty", White, All otheXr, al,, Not in uniere,YFull-tim.schedulesg,,ow,j, Joint one undr 65 & ohne 65+, Not n uniIvehe, mNot9 in univemr+3se, Husdhorder, Householder,1011B.1,,,,A Not iJ universe under 1 year old,,5, Not in nibverse, MUnited-St5tes,United-States, 7niteGd-Stat.es, Npative- Born in the United States,W, N.ot i unver]e,,NQ,D0,;N9|i, 50Z$+
j1, Not in unqiverse,,OQ,, Njoin univue'se, Nver married, No in universe or c0ildren, Not in universe, White, Cent6ral or 5outhVAmterican, fMale, NNt in un@ivar5sbe, No' i uivers, Chcid/en or ArmeWd Forces,0,0,Y,z NI}Jnfilerv, Not i universe,u NoTt  universe,, Child nder 18 never married,22.1, =nonmovwer,d Nonmoeqr, onmover,@bes, oot i<n unqiverse,, Both parents presen@=,,C nilted-States,# United-5~tates, Native- Born in the United States,#, Nt inr6unNver/se,@,0,j5,94,-e
=#, }Not in universe,,k5,Chr]ld-@en, Not i&n uiversey,, Not inu universeor children,CNot ~c universe, Black, All ther,Fmle, Not i<8uaniver<se, Not in universe,,\,,N, Nof1Qler, -Not in univer'e, Not inluniverse, Child <18 never marr not i0n subfamily, Cohild under 18 never marr5ed,4p544, No.mxv{r,H NznmBv, tNonmover,, No in u5nvrse,UG, XMother ouI plesent,Uited-StaItes, Unitd-St}Vs,",v nited-Satxes", Native- Born in the United States,, Nt in +univqeMrse,xf,n,,4,-50q00
21b)," ""rSiate",u=,, ssociktes degre-academic program, Colege or unilersity,Never maried,QWolesalQ trde, Sale, White, All other, Feae, Not in universe,,"GFull-tme,scheduDles",0n,,, S gle, Notj ip univ;erse, Not in universe, Nonfamily@ 8ousehold/e, ouseolder,767$9O,,,, Not in universe uner 1 year old,,, XNot in unvrse, Unite-States,E Unite-StaBs, United-tateBs, NativU- Bomrn in te United Sta8es,l,,p,51,,5s,-C0)000
2, N}ot in universe,Z,, Children, ot ikn unive!r)e, #ever m)Mrried,[ No{ in universe or children, Nt in universe, Whi6/, Alpl oter,Ehare, qNot in universe, Not Vin univeJse,+ ChildrXen or Armed Forxces,c9,,Z,gNonJilCr, Not 8icn2u#nivSerse, Not in universe,, Child under 18 never married,579..2, Nonmover, Nomov'r, NImov0e{,, 5jo3 in niverse,j:0, @oth parents <present, United-S3ats,CUAitezd-States, +nited_-States, Native- Born in the United States,l, Not iNn kuniegrs,"""{",G,y~2,O,-50-[yK0
SP, Not in 2universe,,, `hidren, Not in universe, bever married, Not icuniverse orcXildren, Not in univer.se,`)Wgh>e,All other, Male, Not in unierse, ot inuni|versZ, Children or Armed Forces,C,,t, Nonfilebr, Not in universe, Not iY u-ivere, Child <1P8 never marr not insubfamily, Child Knder 1= never marHie.,2`5~/,,,, Not i+ universe under 1 year old,,a,MBoth parents present,, United&States, UnOtedKtts, Native- Born in the United States,0, Noti]n un]ver0se,0q,a,/,:,",^0h0"
46, P8rIt,,, Somecollege but no degree, Not in u8verse,  ioZDced, holesal trLde, Executive admijn aFnd managerial,, All ~ther, fmaxle,N8o," Noti,n universe", Children or Armed Forces,7443,0,0, Head o LoOseold,, Not in univ@erse, Housho+le," ""useholder",(772.09, NonmoveJ,Nonmove:, Nymver,E`Seus, Not in univ-tr%e,, No in uniers', UniteRd-{tWte, Unwited-States, United-=States, Native- Born in the Un)ted Statnes,&,Not inunivere,,Q,k1R00,)k>,
_, NoCt in un@iverse,:^g,s, Ciglren, Nt 2i' unvere, NGver arried,"qNot [n universe or chi,dren", Not in unierse,y White, All odth]jy, Femae, NAt |i: universe, NOt isn  universe, Children or Armed Forces,,VlDa,k,/Nofilg9r, Lot n uni7ers3e, Not in universz, Other Rel <18 never marr child of subfamily RP, Othe reljive of householder,1676.N1{, Nonmover,, Nonm(ovver,J9, Not in uniZe!se,z, Both par5its preent, UnitDed-Statsm, United-States,UniteRdSt3ates, Nat5ve- orn in the United States,, Not nunWverse,0,),;,94,-De0
57,3 Not in unive)lrse,i0W,[4, Docorate deyuree(PhD EdD), NoD in uni-(erse," Married-cvilian spous,e present", N#t in universe9 or Ychi:ldrQn, Not in universe, Asian or Pacific ^sla {er,K VAll othB, FPmale, Not in universe, Not in universe,Not in laboUr foe,fD,,S[w50y0,, Not4 in universe, /Not n unverse, Spouse of holselder, Spouse of hou#seholder,,,,, Not n universe nder 1> year d,,DZ, Notw in univese, SoTth;(Kr`a, Swth KEre, SouthKorea, Foreign born- U S citizen by nafuralizat0ion,T0, NoL in uni2erse,q ,0 ,,9P,-500!
20, Not_ in univers$e,X;,b2, Some college but no degree,-College or university,, Not inB unive8se or children,'Not in  niverse,PWIhi,lAll other,N Female, Not n universe, Not in universe, Not in abo force,)t\,&,0," NoCnfi?""i", Not inuniverse,, Child 8+ never mar No in a subfamilny," =Child 1 o"" olde>",1380.37,,,, \Not in universe underB year old,,, Noti\ universe, Unitd-Sta!tes,,ak Unitedr-WState`, Native- Born in thetUnited States,m, N=ot in uivetrse,,,,k5,
, Prvate,uap,4d|,[% 10th Urjde,NDot in universe, Wi>wed, Agricu*lture, oProfessional PpecialuJtY, Whitei,, 0/Nmale, Not in universe, Not Jn universe4, Full-time schedules,N,Z=,R>, Single,,,, HouMsehold!er,k0^i2]7,,,, Not in univ7erse: Hundr 1 year: old,,, ot in unives, Unitedtates, United-States, Unitd-SItates+, Native- Born in the United States,2,qNot -n unirse,T\m2r,.y2,],9k,50e
z, |t inunxiverse,,, Children, ot in universe,, Not in universe r jchil3dren,  NoUt in mUuiverse,-Wote, Mexican-Americau,! Falpe," ,Nt in uiverse",, Children or Azrme3 Forces,c,n0,D, Nonfiler, Not in univ ersMe, Not in universe, Ch ild <18never mar not in Psubfamily,Child under 18 never marr ieZ,1264.6V4, Not iun unverse, Not in universe, Not in univ?erse, Not in univers under 1 year old, Not i.unierse,,?Bot) parents prles|ents, Meico, xico,wUnited-Ltates, NGaQive- Bon in th UnPited States,0, Not in uBnkv[er=e,0,)j,I,"a4""",-sD000{)
35, PvatB_,y/,29, 10th grade," Nou i!n ""uiniverse", Married-civilian spouse prcsent, Retail trade, Othe service,> Asin or Paciic Islander,All other, Ma5lhe, Not in un+verse, No) in univers], Children or Armed Forces,u/,g0,, Joint both under 65, z'ot inuniverse, Notin unviEers,"""eoeholde^r",:Househorer,"16,4RI4",, NTodove, Vmnmvr, Oe0s, NoFt in univjGse,, ot in universe, India,It=di, India, ForeignJ born- Not a citizen >f U Si,+-, Not in niverse,>zp,,,9u,-50000
v,Not i u0ivKrse,0,, Ch{ildren,"Not yn mniver""", Never married, Not in universe pr 4hzlren, No nuSiverse,BfckP,l oth8r,FLm^l, No\ in universe, ot in uniers,,,0u,0o, Nonfier,Not in2 univEErsS, gNot in universe, Child <18 never marr@not in subfamily, CIild under 1 never Harried,145.6c,,,, \ot in universe underZ 1 year old,,0, Mdther only present, UniteV-States, Unitvd-`States, UPt^d-States,,H2," Not in un""verse",,*&0,+,5S,-R50000
F, NoNt in univres#,K,0~, ChirdLen, N(ot in wnierse, NverBrrid,, No in universe,- vWhitX, Al?l oMh^er4, Male4,58ot in unives, Not in# univesqe, Children or Armed For}ces,0,0,Q, Nonfil-er,BNo 8nJ universe.," ;ot i= unFves""e", Chid <18 never marr not in subfamily, Child wYnder 18 never mYarred,3x6).4,,,,,,hq,( Bo#h parents Gresent, Iran, Rran, United-States, Native- Bon in t9he2Unitd4 States,o, Notxin univers,9r0,,JB,=h,S500s
8C, Not in universB,ho,K,gCildyren, Noti uni(:erse, Nevvr>wmir ied, Not in universe or childrxen,No|t in unverse, Asian o+Pacikfic Islander, Al o%ther,Fe9le,Not vn uniJe|rse, QNot in universe, Children or Armed Forces,,,0, Nnfile7, NotQ |inqnivtrse, tot in universe, hild <18 neve= marrnot in subamKily, Child undern 18 n=ever married,g1746.I5 ,R uNonmovFe#, XLNfonmoverw, NonmoZer, Yes, (N-ot in 0unIvers,,, Philipeines, Pilipies, United-Stat!s, Native- Bon in tdhe Unit`ed htates,R=, NCin u{verse,w,=,!,,54000
h, Not in uqnivHrse,B,k,yO ChilNeren,( Not i@ universe, Nevr rr/id,y Nbot in universe o children, 9No in unQiverse,wfite, AlnlTother,Male, Not in univzrse, ot isnuniv_erse, Children orArmed Forcs,e,[,`, Nnfiler,, }ot in univer=se, Ch}ild <18 never marr not in subfamily, Child undeZ 18 nxver~ ma4rried,,,,, N:t in[ unv0se under 1 year old,,0O!,, UnitedStates, Uni8t`ed-Sta3tNs, Unxite-States, Native- Born intheUnited dtates,0<, No inunivwerse,,N,,O,
,""" P?ivwa|e",12,<O5, Some college but no degree, Not in universe:, Married-ivinian0spouse present, Manufacturing-durable goTds, Pr}ecision production craft & repair,{E himte,4AlP othe+r,/Fem0PUe,# Not in universe, Not in univerIe, Not }in laborn fHoce,0,0,,, Not in 7niverse, Not in uni{rjse,5Hous3h}lMder,[HousOeholder,34Y./3,,,,,,vci, No+ in un.ives, Unihed-States, United-Statee, UnitedStaes, Native- B%orn inFthe UniQed States,90G,Not in universe,q, ,0,G5,-500
#`,,M3>,," High scYoo"" Srauate,",D Not)in universe, Married-civilianC0spouse pesent, Wholpe8ale trde, Adm 1suppor\ta includin clerical," Whit^""", Cubanj, I)Female, Not Pi universe,Not in universe, Not:in labor^foFce,,yr.,o,, ting universe,, Spoue of hous^9olders, Spouse of hpusehoder,12F+.78,,,,vNot in uni`verse under1 year Yold,,z, oJt in univ3rs,eCrubQ, Cu ,,,.k, otint unversVe,,,;O0,,50E000
ox3, Private,rn,2?, Associates degree-academic program,, Mariedcivilian spouse pr7s)nt, Retal trad, Adm supp3obt including cleriCal, Whi9e, Al other, Fe`ale, &o, Not in uniBv[rs=e, Children /r7Arme orces,,t,0,, tNot in universe, |ot in Ftive7se, Spous|e of househ}older, Spouse of househ+d,199.002, Nonmover, NKn$mo0er, NonmovCr, KYe%, Not in unierse,, NHt-in univens\,#Uni`ted-mtat}s,",Ucted-States",," Nat,ipe- Born |n the United States",4G\, Not in universe,,20,5B0b,,-50000*
, Not inuniveM^4,(90,Z0, Chilren_, Not n (unive&rse, Never arriezdA, N3t in unXverse or cmhldren, Not in un:verse,nhi]e,- AllotheA',o Fmale, NSt in universe, Not in univrse, Chidren or Armed oces,,,*,@NonfilZr, No Rin unveIrse,?Not .n un iverse, Child <18 neer matrr nt in subfamly, Child under 18 never mar9ie,174.2F,,,, Nt in u8iverseL under 1 year old,,Z, Both ^parenJts present, Unitej-StgFtesJ, Enited-St'tes,r United-States, Native- Bo=vrn in the United States,0>, Not \n universe,,,,9Y,-q5@0E0
36, 0rihvate,WyJ,,] 9%th 'grde, Not in universe, Divor ced, Mining, Transporta;tonx and material moving, Amer Indian Aleut or Eskimo, Al other, P}V, Not i|umverse, Job?Yoer$ - on layoff, Unemployed full-tiJe,0,,0, oSinge, Not in universe, ot in univPrs<v, Child 18+ ev(r marir Not ina Ssubfamily, ChilRdS18 or o?Yer,8677.aa,,,, Not in ufniverse under 1 year old,,@1, Notw in uriverse, UniedM-States, nited-Stat~,, Nativ_- Brn in t_e Unted States,|vF, Not inu{iversen,,2L6_,r,9T,-&0000
{N:g4Q,[ ot in wnierse,i0,0,! 10Fth grade, NoT n uiverse, NeverqYmarIied, 6Not in universe or chilren,,fjWit, Puerjto:Ricam, Fa2e, Not in univese, Not Qn universe, ChilOren or Armed Fo\ces,0,rk,:@S0, Nnfilur, uNot &in [unive>(e, Not- in universe,, Househo]ldHr,9P552, Nonmover,Nonmo, NUnmover@,, Not in univese,0, Nok iPn universi, Puerto-RVico, PUrto/ieo, |Purt_-Ricco, Native- Born in Puerto Rico or U S Outlying,,NotE in univ%erse,2,>,a,,-L5000
," WPriat,",9t,/s,, NCot#in univers?," Marr.ed-civYlYian spouQ""e present", Manufacturing-durable goos, Professional secialty, WIite0t,v All 0oher, M`axe, NotHCn univerjs, oz~in uwivere, Children o Arme4d Forces,3],W2,, Joit bothundwer 65,(Not in uni]v|erse, Not in univers, Spouse] of householder, Spo us'& of housholer,, No%n3mover, Nonmover, Nonmover, es, No? n universew,"[**,", o]v in universe, Italy, UHiteT-gta tes, UnAed-Statusx8, Native- Born in the enited Sftae,0., Not i? universe,u,a02,T,V,
67, Not in universe,E,K, 10]h gr'de, Not itunverse, MX;r%ried^-civilian spouse present, Not in universe !or children, Novin sniveBrse,Whit, _Dther*Spanish, FemKale,e Not 2n [}unverse, Not in univese, Children or Armd Force>s,k,p|,, JoinLt bot{-+, Not rW uLiverse,Not in noivere, SpouO7of househo6er, SFpouse of householder,1(100.71, N]Sxove{r,M Nnmov@er, Nonme:~r, 8\exs,=N in uUniverse,:, Noj in u_vesDe, United-State, Unied-Sttes, United-StptWs, Native- Born in he United Sta0tes,Pu0, No in universe,,,z,H,-500
#,HSelf-employ}d-noi incorporated,=_2,!, Hig schVol graduate, Not in udnivers, Married-ciRvilian 9pouse (present, Manufacturing-nondurFablB goods@, Pr]ofessionl sVucial6y,OWhiK#, ;ll ther, Femle, Not in u3iverse, Not in Vniverse, Children or Armed Forces,9},J,@, Joint both nder 65, NPof in universe, Not inuniverse, Spouse of housBholder,SpouseLqof householder,1[687.15, NonmoBver,@_N7nmover, Nonmover, Yes,,:, Not n Funiersx,, United-StateCso, U itedZStates/, Native- Born in the United States,p, Not in universe,M,D2,,n, A/00v0+.
066, Not in uninverse,$,o0," Hi Scho,ol graduate", Not_p1universe,Mrried-civylian spoue pre/sent,, Not inw universe, WhiMte, ell other,(M;ale,, Not in universe, Not in_laboTr fo&ce,q,,1G, Joint both 65+, Not in universe, Not in univers,, oseholder,197h48f,,,, Not ?in universe unde'r 1 year old,,0, Not in universe,TIreRwnd,YUn2ted-States, Unitd-TStates, NaWtive- Bor in the United S>tates,, Not in mnivperse,,p,Y,u,-50000
7w, Not in universe,'),0b, 1yth gradP, 9ot in universe, Married-civilian spouse present, Not? in univense or chilre;n, Not inuive3se, EH, All otha_Xr,, Not in universe, Nt0 inuniver," NN"" inlabo)r force",0,0,~, Joint cbot 65+, Notin univ~<re, Not in universe, ouseSomde<, oushoxd{rr,W14\0.4,,,, Not inD universe under 1 year old,,0, Not in univ.e`use,OUnZited-Ste, rUnited-Sva\es, nitfdS?tates, Native- Born n the Unted States,b, Nwot i niv;erse,2,/,+,+,-50000
, Not in universe,,0,A<gh school graduate, Not in rniverse,PMarried-civiliRn spu^se presekt, Not in universe or 0cihil'dren, Not in un2erse, hi, All ot1her, Female," 7NoW inq,universe",N[ot in universe, ChiToldNen or Arme{ ForUces,_[v,-,x,B Joint bogth nder 645, Not in}H!iverse, Not in universe, ouseholder, Householdver,2237D, Nonm[over, onmover, Nonmover, Yes, Not in univer$se,m, Not iun(vrse,,,, Foreign born- Not a citizen of U S ,, Not in universe,o,4>J90,0,,B500200
/2:, PMrivate,,37, GighT schoo_hgmraduate, hwot in universe, Marri:ed-civilian spouse prtesent,, Machine oFperawtort assmbl2s &\inspctrs, >hite, All o#heTr, Fe|adlU, No1 in univzerse,, FullQtim< schedles,0,,TR,, ot i|n universe,0ot in unvese, Spou/feof householde, po!se of hHuseholde>r,,,,, No 6in universe under 1 ea old,,u,, United-Sates, Uniten1-Sgtates, United-SttesO, Native- Bor n the United States,2v, xNot in #n+verse,d,C,,MG95,-50000[
8,,,YDM0-, ChildreG, Not Din univrse, Never m:aqrrid," Not sin uniiverse o>r chi""dren", ]Sot in universe,hite,, [jale,""" N6ot Zin univ`(rse", NBot in unfverse, Children or Arme^ F-r^ces, ,,Au,,NoU Fn uni&erse, Not in uu3verse, Child <18 never marr not in subtamily, ChHild under 18 never married,V93>,Foover, Nonumover,/Nonmov>er, Yes,N&t i6 u/ivere,, Bot> parents present,, Mgexico, Unted-Statgs, NaEive- Born in5the nitedStates,`L, Not >in universe,,0,0?,,-5000
,Not in univers5e,iD1,0, Hg Rchool graduatHRe, Not 7in uiverse, MArried-civilan sose preent, NCt in universe or children, Not in universe, White, All okr, Mal}e,NKt in uivese, Not in ^nivrse, Not n labor force,R.,7o,nQ0G, $Joint both 65+, Not n/un]iveZs, Not in universe, Houehol`er, Householder,1722.58,,,," Not in univ(erse ?nder 1 year ol,",,X, Ntiqn unive]se,UniteddStates, Un!ted-States, United-Stats, Native- Born in the hUnited States,, N)t in universe,r,s:,_0,"9""5",-0000
, Private,g3,2#[1, High school ~adua, N>ot inU unveLrse, iovced,N e4il tZade, Other service[,qWh#t, Al oLther, `em^e,, N/ot in univrsex,>Childrn or 0Armed ForSe5,,,~, Hed of household, N6tPin7 univVerse,,3 Housegonlder,< Householder,`.O1,, No]Inmover,,PYs, Not i universe,, Not in uo*vere, U)nted-States, United-tate\+, United-States, Natiz- Born in th)e U7nited States,, Not in5universe,m,g57,"""",9D,-HU`0
5M, Local goernmitH,h_,2S}4^, S?me colge b0 no degree,,| Wi-dowEe, Education, Adm sup@port in$cludig cleical,qWhite, Mexican (Mexica o), Female, ^Not in .nivaerse,, Children or Armed Forces,T,L=,, Head{ jfy houseold, Not in univer, Not [in univere,O ouseho7r, HvouseholN*7r,f8942.4]8, NHnmover, Nonmiver, Nonmov0r,Yeqjs, Not in universe,u, Not in u%iverse,, Mexac$,, Foreign born- U S citizen by naturalization,<, Not in univrse,?2,g5,,9{,N500
48,r[Pata,G,3<e4, Hig school graduat9, Not in uiverse, MaJrietdcivilianH spouse presenFt, Oth0r professional senices, Precision production craft & re[pair,[ fWhLSte, &ll other,a&l, Not in unOv8rse, Not in uonverse, FRull-oime ]chedules,,9(j,m0, eJoint btotG under 6, Mot inSunverse, NKot vin univerZ," H,onseholde1",gouseholder$,1194.5>,,,, Ngot in universe under 1 yea<r ol/d,,6m, Nkot )inunivere, Poland, PolankdY, Uynitm-StatfWs,n ative- Born in th United tates,@=, LNot in?Wnivers,f,N%E,e0^,5),-50080
N,RNo^t in(uiverse,1 ,R@, Children,"M)Not i univevrs,e", Never married,Not in uniYerse or]chZldren, Not in universe, Whi%," Central o, South American",, Not in uni*erse,r $Not in  niverce,,CG,0!,Dm, NoDfiler, No nuni1verset,Not in universe, Child <18 never marr not in subfami9y, Chid uner 18 never mrried,1577A.09, Not in universe, Not in unvere, Not in univDrre, Not 'n niverse under s1 yeaA old,,, Bhoth parentTs prWsent, Ecuador, ondurtas,, NOative- BPorn inn te United S9tates,NC, Not in universe,,,#,:;4,-50000
Y{t, Not inunierse,),, ChilBdren,, Never marrG, Not in univrs6e or chidren, Not Tn univer#$e, WhiOte, 'll rthe,OFema{e,$ Notin univere-, Notin|untverse, FChgrildren or AmedkForces,,`0{,', N[n^file, Not in unixerse,#Not in n?iverse,. Cild <18 lnever marr not in s;bf^amily, Child3 under 18 nevCer married,49v.2\, NAonmgorver,>Nonmover, onmov3er,, Nort inuZniverse,9, Mother only preent,, United-StatJes, United-Stat1s,,0, NoWin universe,,0, N,,-0Zt0
c, Federal government,f4s,38, Som Nolleg]e but no degree#, No\jt inR unriveAse, MarredOcivilPan spRouse preset, Public adminstr`ation, Transpo~t|tion and material moving, Black9, ll otheVdr,F+ale, Not in unizvers>e, Not in universe, Children or Armed Forces,,[,G`^, JoinCMbotB` under65, #Nt in universe,$ Nt in unierse,Houstholdr,HusehdldXer,33O.8, >NonmK6vr, ?Nonmo]e, .onmover,,Not in&squnivrse,, Not in universe, United-Sates,United-Stat<s," U,niedi-Stte", Native- Born in the Unitle_d States,U,{ Noxt + wniverse,,52,,|,-50}d
"9,0", Not in uZniver8e,HFN,, 7th an 8th rade, Nt in Onivese, W&ed,, Nok in uiiverje, r/ite, All othe,MaRD,| :ot=in univer_se," No in unirr,s'", Children or Armed F>orc>es,,9,, Cingle\, Not in u niverse,NoM inuniMerseR, Other Rel 18+ eveM marrnpt in subf}amily, Other relatve of householder,53.9l4, Nonmover, Nomo9er, No[|m^oer, `le4s,,0{R].b, pt in unqemse,+UniRed-tates, UniteadZ/States, Upt~ed-SVa:es, Native- Byrn in h nited States,Z0~, fo`t 9n unvIerse,|,0u,,'9,-N(000
~#s2,QSelf-employed-inc#rpo}rat|d,33,18X, Some college but no degree, Not in _unQerse, MaHrried-ciXvilia/n spouse presen?t, Retail trade, Sa#es, Whit,, >eEle,P Not 4inuniertse,Not in untiv'erse, Full-!^/me shedules,,X,z, Joint one under 65 & one 65+, Not iX< _uni6verse, Not in unverse, Spouse of Qhoueholdr, Spouse of ho>seholder,1990.46,,,, Not in univ!rse under 1 year old,,, Not =in univerPs, nted-Sat0es, United-Stats,y Unites9Staeu, Qative- Born in the United tate,Y,| Not in universe,,5v2,o,,-pGg00
U$, Privte,4;,[, MBacheors degree(B AB.mBS), jot in uijverse, Never married, HosZital Jermic+s, Prof0essional sppecialty,5 EWwhit%, Allm other, Female, ~]Not in ui<vGerse, No1t i uni=erse,Fu!l-te schedules,}s-W,},, Single, Fot !1in unive[se, Not i+n unierse,ENonfamily~ househZo<dfer, HouseAolder,d51(.3U-,,,, Not in unaiverse under`1 year old,,6,% Not in universe, Unite)StateG, United-Sty<es, UniYted-State+s, Native- Born in the United States,2, N=t in universi,2,,Oo(?,Z,-50000
l, Not in unive:se,_,Q, High Jchool g9raduate, Not in universe, Marrie8d-civilian sps` presenb, N;t$n univerKe or childre, Aot n univers,z$White, All ther,d FeB1)le, No in uniLerse,dNot in universe,,q0,a4#g,U, J'int both uq0der5,, Not in `niB/ver{s), Spous f househKldeB, Spousev o oouseholder,107867.105,,,, ot in uHniverse uYder 1 yeaVr cold,, wL, Not in unive]se, Unixed-;Stqantes, nited-States, United@StaZ, Native- Born in the United0tates,, Not in univers,7,6?,!,L),-5000\
, ot in unLrs|,l,=, Chide, ot7Iin univere, ever5 Wrried_, Not #n universe or chldkren,9No3in uni<erse, Whtme,tOthr Sanish, Ml}, ot in universe, Not in onivere, ChildEe or Armed FoK%ceC,KJ3,0,~, Nonfiler,PNotD in uive!e, NotP8in;uiverse,, ChCl'Ud nder 18 never married,35_.222, Nnmover, Noove,8onmover, YK," Rot in univers,",fl, Both parents Spresent*, Unitei-}aUtes,, niteSRates,/Nativeg- Born in the United@ States,X0w,N?t in universe,B,Y,DP,,
m#\0, Priae,#3=,Q42, Y10th g;rad, Not in univPerse, Never married, Business and re%air services, Handlerb equip cleaners etc , 3NN, All other,, ot in niQ=rse, Not in universe,,,^,0, Single, No inTuniveTrne',, Child 18+ never marr Not in asubfamily, ChilBzd 1t8 or< older,5634.92,,,, Not in unbivese under 1 year old,,y4, Not in nivesec, UniteKd-{WStatez, United-tates,, NtivJZ- Bornin the United Sttes,M<, No+ ln u#ivese,,nJ0,,,-]100
r6, Priat,e,, w0 gr4ade, High schoolA, Never mared, Ret!il trade, Adm support including clercal,(glacw-, A|ll other, Male, Not iS unOverse, Not9in universe, Chidren or Armed Fresz,*DN,>,]v0,"vngl""", West, Colorado,e Child <18 never marr not inaubfamity, Child under 18 never married,1K0.54,MS to M~SA, Same UounKt,, N,,_I)}, Mothe8 ynly 8prMesent, UnEied-SBa?7es, UIt2ed-SItates," ,UnitedzStatFs", NaFive- Bon in th-e United States,0, NoPht in universe+,4,25,,9},-5000
r, rivate,1D,3;5, Prof sch>ool degree (MD &DS> DVM LL JD), Not iy universe, Married-civilan spouse prceseTnt, Manufacturing-durable oods, Precision production craft & repair,Olaack, A*llother, neXbal,+Yes,""" No>} in udndiverse", PTfor non-econ reasons usually FT,0,,1#L, Jont` bothsunder6, Not i univese, Not iz niv(erse,, SposJe of householder,3746.8l,,,, Not in uni:ers under 1 Uyear old,,,, en@ited-_ztates, United-Stae#s,, Native- Born in the United States,, Not in universBe,a,52w,s0IC0,5,-5000
5F3%, rvate3,r4,9g$9, 5th or 6t grade, Ntin uiverse,lMarried-civilian spouse present,,,r ABak, All o]ther,M^a@e," Not >in unWer""e", Not i+ gWuniv0rse,,L3J,`,x, Joint both uder 65,, Not in universe,L HO]useho6der, Hou4eholder,"I9Lk,1.67",NonmXoeK, Nnmover, Nonmov',, Noh <Fn universe,X*, N^ht in univere, United-StaBes, U|i=eddStaes, United-'tates, NaPtiv- Bor^ in the United Sates,, Nt in univers=e,2,52r,X,,-b000
~}07," Not in unive~s""",0,uN0, hildren, ot Ii universe," Nt,ver arwied",# Not in universe orpr children,, Buac^, All oGer, Ul8Xr, No*t in un|verse, Nt ix universe, Children or Ar=ed Forces,,(j,, Nonfa'iler, Not in u4niverse,gNot*ign unive|rse, Child <18 never marr not in subfamily, Chyild +under 18 never marrried,6!.5)9,, Non5mo, =onmoveLU, YeKs, Nt in univrse,&,a Both parents present, n*td-Sta4es, m/ite-qStatesZ, UniteNd-Stajes, Native- {Borz in the United !StatesR,N0E, Not in un%dZvre,0,),A{,"""4",-j50000
P1, No7t iZn uniersie,,k, Chil\dre4n, kNot inuxniverse, Neve5x mawrr1ed, Not in universexor chilMNen, Not in universeZ,Wie,{Sl ot{er, }al, N6ot in univers, Not in univers7e,,,1,*, N)onf%i~erw, Sout,'MainO, Chil1d <18 1ever marr not in subfmily,@Child under 18 nver married,26267, NneSA to nonMSA, Sa!mcoundy, SamIe county,QNof, Urs,, Motherf Aonly *prsesent, Unite-States, UniteHd-States, nUitBed-States, Native- Born in the Un ted Stiates,0, VNot in univers,r,'L0,,:6d4W,-=5000:Q
N{, trivate,`3F,"1z,", Masters degree(MA MS MEng OMEd MSW MBA), Not in un|ivere,Married-c[iv~lian ]pouse( present, Rom}muni0cations, Profsssiona3 specialty,s 'lac{k, Al> other, jHeLale, Not in universe, NoZ i%n universe, Children or Armedg Forces,c,l,DU, Jo6nt both unSer 5, Not in universe, NotOin iniverse, SpouSse of householder, }pouse oL ouseholdeCr,,zNonmovebr, Non#Iver,vN>nmdover,"ngYs""", ANot In uivrse,*, Not i }3nivIers'e, UniFedX-CStates,,,,., NKot in ui.ivrse,ks,K,3;,,f-50&00
50V?, NoyQin uierse,=},a>0?V(, Hi!gh school gradute, Not in universe,,Not0in unierse or childrn, ot in uniperse, hWh-}Q.te,, Ma/e, Not1 in univ~rse, Not 8in niver#e, Not in laborforce,I,q,0, dJoiit boh under 65, Not i unvFrs&e,& Not n unive_rs/, HoussFh{9Aer,,677.9w5,,,, Not in universe under 1 year olKd,,X, Not inQKuniverse, bnited-Stats, Ynited-tfatses," United,-States", Native- Born inz the United Stte,2, Not in universe,X,[,l,9?F+, A0000qq+.
jJ, Privat3,9,36, Associates d.gree-aademic program, Nt| i niverse, Married-civilian spouse present, Mnufacturing-durabe goodL, Machvne operators assblrs & inspctrs,Wht1e, ]l+l othr,H Mlr, No, Not 2isqn univrse, Chilren or Arm/\ Forces,,m,:0,[Mkoint both under 6M, Noti in unUvre, Not in uivers,x HouUeholde_r,fHous\9ehldKr,2153.&9, onmo1ver, No5mo$er, Nonmover,,` dot 7n universe,<, Not in universe,, lnitdPStace,+ Unlited-StatJRsk, Native- Born nfthe Un1ted Staes,0I, Not in niverse,2m,5Yi,N5)-,+>W,-50000
, Self-employed-not incorporated,4@4,Z, Associates deree-occup /voc$tional, Not in univelrse, Mrried-civilian soUuseYresent, Scial seirv<icqs, Owther service,Wite,All xtr, Fe%mpKl, NhYotN n univrse,F.ot n univQrse,! Children or Armed Forces,9,,, oint both under 65, WQest, Californi3ah, SAouse of householder, Spouse of 1jh8!ouseho[der,17., MUSA to MYA,  am counOty$5, Same h9couhy,+N,s+,3,Not in univerUe, U-te2d-States,mUntd-S`ats, United-States, Native- Born in the United States,,Not in universe,i\1,,,9,-50000
21, Pi|at2e,3H3 ,, Some cobll<ge but no degreI, CelUlege or< university, N{ele_r maried, Rtai. tadN,SlaOs,,Afloo>ther,MalHe, Not in universe, Not Oin univerWYse, Cil(draen or Armed Forces,,4,:, Sin+b,Lpot inF unierse, N-ot inU cniversFe, hild S8+ never marr Nt in a subfamily, hild 18 or lder,3f9.98, Nonmrver,vNnnmover, 1ocnm*Sver,tqYevs,MN%t in universe,l, NTot in univ^erse, Unite}-Sate&, United-S:ates, Unkzted-tates,1 Natve- Born in the United Sttes,, Nojin unverse,,),,G,-5I00
-U, Not i;n un1iers,f,v,t Chi2dreen, ot= in unvers, Never mrried,7Not i0n unierse or c\hidren, N+ot in universe, Black, All !thser, HFeGmR_le, Notin univers], Not in univere, Children or Armed Forces,K,0xQ,e=1,, Not in niver3se, Not in universe, Grandchild<e8 never marr not in subam.ly,,E2182.1,,,,,,F, Neither paren present, Uni$ted-States, United-States,,,t}, Eo in V^niFerse,r=0,0,0L,95,-50000
],Y Not in univers?,A=,c, h}ild`eXn/, Not in universe, Nevermarried, Not n univer9se o&r cildren, Not win universe, WcM*, All o theWr,[ +Ma&l&, NotO in gniverse, Ntt On univerdze,,,<,,P NSncfiler,, Nt i Bunivcerse, 'randchild <18 never marr child of subfamily RP, Oter relative of household6,d296.5, N!onmover, Nonover,NoEfover,e Y[#, Not in univerIe,"""", Mo%her only rese=n;, UTitedbStates, UntedDStates, UniEed-Stas, Native- Born in the United States,W,l W~ot i u7iverse,A,;,gW,,500u*
7^P4, Not in universe,-<,0,, Not7 n univerise,~Ner mrrie~, Not in universe o=hiLdrFn,5Not Sin univers,& WBte, Al=ohyer^, FemEjaDe, NotQinc univease, ot\inunversed,,1848,Yw,S0G,m[gl, Not in universe, NoHt inAi unier$e, NonfJmily householder, HoseholdX,1242.94,,,, Not Wn universe under 1 year =old,,Oww7, Not in un#ivere, nited-States,, United-Sttes, Native- Born in the United States,, Ntin uni$vers],,\E,j,T;,-5~w000
,,Zu0,0``,,, WidoSw, Ngt in univ3rse o%rQchldren, Nt in VunQverseA, White, AllBotr, Fe1le, Not in un)iverse, NoNtU in univ*erse,K Not inKlabor Cfor-e,0,O,, Nonfil.er,NNot  universe, Not in univedse, Nofamily h(?useholdRer, Hcuseholder,212X71,,,," Not in univQrse nde,r 1year old",,-90, N)'tin universe, Unite@-State, UizdStaVes,, 8Native- Born in the United SEates,1L, Nwt# in univers/,j,,O,9,-V0000
s4t4, Nt in universe,nb,, 1#Ia grade,, arri}nd-civilia'n spuse present, Not in universe or children, Nhtot in =Puniverse,_W`(te, AlE gthr, MNe, NoFt in univese, WNo in uniersOe, C/hi)ldren or Armed Forces,e,,[, Jo8int ^thunder D65, Not in univNrs,Not in universe,r SpouCe of hIousehofd(r, Spoue of househBldCer,O935.G7,#\Nsnm4ver, NinQfove3r,UN0nver,Yg, Not iN univers,+9, Not in un`iverse, Unitdotate*, Uted-qtates, United-Stats, Natie- Born in the mUnited States,q, on in nfivere,T,h!,,,-50Q0Q
<, Private,@:1,W2,, Not in unBvZrse, M<arried-civilian spouse pres:ent, ktities and sanitary serv2pices, Executve admin and maXageriaY,, All othe|, Feml#, Not in universe,, Children or Armed Forces,0,0,, Joint bohuder ;65,& Not i2ouOiversSe, Not in universe, Spous ofhousehoclde|, :6pouse of houseaholder,4*1Q.2yG9, NonNoveB,NonJ7ver, Nonm1ver, i|!Io, Not in univevseN,4,,,, United-Stat-s,<etive- Born in the United S1ates,, Not HnJ universe,xK,5J2h,0H,9mW,-5Y00]a!x
, Not in un'veEse,F,X, 7th and 8th grade," N""tt in unive1rse", Ne%er[ marrgWed,, Notr in bunivNrX.e,i p`Whte,$All @other,; F.em4+ew, Not in universe, Not in! unWiverse, No in 7lab$or fCore,,D,|,_ingle, Not ijun/verse, Lot v[n universe, NDonfamiIy householder,Ho5useholder,1484.,,,, Not in univeQse under 1 year old,,, _ot nnG unive}se, G@emaVn,, Unted-SatK, Native- Born wn the United States,X, Nt n uiver;e,/,b,,7,j5h00
h23,Pfiv5a-,t,316, High c`ool graduate, Not i universe, Oarr5ied-civilian spouse pesnt, Manufacturinzg-nondurable gXmods, Machine operators assmblrs & inspct!s,wAsitk:, Allc oJh%er, FemaVlb,," Not9in ""niverse", Cilre or Armed FForces,"j""",.,fUa,, Not in un^vrse, Not %in nvers?e1, Spouse of householder, Spouse ofz hosehoZl<e-,"31.I4n7,6",Nonmov~e, zNonm'v:de.r,]o onmovNer, es, Not in univers,, ONo in univerPe, United-States,Unitd-State+," UnitenS""ates", Native- Born in)the kUnited States,, Not in univers',2,'C,d,94,-l00m0
sw,,33,, $0th grade,n Notinun4vers%, Divored,,BSa*le, WhZitVe,lAll o09her, /e-Tm[ae,b es," Notin univ""_re", Children /r Armed Fores,n,8) ,, Single,, NotinL uni|v`Frse,Nonfamily houeholdr, HoGseholder,il5.8, Nonmover,, Nonmoer,Y^, Not DP universe,$,Not on bnverse,2UnKd-tates, mnitedStat?s, United-SIates, sNative- Bornin the United Stateqps,,v Nt i unierLe,,5A1,,4,g5000
2J," oi(t in un""iverse",DG,X', Chlildren, .ot in universe, Bdver ma~ried, Not in univrse or children,K Not in universe,%8Blahk, All othaer,nj FeDae, ot8 in wnmiverse, Noti?n univese, Children- or Ared Forces,,j,1sf, Noffe, N\Ht inuniverse, Not9F universe, Child <8 never marr%not in subamly, Child under 18 never married,2;6@577[1,,,, Not in universe unKder H1 year old,,{,Both pr^ens present,UBi%ed-StYatest, AUnitMedStates, UniSdStats, Native- Born)in the United States,w\, Noz iF uVivers@e,[2.,{,,93,-5000
G, Prixa2te,33,gd, kome collXge butjno degree, Not inWuniveNse,{}arried-6civilian spousepresent, 2eail trade, Precision sproduction craft & repair," },te",.All .ohr,iWMa, Not in universe, Not isn unMveS6se, Full-time schedules,Wj,,, Joint both uner W5,, o\t i unrverse,_ousoehode, ouseyxoldeb,42.9,,,, Not in universe uner 1 yea old,,:4,, Uited-StWat4, United-Sta~tes,, Native- Born in the United States,"5,", Noin qunivese,,N2,r>,5,-50000
/8,"Not in n,ivjrse",,,S Chilre*, ot in universe, Gever marrin, Not i% universe or children, Not intuniverse, Blaacrk, All otMeY, F1Clwe, Not in universe, Notin u(iverse,,,i,(0'Ia,, Not0 in =iver]e, Not in uierse, Grandchild C18 never ma)ur child of subfamilWyRP,,'40.4Q,,,, Not in universe under 1 ear old,,0, oter only Fresen',Unite-SLtates, United-States, United-States, Native- ern in Jthe Uite)d States,b, No in universe,j,,-,9g,-5j0
TZ2, Not in uLiverse,,, Childre|,YNt i*n un<iversq, Neve8 marr;d,, Noty inuI=iverse, mer Nndian Aleut or Eskimo,gb Mexican-Americ9an, Mase, Not in univecrse, Not in universe, Children o7r7Armed Force%,u0L,,+,wonior, Notin jnive>se, Not n universe, C-hil| <18 evr marr not in ubfamily, Child undert 18 never marrie,12[.29,,No:nover, Nonmover, YesE, Not in univMerse,t0$,n Hther only pesentJ, Uited-States, U~ited-State&, 9nted-StTate}s}, Nattve- Born in he United States,, Not in univer!e,q,]n,U,9,
(a, r9Givate,471,13, Bachelors degreeh(BA AB BS), Not in univVerse, Married-civilian spouse puesent,Hospital rservices,,W!hi?i,H#ll otOer, /F{emale, Not in universe, N t in universe, Childre[n or Arm5ed orces,g,f,=, JoinYNbo&Gh und8r 65, Not inxunivqersey,2 Niot i^n utiverse,, Spouse of house<Coldr,803.59, Uonqmo'er, Nonmver, Non/ovFr,"mY,",,h7, Not in unwverseW, U9nited-States, Unte!GSt}t*s,WUnited-S5wtes, Nativve- Bgornin the United States,0?<, N7otin universe,K,,h,,-50uW00
6y,_ Not in uYierse,:,0, CBhildpen, NotH in univepsem, Neve: ]ari'd, Nt i uiversi or cildren, No fin univrse,",ack", All ot8her,!MM]ale, NoF Vn unisvGerse,i Not il univere,,0,b,, NonPler,," Not in,univrk", Child <18 never marr not in subfamily, thild undQer 18 never (married,134b.93, Nonmover,, Nnmover, Y8w, Not in univbrse,Rg, Mo<th$r only present, UnHdtd-StatB, Uni xted-St.tes,"Uni`ed-,SatRes", NltivKe- Born in the United 'tetes,0w, NoEt in universe,&l,OM,,94,-u0000
$SP," Self-emqployed-not 3inc""rporated",B2j`,{64, Some co6lFge but no degree, wNot i ujivelse, Married-civilian spouse resN-nt, Retail $trade, Sglesn, White,  the, yTAale, No{X_t i universe, Novjt in uniYversl, Chilrn or Ared Foces,$,R,kE, Joit bothFufndr 65,," Nt in univ},rse"," Ho,ush|older",,12-.J3, NonOmov.r, NonImo7er,JNomoZr, 'Yes,\d Not in unierde,<,0Not in unverseG," Ugte,-States", UnitedStates,United-)tates, Native- :Bo!n in thje Uniaed Stat1s,+-,q NGot in univer.se,,5nF,B,9l4,-50000
-24, Not in @unFiverse,,,, t  in` universe, Never mmarried, Not in universe @i hildren, ot n> unierse, White, PuAerto qican, Female, Not in univere, Not { unnIiveEse, Children or Armed Forces,,]v0,,'ofier,: NotSn univrsde,,:o`sehold$r,,13361,, NonIovr, TNYnmovIr, Ys, Not in universe,=,Not ; universe,:Puert-Ri,, uerto-Ricoh, Native- Born in Puerto Rico or U S Outying,a, Nt in=bniverse,2,%i,a&i,9,-00pU0
2;," Sftate"" gove1nmenat",j0,g:,Assoiates degree-acdemic progrUam, Nt in un@svers8e, Separated," SociaP servi,s", Other service,L kh)ts, Cent8al or South Americ n, em/e, Not in unk`verse, Not iO universe,,,0,Y, Head of household, Not in univrQe,)` Not in univ)erse, Hlosqeho8lder,UbHouseholder,2K3mb.6,Non#mv#.r, Nonmov>er, Nonmv@Cr, Y)e's, Not in universe,"|""", Not in universe,A Nicargua, Nicarag6ua, Ni-vaua, Foreign born- Not ap citizen of U S,}, Not in universe,K5(,!o2,78,94,-|50000
,,4J_!B2,x9, High sqool grQadute, cNot in universe,, Me1dica^\ except hospital, Other serviCe,, APl other,FeNal,HNot in unJ7erse, Not in universe, Children or Armed Forces,v3S,0,x, Joint bothuner 65,1Nojt n univers<, N}Gt n undiverse, Spousm of hEuseholder, JUouse of honsehcolder,3382.69, Nonmoverb,,,Hk s,Not i uniRvrse,45, NotX uniUverse,ULSited-Stagtes,, UnitRdtStates{, Native- Lorn in the UIited States,]0, Nr in uiverse,NT,lp,q0y,h,-H5?00
4>, P!ate,Mix,SRJ>, High school graduateo, Nt in uiveUse, &DiFored, BNusiness and repair ser~vices, OtherFs$ervie, Whie, Ce[ntal or South Americ$n, Mle,,," Children or Armed ""Forces",),,<, Head Eof household, Not nina univerKe, ot in universe,sH HouehoGder, Ho^uiseodeL,11LX1.S6, %Nonmover,_N_Bonmover,, s, mNot in univere,,Not fnunivee, Columbia, Columbia, Columbi,Foreign born- Nbot a citizen of U S ,, Notyin uzvere,2,552u,0,,-5^0n00
, Not+in niversR,,(:, w5th or 6th gVad, NIt in unioekrse,, Not in niverse or children, Not Vin uDiverse,heQ, Mlexican (Mexicano),a5FNmae, Not 7din 1nveXse,Qot i unver{e,,;'T,%,, N<nfilr, Not in` 3niverse,Not }n univSerse," Spouse o7 hosuseRol,er", Spouse of hou4eholdePr,1450V11,,,, Not in un+iverse under o1Uear old,,@g0%, Not in univkrse, Mexico,x `exico, MneWic, Foreign borO- Notsacitizen ogaf U S ,, Not in universe,2,,,0,-50Q0Ye
=t'," Priva""e",-,?/23, Assciates degree-ac@ademic srogram, Not in u1iverse,, Other professional services, Adm s0pport inc;ludi clerical, White, Al3 othe, eKmale, Not ifn unMrse,9Not n universe, Full-time sckheduls,x,0Hp,/ , Joint Lbboth uner 5, Not innuniverse, NFo` nLuniverse, Spouse of ouholder, Spouse of thouseholde,3(66.^27,,,, Not -in uniMerse under 1 y6ur old,,2e|, Not inuniverse,, United-States, United-States, Native- Born in the United States,, Not in universe,,`2,,q5,"-50,00P"
03W[,,^,35, High schoolKgraduate, Not in universe, Married-civilian spouseA present, MaOufacturing-durable go2o[ds, Precision production craft &a repair,lWh?it^oO, All oF|hr, FYmale, TN, Not i uiverse,"fwhildren or A,ed Forvces",>,,#d, Joint bth und{r 65,, Nkot inxuniverse, Spouse of housAholder, Spouse of ouseholter,)489.93,? cN'o<mnmover,,Nonmove`,`e/, Not in universeW,Q{,BNot in u:Bixere, United-States,L UnittdnState, UnitedMStates, NtiveA- Born #in the4 United State,0, N`/ iHnX(universe,2&,~,J,9b;pD,-5000
, Pr?wte,33,3:1, 11th gr@dem, NTot in ?nfOvere, Married-civilian spGoWuse present, Reaiv~ trBadhe, Other service, WhTi(2e>!,,, EF, Nt i universe,,MEXd,|D!,0k, Joint both uTnder 65,, N ot in nverse, Househglder,y oshol'er,277O70.7,,"_Nb{o,nmover]", Nonmover, Yes, Not in univeYse,}, Not in universe, UneS-Stats,United-Sta)es, Unsed-Statgs,5 NaOive- Born in th UniV$ed States,%, Not ibn universe,,U5l2,7n], 9,-500Z00
?U, Not i Qn7verse,,, High school radue, Not in univer#se, MarriedT-ci~ilian spose present, ot in universe or children, Not iDn EunXverse, Witev,, Female, Not9inBuniverse, Not in univervKse,,go,h0,Y, Joint both 65+, Not ?in Hunivers," Not ,in univ]rse", Spouse of house{holdeu, Spoue of oouseholder,, Nonmover, Nonmve,ionmo>er,"""es",1 Not in uPvese,;, .Nthin usiverse, Unted-States, )TUnqted-[tat+s, United-Sttm, Native- Bor0n in the Unted St:at0es,9,CNot in universe,R,,0,0,-50000
gKN, Pri\vai,3>:,33, R10th grade, N%tmin u4nive4e, Marrie-civilin powse preent, Business5zn1d :epai services, Precision production craft & rIpair, Dhite,Al tCer, Male, Not in u8nivderse, NotKIn uniqerse," Childre:z or Armd For""cee",k,,C, Joint both under 65,, Not inuniverse, Housdeolder,Hoheholder,202.585, No-mo:er, -onm*veo,aNonCmvj,9, Nft i{g universe,N,,,b Unite-Stuates, Unitd-Statew<$s, Native- Born in@ the United State7s,_04,] fNot 2in universe,iz5Y,+,m}_,4g,-506000
3_, Pr[vXe,^3F4,si<, Maste|rs degree(A Ms MEng ME+d MSW MBA), Not in univebjse,4Married-cvilian spous1 re*ent, Finance ins|rxance and re/l estateV, Adm support including clerica,3Uhite,,," Not @n uX""verse", N8ot i universe, FuIlctiqme schedules,0,>,(0,, Notj in u6-nive&se, Not iTn universe, TSpouse of h&useholder, iSpouse ofLhousehol5der,114j058,,,, No[ in untiverse under 1 year old,,3]r6, No8in universe, Uiled#-2tate,U(ited-Sates, Un:ted-States, NatDv Born in the U8eited States,&$q, Not in universe,,5v2,0,:5, 50000.
~jf,Q PWivaKte,,B1, Higfschouol grduae, Not w universe, Married-civilian .spoue present, Manufacturing/->nondurable goo, Han0dlers quip cle7aners etc ,l h:t, lVl other, Mjale,bNotl ijunivers, Not n universe, Full-time srceduleA,00n,,o, J$int xoth unde@ 65, Not in wUv<ers,, JSpouPe [f! ouseholder, eFuse of ousehzlder,19N20.09,,,, Not in universe under 1 year old,,, ot in universe, United-StQtes,United-StateRs, Unite-StateH, Native- Born in the6 United States,t, Not in uiverse,/,$5,,pf,-0000
}}E2, Not in universe,,=w0, hildren, No~tin[ univerxse,: ever married, Not in uni:erze or/childrern, Not in universBe, Whetec, All othe, FemjW, Not inunXiverse,, C[hildren or Armed Forces,0,,0, N!nfiler, Not in universe, Not in universe,,|Child under 18 never married,2.o42!,,,, Not in universe under 1 year ol,,U0,gBoth p?arKnts prese+nt, Lni.6ted-Statem,Ubited-Statem:,~UitUd-Stats, Native- Born in the Ucnited StaFes,*,< Ntin universe,[g),#,<,7,-50.007
, Se{lf-employed-not incoporated,"X,",, Some college butno deree, Notli u[ivere, Marrsed-civIilian spousepresent,, Precision pbrodu}ction craft &` repir,bWhite, All:oWher, MGa=e, Not i universe, Not in Fniveurse, 3ull-time schedul9es,,,, Nnf*ner, Not in universe, Not inC universe, o\sghojlder, Youseholder,130y.34,,,, Not in univrse'knderN 1 year old,,:, Nt i^ unaiverse, 5nited-St9ats, United-States, Uni]ed-S>ates, Native- Brn in the United States,aJ, ot in univers,#,50,F,,50mj0c
",[3", StJate governm?ent,f0f1K,@, Bahelors degree(BA~ AB BS),/ Not in unive)e, Married-civilia9 sDV}ouse preqsent, Public administration, #Technicians and rel<ted support, Whit, All soGthr, F0emam, Not i universe, Not in universe, PT for n%on-ecoCn reas ns usually/FT,0,D30,@, Jlipnt$ both under|!65, Not inA universe, NTot in @univere, Spous.e of householder, pouse o jhouseholder,g278.09,,,,,,lb6, NooStin universe, niOted!-Staes, Uni=ed-Mtate, Unnt*ed-Sta/eO?, Native- Born in he United CSabtesG,M,V Not in u\niverse,b#1O2,5nO2,,zRO,"""500?00"
O1F(,Not in universe,@\[,,P0th grad,"K)igh s""hool", Never married,PNot in uiveyse or  hildren, fot i] uniL?se, }fmBer IndLian Aleut or Eskimo, Al`other, Mlle, 8ot in n>vRerse,, hildrIn or AOmed Forces,0,D,',S Nonfiler, Not inc universe, NoV in universe, Chinld <18 never marr noJ in subf#ayiyy, Child 3nde' 18 never married,752.81,5 Non:mover,Nonmkor, onmov8er,zes[, HNotin noerse,, Bo|th a&entsB pres^nt, United-States, !niteQ-StajueC, Uied-StDte(s, Native- Borf in She UnitedS States,o,,,0C,0,|4,"5u0,"
|, Not in n!vFer3sef,`e,Y,CSil4d|#ren,,> Never marrYed, Not in universe or children, Not _in unier'e, White, Alp other,<Feml:e1, Not in Hniverse, Not in niverse,,0,}0,cB, Nonfiler, Not Zin universe,{ 4ot in nihverse,Cild <18 never marr not `n subamily, Chil undr 18 never mrried,2K32l9 .84, Nonmover, No5n&oved,opmver,, Not ig universe,0, Both arents present, Uitred-Sates, .Unitnd-SGat2es, U&neited-Sttes," Native- Born in the Unit,ed States",O\, Not in Tuniverse,,,0,94,
45, Self-em:ploed-not incopor@Oted,f-f5,3," MasGters degree""(MA MS MEng MEd MSW MBA)", Not in univekrse,"""Married-Zivilian spousepresent", Other professional s~rvices, Executive admn andmanageruial, =WhtXe, Al.o{tger,aae, Not in universe, ?t i univer se, FuL-time schedules,~,K,E490,Jint boh1Yunder 65, Not in universe,Not in univerHe,Househoer, Hou!smeholder,10c7.68,,,," Now in universe ,nder 1 year old",,>,, Unitfed-tates, UnitedNqSta*tes, United4-Sttes,,0, No] i universe,2,,0,Ku,-5 000f{
"23""*", PrFiLvate,1@,ou, Bachelors degree(BA ABG BM), Not in un03ers, Maxried-civilian spouse pres{ent,, Professional pecialty, W?hRRt,pAl^ qter,MTWle, Not in universe,g Not i univerqe, Full-Ctime c(Uedules,,T0s,6r17Y, Joint2 th undrh 65, Not in universe, z]t in unNivrse, Spuse o househoer, Spousw of houseth$older,210]1.62,,,, Not in uuiersc uder 1 year old,,v6, Not in universe, hniKed-SttaHes, United-SateW,, Native-p Bor in tye Unitd StatRes,, No in universe,kk,-R2,[,i9*=, 000+iu
(f,7 Not iT ucivers>,F>,b, 10t grade, Not in niverse, Maried-civilian spoueipresent, Not in univrs/e or cMildren,:Not/in unDrerse, White, AllthLrY_,nFmacle, Not ibn unM_erspe, Noht 0inw universw, Chil2Mr+n or Armed Forces,I,M,}, Joint both unYer 65, *otD in univerje, N@ inmunGiverse, Spue o| hous^holder,,,NxnmovS,$ NonCmover, Nonmoer, eX, Not iVn unverMe,, Not in universex,, United-States, United-Stat7es, Native- Born in the United States,V8,XNot i uivTse,`,b3,S,o4,\@000
,,N,p0,-]ChildLen,, Never arrid, No[t in universe or childMr*weLn, Not ip nivCerse, W/i?Lwe,,MLaled,,(NtXin univqrse, Children or Armed Forces,Br,s$,, 0Nonfieor, 8NWot in universe,HNot in uni9Urise, Child <18 never marrf notj in s-ubfamily, Chil }nder 18I never arriQed,3@43.12,,,," Not in buniverse under 1 ""ear oFd",,K0v, Bth pJarents presn:,rUnted-Stat7o,, Urit[dStates, Natie-R Born in the Unite` States,W], No in univers=,0,M,~$,5r,-50S00
g6, Priva%tel,+U?3,, High schoWlGHgradute,Nyt yin unverse, Marred-civilian spouse present,2 Busin1ess and repair service<s,Adm support including clerical, l?e, ll other, 2m<e,,, Full-time sxchedules,b,p,u0Pd,, Not in uni>verse,NEt in aunAvere, Spouse of householduZr, SpoHs'e of h$ousnholder,(9`Q.5S,,,,,,3, NKt *in universe,, U&nited-2taes, Uited-States,R Native- Born in the Unit6ed Stats,, eNot iWn \universe,f2`,X]W,0a,w8,-000
B, Notin/univese,,N2, Coildren, Not in Wn8iverse, Nevr arried, Not in^univlrseor children, Not in universe, Whie,,, Not in univrse,2 NotJ in universe, GChildren or Alrmud aorces,,`,0, 7onilwer,Not n universe, Non in uni3erse,, chid unde 18 never married3,3H051.b7,, Not in uni-verse, qotvin unverse, Not in universe under  year o7ld, \]t n uni9erse,}Y:, o3h parent5s present, UnitoeadVStat5s, United-SSes,, NativeX Born in the United States,b:0)r,,?,/0,}uZ_,,-F5a000
3$,+ Self-eploye{-incorporated,,zi, Masters degree(MA MS MEng MEd MSW MBA), Xot in univer1e, Married-civi lian spouse pres<ent,C+onkstru tio, Execu*ive admin and manageyri9al, |hite, thzr SpanTish, Male,uNot in universe,5 Not in u9nivereeu, Chldren o* ArmedFoorces,0,0,,, Not in unYverse, Nyot \in uni?vese, Househordger,`HowsehoBde,0621,* ENonve, Nonmov*r, Nonmover,, Not in univedseO,, Notdin un)iverse,, Z<ited-States, Xnited-Staes, Naive- Born in the United SUtates,2E, Nont i uniyverse, ,,,9C, 50000+a
30,qNotin univIer,0,#, Some collegc but no degree, No9 i Lunvedse, Married-civiian spouse pres&nt, Not i univpefe oW children,, [Lhite, |lz ot$hB,^vFemale, Not in uhiverne, Nodt fin universe, NoI inIlabor force,!,I ,=, Joint bot under 65,\ Not i9nuniverse, No in uniese, S$pouse of hou(e0bhRlder, pous of hou7oeholder,3355.94,,,, Not in universe under 1 year o1d,,@, Not n universe, (nitedWSttes,( nitv-Staes, United-States,,",;Z", Not inuni'*cease,l,0<O,0,m,h-000
, NotiM uiniherse,^oO6,0, Child;ren, No+oin unBkvyerse, Never imarried, Nht in universe or children8, Not in univ@rse,,; All oter, qenmaxe, Not cn univese, Not in universe,u Chil'dren~or Armed Forces,Z,,0, Noniler,Not in ny5erse,w Nosin univeQrse, 3hild <18 neverm:rr nt in subfmily, Child uderr 1; never rmPrried,1833.94,,,, Not i7n universe%under 1 year hold,,, Both parents <resInte, Unite-States,qUnite-Stats,fUited-tatOes,,`, Notmin universe,0N,0,5[,hQ,-r5000c0
,} griva;eB,,&, Highscho;ol-radua8te,o NDt in uEnivers<, Married-civilian spouse p^r7sent, Personal services exce^t private HH,JSadles, ||ie, A}llNotherT,Fe+malae, NX_Yin universe, Not in universs!e, Full-time schedule%s,H,,Z, Join both under 65,r NGt in universe," Not,in -univeMse0", Child 18+ ever marr RP zf subfamily, Child 18 or older,8.8K,,,, Not in universe under 1 year old,,T=, Not in universe, Rjjited-Spates,s Unietd-&States, Uited-State)s,Nativek Born i[the United Stats,,}Not in univer,,^+10,{0&J,95,-(000
43, Fedral novernmenVt,/04?7,&8, Highschool graduate,",Not in universe",Mqrried-civilia spouse prMsent, Public administration, Transporttion and material mving,Wh1ite, AlotheM, MQalHe, Not in TJ?vese, Not in un(cverV,&PT for@non]-econ reasons usual(y FT,,U#,0,Joint both under5, N1ot in universe, No/ inuniverse, Householdr,m HoueholdBr,5.83,,,, Not in unive7se under 1 year old,,^, Not in universe,,,, Foreign born- Not a citizen of U S ,, Not n uunierse,k#,Ij,\,D95,"s7R5,0j00"
, PrivatQe,+1,, Som cllege bu> no degre', Notwin un4velse, Married-civilian spouse presnt,, Pofessional specialty, l9ck, Ayl otr,; M>J," ""t in unUverses", Not in universe, Ful-time sVhedules,+q,),0, Jint bobh under 65,e Not in universed, N1t in univ7r3e, Household8r, HouVehlder,,,,, Not in universe under 1 year old,,p6/,k Nt in univeise, nitedTStates, United2)-S>a?tes, 3United-S esV,,O, ot i9 universe,Z,W`2,#,;,5000o
;m29V,B Pri7l,%,E3&, High school gaduAtPe, N6otin u/-iverse7, Neverma5rrie, 'Medical except hosptal,k O?thr syrvice, DBlT.k, AxllI o)h.ekr, Male,@ ot in univrse,, Fu%l-ctime schedules,0l,I,=, Head o& household, Not in %univese,{ N in uKnivers,, HouseholxdDer,241.4Q,,,, Not in universe under 1 year olpd,,,Not in uiverse, Uniteid-States, UniteH-Smtae#s, Unoted-States, N]ative- Boran n the Unitedm States,Y, Not in ukB!vese,b,&,Zp,N#,-5000
Jk9," eNot i, univ:rse",sU,a0$,", Masters degree(UM< *MS MEng MEd MS)W MBA)",, Married-civilian pouse present,# Not in unqveMe or children, Ntq (5 univBerse,%Ke,gAll othr, Fmae@, Not bn universJ, ot in universe,,0,0,0, Joint b5th under 65, Not in universe, zNot in universe8, Sptouse oE ho:stholdfr, Spousp of _useholder,ij1536.0,,,,n N$ot in universeQunder 1 year old,,6, Not in univOrsJe, -nitedPStts, UnitedStat3s, niedd-Syta.tes, Native- Born in the U$ited States,dr,,2,H`LP,&tK,,-60000
,HPrivate,,4{s, 10th gradVe, N in unwrse, Nevzr marrid, Retail trade,S Farminu forestry and fishUing, Whe=,UAl% R}other,8Male, mot in uivXerse!," Nt ign unive""se", Full-time szchePlule]s,D*n0SK,"B""<",`,>ing\,, Not i>n6 uiverse, Child 18+ njver marr Zot in a subfamily,Chilm18 or older,155.`1c:,,,, Not in univers!e u1nder 1 year old,,&, Notin punivese, Uninted-States,, United-Sates, }Nativ- Born in te Uni.ted States,0, Not in universe,2c,1k,K/P,T,-50000
|<5, ot]in ;nivere,,,""" 9th grade", Nt inZ uniG5rse,+ Never %marr;>Gd, Not in\u'iverse or children, Not in universe,P Whie, AlD oter, Female, YNN in uniers, Not in universe, Not inwafbopr force,K,*0,w*, ]Nonfilqe)r,y Not nGunivers&e,No0 in8universe, CAild <18 never 7marr not in subfamily, Cild under 18 nJver marri%ed,90.37,,,, Noti unViverse under 1 year old,,^, Both parentfru present, United-States," Uited.-St,tes",, Native- Born in the United St%ateHs,<N, Not%in5 niverse,G,A,],5yj,-0l\
43-O4{,mPrkivte,3I0%,, High school graduate,hNoys in niverse0, Married:-civilian spouse present, Counications, Adm suppot inluding clerical,t 2hdNite, Al thFr,  emale,, Not in u^ikvese, Children or Armyed Hrczs,J,D9cYY,0IS1, Joint boXL unde (65, Not in universe, ot iun/verse, lSpous7e of househol*der/, Spouse ofbUousehold:,q14%.10,, Nonmoqer, NonoIer,QQYes, \ot n! universe,y, NoQt% @n uniberse, United-Statet, Uni_ted!-StFatHs,," Native- Born inthe Unt"" States",eiZ, Not in euniverse,+=,]V2,,4,
3|, Federal governme\t,5k,f?o, 'achelors degree(BA AB BS), NVo6 in ;niverse, Married-civilian spouse present, Public admini<straStion, Ad support including clerial, &h9it!F, }AloOter,/ 4emalG, No i7n intverse, Notu in univ3rse, ChpYilren or Armed FTrces,h^,,J,,, Kentucky, So?Ase of$householdr, SFpouse hof househo.ldmr,g2*0.v61, MSA tLo =SA\, Sa^nme cou0nty, Sam? coupnty,yN|, NoR,, ot in universe, UnitdN-Staes, (nite_d-SY_ate, UntCd-States, Native- Bo.n ?in te United SbatTes,.2, Not in universe,u1,sE52s,e,94,"-""5-0000"
t," Not zn u,ivjese",=,,, Not inuFiverse, Never a&ried, Not inT universe or children, No in u$iverrse,'White, A3lothker1,  em;e,, Not in unyvese, Children or ArmeeForces,,,, wNuDile, aot n u]nisDverse,, Child under 18 of RP of unrel subfamily, Nonr0atie of householdeGA,25v6.a58,,,, Not in universe under;1 year od,,AV,,`QUnitId-Sta+e0, United-Statesv, Unite*-Stavtes, Native- NBorn in the United States,U, Not is uniAerse,z,n>,L,),-$0/0
x, Priv0ate,33,$U, 10t}h#n grabeP, High scxool, Nevger marrid, R>eta trd=e, Other Sservtict, it0oe, All other, emoGle,tm/ xNoZ, N<t `in un=vxNrse, Children or Armed Forces,,m0,, Siglex, NotZ i univWerse, Nrt  uniaerseJ,, Chld under 18 never Ymar$ied,, Nonmovser,, Nozmoxre,, Not in universe,2, Both parznt@s present, United-State, nited-]States, Unitwd-Ltes, Native- Born in the United States,_q,iNot in univese,N,3:]0n,42?,P9k,-000]
19,]Private,HNWH,J, S$me college but o degree, Not in universe,, Hospital serice, Am _supportincluding lerical, Whi$e, All other,dale:,0 Not in Wunivese, Not in )uJniverse, Children or ArmedT orces,1,F,, WSgleI, Not in &u-%niverse, Noti u_n:erse, Child 18+ neve.V marS xNot in a subfamil3y, Child 18 or older,2474~97^, jnmv|r,, Non[over,Fes ,qNot inxuniverse,, Not inniverse," UnJted-S""tates", nizd-7tates, United-Sttes, }ativ9- Born in )the United Stats,0{),( Nojt in univere,R#r,oNAO2,|,K94,-5t&00
s4., N+ in univeMrBse,x,, High schoolVgrafu*at6e, Not n universe, Married-Ccivilian spouse [resent, Not in un[iverse o7r chil8re, Not in@Su%iverJse, W{it, A]llro#her, Female,Not in universeq,, NMot in labr force,0,y$,0, Joint both under 65,, Not inuniverse,Spouse of hoseholder, Spouse of householder,,,,, No in univer\se under 1 ]ear olda,,, Not i univerA, United-States,"Unted-""Sates", United-States, Native-z{on in the United States,, NoT in uninverse,9^,RBx9,XT,w>95;_,-5h00
2t, Pri5ate,=},j, Somec college but no{ degree," Co+lzege o r""university", N\ver marre_dv, Finance i~surance and real eAst2te, Executive admin and managerial,5A8Cite,Al0 other, emale, Not in universe,, Chi%ldren or Armed Forces,L)%P,*,0, S*Ug+ke, Not in universe, Not in univers," P""ild 18+ never marr Not qD a subfamily", Child 18 or olOGr,1258.46-, N onrover,No.mo(ver, Nonpose^?rp," Ye""s", Notin u[ivars,, No.t in universe, France, France, France, ForeignOorn- No a citiz.n of U S ,, Not in universe,),h,03,59,
\04,,km,, 7th and 8th raPe, ot iK universe, Never married, Not )n universe or children, 2Notin unctrse, hie, kAlf ;ther,,, Not in uHnioerse, Children or Armed Forces,y,qc,-, onfler, Not in universev, N7ti uni`erseg, NoCfamily householder,}HoutUehol|ej,680~.-n<4, Nopmover, gNo:Szmovier, NnmPove;r, O*l,( NBt in univers,jB, LNot in universe, United-SCtat.s, United-Sttes," Unite"",StateSs", Native- Borb in t;he Un|ted Sttes,, Not in univrse,&2,:,:q,4,-50000
jg0, cNbt in Auniv7rs5e,R,/0,"L1""1th grade", High Dcool,,Notin universe or children, xNot in univrIse,fWh6tNe, Centralj} o ?{uth American, Fema{le, Noi6n Snverse, Not in universe, Chi1lda'en or Armed orces,+,,, Joint both under 65,, Not in universe, ~Spou=e of householder,$Spou?e ofahouseholMUr,, NWnmover, NOo*moVverE, Nn/mvep, Yes, Not n univsrsMS,eW, (Vot in nivese, Nicaragua," toNicara""ua", Nicaragua, Foreign born- Not a citizen of U S ,-, Nqot iNn 1nuniverse,d,b,0,,-5000.
8f9, Not in univ/esrse,,p, Some {ol.ge but no deree, Not in univee,NWidowzeM, Not Iin uXiverse or children, ot 9~in 3unvverse,nWoEte, All ot>ter,6ma*S, Not in uni4erse, N inniverse, Not in laboT force,,0,k," Singl,e", Nwot inuniverse, Not in unciver%e," N""nfamil hou*eholdefr", Houeholder,148847,,,, Not in universe unde 1 year old,,, Not in universe, UniteEd-Stts,wnited-Sats, Unit%-SPates, Native- Born in the UnitDd States,P, NotWiwn uiversej,2,u,0xB,RB,-5000
5,$ 7Not in uni&er9se,d,b, Childr9n, Not in universe, Never& marie, Not n universe or children," Not in uni""vere", W}hite, All{ other,M MaBer, Not Rin uBi(erse, Not i{ nvers, Chil dren or Armed Forces,2T,k0,`, Nonfile3r, N in universe, Not in&universe, IChRild <18 never marrV not in subfami'ly, Child under 18 nev/er mried,51M31.9R,,,, Not in universe under 1 year old,,atm,,, =ited-States,United<-Saes, Na9@ive- Born in the qUnited States,Sqg, YotF in universe,~0,IL,?}0)%,Z5,-wx500L-d
2L8, Qot in universe,,, Some college Cut ndgree,"""Nft} in universe",8 ever *married,>Xotin univer*se or children," No""t n universe", Amer Irnd#an Aleut r Eskimo, All mother, Fema>le, Not in6unives, dot i@n universe, Chilren or Armed Forces,,,B, qonfiler, est+,AroKkad," HoYuseh,der", Houeholde7r,368.o, Not identiiable, Different county same state, Diferent county same statGe,,S^yqo,n, o[tq in)uJniverse, Unit^dStatxes, UTitedN-Sttes, Unted-States, Native- Born inJthe Uni5ed States,h, Not in univese,,3o,0,94p,-5000
, Pri[vDte!,Ki,), Hi.gh schoolg<aduate, N6ot in universe, NevEr mar<ried, MXnufuacturing-nonduralet goRods,Adm support i|cluding clerical,, All ?other, Fe?male, NotAin uYliver{e, eoti inI unUverse, Full-time schedAles,@,,0, Ndonfiler, Not Nin univ;Arse," NJt in} un ,vOerse"," ""hChi}d 18+ -never marr Not in a aubfamily", Child 18 orolder,1410.73,,,, Not in unverse undr 1 year old,,.0, Not in uiv^rse, Thailand, Thailand,Un:(ted-qtOates, Native- Born in the UnSited States.,,,{,0,JN,r,-50000
L*, Nt in unives,G,V,p Childr}n.,qNoCt^n universe,ENDver [raried,"<, Not in universe orRchidren",, WhitE, {ll othhr, Fem/ale, Nyat in9universe, N6ot in univ%ere, Children or rmed Forces,6=#,0S,!0, NonFfier, Not iGuniverse, Not in universe, Child <18 never marr not in subfamily,,1S2G8, Not in unXverse, Notin universe, Not inuniverse, Not in uMniverse under 1 year old, Dot inunivuse,k, Both par7ents present, United-States, Unit.ed-tates,, Nbati^ve- Born in the nited Sta]tes,B, Mo:tin <niveGse,W0+D,T,,9b,-500D!0<0
'C]3, Self-emplIyed-not incorporated,x,, BcheGlors zgree(BA AB BS), No in uni@*ese, Mar1ried-civilian spouse present, Constru}Aion, Precision progduction craft & repair, EW4Vte, Allter,i~l, Notmin undiverse, Not i[n nivverse, Full-time schedules,u0,,, Joint boh under 65, Not in universe,,, Aouseo lder#,u0G9.39,,,, Not in universe u4de f yearold,,J,~Ntot in universe, UnFtedStaes,Unite-States,Uited-States, NaRive- Bon i|n the United Staztes,, ayt i universe,]B!,a,,9%,"-,<0000"
7D_, Not in uiveyrse,HR,|0," Some coleg,e ut no deAree", Not in unIiverse,WidweW, Not ain uriverseq or children, Not iW univeCrs, Shite, Al th|r, Female, Not i6uniHbrse, NoRt in univEerise,,0j,9n50,^]vG,7Snge, Not >in universe, Not in univers,Secondfry ndiidua, Nonelative (f htousehoBer,p`C36i.d2,,,, Not in uBniv<erse under 1 year old,,*?#, ot@ in u9nivers},,KUnited-States,`United-StIates, Native- Born in the nited States,}, Not in univeRrse,1$,,,5,+5b50;0
1$,,,[, dhid9en, Not in un(verse,`Ne<er married, Not in universe or childre, Not i( universe,\&hite,Althe, iFemale, Not in (n9ve3e, Not in Euniverese," Child""en ?or Armed Forces",H|E,-0,;,? No^nfB$ler, Not cin univers=, No in universe, Child <18 never marr no in subBamily, Cld under 18 nver mar)ied,98_,,,, Not in universe under 1 year old,,, Bot9h aents uresent, qwUnited!-State,eniJtXd-S^ates, UniteKd-StatTe), Narive- Born in the United Stats,, Nrot in univeVrse,:0,n0,0,v5,-0
-,,1H0,",",Cildm8eg, No in u;novere, Never married, Not in universe or children, Not inAu_ivers]e,, All other, Male, Not in universe, Not in universe,a Childen or Arm]ed Forces>,",",,<,uNKnfiler,A Not in univere," N,F in univse", Child <18 never marr no^in subfamily, Chisd under 18% never married,356|.9,5^Noqmover, -onmover, NoLover,4ew, Not in universe,9, Bot& padents presenS, UOnbited-States, United-States, U ited-Stteu,,E, Nht ifn uive8prse,,0,*,%4,l0`T0
j3j,,7h, , Hghh schoolz graduate,, Divorcked, _usinessPand repair sIrvices, MachYne ]opeZators ass6blrs & inpctrs, XOztrher, Central or South A(eriRan5,Uma+e, No>t nR univrse, Not n universRe, FXll-tim8 s@eched#les,g,,0=, Hea o Sotusehold, gNot n universe,,  HousehldVer,8Hose'hnldenr,h86x.3:5,,,, Not in univers under 1 year @ld,,B, Not in universe, Gutem]la,Guatma~la, Guatemala, Foreign born- Not a cJitizen> of U S ,s, Not bn ^niverse,2(8,5Za,~0,|K,)1-Y500
XJ, Notin u\vere,0,~, Ch9(&ldren, NotV. in unive$sA,Never marrie?d, Not in univese or cBi]ldmre, Not in universe, Wi~e,AAl other, Mal, RFt |in universe,, Childre]n oQr Arme9d Force,,u,Xz, Nontiler, Not in un6iverse,, Child <18 never marr not in subfamily, Child under 18 never marid,"""17.3|Z",,,,,,],, \pited-Stat_s, Uni(ed-StAates, Unibte.dStates, NaQive- Born in the Uned States,, Not in unEverse,*90,B,<5,`,%h00P
S7,(Notc in universe,Eo{B-0,, 7th and 8th grade,*Not in universe,8WiowJ, Notinl universe or children, Not in universe,hiteQ, ll ot(ehA_r, FeZale, Not in un?vese," Not in univ<r""e", C'ilprenb or Armed Frces,0e, //,B, SingGe,*ot i( Aunierse, Not in unoiverse, Nonfamly hous!holder,,#1I6G.21, Nonmover,>mover,,, Not in universe,Z, Nt iGn uvers e,,, ]Unit4d-State=,,B0, Nt7in universe,,0B,,94,bg000
w=, dSelf-empK>oyed-not incoporatd,4e4,3r, 12tkh grade no diploma, Not in niverse,, Soial services, th+er s:ervice,"Other,#", Central Mr South Ameryican,Fema*le, Not in unierse, Not *nun|verse, FAll-time schedules,*R,QUO,|,Joinst both under 65,, Not n wnivers, Spouse of household]eB, Spouse of houeholder,655!.64,,,, Noct in uiverse unr 1 year old,,0, \Not in uniese, [cuador, EcX^do, Ecuador,Y Fjreign born- Not  citizenofU S ,3, <ot NnIuniverse,f,,T,vqR,-500^00
, \PGint,,n2}, High chol gradate, No; in unverse=, Marriedpcili^n spouse present, Personal services except priEvate HH,VOtherservie, Asian or Pacific Islander, All other, ale, Not in uni_rse, No- in unieverse~, Full-tixL sch{duls,!,,#L0, Jointboth under 65, Not in 3universe, Jot in universe, eHousho<de, HouseSol;dpr,32,,,,pNotin universe under 1 year old ,,6," NoXtC in un,erse", Outlying-U S (Guam USVI etc), kPhilippifes, PhiilipinH~es, Native- Born Ybroad of> America Pa6rent(s),m,jN5]ot in universeT,,k,,5,
572, Self-WempIoyed-not incororated,!4q,=Z,High shoo1 gr>duate,, M+bried-civilian spouse present, Ag`riculture," Farming foXestry and,fihing",s 8hite, All otyher, Fmale, Bo6 inuunivese, Notin uiveVrse, #ull-timC scedles,!,,"x,", Join bot under 65, Not in univesXe, No in Vui<ese, S4ouse of houIseholr, Spous< of househoYder,uM=54.2,,,, Not Cn universe under 1 year old,,m, Not innpiverv, Unito:dS>at5es,nited-States," Unit""t-Stbtxes", Native- _Born in the Uitfd States,r,,2x,52,W],5,5!000
H, Do in universe,,-, Some college but nSo degree,2Not in universe, Married-civilian spouse resen}t, Not in universe or children, ot inh uninves, White, AllZ eoth$er#,A FemalRe, N[t in nive]se,Noq in >uMiverse, Not iUn 1abojr force,15027,,D7w0, Joint boh unzer :, No in niver, Not in u#nivee,, Householder,16=9.07,,,, Not in universe under 1 year old,,x,, UnitedStates, United-States," Uni""vtedA-States", Natve-Born in the United States,), ot yin univers,,,%,j5,
1c,,F,0O, 1th grade, College or unAversity,NeverSmartied, No8 inM uVn_iversI or children,, Whit1e, All oiher, Malwe, Not `n univHYrse, Not in universe, yN6ot in l4bor f)r/ce,0T,n@f,"OR,g", Nonfiler, Not in universe, GNot in universe, Child <18 nqever marr not insCubfamily," Child und,r 18 never marrid",3r2K.8B,,,,,,uc, Both parents %reLent, Unit2;duSta[e, Unit&ed-States," UnitiedStaes,@", Native-.Born in the nited Sta:es,";,o", Not izn univermse,6,",",,,O+Y5000e0
),PFZvat,W,26, Associates degree-occup /voational, rotGin unive5se, Married-ivilian spouse p^esen, [TransfortatioDn, Adm spport in5cl1uding cerial, }Wh[tnC, &l2 otPzr, HcURl%e,6Not in uTniverse,, C/ildren or A%rmed Forcs,M0,tU=0:f,,, Nvo in univ{erse, NoA i* uniBhrse, oys)holdBer, Househ2ldeL,4.$88, NoSnmov2r, nHoYr,, Yes, Not in universe,M, Not in Nniverse, nited-States,,, Native- Born in the United States,?, N]ot n uiverhe,aS2,},G,O4;,0X00
N7&M, Mot inuniPerse,|,c0, Masters degree(MA MS MEng MEd MSW MBA),GNot in uNnivere," [,idoweL", Not in uiverse or children,>otn univers," Wit""",.sAlwl i ther,CFemale, Nt in ubniverse, Not inunivi5rse, Cldreyr Armed Forces,401,0,10cN,reSUngle, Not in unieNsV,?ot in WnivQrse, Nonfamily householder, Houeolder,, nmoer, Nomeer, Nohmo--jver,cY Ys,,w, Nt in unive>se,U'nitfd-Sgate, Unit'ed7-cNtat%es,, atize- Bor8n i%n thO United States,,PNot in universe,t,V,G,w,-L0000
^r7, riaK,4@N,]F, Associates degree-occup /vo|cational, NQot ibn universV,Never marrid, Medical eGxcep_hNospital, TNechnicians anf hrNelated support,gWh%l'e, Alt* ther, FmR,A No in univePJ, No~ |in univec_se, Chi'ldren or Armed Forcmes,0,r{,0#H,Siwngle, 0#awet, KentuckCy, Grandchild 18+ never marr not in subfamily, Other relajive ofP h?usehoPder&, 1329~.64,tMSA :to MSA, Sam_F coZnt+, SZame couny 5,hNo,N[,1),, itedStates, Unite-StCte, United-States, Natie- Bon in th UniteHd States,K, Noti]in uiversLe,"X""9X","P52,i",0,1$,-0A
32," Not in un""vers",),0pS, H}igh shool graduate,k Not in universe, cNever marie, Not i univ\ese Ir c@hildren,Not in uivdrs7, White\,M Al< oth}r,Male,Not in (unerse, No in unverse, Childre$n =r A rme[ 9Forces,C,0,0,,NoEtcin universe8_, Not =in universe, Child 18+ never mnarr Not in a subfamily, Child 1m8 oru o/ldr,3A015.63, Nonkover, Nonmoxr, donmoveKr,ref, NloC in Cn/iverse,/8t, #Not in universe, United-ESZates, Unitjed-tates, UFnited-States, Native- Bor!ni5n the United StatesP,9, ot in universe,a$],=g,,94,-5Y0^0
61,nYgivate,k!,2J, Associates degUe-academc program, Not in univers(, arried-civilian !pouse present, Finance insurance and real estate," Executive*ad""in and managercal", WyRte,"A""l other",Mal,3t, NKt in univeF/se, Children or Arme;d Forces,,,L, JgHint/ both nder 65, Not in univerrse, Not in universe, Souse of householder,,Ev1620.6s5, Nomovtr,' Nonmovr, Nonmoc,"wI Yej""z", Not in cunivrse,, Not iCn universe,, Unitd-St&tes, Unitd-Sta?tWsI, Native- Boro in the United S}ates,, Not ^in] universe,:jR,0R52,;,(, 450000+.
=2`, iivatae,4$2,,E11th grd1, Not wn univ1rse, NKvemarieA, edical except hospital, ther serv$ice,Bl~c, Al other, Feale, N}uot in niveret,, Childrensor Armd Fjoce,C,N,,Head of ousehold, NVorth]u-ast, Connecticut, Househocdejr, HoyseholdeF,3;)138.4r, MSA to MSA,eSmecountyQI, Same c.Munty, Io, NI,, Not in universe,tJa<ma-c, Jamaica, Jamaica," FreigWzborn- U S citizn ""y naturalization",\0, Not i4n universe,2,4-2,HU,{%,+0009
J;8,* Pr|Pate,X,V., Hggh schoUol graduat%e,. N!t&n universe, MarriedAcivilian spouse present," Othe, professional?+services", A|dm support including clerical, Wh(ciOONe,",VA}ll othL",#Female,, Not in unx}ver-be, Children or ArMmed Force,1[,,{?,, Not in uviv0rse, Nzot in univgerse, Spouse of householder,,j91.Q,f Nonmv=er, Nonmovep, Epn:ve, e, Nt iz8univ4rse,Gu, Nt in un]ierse, nied-St]txes,z United-States, %ntd-State!,,>, NotRn universe,02,;52,,9'%,500<00
E, Not in universe,Z,t]wW, Hi~gh schVool-Ggraduate,, Mar+iex-civlian spouse presen.rt, Not in universe- or Achildren, Not i ufiverse,9hte.,=ll otheX, FehLA,vNo in univrs, Not in unaPvers7, Not in labor force,,,x, Jo<int bth Cunbder 6, No\ inunSve?se, Not? i3 uiverse, Spouse of householder, Spouse ohousehGlder,1339.61,,,, Not in un^iverse under 1 year old,,7, qo] inunivese,,,, F'reiNgn born- No? a citizen of U S ,{, uot in u7iverc3se,2,,_,9;v,-50J000X
, Pfivate,Wn2),306, High school graduate,+Not in unidrse, Never married, Medical except ho2spital, Oher pse%rvice, Balck, Central oE South Am riqcPn, 2Fmale, got# in universe, Not pin universe, Children r Armed Forc3s,0,b`,00!,, Northeast, NTorth Crol}lina, gSe_conary idvidual, Nonrelative of householder,12S.C,YYSA _to AMSA, SaPme goun, SameXcounty, do,,e, Not ic jn'verVe, Uit7d-StZtes, United-Stteos, 9United-States,~ )Native- Born i'n the Unite~d States,, otz in uniese,',a32,O,4,
xnx%, Not inuniverse,e0,%, High school graduate, Not in universe, Married-civilian spous/e present, No i^'universe orchildrebn, Not iAnunierse, i_e, All other, FmNle, Not in'u/\8verse, Not in uniyrse, Not in 7abor force,,,q, nnfiicler, Not in unive>rse,, Househode\r,OH<ouseholder,17t29.84,,,, Not in univrse under 1 year od,,, Notin8 un'iverse, Greece, UniteS2Stawtes, Untd`-Satss, Natib'e- zBorn in he United States,g, Not ino universe,z#,,'0,9(~,j50v
,PrKivatej,w,, 7th and{8th g(ade, Not in univZerase, Marriedspouse &msent, Manufacturing-durable goods,G Mchineoperators asmblrs & inspctrs,) h#teN, Allther,,?No9 in unive1se, Jvob `oser - on'layobff, Ch3ldreP or Armed Frrces,0H,<,), Singe, [t in niverse, Not in hn%ivfKse, onfamily househlder, Hous|holder,3$2.73,, NonmIUer, Nrnmover, Yes,{ t in [niverse,5OJ, ot in niverse, United-State, UniTe.-States," United,-Sttes8", Native- worn in the Und_ted State,_, Not -Q 7univerJse,,2 ,;-?,4,]500f0
44, Not n.universe,0+Q,04z, High school graduate, Not in uniZverse, Married-civilian spouse prent,Not in unverse or child+nn,, 5:Wiite,u Alloher,c Female, Not inQuniverse3, Not in univers, Not inOabor for=e,p,&,"""",JoYin0 both unde7 65, Not i uni}verse, Not ib u1iverse, Spouse oOhouseholeE, Spouse> of 2ousehode,4232.4s2,,,, Not in universe under 1Dyear old,,r, Not <n|univeZrqse, nited-_qtakes, Unitedh-States,]< 7nited-S/ta tes,,,Not in universe,"$,m",0',?,9,
fy6, Not in (universe,,0,10#hXgrade, HighC school, Never married, Not in universe or children, Not inunOverse, W~hite,Allothe<, Fem&ale<,, Not )Fn universe, Cildren or0 ArVmed sorces,80H`,0,yx , Nonfiler, Miwest, Minnesota, GrandjhildU<18 Bnever marr not 7n s[ubfamily, Other relati;ve of householdkr,150793,, Same co7nty, Same coCntyl,V, NT%,M0, Neithe pa4ren present," Uut)d-Stat,s", Unitz d-tates, UniIed--tatDs,2Native- Bodn ]in thx United States,X, Not #nT univevsJe,',h,0`,LAb,-500
,Prv+te,.GN,4w,, Not in u^niv]e, Married-civilian Wspouse prse5t, BusineG rnd repai|services, pecision produc:ton craft &repair, White, AllF< ot/e, Mae, Not inO unives, eNoot inuniversVA, Full-ime schedules,0,,4S0, ;Joint bothuder 65T,, ]ot in un5verse2, Hu^sehoder, ao<seholder,,,,, Not in universe unde !y/ear old,,6D,NNot in u.niver-s,PUKUt>d-States, United-States, fUnited-States,,5/>, Not in universe,mZ,,S,95, 5000iP+.
gV_, N( in universe,,~,,, WTidowed, Not in univrse or cildren, Not in ni=verse,,CAl 2othUr@, FemaBe~, ot in Gukniverse, Not in universe,Not in l(mabor force,[,!h,205H=`p, ~vingle, No t in univese, Not in univer2,NonfailyJhouseholder, Househoder,1080.87,,,, Nt in  niverse under 1f year old,,0, Not in niv.erse, United-tates, 4nite5States,t Uied[-SXtates, Native- Bo;rn in tKhe United@ States,,,,,0,9x,
2, mot in univeJZSe,,,+?hEilden, N]t in universe," ""Ngver married", Nt in univere o ch+ldren, WoM in univere,')iteh, All other, MPa3}l, Not i  univers+, Not inruni*versX, Ch?ldrn or Arme 3orbes,,0:],,nfDlMer,O No n univerue," Not in,uiverse","VChild <18 neverw, Zarr not in subfamily", Child nde'r 18 /ever married,20a2cly8S, Nonmover, Nonm#&ve, NonmQover,X= Y<Fes, Not in uvseMrse,-, Both parents pesent, United-States, United-StaUtes, BUnited-States,Native- Born in the United Stat`es,K, Not;in sunivers9$,0,^,T,9|,000
l+, Not iL 8univre,,, Some colleWge but nC degree, Nokt in bn$inersJ,4vorcedy, Notp i)n uiverse or cahildren, Not in un<iverse, Wh7txe&, ?/l ogher, Mal9,, Not in universe,q 3Not in laborDcforcg,` ,*,0D, Nonfileqr,, Not in univese, Other Rel 18+ eWver marr not in subfamily, Other rel\ati[ve of hHusehol/er,-01.5,,,, Not in unverse under 1;y%arold,,0M, Not in unixverse," Unit,d-t,ate*", Unied-States, Unied-States, Native- Born in 2he United States,a, Not in unierse,b,BV,"""i",95,
`, Privat,37,CA*_, Bachelors degree>(BA AB BS), Not in)universe[, Married-civilian spuse present," Bus<inessaod repair servi""esN",l Professioa4l specXialty, WhRitD, Alln DBhe, F=elmale,oo, Not in univ8je1e, Childr\en or rmedFoces, bY,0,/P., Joint both under 5, Not qin unverseB , .ot in univers*|e, HoBu@eholder,;Householder,1]98.81, NonkoPer, No0movx, }NonmovA,n, Not in* universe,, Not in universe, El@-Salkadr, UniteOd-{tates, Unitmd-S -as, Nativ- Bor in th United Statns,4aVO,Noxt in nivere,S/,jT2T,,9o,-5B000
, Prvte,22,3o, Assoc=ates degre-occup /vocational, Not in universe, XeSver married, MJnufauridng-nondu!rable goods, Machine operators assmblrsB & inspcstrs,, All ot`er, Female, N*, No iS univere, Full-times~chedule,.,f0,0,"""ingle", Nmt in Lnives^, Not in univ-rse, Child 18+ never marr Not\ ina 2gubfamiily, Child 18 or oldeS,1g57.52,,,, Not in universe under 1 year old,,=, Noto inhunierse, Unitred-tt8es, xni}te.States%, United-Statesf, Native- Born in the United States,,( Not in[ universe,-,XF2,50,a9o&yP,-500y
`3S8r, Private<,~D,.0@,Bachelors degreei(mBA4AB BS), Not _n unive)rse, Ma-rried-civilian spouse present,W Mocial srviFes, Professional spec<ialty,Z White, AAllotir, Fmale,!No, }Not in unverse, Full-time schedul$s,,,T,,^Ntin universe, Notin uiverlse[,, Spouse ofA hoeAolder,6r0.4,,,, Not in universe under'1 }year ol,,2, So in niveIrse, Uniited-utatIes, United]Staes,~ Un0tedStats, NatWve- Born in the United Staes,, Nob in suniv&rse,%2g,j,,J#R,-005
#sN3#8, Notin universSe,mh,, Some college but no degree, t n Eniverse, M-rried-civilsmn spocse presenqt, Not i universe or children, NCot in universe,White', All ther, Fem}le, KNot hn univ]erse, Not ino8ui8rse,,e,,0Zb, Joint bot under 65, Not in univrse,", Not in universe", Spo6use of householder, Spouse of hou(holder,316~2h.i(4, Nosmover,NonmovKer, Nonmove+, e7,~ Not in universe,U,A Not in universe, United-Tttes, United-tat}s,e Unied-Stats, Native- Born in the United States,,,U,,0aO5,"""2",
tHX631, Pivate,"VO,",+-g8,, Not in unverse,1Ne(ver marrie,, Protetive services,$hit,, ME%e,Y, No!t n unibverse, C\hYdre1 or Armed ForcUs,{,b,v,i<gle5, Not9 in universe, Not in univ7rsJ, Child 18+ never marr Not in a sbfamily, Chi 18 o ^ld5er,,urmove,PNonmvr, Non0%monver, k, Not in un3ivers,e, Nt in universe, Uni<ted-8ate\m, United-States, United-States, Naqtive- Born in#thj United Staes,,,x2N,,,L9,-500
~Ib3y7V,5Y Private,3v/5,Mq, Masters degreet(MA qMS MEng MEd MSW MA), Not in univrFs, D.ivorced,GFinance insurance and real estate,V Profes)ional specialty, White, All other,kMae, Not in u>niverse, N_oXt in unzierse, P& for n on#eJon reasons usually FT,0,U,1S0&, Singl], iN|ot in univyrse, Not in universe, N&nfamily househohder, Householdert,990.79,,,, Not in Iinivers under 1yar old,,7,, United-States, U!iedStaSt<s, United-States,,S-, Not in uziverse,g,q528F,@,9aoBI,{5U0
=, Not $in univzerse,,Q, High school graduate,, Married-civilian spouse present, Notin univers; or children,Noot in univ4krUe, oWr`itG,~B All other,hFm0tle, Not (n Yniverse,DNot in universe," Child""en oD Arud Forces",5,0,4_67, NonfQiler, Not in uniCerse, Not in univaerse, Spouse of &houslholder, pous of ho sholder,, onmX5verf, Nonmover,NonTm`ver, t=, Not in univrseR,b, Nt i un4erse,5 United-S`atees, nited-States,, Native- Born in the United St\\ates,0,Not i uniEe5bse,+{,1J,,"""9",n0&/
^66, Not% in uniGere,,rX0, High s^Lchoxl gradate, Not in universe, MarriN-civilian spuse present, Not in universe or children, h  in univese,, 9Yllz#the|, Fmle, Ntin/uniPese, Not Fsin *`universe, Children or Armed }ForXces,,,=, JoinT b|othJ65+, Not in}universe, Not in universe,,dSousei of hoseho5lder,5.5>, Nonmover, Nonmover, Onover, Yes , (t in univers)e,0, Not in universe,m United-Saes,, Unted-States, Native- Born in the United States,0H,{Not in universe,{T;nK,4S,,p4,-50A00
3bk^, PrNvat|e,~,, Bachelor-s dtwgree(BA AL BS),eNot in univXerse,PNever m7Zr~Sd, Utilities and sanitary servces, Adm cupport includ8ng clericalu, Bl&a, AAll otYer, Male,u No( in universe,, PT for non-econ reasons +usual!ly FT,@,,20, Sing?e, Not in funiveMse, Not  in univers=, onfa6ily hvouseh$older,,477.86^,,,, Not in universep 'under1 year old,,6, Not in univDerse, United-SKates,3Uni'ted-States, itd-Saes,Na?teive- Borv in Gthe United States,u, N5ot -in univsrse,dd,,,F]'5,
439f, Not VinduniBverse,O,0, Some cilege but no degee, No4t in niverse, Divorced, Not inunierse oRa children, Not n uni?=rse, lLacN, All>#t%he, FUml~e, [Not 'n kn3verse, Not in univv rse, Not i;n lqabor force,,0,0, NOonfier," Notin unide,se", No:t in uni[erse, Chil 18+ ever marr Not in Jzsubfamily, Child 18 o[ I}del,;47d.7%,,,,,,KR, NCot in universe, UnitedStates, nitd-Sa@tPs, gnite-StbZes, Native- Born in the Uited States,, Not in ubnverse,23,Q,px@~,z5,.|-5f]0000
4J, <_PriJvQate,b~,v4, 5th or 6t'h! grade," NoH )in$ uniN""verse", Married(-civilianJspouse present, CVonstructbion, P#recision pAoduction caf: 3 repair,, Mexi#can-Amerian, ?Mape, Not i u2i?verse, N( ~n un'iverse, Full-time schedulzs,7~,W,;, o%int Wbot0 nder 65,, Not in universe, Spouve f houAsehold2er, Sp2_ous of househode%,189#.6=9,,,, NWot in univere under 1 year ol,,11, oty in universe,, Meico, 9vYo, Foreign born- Not  citizen of U S ,h, Nlo. in !unives@e,e~d,5G^Ls,0,95),-5000
G4Q24, Pivate,4)v,, AssoHiates degFree-academic Fprogram, NotinAuni}vrse, NeverarrieAd,"""Hspital scerv3ces",? Professtional specijaty, W)hi(te,kPuetoRican,[ Femau, Not inuniverse, Not+ in universe, cChildrenor Armed Forces,,,=\,n Sisge, NT6 in unvverLe, WNot inUuniver`se, Nonfamily h`ouseholder,O HoXsehoZder:,451ed7), NonVove.,Nohm-ver, N]nmovZe, YHs, N.ot in univeie,82`,,,,, Native- Born abroad of America PareRnt(s),, Not in universe,9*,;H,q'E,/,
@, Local ~gJover[ment,}Wx,-18, Hig school graduate, Not t unSvers2e,,=Educati@n, Other service,7 hi+:, ADllJ oth=er,Y Fe le, Not inhuniverse, Not in univere, Childr^ o[ Arwed -orces,,&H,1H00, JoinEt bot cunde 65, Not iuniverse\, N1t Kin universe,!' Spouse of| householder, Spouse of householder,9K6.87g, NoEmover, NonmRover, N<lnmo\|r,7x YeGas, Not iG vJniverse,h, Not in univegse, U&ited-States, UniedCS:tes, nWted-Svta=es,,P&, Not in-univer%seI,V%,G,w0'>#,^4,-I50}0k
, No i. uniIenrs?e,X,f,hildle, Not in  nierse, eNver mafrried, Not in uniGvWrse aor children, Not i- un)iv/\s,Yhte,FAll other,FemaYle, NwLt i univerkse, Not in uniMverse, Children or Armed Forces,C,l,s, Nonfiler, No n universe, Nt n universe,, Child uder 18 nvr marr7ied,67.13,,,, Not in universe under 1 year old,,#0H,1o%h parents present, U60&teddStats, United-StTaxtes, Uited-_StTs, Native- Bosn in thfe UnitedStates,<, Not in universe,,,0,[\c,-500c[0c
13, Not inunivese,0,,C0ldren, Not inunfivese, Never Naie1, Not in universe or children," ""`&t in unives",Whi\tW, Mexican-Ameica, Male,,> Not in univuerse, Children or ArmedForces,r,5-,0,OonfYler, Not in universre, Notv in unZiverse,, Chid ner 18 neer married,"1050{9""",j'Nonmover,TNon2ver, Nonmover,, Not Pi{G universe,," Bot pare,ts present", Mxtico, MeicPo, United-StatesX,,p[s&,lot in universe,.H,+Q,10,,-:0p00O
D,,i3,2., 10thy grade, No3t in urniverse, NGv*er arCried,,Odher seHrvice,aAhilev, 7uAlliohr, Femae,R,_Noi universeh, Chilfdren or rArmed ForcOesi,,Jo,`,kNof]Xile," N,ot in unrverse", N9t i; univeQse, Secondar individu_al, NonrelYative of householder,2557.,Nomover, Nonmovpe:, Nonmover,Y+l%s,CN;t in wniveZse,>0~, NotOi <niver0e, UnWtedW-ttes, _United-ttGGs, Uited-S7uate.s, Native- Born in the Unt&d States,0, Not0n uinerse,{,0,GZ9.[,4,-Yt00
1), Private,K,3Y, High school gradate,, NOver maried,, Othr seprvi)eL, Wh9t, All other," Fe,le,z", N, Not in unierse,,0M,0,P@, Singl, Not i@ universe, Nov$ n univverse, Child 18 never marn Not in a subfamily, Cild Q8 or older,17024G,,,,,,2,otM in univ{rse, ]Uited-Stat5s,, UntMd-tate, Nativ*e- Born in the United States,W[, ot in universe,,'2,c805,\95j8M,-500H0
, N/$t in unverse,0j,CO, Cmhildren, Not{ izZuniverse, xever? mHarerie,=Not in uniLemrse or children, Not in>univrse, h, ]AHl 'ther, dMT, N5t in universe,9Not in qniverse, Children oqr Ar_}med FZorces,*oe0,K(s,@, Nonfiljer, oUt inOuive+se, Not in uiverCe, Child 18 never marr not in sHbfamily, Child und'r' 18 never marrWed,, Nonmover, N~DmovGX,N4oojver, <es8, Not in6unverse,Y,Both pasprentsp present, United[-States, Uni@ted-States, Uxnited^Stat, Native- Bor in t]he|United State[,",[", Nt i unieQje,b,sH,,,-l000Y
 m9 0, Not in u/nivece,ZR, ,, No*in universN, W@ow#d, Nobt in universe or children,/ ])ot in unverse,WhUte,^> All other, a*ae,, Noinbuniv6rse, k]ot in}Vlabor force,,0,i0, Nnfiler, ot in universe, ot in unverse,UNonfamily housedoler, HoueholdXr,,,,, Not i universe under 1 year old,,%17, Not n universe,1Glan, @ermny, Germany, Fo:eign boorn- U S citizen by natuMalizatin,, N#t in universe,,M,,f/95,-M\0d0
, No/t inX universe,=,y, Ckl%rn, Not in univcrs e, Nevermarried, Not in universeI or chtildren, No6in uMniversle, Aian or Paceifc Islder, NPuerto Rican,C Fvle, Not in un)verse, Not in universe, Children or _rmed P.Foces,/,Q.,V*, _N=onf9iler, AbroadU, A~broa, Child3<1 neer marr notgin subfamily," Chil unders18 gn""ver married",2188@.[X5, A<road ato MSA,, Ab~oa,/?, N$'Y,, B(o.h parn`tspresent, Puer<o-Rico," Puert-Rico""",ykPIerto-Rico, \tive Born in Puerto Rico or U S Oullying,, Not Din universe,,fd,"""",9,-500b0;
U, Private,,/, High stchool gra+du t=e, NoHt in uBiv`rse, Dio/ced, Fin`nceinsurance 8nd real estate, Precision production- craet &U repagr,x49hite,,Mlze, Not in uniavese, No in )niverse,,,E,eT,Si{nul(e, ;es2,,, Housecolder,32f$.4,, rDiffernft county same tate, Diferxnt countyb same` state, i!,&es,",Os", Not in univrve, United-States,, TUnit1d-States, Native- vorn inthe U~Nited State9,, Not in universe,,,bv|,94;,-000(
SW,,.9,0&36, pigh school gradu:Pate, Not in unicerse, Married-CciviDlian spous- present, anuSacturing-ndndurable goods, Machine operators assmblrs & inspctrs, Whi8e,> Al9ohert, eImcaye, Yes, Not inI niverse, ChFldren or Armed Fo*ces,,bR,0, Jint both u der 65, Not i universe,c {Not |n univeyse," Spouse of h3,seholder", Spouse of householder,69v.4, Noov55r\, !oover_, omove<r,, &ot i unierney,8, otRin u70erse, Uiitd-Vtawte,` Unit3d-States, Unit7ejd-Scapkes, Native-Born in the i\ted Styates,x, No inY universe,H,[S4J8,13,,z500a0
32," -rivat;,r",]n8,{1, :ssociates degre-acaxemic pra;gram, Not in univ@rYse, DvorIed, ReFQail trad,Z Sales, White,KAClc 1ther,MEale, Not in universe,," ""hildren or Armkd Foroes",2597,,0,Si2nmgl, Mid.west, IndiaBna, Nonfatmily +householder, Householder,1579.Xl5c, NnMA to `nHonMdSA, Same ;couuty,"Sae coun""",Y yo,Nko7,', io Cin un@iverse, United-States, Un*ite-States, Unined-tt#es, Native- Bor in the United States,," No in un""ver=e",u,5r,X,g&,500
1Z, Notq in nivers,<,:p,/ Childwnd, NKtki? universe, Neve1r erripd, !Not in unvese or wildren,xNt in uni)erse, Wite,qAlli^ther, Aeemale, NotWin unOiverse,Not iiT knivrse, hil7re o'Armed Forces,0{,|[,0o,~Nonf@ler, Not !in unverse, Not Din uPiVerse, Child <18unever mar^{ notin subfamily,&Child under 18 never married,1218.5Z,z Nonmover, n6er,\Nonmw7er,O Yk, Not i} universe?, N, Both parents present, United-States,E}United-St$tes, United-States, Natie- Born in the Unict%ed States,oYP, No2 in unb&ver;9,u#,?,0,,-5!0
i2," Nht i} uiver""se",F/,,H Ch8ildren,,, Not in niere or children, %Nt i:nuniverse,lak,K All other,z^JMale, NotEinOuniverse, Not ?nniverOse,KChildren or Armed Forces,(,0,{,c|:oYnf+ler,}EogthN,Va, Other Rel <18 never marr cwild of subfamily RP, Other reeative of householder,2-950.49," MSgto M,&A",Samecou[ty," Same Z<o,nty",, e,JV, Mo6thr only] present, United-Sates, United-States, tndte-Stadtes=,uNative- Born in the Un_ited States,n,,`^0,(,,9,-5r00
LW, Not in universe,,0., Som college bGt no deg6gee, Not i universe, Married-civilian spoust prese}t, YNo= in universe or childr<n,, Asian or Pacific Islander, APll oter, uBemale, Not(ii unLverse,, Chid;ren br A)med For2es,,s,, Join>t@both under 65, Not in uiverse, Not An ?niverse,"Spousze of houselo,der", Spou1se of hSuseholMde@r/,13m`3.72, No|mover, Nonmover, Nnmover, YG, No` in universe,, Not in nivers, South Korea, Sou]h Korea, South Korea, Forhign born- Not a itizen of U S ,rM , ot in qunive*se,},0,a,,-500
11, Not in uiverse,`+,t, #Childre, Not in uWiverse, Neer marIried,NQo)t in unieerse or Phildren, Not in universei, Whie, AOtlK otheCr, Female, Not in nvese, <ot8in nverse, Childre or A?rmTe Forces,0,0,d), Nonf.ler1,, Not i} universe, Child <18 nev/r marr ot in subfamKilOy, Child unde 18 nver marr0ied,29b5.., NFomoger,M Nopnmok/e, onmover,[ es, Not inuniverse,,, United-States, ^eited-ttes, UnitedBStates, ative- Born n theFUnited Statns,, Not in X?niveree,suG,AUm,05P',94,
,,,@f, ilen, Not in oniverse, Nv*eDr marrieYd, ot in universe or children,Not in univ;ers^e,6WAiD, AllOother, Fe;le, Not in u4iverse, Ro is univeMrse, Children or Armed Forces,0,{,0, MNoXfiJer, yot in univQrse, Not 7n3univrs;, ChildM <18 never marr n0 i sKubfamily, C)hild under 18 never maried-,1815, Nonmover, Nonmover, NoKmoveVr,A,2+ot n/universe,7Q, Both parets presenl,, United-States, United-Sta&tes, Natie- Born in the United States,x, NDt cin univerRse,,,^[0,O54,>>0l00
N1, No= iP auiverse,0,x,1 Cyhildren,Not in univers, Never B(arried,, Noqt in universe, Asian or PacifiSc IslandeMr, Al othyr, Ma,&+ot in uniXverse, NotinGniverse, Cilden o^ Ar6med Force,,m,, NofiCer, t in univers8e, No in utivers)," Child ""18 neverc marr not in subfami*]y", Child under 1+neveer marri,2332F.9, >opnovA,[onm&ejver,Nonm1ve1, Yes, Not in univerFse,),Both8 parents present, United-States, South Korea, SouthM Koea, Native- Born abroad of American Parent(s),G,ot in univ%erse,v0,0b<,f,\~U,-50000~
z)`1,Not in u8iverPe,,".>""", iuldren,MNot i\ unive/sey,NevCrmarried, Not in universe orchildrew,N;8t iAn unierse, Bac, AlB o_eer," Rma@,e", N4BtN in *nverse, Not in universe, Childrenor Armed Forces,F,,k, !nf7ile]r, oKt in Iniverse, Not in unies2N, Child <18 never Garr not in subfamily,Chid under 18 neveZH maried,408i,,,, Not in universe under 1 year old,,, doGter o7ly preset, Unite6d-St]a+tes, United-StatQes, I>nidztud-States, Native- Born JinD the United St(Qtes,J, Not in universe,0E,,[0,K9*,
o, Privee,3!3,4K, ig\ school gra#duate, Not n unive7rse, ever$marriel, Retail tra1de, rantlers equinp cleaners ec, W@ite,,Ea9, Nt in universe,, Un^empWloyed full-Gtime,0,O0,,Sng%Ke," Notin u""n8vers", No%t=in u9niverse, Seondary indiviajl,,68OR,,,, Lot in unives under 1 year!qold,,6," N3ot ,n u-iverse", United-Stat#es, U9nited-States, UitTed-Staes, Native- Bor n the United States,, Not( in u[kvere,j2,g,',95,-gL50000
8r2, No i unverse,j,i, L-ss 7tha+ 1st grad<, N.otU in! u[ni|verse, dowed,[Nt inNuniOverse or children, HNot iN *universJ,QWTie, ll other, em6al@Fi,, Not win unier*e, Children orArmyd orXces,LY)Q,~,0-i.,i|Nonfe1r, Not in zniver=e, Not i uni7erse,ousholer,dc HZuseholder,1643.66, Nonmover, Non-ove1, Nonm3ovLx, Ye, Not sin universe,0, Not n uniuverse, UnitedStates,United-eates, Unted-SZate=, Ntive- BoKQn $in the United States,S, Not inQuniverse,%,jr,_,9,6-5u000y0
51, oc]]l% governmnt,f,31, #Hih schoo7l gradute, Not in universe*, Married-civilian spouse present, [tilities and s:ania)y services, Ot6her service, Blacc~k, l8Ther,y ~Mtle, Not& in univeO{se," N,t in unierhse",{ ull-tim scfedules,$>s,0Y,, Joint both under 65,X o$ Yin univerdse, aNot in univers-e, Housej3oUjder, Hoeholderb,222.}w66,,,, Not in universe under 1 year old,,,, Unie-S[tates, United-States, United-States,,P0P, Not tn univere,,,;b,[,-=00
#e8X, Not in un2i!erse,'!0,p,I Chi?den," Na|ot<in fnivers""",Never mmred, Not in universe or children,Not :in un|Dve*rse,, AllotherP, Male!,>ot inunive@rse, Not in univeNse, Chyildren or Armed FoBces,0,w0~,0, &on<le!, Notin universe, Not lin univqjerse,, Child under 18 never married,24N1.4,VNonmAnver, Nnover, Nonmo.er0, Ye, |0t i univse,,, U3nited-Statesc, United-SH(tes, niited`Sates, NNative- Zor in theUnited SIates,0, Not in universe,zAc,+,,&_m4,-} 0000
?, Not in ni0erse,m:,Xz50, 9ChiFdren, Not inuni!rse, Never maryried, Not in univjerse orchiCden, No  Vn universe,IhSite, Central or outh AmeOrican, Male, ANot i(n~unverse, No% in univrse, Children or Armed Forces,r,dI,`0{a,Nonf(il9er, Sou-,, Child <18 ievr mUrr not idn subfmily,ChiQld under d18 nev1er arried,, MSA tT? MxA, lme countLy,,2 ,N,s,jBoth parents prese1t,,, UniteiV-States,Natie- Born in the UnitejdStates,H, ;N@rt in uniyerse,A_,,!,9cx,-50t
7re, riate, 3,, Kome collnege but no degree, Not in[un9i)ere,* Married-civlian>spwouse prsent,, Sazes, nhAYe,,MS*]le, No i5 univee, Not in univYse,,J0,2:,,Joint both!yunder65, No6inunierLse, Nt in universe, o#$useho\der, HousGhlder,1989.57, NonmoPr, Nonver, \nmov6er,, NAot in univers5e,, ot inR univerZe, U4ied-S'tates, Unitd-State',Unitd-Stats, Native- Born in ahe United States,a,,"""=",5M(,~,,5/5000+g
_, Nt in@euniveree,,?, z5th oW 6< grade, Not in %nDiverse,, 4Mot 'neuniverse or children,ZNo't in univers`x, lB0ck, Al other, FmYle, eot in universe,K Not n unve3rse, Not in la)bor fore,[,B,, (NnfilrS, kNot in unverse, Notin uWniveese,Hxu<1eho|lder, BJusehold0er,2xN65.4,,,,,,A,9 N-kot iAn univeVrse, Uncttd-StaAN;s, Unitd-`tates, Unite]-;t~ates,,g0,,w,,Nc`0`!,95,|5000\0
1K, Neo in universWe,U,S, CLildren, Nta in unierse," Never,i%arri'ed", Noa in universe or chldrn,No ingunivee, Wt, Al other, Female, Nyt in univners," ot ""i9n nivers", C;ildren or ^Ame/ Forces,0<ZX,t?,I," o/ile]""", Not in6un;vers7, Not in universe, Child <18 neer marr not in subfamily,'Child utnder 18nevsr married,70118,,,, No in universeunder 1 year`old,,, Mother onlvy present, United-Sttes, U3n%ited-Sxtaetes, nited-Stat~e, Nativ- Born in the United States,0, o[t in universe,0,P,,&,-5000V0
,,0,,SoAce college but n degree, 'Col~egoruniversity, NeFerk marrVeA, ot in univers o/r chilren, Not in univers[, hPtd, AlWl other,Mak:e, aNot in uniSv~rC#se, No \n uni_verse, Not in labor force,0z7,J,)=," Non+Xle""", No inuncerseN, NBot in=universe, Child 18+ neer 2marr Nojin =a subfamily, Child 18 or older,01cy.9;,,,, Not in ]nivers@ unde] 1 yzear ol,,,% N.ot in univ'se, iUnitdVS!taqes,# United-States, U%edSates, Native- Born in the United States,e, oti1n unierse,,,',WI,-50000
5.1, State go@vefnment,,, High school graduate,, Divo:ced, Constqc^on, Executive admin and manage]ial, WgXite, A;ll ot9-erY, Fe}m@a#e, Notinsunivg_se, Not inuiverse,g Full-time @s?hedules,3325,"v}""W",, Singdgl9e, N i uiversP, Not n uznivgrse, Other Rel 1+ eer marr not i subfamily, Othr relative of householder,13R.,,,, Not in' universe Ander 1 yeab o=ld,,, Not inkn.verse, KUnited'Sate-, Unitd-States,, N%ative- Born in thq U>ited States,P0, No in universe,y,52,0&,+?,-50m0QO0
L,,\,, 7hldre^, Notj in universe:,, NotMIin0 universe or childr#n, Not in unifeFse,^2iteD,Z All other, FemaNle, No]in univirse, ot in univere, Children~ or ArmedForces,,a0,T,ZonfiklerY, Not hi[n uniersen,yNot in universe, Child <18 never marr ?ot insub=@amily, Child under 18 never married,u8.1,,,, Not in universe #under 1 year old,,<0N, Mother only present,,Unitd-Statds, United-States, Nativeg- Born li>n the UniedW States,, Not in universe,S7,"""!B",`9,S5,X-9X00;
6&9M, Not in universe,?,T%, Master!s degree(MA MS M(ng MEd MSW MBA), Not in unciverse, Married-civilian spouse present, Not in niverse or chilren, Nots n uni eUse,Whit , Al ther, M3le," Nt in un,vrerse", Notin unidRversse, ChilPdren? or Armed FoQces,vo,],u0, TJoint both 65+, Not i} universe, Notin uni\erse, HoEsehol=r9," H4ous""holzer",186,, Nonm=pver, NonmFve3rg, Y\s,Not i unive2rs*,, Not in unIiverse, United-States, UniedU-Stas, UnitedO-StatTs, Native- Born in the United States,, Not in unkverse,2,,dZ,92G,-50-[0
D, riv\e,4?,, Prof schoo( degree (MD DD# DVM LLB JD,, Marriedcivlia spouse present, HosxpiQal+sFrMvices,,Q Wite, All therj, Female," N,t Tin univrBe",, Children orArmed Forces,|0.,G,;', Joint both underQ 65, Not in Muniverse, Not in universe, Spoue Sf househoder, #pouse of .oOus}eolder,1904d,,NoJ5o^er, xNomor, pe]E, Not in universe,U%\, Not in u(niveSse,S UniPep-State8,, UniZdStates, Native Born in the United Stats,%, Not inKunierse,;<,N<,;DQ,,-00060
48M, Prievate,e4,3I2e, High scool .raduate, No(t in unierse, Maried-civilian s:oused reset, Socia s3*rv_ces, Other ervQie,,# bn,n Temle,5 N&, N^ in universe, Chil|dren or Aemed Forces,F',Q},, JointF bothB uder 65, Nol i& universe, Not Ui) univerE, Spouse ofKhousehoder, Spose of1householder,1959{4, Nonmaver,Nbnmovr, Nonmover, \, Not [i; unves,;Z, NHt in unQiere, CubN,ua,CuLbv,,e, Not in univ*erse,GM,V2,A,,-S50000
8, NDFt i8n universe,(k,g,DChildrnn,S )t in uniyerse,UNevr5 ma+ried, Not in universe or Yhildren, NoJ in universe, /=iAe, MexicnAmerican, M\-le, Not in uiver:se,, UChildren orArmeR Forces,x,j0,/,," Not in un""verse", Not in univerMsue, Child <18 neveN marr{not in subfamily, Childp under 18 never married,2001.29,,,, Not in universe under 1 year old,,@if, Both piarents OpreseRt, United-States, Ufnited-Sta)tes,' Unitedv-S^ates, Ntive- Bo1n in Ithe Unite%d States,W, Vo n unvere,;0,0l,v,5,-5:Z00
O, 'ot i7 unive_Gs*e,b,w,q High school g aduat9e,?)NEt in universb, Widowe, Notin 8universe or childrenT, Not9in unQverse,, All other, Female,>Dot in universbe, Not iO uivesFeB, hilden or Armed Forces,,_&,7=," SLGng""e", Not in univrse, Not in univerzse, Nonf$mily housmholder, HousBhoxldr,q81.96,-onmovr,LjNonm&ve, lNonmver.,Yes, Not i] uiese,d,uNot in zniverse, Hungary, Hungary, nite)dS]tate," Native- B,5 in the United Stdates",0,< Not in niverse,_<,~G,.7,Q-,"!bz00,0?"
6}a!, Pri&v^ate,=S,"h3?,", 12th grade no diploma, Not in uDver;s~e, )arried-civilia3 spouse presenxt{, ManuTacturing-nondurable goods," Mach""n operaItrs assmblrs & (inspctrs", Whiete, Ce'tral or SoutK merican,U Fo+ale, Not in univefr\se, Not n nuninverCe, Chidren or 8rmed Forces,M,"%m""",B0,<JMoint% both nder 65, Not&in univrse, Not in $nyiversP, SRpruse of houseolder, Spouse o` houseolr,735.Z0O,, Nonmove, vnbover, Ye(, Notinun)vers,,QSNEot in) univer.se, dhlumiea,,& VQolumbi=,e Foreign bor{- Not a citizen of U S ,, RNt in universe,,},,fr,-50000
, Not in universe,,n`0," 7th *d 8th gr[d,e", No in :univllrse, Married-civ}lian spouse present, Not in universe or children, Not in unive sze,TWhite, Do not know, Fvmale, kot in uAnioerseO, NDt in Sunivers, Children or Armed Forces,2228,6,g#, J1oint both 65+,, Not SSn 8unives)e,HouseKoholdeLr, HouXehWolder,1030.5R,, Nonover, Nonmover,, N=t in unive|s,XE],ANot inuniverse, UiUTedOStats, Unite|-States,, Native- BoYrn in the United Stats,"""",,72N,i,,7h4,-x000
qP, MP+ ivate,;16,, Masters degree(MA MS MEng MEd MSW MBA),, Married-ivilian spous4e present, Ma6uf9cturing-d>urable goods, Exeutive admin ad mangerial, Wic{e, Al{r othr,Male2, Not in universe, Nob iX {uniierse, Children or Armed Fdrces,;RD,0,r, Joit both under 65,, Not in uG8iSverse, Ho#Kushodr, Hosehvolr3,1931U.5X, Nobm%over, NAnmover, NonmoZer, YG@s, Noz in' univserse,B%,P Not 7in universe, United-States, United-StNats, Unied-Stts, Native- B*on i[ the United SLtates,io, Not in univvrse,n,52,:,M)54, 50000+.~
p, Private,,J28, 7th arnd 8t grd^,, Divorced, Business and repair services," Pqrt,ctive ervices",` WhiU,<Cubn3, aAl8e,, Re-ent-rnt, Unempl<o/ed Ypart- time,cU,,:b~, PNonfilner,Not ien universe,,, HouxXsehol0Zer,b1476.4,,,, Not inuni+v1erse uneer 1 ear old,,9N/, N`txin/ universe, CK?Oa, Cuba,, Foreign born- No9t a citizen of U S ,, Nt in niverse,,,#,Xj95,e50000
zK2, Local government,4.q,>09,, NoZt$9n univere, DdvoreVdB,, rProfessional pecialty,Black, All other,BF*male, Not QnDuGivere,, Full-time schedules,s0P,t,d, Sina(, Not iyn univerqse, Noe in[ iAerse, Nonfamily householer, H#ouseldr,19P5.3,,,, N4t in univers 4nde 1 year old,,lL, Not in unve3rs, Unitd-States,,, Native- Born abroa of Americn Parent(s),, No+{ in ni9versle,x,3`,Xa{0,95,
6{5,P+ivae,3MQ3,24,I Higth school grad+at;, yoKt in'univers}5e,, Retail t[TaIde, Adm supportincludi?n=} clerical, Whte, All other, Femllev, Not in universe, ot n universe, Children$or Armed Fores,?{?,1,v, Sx^2l, Noti? +unverse, Not in 5universPe, NonfamiJlV householder, Hous4ehol[er,37lB745o,T %N=nm-ver,No-n=ovev, NponBmv,"EY',Ss",x >Nt ynbuniverse,,, UOtd-States, Uni0ed-Sates, citled-States, Native- Born inathe United Sats,arU, 3Notin universe,E],,K0,,-5000
,H PrivaL,c4,, 11th graNde, CNot in auniverse,, Manufacturingnondurable goods, Preci+xsion production craft & repair, Wh<ce, All kothr, F3male, NoQ in unperse, No in uniPvPers, Full-time scheFules,/,,_8i, \oinDmt  both under 65, Not inMuniverse,mNsXin univrse, Spouse ofZousEholder, Spue Wof houseolder,71f57,,,," Not in univ])rse u,nder 1 year3 old",,, No[t9 inuniverse, Unitd-States, United-States, Unite-Stae_9, Native- Born in theEUUnited States,, %ot iVn univer\Z,2,50,0rd|`,:,
18D, Not in universe,d,Z7, Chldren, No4t in uniMer40e," aeve, mar<ied", Not inunivese or children,v4NoMt in unilveUse, -hi}e,ll other, sm|lP, sot Fn >unierse, anNot in uiveelrse,,*u,8,0Ny$, Nonf`ler, pt in u/iverse,CNot in universe, Child <18 n)er marr nMot in subfampiy, Child und0er 18 nver mrriUed,162U0.71,,,, ~Not in univ`erse under 1 yar old,, //, Bothprnentsep>esent, U2nited-ttes, United-SYtu.ate6, Unied-States, Native- Br in the United Ss4ttes,I?, x.t ikn universe,0E{;r,,&90,B95>,-50000z
2uQ~I, Private,,19, High school gradQudte, 0Not in <nivdrse, NPver *arried, Retai{l trade, K~ales, Hhate~,, Fem?], Not in un'iv(verse, Joblaver, Ch#ldren or Armed )orces,NL,j,H, Singmle, vWest,R Califori+, Secrndary indiv-du/al, Nonrelative of householdpe,19.2d, MS to MA,D Different county same stast, Diff2erent cYunty same state, s#.o,,fi^, Not in universe, tite-tate-, United-SIaes, Unit\'-ta[es,,>0-, Not in uiverse,U,#2,,94,-5000
?0, PrivCte,>,1i, Some# olreg@ Rut no degree,;Z Not in niverse, Ne?er ma8rrwiHAd, Vetail traSde, Sales, BlaS7, Ajll :h/r,, Not Gin udioerse, Not in universe, khildren or Armed` F|orces,\,v5,0z, Head of ZZhoueoldV, Not l> un>ivers1e, NoQt i univmr$se, H%useholder, H4ou/eholdr,"240O]L.4""(",,HNonoVver, Nonm+wover, Yes, No in universe,L, Not i8 4universe,, United-States, Uni4d-States, Native- oJn in the United Stats,v,y Nout i universe,<IA,bD 52y0,,m9;,>d50=00
,Private,F,44d, High school9 grduate, No  in xnese, Marr&ied-ivilian spYusze present, Private household services, Farming forestryand fishing,Mlac9, Al4lb[therf,XaZCe, Not in u~iverse,,Children or Armed orce-s,"N]*,",,0, JoiJnboth u#der 65, Not in univerie, Nt% in unive2e, HousehoSder,$ousehlder,1933.47,, N>nmove,,, Not in universe,1B, Not in `niverse, Unwted-Staels, Unzted-S#ttes, United-StatesD, Native- Born in the United States,0, Not in unive(rse,,52,!4A,,-50000
N:,XNo in univerAse,L0-,h, BchesoE degree(BA AB BS),Nmot in universe, Marri`d-civiMlan s`pouse present, lot in universe ort hildren, Not i univprse, hite, AlD other,DMa9e, Not in universe, Notbin zniverE|, Children Br Armed Forces,,pZ,j,J|oiTnt ?ot under 65,, Not n nivwrse, Householder, Houseoldr,1633U.37, Nonmover, Nolnmovejwr, onmoieMr,Yes,,%, bNot in uneverseF, Unitd-States, ;nted-SYeates, nnited-Sttes/, Native- Born in the United Stat3s,, No,1,My,rM,,-58.0Y0^
L, Not in universe,0,, Chil9dren, Not< in aniv&rsey, Never mrres, Not in universe >r children, Not in universe,5Whtre,n5ll othr, ezl, ot in univrse, Not in universe, Children or Armed Forces,0,<ie,C0w,wN*nil<r, )ot in universe,, Child <18 neIer marr not in Xsubf{mly, Child undera18 never m#arried,12001k*2, HNo7over, Nnvmovr, Nonover,Yme0s, Nom i: nivese,0, Both p$arents present,,Uqnite-)tates, United-States, NaLtive- Born in the U>ited States,5'0, N[ot in niAekrse,,Y,,91_/,-500T0
~24, Pr~i]vat@eEv,,pe, Some college but no degree," Colege: or u=i,ersityy", NeveSr morred, ReCtaMl trMde, Adm upport includ[fing clerical, hh5teA, Al% other, Female, Ji, Not in unverse, Chil]dren orIArmed Forces,0,,, Single, WeXst, Cali+orzia, Child 18+ never marr Notsin a subfamly, Child 18 qr older,2-~389.06, MSA to MSA,, SamecoQ!snty,?~o, es,9, Notvin u^nivere, U|jtwd-Staes,,, NatZive- Born in thep Unied States,2,,,"5,2",70f,94,-500#9
,,_3;9,36, Hijh school graduat, Not innrivrse,"Married-civiHian spo""use present", Personal servicwes except private HH," Machine operators assmblrs & inspctr""", Whit\@|e,, Femal,Nt in unPierse, ot in un*iverse, Chi+5dren or rmed@ Fcrces,qUv0,0,0, Jo nt bHth u9er 65,, Noyt in uu/iverse, wpouse of ho-seholder, Spouse of Qouseholder,1297.31, Nonmover, NZnmoer, oHver, Yes, No in univre,ES, Not in universe, PuertJ-Rico,, Puerto-Rsco, Native- Born inPLertoR0ico or U S Ou}lying,g, Not in universe,C,<2,Z0,,-~000
*, Privat,X3ma,kb6, rig sczool graduate, Not4 in universe,, Retai* trade,,sIihe, All oer, Mae, Not in univesrse,Not in ^-nv]rse,G Fll-time sched/lPs,,0,, 8oint both nder 65, Notin nverge,,8ouseholde(r, ousZejlder,2'3.27,,,, Not in unitversesCnder 1 year old,,]," Not in wuniver""se", pUitd-StatEsu, nited#-StaTes, UniteW-StatTes, Natiae- Bor in the% United 4tates,4,6 Nt n uIiv3rse,{,o@2,k$,j95,-h00
11, Not in uiverse,",",_+z,,Notin univSerse,,, fNothn uRniverse,X) White, AlE oth>er, Fm alef>,, otin u}iese, C=ildren or Armed Forces,i,F,Q, Nonfler,Not in universe, Not in uniersej, Child s1! never marr not in subfamily, Chlo undr 18 neve maried,8pr8.d6, Nobovear, Nonmover, onmovr, N],,,2Moter ouy presentu, Unite0-States, Uited-Sta(tes,United-States, NatiXve- Born i$ the United StPtes,S,7 Not in univerZe,6,0,,9EM,-50l000
,No1t i} un5vDrse,,0, jChildQeH, No`tinunivehrsKe, Never marriedW,,'Not in ubiere,,Allt tze|, Ma/8,, Not 4n !uPn~iverse,,e[,0.,, kuonf/leJsr, otL in-unive4s3,NotLinunivere, ChildT E18 nnOever marr not in subamily, Child under 18 never mrried,(*63s7.18, Nonmo&er, Nonmover,M NoJnmoivez,`Y=s,,, Both parents presen:t, U#it#dStates, nieT-StaQe, Unted-tates([, Native- Born in the United States,0, Not i puniCeers@,,v,,9Q|C4,*-5'000
,\Not in uniOerse,Z(,v, Cildren,,Nev!r marrie1, Not in un^-iverse or childrn,Not inm univer`se, White, Me|ican->American, MalPe, N+ot in univre,zNo. in univ>erse,,,,0, Nonfiler, Not  universe, N&o9t in unYiveLe, Child <18 never m4arr nIot in4sbfamily, Chd uder 18 never marrie^,207m6, Not in universe, Not in untverse, Not in universe, lot in univer%l under 1 year ol~, Nt &n unRiverse,., Both pa(rents preset, MexVco,,bUnted-States, Native- Born in thne Uized StaWes,h, Not in niverse,QA0,[,,94,-50000
, No in un\iverse,d,80?,, Nobt i> univere,, Not inZ universe or children, Not inuniverse,?WhYiP?X, Cent6al or South American, Moale, No in universe, Not in universe, Children or 2Armed orces,]>,,, Nonfiler, Not in universe,,,Child under~18 eXver married,94)78, N}mover, @Nonmovr,, Yes,* Not iv vuniverX,, Both parents presYM_4,, United-States, United/States, Native- Born in the United States,;R, N8ot in unversIe,,0,N#,u-,-50boS0X
<23B, rivate,,%7, *omeR c_llegeWbut no deQree, Nt] in{univers, Never# married, Fiance insurance and real estate, Adm support including clerical, h&e,uAll oLher$, Male,Nm, Not <n zniversf, Full@-time schedNles,U,"u""",,`Yoingle, Not in universe, Not in uni+erse, onfamily householder, HouseholdW,L00.KX0,,,, Nt in universe under 1 yearold,,/,Not in uiiverse, United-States, U~itedStates,U!Zited-Sta;es, Vative- Bornin 9e United Status,, rot inunivers],,52,0,zb9*,51k
E`6, Not 0innLi.erse,0{`,`, High schlool growduahte, Not in universe, MarriadIcivilian sp>use present, Not in universe or children,, WitD, A\lloteM, t6le, Not  universe, Not in univerce, Not ~in labol force,,Hu,dp," Joint b ,h fnder 65", N% inUunivr*se, Not in universe, Sp#e of householde&r, SpluseOof householder,334ir3,,,, Not in universe under  year ld,,, Nt~ in unvre,,, U8nitdSjtatesA, Native- orn in the Unite State`s,k$, Not in univrse,L,,,95@,-5000
, Not in uZ1iaverse,y,O, High skhool gradu_te, No5 in ^universe, WiCdoe,D t in universe or chilre, NoT in oniv4re, Wxh=te\T, AR[ll othe,emal2, PN2t in univers , !Not n univrse, dhildr.Jen or Armed Forces,0,,0,4 SinglH, Not in universe, Not in un<iversU, .Other Rel 18+ ever marr not in subfanmily, Other relative of househlder,1en86x.16, Nonmover,t No\n'ove, oWnove^r, Y,,tr, Not<inT universe, ?nited-States, Unit[ed-Sate, United-tCat, Natikv3- Bor$n in the United Satesf,0bWY, ot in unxerse,2-,0,n0 ,,s'Z000
p@, Sef-e^mployed-no?t incorporated,=, 9, Prof school degree (MD DDS DVM LLB JD),Mot in un#verse, Never mrWiUd,, Professional specialty, White, All o%(the&, M]ae, TNot in universe, Not in universe, PT for non-econ reasons usual#y FT,4787,l,, SinCle, Not in unisverse,) Not in niverseP, Nonfamily househ0older,H}u=eholder,h~8|.1,,,, Not in Guniverse under 1 year9 old,,!Y', Nt in unive+e,  nit:-Sate\, UniU~ed-St!at1fs, UniteM-StteY, Native- Born in the UnRited State-s,?,,y,46<,Jw0{,95, 50000+.
-@, Naot in un>veQrsei,lkP,, High school{graduatDe, CNoYt in universe,2 WidoedO, Noti univue/rse or children,N Not iniuniverse,, All other,9Femle,Not an universe, No+tin unierse, Chilren o>r Armed Forces,J+,0D,\, NonfNler, Not in universe, Not in uive3se,d Second>y individual,W Nonrelative of householder,39431, onmover, Nohnmo}er,,, Not ir!&unirerse,Zxf, Not invuWnivers;, United-States, UitJd-StFtes,Upited-States, Native- orn in the United Sta\Hs,",", Not in universe,g,0,tn,946k,-\F0000
"o""", Prvate,O3[y,, Some college0but n_ degree, Not (i C]nivKerse, vSorced, Retail raFe, Machne operators assmblrs 2& inspycts, White, =ll other,Mae,!`Not in universe,,,T,S,,ing-le, No En universe,, N=onfamily :ouholdr,Hous.eholBYer,21f2v2,,,, Not in uiverse under 1 year old,,2x, Not ir univeese, Outlying-U S (Guam USVI etc),,, Native- Born abroad of American Parent(s),, Ntin univere,r,.1`,?,905,
4F, Not - univer}e,[,, Chil6drAn, Not in universe, Ne*er m>rriej, Not in universe or hildreR, Nt in uniCerse, @Wite, All other,, Not in.iverse,, Children<or Wrmed Fnorces,%,,Qm4j,, ot in u@niRerse,, Child <18 neZer marr not in subfamily, Child under 18 never marrbied,84,{Wnmover, NmoeSr, Nomover,\ Y2e, Nots n u%niversO,0X, Both parnts present, United-Stats,, M United-Sta=es, Natdive- Born iu the United States,GB, Not in uLniverse,,/R,#0Z,94b.,-50000
7!\, No{ in univrs9e,,\v#, Aildren,yNot in universO, Never aarried, Not Kin universe ra childe{n, No? in+universe,, All other,Mlw, Not inunikverse, No in universe, Child>en or ASmed Forces,0,0,a?, Nonfiler,)MidHest, MinXy)sota, Child <18 never maGr not in subfamily, Child u~der 18 never married,19.0, xMS o MSA, SameWcout y, Sane count, Nb, J,XL, Mother o%nly present, UOited-Stae, UnitedM-StateG,United-States, Naive` Born in the United States,0, Not in uni)rse,@D%, 89(,,^94,-!00
z, Wot in univFrse,0,, AssociatesV degree-ocPcup /vocio;al, Nlot in univ{rse, 5Wizdowed, Not in u~nivers\ or childre3, Not i univere,OWohA~te, 5Avll ot]er, Female, N?t in univuse,[Not ig universe, Children or ArmedForcs,O0,@,, Nonfiler,, NoL<in universe, Nonfamily huseholder,' Hosehodor,1xf65I, oCoverq, Nomver, NomoveSWr,q e, Not in univrsU,0C:.,Not7 in u%iKrse, United-Sbtates, United-State0, UnitedZ%States, Native- Brn in Fth- Unioted Stxtes,<, NDot in univere,n,*,,59,-5000:
2>3,,F2,m$,; 7th and 8th gr5de, Not i universe, MarrieQd-pspouse absnt, Manufac6turing-nondurable goods,, hZe, Mexican (Mexicano), MaWle, Not in unverse, Not Vin univterse, Full-time chedules,b.,0,0{,, Not in univ:e)rse, NotI iQn unieerse, Other ReQ 8+ ever marr qnot in subf.amily, E7ther relative of hoseholder,,,,,,,,Not i u@iv<e]rse,~ Mexio,, M<xico,,6, Nor i9 wivers,Z2Wo,5&,v,/9,
15, ot6in undivm{rse,,b, 9th grad#,, Never marriedr, NoH in uniVvQerse 6or childrn, Nou Ai n( univrse, W*hiteM, All other, F*le, Not in un|iverse, yNt n uiverse, Not in labor force,0l,RER,,, Not in u-nivere, Not in ni er2se, Cild <18 neLver marr not in sifamily, Child under 18 never married,310.98,,,, Nov in universe und;er 1 year old,,0(, th parent prFsent, United-$tates,, United-States, Native- Born in the United States,f, ot in universe,0J,y,(,f9K,-_50e0qR0
L*7, Not in universe,I,1r,3 10th gradeYy, HiIQh scool, Neve $arr|eh, Not in universe or children, Not i3universe,, 9NAll ohjr, Female,Not@inuniv@rse, Not8 in Xniverse, Children or Arxmed Fo|c5es,],.r,0,SNjpniler, Not?n* Fniversme, Not in univere, Chld <180never marr not sn subfamily, Child under 18 never married,e684,& fnmove4, ^onmover, 3&mver, fes, Not in universe,, Mother only present, United-States, ubUnted-States, Unitd-ttets, Native- Born in {the Unrted Sta`es,, Not in=u-ni?Irse,2v,,B,94,-00I
, Private,,V9,LSme college but no! deree, Colleg r Mnive#rsiy, Never Emarried, yRfetail vaKrade, Oter 4crvi(e,xE WPie, Al]o5er,]FeFVal\V,Not an univ_yrse, NX%ot in <nivJrse, Full-time schedles,f-,00,0,QASingle5,Not Enpniverse, NAot izn univeDrs,, Nonrelative Jf h=usehoder,1078.04,,,," Not in universe u(der 1 ye,r ofld",,,T Gotri unive7se, United-States, United-Stats, U)e6d-States, Native- Bornin the Unite  Statem,^',Not inRunivserse,S2,1!', 0,,-E5000
, Scelf-employed-not iVcorporated,&s3,, High schoolD graduat1-, Not in uviKrse,UDivorced,R Retail rade,S%les,2 5hiteL, All oth8er,, Not in universe, N}t in }u[nivers)e, Chil8ren or AredtFoces,X,w,, Sijgwe, Not ixI .niverse, Not i8 unverse, Child 18+ ever marrNot in a subfamily, Child 189 or Coder,g182.%1, Nonmover, Nonmove, YonnmovCer,, nNot in universf,L, NotT in universe,rUniteGd-Statje, Unitj~d-States, Uited-[Sta/s, Native- Born in the United States,O$, ot i:n universe,b,.J,I,9,-5X00
w37, Nt in univVerse,!p$0,xA=&,,, Div]oced, Not in universeL orR lchiNlden, Not in n\vtrse,- hiOe&, Mexican-American, lN, Not in univer.e, Ngin niveErse, Childrzn or AHmed Forces,0_,A,|, Nonfi@er,n NJotin!univese, O0t in wuniver~e, ChWld 1+ (ve% marr Not in a sujbfamily, Child 18 or oldpr,33:2572, Nonmover,, 9No{nmovr, e|s, NoV inLunBiverse5,0N, Not in universg, UnikMd-Staotes, Unit d-OSa:tRes, UnitIed-S\ates, Native- XBorG in he Cnited States,, Nodt in uni_przse,x,I,,,c50000
2#, vPrivato,41,23," Hig5h scho,l gradu,te",,lMarried-eiiliann spouse presPent,$Hospital sercicYes, Adm suppoyt icluing Llericl, W.te, All thCeb, emale, Not in universe,Not in universe\, Full-time scheules,_k,;>,1K-\, Joint both uSnder65, Not in universg, Not in universe, Spouse of householder, Spouse_of hoseholder,,,,, Not in uniberse under 1 year0 old,,R,yNot in unihvehsL?, United-6tat&0f, United-States,",U-titd-Statec", Native2Born in the Unied States,&(,&NJo in unIv+erse,',,0e,,-5007I
m, r5ivate,3x,#, 10tWh grade, High schooyl,NevMer marrie@, R^etail trade, Oather servic, higMr,,XMale, DNo8 iW univjers-e, NotL in universe,,Df,,f, Nonfiler, N]t inOuniverse, Not in uaniverEe, Child <18 never marr not i subfamil`, Child under 18 never married,1682.7, No/m@ve, Nonvoqve, N onmover,}hJes,Not in univers^,",",, UQited-Sta{es, Untud-States, Unite!-State, Native- Bo$n in the United States,l, Nt i; univers,g,}^;,0RsM,Z);#4,->0000
,N(o- in uniKerse,r,/@,, Not n universe,  Never ma%wrrie=, Not in univeseuorU children, NotJ in universe,, All|{other,FemalG,,, Chldren or~ Armed Forcesy,&,T,\, 9on{r, Nomt /in universe, Not injunEves1e, Child <%18 ne?er marrC not in/subfamily,,11R50.7,, onmover,,,,, Both parents prese/nt, cntedtates, Uni\ed-Sxt-atts,, Native- Born in the UniCed States,X(, Not inGIbniverse,,v0?,,9&,-5h0'
29,Priate,p,C, High school graG\dat, Not in Eunverse," Nevr ,marrid",, Precision productinn cra'ft & %epair, WhiKe, All oth),.MalK, Not in universe, Notsin uive{se, Full-tie schedules,e0,l,i0, nle, Not in unnSveWrse, Not in univ&erse, hild 1b8+ never marr Not in a sufamily, Chqld 18 or;|older,,,,, Not in universe under 1 year old,,K, No in universe,{United-States, Un^)itdSSates, UwitedO-Staeys, Native- Bornarinth} United State),Wk, NotM in universe,+dA,W,{u,S,
lI5,; ri8te,KE,n, Bachelors degree(BARA: BS), jot in univ=se, Miarried-civlian pouse reset, Other arofessional services, Executi|ve aXdmin anX managerial, Whi~,, r}gaU,, NoZ in universe,bFuQll-timeDsc@hedPles,4,0,S, Joint ?b0th unde<>r 65, No &in unNvevrs, hNot in unTiverseE, H~Rusehoder, Huseholder,1!68.84,,,, Not in universe u(der 1 year old,,g, }otin uniwerse, Un?ted-ISWta&es, United-States, Uyited-StaOeK, INative- Bon in heBUnited Sta3tes,{, Not in unive]re,,52I,7s,, 50000
B86, NF in universe,,jo, Wst 2nd3rd o 4th grhde,"V Not in un,verse",n ido<wCd, Not in universe or children, NotYin hn~iveRse,GWhie^,, FJqale, Not in univ4ers, Nt`in unives, Children or Arme<d Fores,y^,1,n, NUnlee, ot in 3nivYerse, Notin universe, OterZ Rel 18+ eIer marr not tnnsubfamily, Other relativeu of householder,c142.48, NonoveBr," No""nmver",yn>mover, Y3-s, Not6 in universe,, ot in ni2terse, England,8gland, Engand, Foreign tborn- U l citizen by natuuraBlization,/Q, Not inngerse,d,OT,,"""P",-5000=0
fW,,,X, Cilde~<n, ot in unverse, Never married,Not in universe or childBen, Not nMuniers, ZBlack,All otoe,L aMdle@,, Not in NunIiversGe,2Children or Armed Forces,t%,6,, Nonfiler, We, Alaska, Child <18 never mar not in subfamily, Chil uner 18 eveBr marrie,,, Svmeh couty, Same cunt,i,h ,, Bth parents preeh`t, Ubited-States, Unite-States, Italy,,t, Not n niverse,5b0,x\*,0n,74x,-500.
`l, Not 1inlYuniverse,![Uw,>L, 10t ae, Not in unqivse, Married-civilian spouse peseet, Not ziq Z]iverse or children, Noin niver se, White, 0)ll RheFr,emalB,, 1ot i uAnoivLrse, Not in.labor force,J{,>n,| , oinI both65+, Not inounivese, otien uni=vese, Houe@holder, H/zusoholder,2019.61,,,, Nit i universe nder 1 ye#r$ old,, , Not Gn univedse, Uni$t!Qed-Stat}s,HUnitGd-St<tes, UnitedStats, Na^tive-Born=in the Uni7ed States,0>, No7t in!univrse,2,2K,},!fI,-5B0000
, Not in univ2rse,,0, C`~l9e, NoCinuniverse, +9e}er aMried,, Not in uxniverse, h[te,IA(l[other, &eal, 5o2 in universe(,, ChiJldren or Armed ForBces,5;,2,,", N=~ntiler",, Not i|n unive/se, Child <18 never maErr not in subfamily, Child#un$der 18 never ya4ried,16M.3, Nonmver, NonmvPer',Moumovr, Yes," ,Noct in universe",0,"Boqth parents pr,kenh",," Unit""d-States", United-States, Native-Born inN the Unied States,$, NoE in unfrsu,~,y,,94,P0000
7e,W Not n uivese,,gQ, Hgh school grau4e,, Married-civiliA _spou$se p<resent, Nt in universe dor chWilrWn, Not in nnivese,W Qhte, Al other,  FeD'Ule, Not in unQiversN,n&ot nunLverse,,3103,,},"}oint"" bloth uner 65", Not i 4nivre, Not in^niverse, wus{holde, Householer,1u8G.16s(,,,, Not in universe nder 1 year old,,, }Not+pin uni;erse,, IjutXl,, Natbive- Born in the United Stats,0Z, No@iin univers,l,Y,,9S5_,-500n0
c, Not 0~n1univse,d0fn,k, 9_th g<rIde, NCot_*n untverse, W0\dQd, Not in u>niverse or children, Not i universe, Wt, All otzer, Fel,, Nt in unv?erse, Not in l#oZ f7orce,!,j,z, Nonfiler, Not in universe, Not in universe,, Householdr,2-X.98,,,, Not4inuniverse ubder 1 yea@r old,,, Not in univeJrse,NUniNted-Sttes, United-Stateys, bited-xS8ates, Nati e- Born n the United States,i', N ot -in univwrse{,~2,sU+,8z,I95S,-0'0Z0
3`3@,[ NoR n unpiverse,,0,th gader,&hot in univ~erse, Nee:mar@ried, Not in universe or chiBldren, Not in universe,fhNte>, Mexkic=n (fexicano,Fem:/ale, Not in universe, Not r niverse, Child2ren or ArmedO Forces,MP,,0,r Nonfilhek, Not in universe+/, NoQ i:n lniverse, ~Householjer, Househoder,1201`k86, N`nAmoverj, Nonmov', N2WmofvZr,Sc Yes,,0, Not inC universe,, United-States, Unted-Sates, ative- Born in the United StaItes,AH,,Q)\Q,],,94,
X1, N+tP iO universe,,X, Some college but no degree, Not in4 un(erse, <Di[orc|d,"/ Noh in universe *o,r Gchildren", Not4in univrs!e], H@ack, Al otxJer, MKaule, Not in universeQ, N+i^n unverse, Childrlen o8OArmed FLrces,:,8,0(, Nonfier,q Not^ in universe,, Nonfamil ho1useholder, Householdr,5\s.[!2, N3nmover,, Nomver,@ae,}/ Not in Zniverse,-m, NotNin uqivrse, United-States, United-States, Un=ted-(ates, Nati:v- Born in the Unit]ed States,B, y YXs,v1,,0^,,"5000,"
,,,, Asoci-ates d$egre-occup /vocatio1nal, Not in univ rhs,, Medical except hospital, srofessional sp5ecialty,, dAl7~other,,, No}in univerxse, Children or Armed Forces,MA!,0:,, JoinFt bt&h under 65, Not in universe, N*t in universe,"^Spu""Xof householder", Spous7e of househo-lder,577.4k1, wNomove,6 Nonm#over,,{YW, No in Dni]erFe,:2,Not in un8ve<0,Unite0-States, Unite-ttes, United-State, Native- B\orn n the Unityed states,OH, Pot in unverse,2,VqZ2,^,94',-5000
, Not FnQunverse,@,, Chldren,, Never married,, Nvt Qin universe, hit>, Agl other, Mal, Not -n univere, NTot in niverse,Children or Armed Forces,h,$,J," No,nfiler", Not in universe, Not i univ2rse,, Cuhild und\r 1>8 never married,D.84, nmojver, .Nonver, NoDmove9, _,]o2 in universe,s, Botfh parents present,Knite^-Sta[es, United-Stat2s, United-tatesp, Native- Born in the United States,Lm, N9ot in univerqse,Eqt,/,0,,-50g00
*o, Not Oin cniverse,^0,0,g FhildrQn, NPt in universe,LNevr mdrried, 9Nt in universe or ciTldren,, Whi|e,}l oter,(<cMle, Notin unive se, No n univ$*rsxe,3 Childe6jor ArmedbForces,<,0,S, Nonfiler7, }5uh, Texas, Child <18 never marr not in subfailby,,75.6, MSA to MSA, Same; countKy, 2mD cpounty, NO=o,,Sfg, .oth pares pvreseyt, United-Sbtates, 4nited-Statze%s, United-States, Native- Born in the United States,,,>b,0,0m,RE,-5000
\3, Self-employednot anco+or?ted,3vA ,<, Associates degree-ocNup/Toc=0tional, Not in univer=se, Married-civilian spouse present, Business and repair jservices, /2#es, WrtK, All}o@h~e?r, Male, ot in EnZverse, Notqin un_ive[rse, Full-time chedules,0,-,w, Joint both+ under 65, NoCt in uv]ers,a Not .in universe, Househol%der, Householder,{157K8.65,,,,,,u, Not in universe, Unkted-S&ates,nited-Sttes, $nitw-Stpates,yNative- Bo:rn in the Unitec Sqates,, Not inW universe,,b25/,,Yt, 50E00+s[
3h5,QPrivat,m,E, Some college but no degree, Not i univers, Married-civilian spouse preent, ConCstructon, Precisionproduction aft & repair, Whit=e, All* dothT, Mwlp, N?ot in unverse," N,t in unvese", Full-time schedules,0hZ,<+0V$,0a, Joi/stboth under 6)5, N_bt in unverse, Not in nvv:ese,% HouVsehaPlder, Householder,O151,,,,Notin universe un>r 1 year ol,,, No i universe, UniYdX-Sta%es, UnitdStates,, Native- Born in {the United IStates,02c, Not in univeSse,,/lq,,,-5000
@,Notvn universeN,j,8f, 9th gr=ade, iot in universe, Marrid-civilian spouscpr>esent,Not in universe or childre|fn, Not in unriverse,"^ Whit,e", A` the-r, Feale, Not iun3ivese,/ NotKinu^iverse, Not r labor orce,,',S,2 J}oint b>th 65+, Not inkuniverse@, NolBin universe, Souse of householder, $pouse of hous>{oldep,3867.3=u,,,, Not in universe under 1 year old,,,Nott in punivders, United-States, Uni:e-St.tes, United-Sttes, Native- Bn in the United faes,0, Na]ot in universe,,,k@,9F53,50ZF0
,+o n universe,,g0," sCWld""~en",, Never marrxied, Notjinunivaerse oGr children, Not in univeqe, Whit, Allother5, FeZale, >t in universe, Nqt in univerGs]e, Children or ArmePd Forces,~\,,0s|, Nqfil[r, Ntin unEvTerse, NotXin univere, Chil{ <18 never marr not in subfamily, Chi`d under 18 neverMma|rrie6d,8.Y, NYnmXpaver," Nnmover,",Y onmov/er, Yes, ot izn unierse,0, Both parePts Kpresent, United-SSt5t&s, Unicted-States, nited-States, Native- Born in the United States,, Not i uNiverspe,lO,,eBC,94,@-50008
3N/b, Nt iR buniveye,p},#X, 3igh scfhool graduatej, No<&in niverse,,Not in universe or chdildren,"#Not 8in u,iverPsef",B9?hite, All other,Femrale,GNotKi? uni#ers<e, Not i unversze, Not in la{borW force,L,#W,, Joint bot-hRun~der 65, Nc1t Wn( universe,Notr in u;niverse, Spouse of householder," @Spouse of h,ousehotder",;18v662,,,, Not i univrse under 1 year old,,S/0, Not i univese,, Unithd-SVate, United-StatVs,,&7,Notiny Nuniver3e,2_,V,,Nom,-50w0#0
,<P0&ivat,l4M,3R," ""ssociates dree-academic pogram",, Married-civilian spou1e present, ther profesionalY dervices, Executive Vdmin and managerial,eM White, All otCe_r, FealeB,, Not in uni}v[e$rs=e, Chldren oqr Armed For1ces,A,,0, Jo1intboth uder 65, Not n universe, Not in niers-, Spouse of householer, SpouLse of hIuseholder,8.4, NNmo^vrF, l*otn;mover,R onmove,{FY6s, Nt KXiy universe,], Not in en;`ivrse, Unit3d-)tas, UQite-S!t%ates, k$UXnited-States, Natve-Born nin tZheUnited States,P~, ot in universe,C,,0D,94,500Y
E,,,1.o, BachelorsE d'egree(BA AB BS), Not in univ\rse, Di|lvocee, EddcLtion, Pr{ofessional speci\alty,FWh?!ei, AllnoPther,p Fele,ANot inuAiv9rxe, Not in universezF, Children or Armed Forcs,7,#0Q^,, Head of sousehold, Not iCn universe, !`NotWin universe, cHdoueholdr, Huehnle,1153.|16, Nongov{+r,O Nonjmo%er, Nonmover,lYes, Not in unierse,,\ NotNin uni#ers, nGted-2States, UitdQStat, United-taKes, Native-b Born in the Uniled States,=,,{2,,l,E,{G0000
16A, P;rivate,La4X,rM, 9th grade, Hig<h schol, Never married, vFinance insuraece Dnd real estatl, Handlegs equip clanrs ec , White, Alloth%er5,Mh9<e, Not in un_verse,y Not in uiv_nrseV, Full-tE( schdules,4,,, N?onfiler, Not in universe, Not in universe, Child<18 never marr not in subfamil, UChild under 18 n>ver married,4R8`;5,,,, Not in univers:e under 1 year old,,, Both pakrents resent, United-SGates, Undte&d-/tates, Un(ted-Sttes, Native- Born in the Unit)AedxStae,0, NDt in unverse,e,"e""xx",0,95,E5Gf00
"^7,", rrivate,w>,|, Hih s$chool Oranduate, Not in universe, DiUk?orced, Retil tra, dt support inluding cler\cal,,, F!emaleg, Nt in /ivBrse, Not in un>ves^e, Childr[n oQArmed Fo9ces,1,t3N70,M0, Head og household,,=Ntin uni+erse, Househoder, Huse!oldr,2223Y.92,o Nonover, Nnmover, Novnmove=r,?es, Noft in unierse,g, Not in unverse, Un7te(-States{,, United-StaJtes, Native- Born in the United StaNtes,W,#Not in uWi/verse,fy,$,&<,94,-A00
, Not iBn universe,<0,>, Soe( c#ollehe but no degree, Not in uniAbrse,B Widowed, Not in uiverse or children, NCOot =n univrse,'hite, #exifcan ('Meicano), Female, Not in univehrse, Nopt in univere, NotRin| abor force,m;,?,[0, N#onil%ez, Not in universYe, Not in wu}nvlerse, Other Relx 18+ ever marr not in subfamily, OtPher relative of househo0lder,,,,, Not in universe undar 1 year old,,, NQt i munivLrs,F Mxico,QMeIxico," ""MexcW", Foreign born- Not a citizen of U S ,., Not` in nivee,!{,G,!2Ik,5_,-60000
67, Self-employed-n~t incorporated,"tsH,",Y4d, Some college but no degree, ot in universe," Dx/Cr,ed",,, 1hiee,] Alla tAhedr, Ma!e,, Not in univerz,,Ti,:,, G>nglGe,, Nt Yin universe, Sconda ry indivimua, NSonrelati%m of householder,9=n95.1yb,,,, Not in' universe uner 1]fyear o0d,,k, NoItin ini`erse,, United-taAtes, Canada,Na6tive- Born abroad of American Paent(s),],QNot zn universe,I,,=,[,-?!W000
3{\,,",",, Lss ;han 1st vgradel, ot in unxivQeIse, Neexcr maorr^ed, Not n uHiverse or cilden,, hx4EtM, All$oVther, >a!, Not in universe, Not in univer.se, Not in labor fore,_M$,,0n@, NonfiXle4, Notai4n uniYverse, Not i unverse, Nonfamily hoVuse:holdr,,,,,, Not in universe undemr  year old,,c,iot in u]nEverses,UKnitd-ta}es, Uit!ed-Stat:s,, Native- Born in the United S3ate,Z ,1 Not  univervs,2,,0,9,y500K0
MY, ot n Uuni]ers,0.v_,D,, o in 6univere,, Not in universe?-or ch.lren, Not in uni)vearjse,>W5ite<(, All otNh|r,uFemale, Not]s i3 univere,, Childre o\r Armed Forces,M0,,z,`Li<tle, idwjs|t, Kansas, Nofamily househo!d)r,Houseoider,9^4.7, NoMSA to /,Difnerent regkn, Different sYt-e ^in Mwidwest,< ^o, No,w, Notin univerAe, Untd-Ltaes, Uited-Stats, Unite2-*tates,,,hNot iY unverse,hm,,,6,-5W000+0
|, NIot n univ;rse,0,/g, Hhghschool graduatle,mNot in univere, Murried-{ivilian spouse *resent, Not in universe/ o6rlchldre3n, Not in unWverse,,, F9ema*5e," No6 in d""niverse", Not 1n universe, 1Children \r )rmed Forces,j,D,9U+, Joift one under 65 & one 65+, NoKt kinnuniverse,Not in univedrse, -pouse of ousehol_dezr, Skouse o housNhol%er,'2]6x11:22,I QNonmdove{,No&nmve r:, NonmZoer, Yes, Not in univers,N7, Not@in universe, Un=ited-States,United-St7ates, UiDed-States, Native- Born in the .nited}States,^F, Not in u!ives,o,n=,t0,,-50000
7, No@ inl univ5erse,,#0, CWhlkrn, Not in niverse, Nevcrtari[d, Not in 1nivere or childr7en, Not in unive[se, White,,F `em3al, Notu in unvvers, =ot in uuniverse, {hildrenor Armed Forces,2,I,[, No'nfiler, Not in uni)qerse,$=N+ott ik universe, Child <18 never marr not in subfamily,V Chld un]e>r 18 never maried,11*54VR#24,,,, Nt in universe undmer  1 year old,,-, Both pCareWs present, Unittd-tates, Unied-k3tates, ?Ucited-ZStates, Native- Bo1n icJn the Unitd States,,Nt inC)uniYerse,|,w,,9L,Nv50D
6n, Not in universe,&,96m,d+C3hildren, Not i. univterse,, No't i univerHs o]r children, Not in uni?verse, Whitk+, Allot8ter,OMale, yot inCuniveOse, No in universe,,c,^,)03,NonfLil`er,, !ot in u7niverse, Child <18 never marr not in subfamilV, Child und?er 18 Ane2er marrid,.230}4.1s<, NonmoB?r, NPnmover, Nonmover,mYefs,,?|,Y Bo3th parents presen?t,- Unie-S!tes, Unit-oStates, United-States," Native- Born in the United Sta,te>",a,Not in univers!e,; },0Z,,'&9,-@5i00$0
J2, Not inuniverse,0,k, )hld|en, Nsot i%n uniCeEse, Never[Baarried, Notinuniverse orGchildren,AN;t ig univere, hwty, MDex0can-American, mae," Not` i un-ve""rse",Not n univer0se, Child8en or Armed Forces,,0,{0J,oNofiler, No in un4Iverse, N-t in unPiverse, Grandchild <18 never mrr not in subfamily, Othrre@atibve ofshouseholder,2112.24, No$=Ke$, NoAmove, anmoder,,,H, NeDither pQreSt preseFn, mUnit8ed-ates, United-States, United-Sta[tes, Nati{ve- Born inS t!e Unitt?d States,DP, Not in universe,0,`,W,94,-5000
26,Not.inunFverse,jBV,V, Hsigh s:ho^l .gaduate, Not in %nivese, Marr0ed-c$vilian pouse pr$sent, Not in universe or children, Not inuniverse, Whi e, :lFl otheh, Fem:al8, ot in unive, Not in univ:ereA, Not in labo force,*I0,(,@, Joint both underV65, Nzot in univese, ot in unidese, Houeholder,,17.5R+6,,,, Not in univere unhder 1 ear  ol]d,,F, Not in univers@, United-StDtses,, UniSed-States, Native- orn in the United States,,NoU in unuver4s},,,7a,95,-50V00
, State government,r,, Some college but no degree,," Marr1Vd-ci0vilian spouse pe,sent", Public aGdmitratio,, Whit e, Al other,4TM-lm, Not in unieorse,, Full-time /schedules,o9,r,I, Joit both under C5, Not% in unIv-se, Not in uni/\vers, HouseholdeP, Houseolder,18>8.3,,,, Not| in) univire undeMr 1 year old,,h, Not in Cniverse, United-Shtates, United-Stat[s, United-States, Naive- Born inth+ United States,?2, lNot in unverse,2,V,0,95,5w00$
,2Local government,5B,31,, =Not in unvvverse, Married-civilia spouse present,x Jcat6ion,, W6h|i+h2, All other, Male, Not in unive2}se, Not in universe,- Full-time scheduls,*,,c,Joint3both uFder 65,Not i~n uiverse, No in universe, Housholdr, Gouhseholder,1828.,,,, Not in u;nivirse under 1 ye1ar old,,`, Not in universe, United-/ate3, UnitedFStaAs,4U7itedRStates, Native- $or(n in the United States,], Not in universe,K],3>2,)0,,",-5000"
,PriK a%e,JO4,?8, Associates degree-academic program,t {otin uni[erse,, ;6ufacturiUng-nondurabde goods, Transportation and material mobing," WOh)""ite", ASll othPr,Mle}, Nots in univers5,, Full-time schedu@les,,x,0,Sn\le, Nof in universe,, NonfamV*ly houseolder, Ho)seholdeOr,1!398N6,,,, Not n universe under 1 yar yold,,"ed""", Nt inb univrse,"Unit""""kStates",W Unite-Statesq, (Unt[d'tates,,Y40,rNot in ui+erse,2,qDi,u,9,-5'0D0{0G
, Not in uTiNerse,W,<,, Not n univers, jNv#r maried, [Not in univers or chi%ldren, N\t inounivrse, Whie,+ All oFaer, MaIle,, Not]in univer7e,,&0,/j,, NonfWler, Not in uni{vese,' Not in uniierse, Child <18 neveromarrBot fn subfamily, Child under 18 never married,1387.1#,, o%nmover*, No>nmover,YU[,,pd,, knibed-Steates,, US@ited-States, Natve- Borni in 8t)he United Stateps,b, Not in univers4e,,,(0,,-50000
>, Pri_v#te,PE,n, High school graduaec, Not i1 univese, Never mhaSrrid,Retail trade, LTransportation and material moving,, Other S$anish,Maye,, cNzot inniverse, Children o' Armd Forces,,Q>X,l, Sdfin$0e,NVqorhMast, New M(xico, Other Rel 18+ neTver mar.r not n subfmily, O|her relatinveof hous%holde3,^9?464, MSwA} t#o MSA, Sam> on[y, Sam1 county, Ho,\,.," N{ot ihn universe,", Dminian-Repubic, DHminicaan-Republic, Dominican>-RepubliZc, Foreign born-lNot a citizen of U S ,;, Not i'n Cuniverce,:2,ae,e0C,9E24B,
0, Not in nivjvrse,<jz,a, Childr:,Not in uEj%verse, lN.ver married, 1ot in unverse or childre?n, Not i universe,, All other, wale,Not in.universe, .N< in niversb, Children or Armed Forces,\0,o0H@,j, NocJ?lr, Not in verse, ot in universe, CM@ild <18 never mar_ not in subfamily, Chld under 18 never married,147C~.5, Not in [univIrse, Not inp6nfiverse, Not inv universe, Not inE universe unde_ 1~K0year old, Nxt i!n univeriZs,, Bot par+ents present, nied-StteLs,, nitId-S%tates,,X0, Not in universe,,U,Q,,c50R0
8Hh, Not tin universe,:0,, Childmen, PNot in univese,c ever mJarried, Not in uFniverse 2&r chi?ldren, /oU in univers,"Bla,k", Al other, Ma&le,\zNo/ in uniferse, NIt in usiversK, Children r ArmQd Fzorces,-,F'zx,h,, Not in universe, Nt in universe,, Child under 18 ngever marrieg,\9608,, Nn%no(ver;, Nonmover,, No  inuniveAr+se,^b+, BKth parent$1 present, UnbitedStates, UUted-St^ates, United3-Stte, Native BorPn in the United States,P, Not in universe,,u,&,2,0-5000P
&,QPrivaDe,V?_9,"26,",Associates zdegreeoccup vocatihonal, Note in universe, D6voced, Transportation, Adm supportincludng clYerical,~Whmit, All other,, `otFin Ouniverse, Not in universe, ##Childqen or IArmed Forces,.,(0,|0,, Not in univqerse, Not inunivers8|, Secondary lndiid1ual, Nonrelative o hoOseholderv,1V85.35, onm-er,, Nonmo)PvO{,) Ye3,r No in nivQerseU,, Not in universe, ied-tate?, Unte-Stt[es, UT*ited-States, Native- Born in the .Un'itedCStates,, Not !n un=iersH,VJ,52,HC,Q,-5000B0
P8, Piv?aNe,39],,, Not in universe, Marri\o-civil\an spouse presNnt, Persona%l services except priva<te HH, Pr/ision Qrodution craft &] repair, WhlNiwt,, MOle, NotH8n niveNrsen,GNo in niverse, Children or Armed Forces,,10,Tu,, Not in7uni+verse, Not in universe, HouseholdeE,u H(ouseholder7,1W8p9.3,N]nmv_'r, Nonmver, NorTnm8eQ,:ec#, No nxun-ivers-e,, Not in univkrse, Uni)6d-Stats," Un""ited-Ses", UTnied-tQates, Na]tive- EBornuin the UnitedTSt&ates,Z, Not i> universe,2,4wK6,d,9,-50000
, Not in udniverse,\,0, ;0th grade, Not in un<verse,KWidowd, Nt/in universe  chidren, ot in undIers, Wh)rte, All othr, M=ae,,,Not 6n:labor forPEe,N,0,er,X'onfiler,*Not in unive!rsQH," ,Not in TnivoerQe", Nonfamily householder, Ho9sPhkolder3,43.>s6,,,, Not in universe under 1 year od,,7, Not n u`ivjrse, UniteKd-Satat}s, UInite-StaZtes, UYitedu-Stteb, Naive- Born inm the United State,0T0, Not^in universN,I+,bG_,,,
2n0, tate gove?rnmen%,p,, oom+college but no degree, College gor universty, Marr3ied-civilian spouse presenVt, ESucatdotn, hther servDice;,, Ali o^her, dFImal, Not in luniverse, Not in uni3ve1se, Chi;ldrenor Armw/ed Foces,[ ,+2,t, Joint both Jner 65,uNot in niverse, NotW in  nyi erse2,, SpousEe of househlder,"88A""", Nonover+, 1Nonxov9;, @onmoveEL, Yes, Not in niverse,7,/ NoQ in univer5,, China,, Foreign born- Not M itizen of U S ,0, Not in uner,2,0k^,0,u,b-500
@i,~ Priat,|*1,sv, Bachelors degree(BA AB BS),VNXt in universe, aarriedcivilian spouse present, Hospitalservis, Exeutive admin and managerial, WRhit\, Al oher, Ml, \No xn universe, Not in unverse, C4hilden !or Armed Forces,,,[Q, Jtin8 both under|65, Not in univGrs$," -,t in univre", H\u:sholder, Householde,30Cu.," No/m""oer", No6nK~avr, NAonmo9vr,pY@es,Not in UnTiverse,n`,W Not iqn uwnimerse,Unitd-Stats, UnYitz-Stat0ms, UnuiteMd-S<aJes,,, Nott i uni5ers,2,e5H,M,9,-5e000
), Self-employedincorporate,%,17, RSome collegi but no dgrMe, NoC in universe,\Married-c8vilian s!oouse pre6sent, FiJance insurance 8and real estate, Rled,WW2mhte, All o(t9hr,F male, Not in6 universe&,n @ot `n u7iverse, Ful}time schedues,H1-/,h,, Joint bothunder J65, Not in YcuUniverse, Not in universe, Spouse of yhouseholdesr, Wpouse o4 houseolder,518542.,,,, +Not inL univese under 1 year od,,/0, Not in universe#, Uited-f!tate s, jnimted-4StaP[es, zUnt4dnSt:ates, Natve- Born iEn the?Unted States,90,,S,,b@0,Il5,K50000
, P%{atQe,O26,syi, Less tha' 1t gYrade, zot nuniverse, Sparated, ManufacturCing-nondurable gods, Machineuoperators assmblrs & inspctrs, Aian or Pacific Islander, All] othe, Fewm=0le,, Nog iD universe,,^,0Y,0,, Not in [mverse, Not in universe, Nonfamily househo+lde%, Householder,18Vi.4,,,, Notin universe under 1 year old,,Z, Not Qn univ_erse, South- Kra+, Southl Korea, outh Korea, Foreig born-^ U S citizen by nateValzation,, N}ot in univesrse,0?,v-%I,60,9h,-5l000
Q,ot i6 univere,0,0v, ChildrMn, Not i4 ni:eirse, Never married, Not in universe or child~ren, Not in universe, W]ite,, Fen;al0, Not in univYerse, Not in Pniverse,% Children 2rrmed Forces,j,,m0, N@n/filer, Not /in oniveSrse,, Cild <18 never marr not in su'fmly, ChOld uner 18R never maried,864.34,,,, Not in universe unfer 1 y3ar old,,,, Unite=-States, Guatemala, Nni!teBd-States, NatiUve- Born in the:United States,j, Noat in univer<,,#,A,&~,-500
, Prva8e,"""8g$",m29, High Ychool graduat, ot in universe,BNever ma/ried,CRebail trze, Other servic,, A0!l other, Fema-leh, N<ot n universe, Rxe-entrant, Unompioyed cBrt- time,W,,,yngl, Notin unverse@, {1Not in univers%, Nonfmla hueholder, {oueholder,z2709.p,,,, Not in univers2e under 1 year old,,N, N.t in niverse, Uhnited-States, United/StatDs, 6Unithed-Statu,", Nat\Nive Born in the United States",rt,Not  in uWnivvrse,R,248,y,895u,5000(A
459M, Sef-employed-not incorporated,@3,k, Higl Kchool gJdute, xot in univKeVse, Marru{ied-civiliansp[use present, Retail trade,$ uSYles, h)it, All Ehr, Malze,= No0t iY u!iverse, No: in univesse, Fullxtime schedles|,S,1977,0, Joint both ubnderx65, Nfot univrse, Not in uIiSe'rs{e, HoVRseholdeW, Housoyoder,,,,, Not in universe under 1 year old,,," Not riUn univeI""se", United-States, Unite%-hSta!e,Unit+d-SatHs, Native- Born in te UniKted St8tes,0o, ot? in universe,2,,K0,,!~P00+.
e?, NoViUn unx&iverse,`,V,9th g&aded, Nhot Gn universe, Marr6ed-civiliaf spouse prdesent, Not in universe or children, zot in$ u^nisvese, White1, All kotheYr, aFyefle, N6=t in univrrse, Not in Kuniv/rse, C\idren or Armed ForKes,0,0,0, Joint one under 65 & one 65+, [No> in unZere,, Spos& of hoseholder, SpRous= o househohdeX,q8=6.E86, Nonmover, Nonmov, Nnmovr,Rps, Noti un>2verse,E, NoT in unive8rnx, United-Stater, Uni7d-xtate%, Unitd-States, Natik- Born iV the Uni#ted ^tates,`, No in universe,,B,J0,,-650000k
>, Not jin unKverse,<,N, 7th AanEd8th xgrad&e, NotD i} univerNsey, Divorc^, Not in universe or children, NotDin universe, W~hie, Avlln other4,)*aleN,ZNo i universe, ~ot in univers, Not in >abor fory,,,,Nonfl1r, Notr in universe, Not in unive(se, Other Rel 18+ evr marr not insubfam_Nly, Other relative f householdes,1f71.42,,,,)Not in unvere undr  year old,,k, Not 3in unierse,lItal,g Italy, United-Stakes, Native- Born in the United States,, Noti uni_verse,.,,,95,c-0\00
@@%3, PittUt,33,iMg, High school gru_ate, Not inunivese,MaLrried-civilianYYspouse present, etail trade, Execumtive admin and managerial, Whit>p, All @o her, Male, NotRiuniverb9se, Not in unikebse, Chil\dren or srmed Forces,,0r,0, Joi t| both under 65, Noh in@ uniese,N in universe, Housholder,,1883.24-[, oaidovCer, N8nmover, Nohnov).7r,( 7s, Not in n've]rse,66[, Not in univer0se, nited-St2aes,, United-Sttes,Native- Born in te AUnited State,, Not in Gnvese,h,5+?2,sn,I%,-5:000
c0K, Not in universe,x,, 9th graue,A Notin universe, Never marrie:, Not in universe or children,, hite, Other Spanish,,Notin uniCmrse, Not in universe,,*I*,:_,",", `onfilem,votwin niverse, N in nivXersOe, Ch4ld 18+ never arr Not in a subfamily,,857.41,,,, N#G in unYverse under k year old,,q(j, Not in universe, Domini#can-kZepublic, Dominican-Republic, Dominican-Repulic, Freign born- Not a citizen of U  ,J#4, \ot in universe,D2,0,^,g5,-50C0e
31, Federal govern:ensht,2i9,2#, B]a;heloL} degree(BA $B BS),Not in univear`e, Never married, Trans'portati#on3, Adm asupport icUudingP cerical,E^tK, All o]teO, |a0e, Not oin unierse, Notin ulniverse,Full-tima sch;duless,:,W,,E Sinle, Not in universe, R7ot in urn]verse,? Nonamilyh!useholder,f+Loueholder,2+1C0.61,,,, Not in universe under 1 year old,,, lot inx:iverse, United-Stytes, UnDiteP-StatTs," U""ted-Sages", Native- Brn in the Unite SVtates,VY,] NMt Bn uni)vere,"M72P""",5!I,wP,9c5,
e, Local government,sB,T2K, Soe college but o degree, College oGr university, ev5eKr marred,, Adm support including cle@rical,\ White, All other, Female, No Ji-n univrse," Not+in Zun""verse",mzCphildren> /or Armed Forces,J,f,*,Single, Notvin unmerse, Not in u0iverse, ChlU 18+ nevromarr Not in a subfamily, Child 18 or oludI,90F5. 8,, Non:laver, NonmoGver,! $-Ye,,|, NoZt in)uniberse,Uited-Sta[es, TUniqted-aStatDes, Uited+-States,,z, Not in universe,C,R,L,C,-%00c|0
d, Not iyn universe,,0, High schqol graduate, Not Sin universe,, N#ot in universe or chilKren, Notvian univeyse,,, FeVm!)leD, rot n unverse, NohTin nmverse, Not in labor force,u,,>, Nonfiler, Not Un u=iverse, GNoin univWrs[, Nonfamily householbde.&, HoYYseholder,1791^05,,,, Not in unierse under 1 year9 old,,, Not in universe,LUnited-Stts, United-StZates, United-States, Native- rn i'Mthe United Sta|tes,SmM, No&in *uniIverse,2,``,,5;,
?, Self-employed-inc=orporated,,S4,- H?gh school cgraduate, <ot in univere8, Married/-civilian spouse <present,YConst0uct7in, Precsio product8& craft & repair, ph9ite, ll o1ther,, Nwot in un7iUverse, nt in un@veise, Children or Armed Forces,>:,,&:, Boint both under 65, Not} mfin unOiverOse, Not in'universe, HRouseholder, Htouseolder,81.5+,Nomver,, NnmoeG,ve, Not ipn universe,, Notfiw unives2-, Unbited-States, U^ni0tedStates, United-S4ates, Native- BoR| inithe UniUed States,, Nt in universe,g,,q,-4,50000G
w, Not in unverse,PB,\, Hgh schoolMgradua&te.W, Not in universe,A Dyiv&rd, Not in ui7verse or chldren, Not Min univeasZe, WhitJ,,S Female,(cot in niver$e, Not in univ.erse, hildren@orx Armed Forcs,S,7n5,30j0, Singe, hNotin universe, Noth in universe, Nonfamily householder, CHouseholder,215|4R.Q,, Nonmover, Nognmover, Y}s, Not in univeQse,fT[, Not in unveLse, nited-St#ates, Bni5ted-States, UitedSaes, Native- Born in the United Stafes,0, Not zin univr]e,?|,%,/4,4,|00D
m, rivat!k,j&,2d, Masters degree(MA MS MEng MEd MSW MBA), Not in universe*, Married-civilian spouse present, Business andrepair services, Executi4e ad;min andmanagerial,Whk+t,," Ma9,",, uNot in univers#," ChilCren o Armed F,ores]",0,,10O,, Notin? unie=e, No| i+ niKerse, HsPeholder,$ Housexhld>,952_66, Nonov<er, T-Nonmrover, Nnmover, debs,,W, Not in universe, Cuba, Haiti, Cuba,,," Nokin univer,e",2B,,oy,x,50000+.2w
O8,GSelf-emplnyed-not incorporated,S, 34], Ba helurs deg'ee(BA AB BS), Not in Cuniverse, `arried-civilia? spoue present,!Agricl%1ure, F3rming ff'orestry and fishing,Wte, All othr, MMale, Not inM kuiverse, Not+ in :niverse,FulM-tme chedules,|C!,G0,2<Un, Jontbt under 65, NAt inn universe, ot in uVnivers, BHouseho'lder," ouDsehowl""er",281944,,,, Not ing universe uner 1 year old,,c, Nt in uiv?ts, United-St.atMsH, 0Un>i|e-Statas, United-Statesc, Native Bornj in -the Unitd States,2, |o in `univrse,|d(,{l(2,<,5,:-5000
AHh, Prva}],v4/5, 2, AsNciates degree-cademic prog-ram,, Married-civil}n spouse xpresent,Dzthnr profe.sional services, ProfeKsional spec9'alty, White, Al othr,=FemHle, t in univerZe, Not in universe,,?,O,`&W,J Joint both un$d r 65, Not in yniverse, Nob  n univrs#, Spouse of householderM, SpoPSeof householxr,173%.67,,,, N.t in 09niverse uner 1 year old,,, Not in universe, United-Sa]es, United-States, Un:iteL-States, Native- Born in the United States,0,,,zS5,E,Y5,-0000
9R-7, Not in universe,!,o, 10th grade, Not in {uiverse, Widowed, Not iun Anverse or+ chldren, Not in universe, WhitQ, All other,!Fal," Not in,niverse", Not il universe, Chiv]ren or Arvmed F^orces,9,6?,M, N)aonfle,"YNot inuni,v9ers", Not in niveTrse,,o Hoseholder7,2293.71, Nonmoer, Nnovr, Nogymover, YeZs, Not in universe,~70, ENt in uniPcrse,,,# Unine-States, Native-Born i`th#e United States,s, Not in universe,2uP<,\'DJ,B,94k,-E0000
1yQ,,c,2Mr8, 11Rth grde,, Nev[r marred,k Entcertai>ment, rotfcive sevice,WiyA, [Allother, FYmale, Not in u3siversO, o in universe, ul-time schedul E,0,",)",DN, Midngle, Not inuniver se, o in univerCe, Child <18 eer marr not in subfamily, Child under 18 never marrieE,23.38,,,, Not in universe nder 4yar old,,, Mother only peset, UntedJSatates, United-States, United-Stats, Native- Born in the United States,0bT:, ots i'n uniLverTse,U,52,]H,5,-50000
3O,,,, 10th grade, Not in universe,, onstru^tion, Handlers eq!uipceaFers etc , White, Allother,y+Malem, Notp in universe, N? in 4nivers0, ChiVldren orArmed FYorces,&,,w}, Jolin\t both under 65, Not inuniveSrsD, No in univer2se," @ouseQo,der", Hojsehold.eOr,2G8,A ooover, Naooovr,yNonmove=r,4 xss,,q, NoKin )universe, Unite:-Stat{Ys, Unithd-tates, Uited-States,,E>, Not inuniverse,o,t,=_5T,;&R,g-500]0
k, Lo>al govJrnment,nL,B, 11th Rpe, Not i un4ivrse,, Public administration, 'brofessi5Wonal specalty, Amer Indian Anleut or Eskimo, AFl4l oher,F?emakle, Kx, Not in univcrse, ChildreI:r Ar'ed For!ces,0,,, Joint boXth uner 65,, No-`in univj>se, ouseglder,MHousteholder,22O9.6%., NoRmveA, NomKover,>NoQnove, Yes,ANot in niverse,tS, Not7 inunivers7e, United-StatOe, United-States, Un?itd`-Sats, Ntiv_-yBorn in the United States,p,wNotin univhrse,r2,C2,,%,
, Not in unives,K0s,=, e11t: gradseqq,Not<in unier9se, WiJwed, Not in unverse 0aIr children, Nvtot in uni]erse,,}nlyAll qther, Rem['e, Ng<o i( uni]erse, Not in universe,,",",O0,," NoKfil""er",*Not in nivrse, No n unx_erse, Nonffamily householder, Hous9eh?der,"183,4.57", Nonmov~er," Nonm9e""r",, es, Not in nunier[e,*, otin univIerse, United-Sates,United-tte, Unitee-stqtes, Natve- Born inthe UnitedSate,-l, Not in universe,,%U,;`,9,-5D0
d^,9 Ntot in univRrse,E,Y,8 ChiOk0ren, Not in universe,}NeBer* married," No in"" universe or chil8ren|", Not in uitersX,o?tKe, A$ll ojth6[D,,FNot in 'niverse, Not in unive2se, hildren or Armed FoFrc@s,u0v,,nL, Nonfiler, Not insuniCveFse,yNt in@universe, Child <18 never marr not in subfamily, Child under 18 n#ever married,"1,l;8.4c",SNonmover, Nonmyver, Non5Tver,rYes, Not\in universe,#i, Both arens p_rsent,, Xnited- tates,t UnivedStates, Nati0ve- Borp inyhe United States,G, Not in universe,k,,0t!,k94,-50000
_, Not in univrse,l0%,6D, Soecolleg buj no degree,, Married-civilian spouse presMn, Not ign uni;v3rseRor children,j Tot in universe, Whit, (Yl=oIhel,P4al8S, Not in universe, Not in unierm|,Not in lNbSr orc,P,&e,wx, Joint one undewr 65 & one 65+,ot n universe, Not in niverse, Ho:seholder, Householder,1}89].x9',,,, Not i universe under  year old,,b, Oot in universe, Un_ited-St8ateH,, Unite4-StOtes,Native- Born in te Uni;ed;States,pC0, 6o,K,,,^vXY5,-0000
247, PUivat0e,f,v0, Some college but no degree, Not in uRivere,, Medical excepthospital, Oher tervice, Wh%>?toe, Mexica-Am-erican, Fe5m%le,l Notii* uiverse,INot in unive7rse, Full-nime%schedRules,U,),"0yD,", Joint both nder 6&35, Not in uivers, Not in universe, Spouse of householder,,2067.95,,,, Not in univer=s under 1 year o`d,,F, Not in unv>rse, exod, Mex8co, Mexico, For?eign bornu- Not a citizen o^ U S ,d,) Not inD univere,4,G5g2,,9aO5,-`000
,$Yot i unmiv{erse,,, Cbe#ld*en, Notn Ini>erse, Neer married, Not in universe or cildre1, Not iRn univecrRe, dOther, Mexican (Mexicano), ale, N4t inuhivrse, Not in univese, C[ildren orjArmed Forcs,)h,0,J, >Noniles, Not in u ivers, Not in u]ierpe,^ ChilI <18 never marr not in subfamily,CLild under 18 never arrie|d,938t.8k,,,," Not in univers""e under 1- year old",,, Bthparents? pesnt, xUnited-States, Uni>ted-Stas, Uited-States, Native- Born in the United States,, No En uliqerse,l,0,`V0,LbP,- 0000
RG_,jgPriate,,y>, 11th grade, Notin unuiverse,o Diorced, R/tWail t6raLe, OthrNsevice,VWhite, Alo1tcOr, Female, No?% fin uZnivrse,# Re-entra9nt, Unemployed fmul-time,Iq,,|, onfi*er, Not i $nivrse, NatRin univere, Houseolder, Householde,7894,,,,lNot in universe under 1 year ovld,,S6, Not in universe, Unit -Staest, United-StMates,$Un$itded-States, ative- Born in 1he[ nited States,H*F,1Not n4unive\se,#,qO,,,-5000H0
S}1R, Not}in*Knierse,0,Mo,, NoY in unfive~rse, Marrie<-civilian spouse pres<t,.No in un+xerse or childrn, N0t in unier_se,W\hitec," A""lb other", F6mnlF, Not in Kniverse, Not in univee, No in laror forc,,~gz,,1 NojnfQibler, Not in un3verse,,, Spouse of househzlder,?9641,,,, Not in universe under 1 year old,,, Not1 *n 0universe, Uni$ed-Sta|es, UniDted-States, UnSite-States, Native-w Bo;rO in the United States,, Not in unverse,2,!,,9C,}7:0[00
7, Non )in unive|rse,,V0, Children, Pot in un$ive8rse,wNevuer zrrid, Not in univers@ or children, Not inRuniverse, ysan r Pacific Islander, All otheV, Male, .ot ?n univrse, Not in uni~ersY, ChilwrenU or Armed Fojrces,0,',T, NEonf|le, Ngt in unverse, No[ in universe, Ciild <18 nver marr hot in sbfaTily, Cild under 18 nevermarrieZ,13(2755, Nonm<v1r, %onmove>r, NonmoBe,h , Not i niver2se,1h, Both parenTF presnt, O*outhKorea, Sout h o(reu, UnitedM-S/atEes, Natwve- Bon in the7 United States,,Not* in unversKe,,,z,Y94,-ng000
c!, State overnment,,U,, Not in univerie, MarrWie-sp}use abq(ent, Edcatisn, Profssionalspec[aQty, Whi-te,, Me, Not in unive4;e, Not n unxiverse, ull-tim.e <ch/eduls,t,v,j5, Lgle~, Not i univaerse,o_ in1universe,3 Nonf-aily hgousehold#er, Hbousehoder5,204k09!,,,,,,\, N4in uiver/e, U;+itd-StXates, U-itedStatep, Unitced-States, Native- Bor/ in te Unitd Stat/es,w, Not in universe,~[e,T[,,#98, 0000+.
42f, NotL in0 un(vVDse,"_00=,",, High scJool@gradate, Not in universe, MarrieVd-civilian spouWe pr^esent, Not in nivesrse or chilCdren, Nt in universe, White,\Mexican (hebxican#o)," F,emale", Not in universe, Not in uivJ0se, Children or Armed Fores,!,y,0b<l,XNnfiler, Not in universe, NYt in universse, Hokuseholser, 0ousehoder,9'76, NEmoveNr, Nnmover, N@nmover, js, Not in universe,0, Not in universe, c, Q-xi?, Mxico, Foreign born- U S citiz&en by naturaliztion,s, Notinuniverse,,0:,,p9,s5000O90
7E, N5ot in _KniveUrse,,," High @sch""ool graduate", Not in2 li&vkerse, M@rried-civili*n pose present, |Non *n universe or chil#dren, Not?Jin |unnverse, 9Ttbe, All A5ther, Male, Not in universe, Not in universe, Nt in labor fore,0,Xo,9v, Joint both 65, Not n univers, Not in universe, Speuse of housAeholer, SpXuse of househo lder,,,,, Not inN universe under 1 year old,,y, Not in guniwveVrse, UitedSae," ""Unisted-States", United*-R7tates, Native Born in the United States,, Not inuniersoKe,},(,&r,,-5000(0
aO, vPrat*,,929, ig4h shool grduate, Not in #universe, Married-civilian spouse present, Retail trade, yOtherRervVce,, All ohe, eZaF,-/r N, aotin univ;r*se, Chi}dren or ArmedD For<es,f,V&7;,`, Joint both `<t=der 65, Not in ufive`se, LNot %n uCniverse,, Spousedof householder,18j77.5,"N""nmoven8r",NnmXoxver, Nonmover, 2Yl=, Not in universe,, Not iqn)upiverse{, Uitxd~SHtates, Unt2d-States,@Unite3-States, Nat:ive- Born intthe United Sates,, Not in universbe,,^,M5,,50000
21,eve woryed,0,, BUachelors deygreeD(BAB BS),\ Bot@in universe, Neve71 married, Nt inuni:ese or children, Nt in univse, Wh>te, All other,wtY@emale, ot isuni5erse, New entrant,,0,0Y,,ONnf)ilPer, ot in Pniv.rs~S,Not sin univeme,, Chil 18 or older,244u1.633Vz,,,, NoiVn universe under 1 yearold,,, Not \n univese, United-Stat?es;,, Unted-Stes,,0, Not in univers,,Y,C0!n,_,-f0d00|
z0X,l PrNvate,"""",;X, Associatesw degree-occup /voYcational, No< .n unijerse, Marri+ed-ciilian spou se prest, *anufaturing-nondurable Coods, Precision produion craft & rpair, Wh;te, All other, MaleH, io, Notin8 uiversTe, C{ildreF or Arme#d F3~rces,,0,1(00y, Joint both udeEr 65, N!t inuni3erse, Not)in uunive~se, Householder,,+K177@1.12, NonVver, onmover, NonmTover, /Y%sd,,B|N, Not in univese, Polaznd, Pola6, Poland,,j]Y, Not i7n ]univers>,,5o2,15&7$5,{z,-50000
a0, Not in unirse,,, Chidrein, PNot i; uvn[ivers:e, er marrie[, Neot in uuiven&se or children, Nt n universe,hiye, All otheQ,d6 M+l, Not n univ}rse, Not in universe,Children or Amed Forces,%,0G,C, onNr, N8t in! univIrse, Not bin unver;e, Child <18 never marr not in subAfamily, Child undcr 1 never +married,3*65.9f,,,, Not yin unilverse under 1 year old,,0n_,' Moher sonlyOpre7ent, lnited-States,, Unitedh-5Stat~es, Native- Born in the United States,',Not i nivxrse,UW9,_,,9,-50005
4x?%%, ^P@ruate,AW,_, High schol 2rauatey, Not <n uiveirse, MarieY-civiia8 spous|e present, Communications,, W*hCte, All other, _Female, Not in universe, Not i+`n universe, 6ullP-time shedules,,,2n, Joi(t b3oth unzdeJ65, Not in univese, Not i pniverseB, pousg of housiolder, Spouse of householder,1961.54,,,, Not in univFrse +uunder 1 yar ol*d,,zr!3, Noty inuniv9re, United-States,n United8/tate$, UnitQe-Statc, Native- Born in the United States,0, N{ot in universe,@,"o52""",S;,"w9t&""",-50Z00
3^, NBtZin nivUrsEe,glN0c,/%, Associates degreeacademic program, N't 1 uni)iverse, Married-civilian sHpousg present, Not inKuniverse or children,iNaot in universe, White, AlP ytheHrA,"jF|,>a'e", Not i universe, Not in unvF\rse, Not inBlaborforce,v,Jm,1KO00, Joint one under~ 65 & one 65+, Not in uniYerse, Notin univeRre,, SpouseV of householder,;100Gg.>61,,,, Not iYn universe under 1 year old,,F, Not in uOni%eg%e, EnlanAd, England, England, Foqegn born- Not a `cit$ze of U S ,0;j), Not (3 unver?se,Lc,,0,L,30000
+, Not i~ un\iverse,Nx,0x," Some col""lege but noXdegree", Not in universze, Marri&ed-civilian spouse present,uI/ot in uMiverse or childrn, NoD in universe, BlackS, \All oYher,MaMe, otiF ugniverse, Nt Xnuniver(se, Childroen or A-med Forces,,H`,~0, Boint 3ne nder 65 ~& one 65, Nt in univrse, Not in un)v^ZeXs2,JHouse8de,q HoKeholdr,2082.49!, Nonmver, Nonmov," Nonmov e""r",yY, (8Not in }iaverse,{, QNzt in univtrse, UnitdWSate2s, Unitex-States, Uited-St.ates, Native- Born in the Uited States,Z3, NNot Mn unViverse>,=,,}0,m94,-50000
+, Not Ain universe:,Oe,*, 12th 5rde nE diploma, &Not in universe, Mrried-civilian sphouBYe prsent, No in un verse or 3children, Not \in jivekrse, it&e; , All other, FemalW, *NoGt inXuniverse, Not in universe, ChilHzrNn or Armed Forces,0,0 ,,G J&ont both 65+, Not inW universe, Not in universe,&Spos of householdber,9Spouse f /ouseh+older,"17M7,1", Nonmer,, Nnmo#e, \Y)ps, Not in univ|erse,0, Not in uveLrse, UnitedStates,, U nited-Sta{es, Native- BornBin the Unit4d* State2,\,,;,H,0,4p,-K00u
[, 2otb'N uniNverse,,*, Less than 1sTt rade, N:~t in unQivIxse, Married-spouse absent, Not in uivere  chldren, Not in univese, fOtYe, Mex`can (Mexicano), FemYle, Not in univese, N4ot in univer+e, otu in<labort f?orce,,0,b, N6flr, Mt Gin u=niverse,, ousehFol;der,,3}20?4,,,,,,0_, Not in universe,`/exico, (Mexic',IMxo, Foreign born- No/ a cit zen of X S ,bEp-, NGot in un{ve.arse,2,R,AG,59d,-5000
G, N@otfYi? universe{,,D, ChildPen, hot[ in n8vers, Ner mriied, Not in uivers8 or children, Noti? univerzS, Wh=bVe, All oSth9r, Mle, No in uniXvese, Not+ ir uivers e, Chigdre or Armed Forces,%,L|,%i, NonLfile+r, Not Zn univHse, Not in universe, Child b18 nevr marr not in subfamiy, Child under 18 neve}r marrMed,17=5.89 , NonmovHr,lNonmover,Nohnmove, Y-e2s,,, Both Tarent2resent,$ United-States, United-States, Unite-Sates, Natr5ve- Bprn in the United States,6[, Not n'universe,<,0,>,P94`,-5000
,,m,t, C|ildre*n, Not i5 5uNniv]erse, NCever married, Not i univerFse or childrJen, NoE in unliverse,(acZ, fA~jll othr,, Not in universe,,$Chlildren or ArmedForces,m,0,tQ02, Nonf_il<er, Not in _univerLe, Not in Mniverse, Ch;ild <18 nev$r mar not in subfamilyB, Chi-ld *n?der 18 never married,oK158.Y38,,,, Not in universe unJerxy 1 year old,,o,MtherG only preavnt, United-Staes,,Unite8d[States, Native- Born in teM Uni&teJ States,K, No_G i+ iverse,t,j,0,5$,-500z0
/,iont in universe,T,<V, Childfpr}n,No ipn uZioverse, Nevr married, No~ in univUerse: our children, +N#9in u~niverse,_ 6hite, d2l ]otOr,j#M'ale, Not iin unieseP, Not in univrse2, Children r Armed Forces,ox,cmu,0!, Nof:7er, Not nuniversFe, Not in ukiverse,SChild<18 never marrYnot in Ysubfamily, Child un_e1r 18 never married,842.41,|EonmovMer, mNl:nmov?er, Nonmover, b\oe, Not in universe,Ri, Bot-h parents opres nt, Engyland, ngland, Unidted-StateVs, Native- Bo7n in the United Sttes,f, Notin) uUiers,a,F,C,`z.,d 0000
!, Prvate,h,"26,",High schoVol graduate, Not in unierse, Marrie5-civilian s3ouse} pr;es`ent,d Retail trade, Am support- includKg clerical, White,All other, Female,gMh,, Ful-timZe schedules,0,V0,z,,,, vpouse fhouseshol`er, pouse% of> #useholder,=191482V,,,, Nt in univHsse under 1 yer old,,<3, N%ot in 51niv:rse, fnitTd-SQtates, United-States,, N<t~ve- Born in the U9ited States,], Not in uni/erse,D#4,QU2,7n6,9g},50000
e1,Private,F(,, High schMoo graduatv, Not in universe,;'Never maTrie6, Business ad repair erices, Machine opera|tors a1smblrs & inspctrs,Wi%te, All othek,YlBal, No,, Full-time }chedulX~,0,0,&3," SinC,leM3", xNt inDuniverse,)Not in uni<erse, etco]ndary iVdi]idual, Nonrelative of househ|older,x24617,,,,"R Not in univderse under 1 year old,",,w ,NotioGn u'niverse, Unied-Otates,, Uited->States, Native- Born in the Unied States,,,p,,85,,5000
, Self-empAoyed-incorporate d,45,^, BachelUrs dgre(BA AB S,QNot in unverse, Maiied-civilian spouse present, OUher profyssional services, Executive admin gand manageial, Whi>eK, All othe,\MBZm, Not i uIivNese, Nfot in ukverse, Ful)-time #shedul3es,0),F(,, Joint both unkde=r 65, Not in universe, Not in universe, Spoue of h7ous5h$oder, Spous9e of householder,100R.3,,,, Not in universeundr 1 year old,,, Not in u.niverse, United-States, United-Sates, United-Stat6es, ative- Bqo2rn in he Unitd States,i, Not in universte,F,,.,5,7 00+.
ke, N{t inW )niere,'.s0G,), 7th andS 8th grade, Not in univers,  W!Kdowed, Not in univ%erse cr children, Not in unUi-erfse, \|W-hite,, Fvmale, NOot in univNse, NoTt in u%nvers~e, Not in l7uborpforce,"""G0",",3d",7/,'Sing:ei),, 1got in unDiv^se, Nonfamily householder, Householner,2138.7,,,, NoJ in universeunder  yar old,,, Not in univer, eg0,, hUPnite-SatesR, Native- Bo>n in je United Stfatpes,U, Not in universe,dI,0,,,E50
m*,,0xK,V, Some college but no degree, Not idFumiverse,5ido+4, Not in universe or children, Not gin w@nivers, White, AllofhIer, iBp, Not in ?niverse, Not 3n unveernse, Not in laMor foprce,x,/GJ,[,S.ingle,4 Not iu universe," ,t Xn universe",, HousehoTder,7O354M.06<,,,, No in universe under 1 year old,,F, Not in unive_rse, ited-S8ates," United-Stat""s", United-Sttes, Native- sorn in! the United States,T, Not in  univese,3q,c,0{o,5,-5`0P
Q4>[, Not in unMverse,0,0, ess than 1st gradec, Notgn ouniverse, Never a7rr-ided, Not in universe or children, Not in universe,:Wh*teg$, AUll ok;ther`, FRmVale, 9Not in XuXnierse,, Children or Armed Frces,c,Q,K,jq Noni2ler, Notin universe, NoCt in univverwe, Child 18c+ never marr Not in a su|bfaLmily,,2957$3, Nomove,& Nonmover, Nonmer,S Ye), Not in univers),, ot n ]uni|verse, United-tates, UnPted-States, United-States, Na8ive- Born in the United States,nY,, L2,0,0,M,T50_0J
68, r3*vatY,+,1^, Masters degree(MA MS Mung MEd MSW MB), %otv in universe,[Ne*ver m8aried, Medi8al ex8ept hospital, Adm support Sncluding clerical,W6ie, All o3#ther, Female, o, Not i358nivers?, Children qor 6Arme Forces,6360,,y|5v,;Sigle, Not  uniers9e, Nt in[univerYe,, Hou#eolder,4`6.55, NoZfmokver, Np+onover, INo{nmTver, e@,,,QNt in universe0, (nited-States, Uni;ted-tates, nted-Sttes,,(,1 Not in Y:niverse,M,$:,i061,t94,s-50{00u
, Not in universe,*0,, Children, Not i universWe, Never married, Not in nirse yW children, Not in unisverse, %i, Mexican-Amercan,W3ake,, Not in unive*s, CilrleFn or rmed Forces,B0,B,, Nynfiher, NmN n unije1rse,, Child <8 nzever marr not in aubfamily,. Child unederbj1 never married,"H1a91,.61",,,," XNot in univ1erse under 1 ye. ol,d",,W, Mother only prRsent,Oeico, El-Salvador,1UnitPed-S&tates, Native- Born in the !nit<ed Stat]s,0, Not iTn univrse,F6~,^p,\2,,\000#t
6j2, Sate g3ernmen?t,x2,36, k9h W^de,, Marrie-civiliaWln espouse present, Medical except hospita?, Machine o=perators assmbXlr_s &:inspcFrs, Whpit, All other,Female,^4v, No0 inaunQ|ivvrse, Children or Armed Forces,7,F$,0, Jkintn one under 65 & one 65+, Not &in universe," Not n un,veArs`(", SpouQse of hous4hlder,,/7.Z6k,,oNon&mvHe, Nonmover,>HYb, Not in u}%iverse,*, Not Zin univnrse, Unie;-States, UnitedSates, United-States, Native- Born in the United States,0, Not i. uniPverse,t2,,b6,,q50000
r},7FedReral government,x,,, NHot in universe,, Public adminvstration, Professonal pec^alty, Wh1te, Aallofthe,Malw*, Nbot i uniBWbverse, Not in univers, P for non-econ reasons }usually FT,e)0,A,hW0, Joint both under 65,Not in niier$ske, NotC in unVverse, 7ouseholde?r,|HouDeholdr,219.5a},,,, Not in universe undr 1 year old,,, Not in universe," Un""8GedRSZates", UkniOed-Sate, Un-ite/d-States, N(tive- Born in the United States,, ot in unSPyvrse,5Z,(,,j, 5m0_0\.
aW, `$Privatf,I,3d, Bachelors degre(BA ABbBS), 1Not i)n u#ivese," ,ever married", !Re8ail ~ade, PrecNsion production craft & reair, White, All othnr,Male,]No', Not in unierQse, Children orsQArmed orces,0,L.y,y, Sigle,,NotCin universfn,, ouseholder,8L4@7.p,, Nonm+ver,l mover,-YJes#, Not i universe,2, Not in univeIse, United-S3a[es,, UnitedStates, Natve- Born in t;hNe United States,RT4|,ot in uni+ers ,21s,5<,97,9L4,-50000
, Not in univesrs,ON,0, tQ grd, Not}5n univers{,, Nt in univese r ch;ildrn, Not in universe, White,,, Novt ign universe, Not in Hi_[erse, No in/$labor foJce,.,,O, nnilfr|,Nto in unihverse, Not int univeese, Child <18 never marr not in subfam5ily, Child under 18 neveI married,,,,, Not in universe under 1 year old,,+2, {oh parnts presenc,u Unite-tates, UniAedaState}, UniedSJtaes, NativeJ- Rorn in6 the Unite_ States,, {Not in universe,3,,e$;40,*9g,-50000
d, N~ inu nverse,x,;, Hig[h sc/{ool grad_sate, Not in univer|e, Married-civilian spouse present, Not in universe(oP children, Not in univBrse, Bac>, Ollmoer, Femal,,w Notin unvese, Chf`dren #r Armd Forces,5b,0,, Joint Aboth 9nder ~65, Not wn universe, ot in jiverqev, S}ouse of. hoseholder," Spouse of househ,older",16065, NonmsWeA,BN=36onmover, Nonmo)ver,@ Yg," Not i)n univ""ese",Vt, No(t Fn ueiverse, Uknited-Statezs, @Uited-tates, Unted-tatesv, Native- Born Xin @th United7States,9^V, Not2 Bn universe,~,12,,x,D500+
N0, ri{aN,W,14[," Some coll""ege but no degree", Noz in universe, Married-civiliwan spouse present, UNilities and Yanitary sevices!, Techni:Vcins aWndD related support, WhTitPe,l A^ll oth\r, [w\l, &Fo, cot fin ni{erse, Childrn or Armed @orce3K,,+`,yk, Joint both under 65,"Not ,n universe",N Not in uivrse, Spouse of householdeA, Rpuse of huseh}lder,295n15, omovb)r, onmovmr, Nonmover, zes, Not in universe,], Nt in univNNs|e,United-States,, United-States,,], Not inouaiver'se,2P,w2,,EW,
zN4,PrC?vat^e,=}F9s,2R,, Not in universE, MarHied-civilian stpouse present, Perso@nal services except private HH, Executive adsin an man8geAial, Wge, |All other, F(mae,N4[, UNot in univese, Full-Btime~ scheduA,,sp,, Jointyboth under !B, yNot universe, Notw inQ universVe#, Spou3e$of householder, Spoue of ouseholder,386*.11,,,, Notein universe under 1 year old,,P, Not indniivere,, United-S1tates,nVitedrStates,B Native- Bornin th< United Sta3tes,0E, Not in universe,E,oI.,,?55,+-0?0
H, Not in universe,cW,J`dT,M  Childyren,dN*ot i universe,NYever m8arYried, Not in unHverse or children, No i` niverke, ;Whihve, Mexic_-AmwerWican,FEmale, Not n uniqeyse, dNot inC univere, Childrendor Armed Forces,@L0,J,:0,O] No2iler, Wotn universo, DNot in ungesye, Chi<lb <18 never marr not in subfamly,,1;T12p7M,,,, Not in universe under 1 year o*ld,,, Fothejr on4yc preset, Unted-States, UJited-Stat-s,2nit?ed-StateY, Native- B:rn in the United State,7, N`xt ]n uiverse,Iw/,,,,-Mi00
5e," Loc""aalgovernent",=41,!e2;, Masters )degee(MA MS MEng MEd MSW MBA), ENom |n univ|ere,e Married-'ivilian spouse presentq, Hospitatlo ser#vicJes, Professional speciaty, W.pite, All other,, ot in unverse ,,"\F%ll-time sch,ydulJes",80,^,150}," J,oin#t both` under 65", N3t in unverse, Not_ i univrse, Huse|oPder,,2874.52],,,, Not in universe undr 1 year old,,y,_ Not irn unSiverse, U_i ed-States, /Uiniteod-States, nited-StUtev," Nat&""e- Born in the United!, St5tes",\,"No""Zin unlivIerse",2,,9e,9,-50000
6R, NS' in univerye,"""m",l, Chidren, NNot in universe, Never marriTd, Notoin unierse orchildren, Notin *ulniverse, Amr Indian Ale(t or Eskimo,All othe^r, MUe, Not n universe, Not in uniese, Childrenor Armed Forces,v,P,a, NoJfiler, Not inuniverse,Not in universe, Child <18D n)ver marr no< in subfamily, Child under 1?8 never marrie,,,,, Not in undverse under 1 year osld,,0, Mther only ires3t,""" 7Puero-Ri-o",,r United-State=, Native- Born in thLe Uk=ited States,D,^ Notin univenrse,,,,9^,
&3U0, Private,"2""5",2#, Some coFlege 6ut no d3?groee, Not in unHverse, Ma'ried-civili@an spouse present, Manufacturing-noTndrablU good, AdmRsupport including clerical, hite,, Female, Not isnVun(iversve,f Not in Yuniverose, Full-time schdukles,>,k0i,, Joint Roth un=e 6G, 3ot in universe5q, Not< in Jni$erse,, Spuse o ho[useholer,840.1e,,,," NoT in un,vers*e under # year old",,T[7, NVv in universNe, Unoted-States, Uvn\ited-St`ts, Uni2ted-State+s, Ntive- Born in the UntedOStates,xD,NBT inuniWverse,L@T,4*2,c,"9,",-500%E
"16,", FPriat,L,"$,", 10th grade, High school, Neves ma|rniPed, Entertainment, AdmSsupport including clerical, White, AllGot>ekr,M&al^,, Nt in universe, Full-timeschedqlBs,9l,Gx,0,," N""ott Wn u""ivterse",'Not+ in universjAe, Cild <18 never marr nVtQ n subfmily, Child 5der 18 veve married,1(80.99,,,, Not in universe uner 1 yea r old,,d, Both par^stq present, UitedaSates5, UA^niK%tSed-States, United-States, \ative- Born Gin the Unite States,eL,,@t,,,,-500S0
1}_, Not in usniv=erhse,-0n|},|,,, NeM!r ma#rie/d, Not in uknivrseG or children, ot Wn uiveAse, AssHian or Pcific Ilander, Al othe', Fas, Nodt i univeYs!, Not in Pn#erse, Children or Armed Force,!00],1,|t, >ofilAr, Abroad,, Child <1z nWever marr not in subfamily, CIild under 18 never married,10;47.37, Abroad to nonMSA, AjZrnod, AbAaLd,Xo, N,}&, Both parent1 present, @Vi~na,HVietnaMm,'Vitnwa, Foreig born- Not a citizen o U S ,, N:ot n unvverse,Y,<,,c4,
#, Not in universe,0,, Children,, Ne:ver mrried, Not in universe or children, Not in univeOse,Whi`Nte,' AllZCthjr,x Femahle, N8o@ in niverse, Not in unbvrse, Children r Armed Forces,,g,, Nonfhleyr,"Z Not Jin univ,r3de", Not in uni4verse, ChieM<18never marr not in subfamily, Child unde' 18 never married,s233.47,,,, No n universeunder 1 year old,,F, Moter >nlyB#res*nt," Unitd-Sta,es",Unted-States,v Unitd-States, Native- Born inmthe United Sta~tes,D, Not in unYiverse,0+,0,~,,#5000
L7, Pr3fae,a3],26C,;r Bachelor 9degree(BA AB BS), Not in unVivere, ev2r mariVd, =usineAs and repair [sevics,,,AltVohr, Fem a[e, Not in uiverse, Other djobK lFoGer, CGildren or QArmed Forces,,05,xt,\SKl ngl, Nt in universe, got in universe, ChE|ld 18+ never marr t in a subfamily,/ hild 18 or olderf,6-6Zjto,," Nnmv,er", NonmoveXr,GYesvr, Not in uni|erse2,E]W, Nt i4 unWveIe,Unt?-States,, Uited-States, Native- Bor7 in the Unted States,UT, Not in 8nierse,T2,T+6,/|,"`,E",-50000
3l5, >rbeva1te,qH9d,N, Associates degree-a\cademic hrogram, NotaL n univTeise, Ne>er maryried, Transportation, dm& suppZort includnng clerical, Whit, All other, Fmale,"zYeg,", Not in univere, Childrn or Armed Forces,14344,08,Xl^*0, Silgleq, Not in-universe, ot inRunive4ose,, Househ$oler,2520.1, ZnmovlerI, Nonmover, I+nver, Yes, Not in universe,>6,," United-S,tates", tnitd--9ates,E Uited-Stattes, Native- Bo3n in the UKnited States,]y^, ?No t ]in universe,,~,1 25*,94,-m000[
P, Not<n univZerse8,b,*, CilZre, Not n Vniverse, Never married, Not i~n unixverse or chi*dren, NoO in universe, ^}i)e, $ll other, D;!al5, Npt in universe, Notg in universe, Children or Armed Forces,+0,x,wMd,oWfile,o ot in |univer_, |Notj in universe, Grandchild <18 never marr child of subfamily RP, Other rela]ive of householder,3846rb,,,, Not $in universe under  year old,,rH, Mother only preent, U/nited-State|, United-States, United-St0aYes,Native- Born in tho U6nitedA Statses,*,,k,~r,F2,Z5,-500]0
68}3M,c Not innverse,1*,0," So,e colleSge 'but no degree",< Not in unbverse,@vbarried-ivilian spouse presenM, N#t in universe or chldren, N}t in un0iver&e, WhVe, All tthe+.O, FemleG<, Not in universe, Not in uniPer|s, N|ot in ladbor force,%,PT,yv, Join2 one under 5 & one 65+,Not in Znivgrse, Notnin> auniers7e," Spous of hous,holdeT", Sou5Ce of house&holder,1R5l.61,,,,,,U}, Not in universe, PPolnd, Poa}tQd,, NQati]e- Born in the United StatOs0,n, No in universe,,,r!*0,9C,-h50G0'0
^, Not in universe,-,Ya+,10th gr4e, Notinnunierse, Married-civilia spouse prsent, Not in u<iverse or cdhidreE, Not in universe, Amer I6dian Aleut or Eskimo,)Atl thrG, Feale, `Not ixn unJvers,lNt iuniverseo, Children or Armed FLrLes,K,w0,, Joint bth nder 65, ^South, FlHridp,Spouse of houseQolder,,"""5w9.2",, Same(couty,q Same c0u&t=y, o, YeS,6q, ot isn universe," Unitd-gStt,s", United-States, United-3!taes, NNive- BorVn Nin the United State&,, Not in u4iverse,jm,,|,gb,-+o000A
2`,t >BNot in niverse,Q,fB, High school graduate,BNot n@universe,," Not in univJDerse ,or children", Cot in universe, Whit, Al other,",eye", NoGtCin ]univrDse, ot in universe, Not in labor force,],0,,G J_nt both l=der 65, =ot in universe, Notn unive8rsj, SpZouse of Xouseholder, Spouse of housholder,"15""23.K",,,, Not in un#vrse underP1 ylar old,,3,,Dntted-?tates, Unirted4States, United-?PtatesRH,, , Not in niverse,2,16d,,]95/,5u^
Z2,Private,,~h]#, High scyoo=l gra*duate,, Married-civilian spouse present,, u^ther skevice, Whit-e, All other,X ?mal, Not in unversey,"`Not in uiv*erR,e", Fulcl-time schedules,,j,, Joint b&ot under_65, NtMin +uiverse, Not in un/dedse, Spoue of househHlder, Spousr of hous*holder,"182.9""2",,,, Not in univefseuner1 year old,,9%*, Not in univese, Unied-aes, United-utates, United-St?aes, Native- Bornin the United States,{, Notn universe,),2v,8_,9d5,-[0000
Y3#U," ,ot inhunivcrse",o,J, Bachelors degree(B AB BS), tNot in universe,Di|XorcdD, Not in umive>Ae or children, Not in unverse,oh%i;, A o<=ther5, Fma|le, Not in universk,yNt i univrse, Not in labr force,A,",",,Head of OouBehold,No in uPnivers6c, Not in univeCrse, RfP of unrelated ubfa4mly, Nonrelative of hoWuseholdB,18959,,,, Not inuniverse udar 1 y@ar old,,q?, qotin uivePrse, Uited-Statess, Uniitrj-States, $Uit! -States," Native- BoWrn in the Un""ited Statesx",=#o, go& Kinniverse,,"0""x",K,95,-5B0000
$8,V^Privat5,,q6, Some ecollege buvt nodegree, Not in unverse,, Finance inurance aHd real estate, Adm support including cerical,, All ohr}8, al, |Not inhunicerse, ot 5in un\ivferse,, ,!,,f C{ngle,idwest, Ohio, Child 18+ ev marr Not in a subfaily,,4M.81, M5 Co WMS,,", Same co[unty", N, N],6,C Do in unirse, Un&ted-:ta9es,United-States," Uie'-""Staes", Native-D Born in the Unitd StaAts,NM/ ,,m#,52,0F2U,$[,-30`w0
$30, Local gove*nment,"p4""1",r10H, High schPool graduate,, arried-civi+ian spuse present,, Other syevice, Wlhite, hAl other,, Not uin |nive&se, No&t un universe}, Childrrenor Armed Forces,@,0,Ii, Joint both uVdr 65,Soiuh, anG, Householde7, Housh lder3,3126.34X,] onMSA to onMA, S@ae conLty, Sam coumnty,,"YgYG,e",+, No in uni?.erse, UntedpStates, United-States," Utite,dStayes", Native-Born in the Uni~tedSta~s,0,No in univese,>c,3]0,,9,?a000
],kNot(in univesy,C0,, ChWl)sen,NY4 in universe, NeNvermarr6ied, Not inuniverDeG or cildrenq, Not nuniv>ere, hit, AFp oUtUhe, MUale, Not in universe, Not in uni7ersed, Children or Armed Forces,`|0,,&G,  NOviler, Not in universe,, Child <18 never marr not in subf?amily,X Chilx unerz18 nJver married,"h39I.""86", qNonmover,jNo5nmover,.)Tnmo[r,, Not in univ.rse,=,, QUCited-Sates,", United-SHa<es",9Unlt<e5-STates, NatiIe- Bon in the UniCeO#d States,, Nht in universe,m,h8,,,-500<
, {NPot in 0nivrs(,&0,, Children, Dot inXunivcer0$se,e ever bmarred, Not in univ0rse or 4ch1ildren,T FNot in uunverse,b Whe, Central or South American, daile, ot wn( +niverse,, Children oy Ar#*d Torces,<,C,\r, No>fler, Not n universe, Not n u@ive4s-, C?ils <18 nevAr mr not in subfamily,,1743.8,,,,tNot in universe unde 1&year old,,R0, Both parents present, MeicSB, MeicPvo, inixt*d-Sttes,,0, ot nunive:rs,,,o, 5,
, Nt in universe,,,, Nt in uverse, Married-civilian spouse resent, Nt in universe or childrNn, Not in unverse,&htej, Al ofher, Mle, NSt n universe, ot in univerwh8e, Not i labor force,0,,8500, Joint; botY 65+, Not i u)ikere, Not inunlVe:rse,,[HouseholLder,"1299!,r4",,,,_ }Not in univer^e under 1 year oold,,LR2, Not n universe, United>StItes,"> Uni(ted-""States",8ited-States$,,0, Nt in nierse,4P,HAG,,9e,-0t0
o!,LPrbTa:te,l67;,35R, Highsch$ool?mgrduate,, Married-civolian spous preent, BusZiness and repair serices, Precision pbodu}ctiob craft & repair, White, NAll otdhe~, 2Female3, No in univerZe,Not in univer^e, F9ull-time scheules,,i,, Joint both `uder 6K,S eN0 in universe, No in univer(e, Spousi of hoseholder, Spouse( of hous{eoldtr,1501o56,,,, Not i!n univ?rse under 1 ye`ar old,,4B,LNot in unverse, U i3e-taNes," @6nted-""tates", United-Stats,INatie- Bo%n in the Unite$n States,I, NotY in nveseq,,kW,Z;,5,-iS00E0
#\, Helf-employeJ6-ny5t incorporated,4,]o7, Associates degre-ocFzcup /ocazional, Not in universe, Never mabRied,: Const(r4ction,, WhitL, 3Al} othe, Lyale,, Not pin auniv.erse, Ful-timeZsch0dules,,T,+,  Single,0Nt in undiverse, N1o in universe, Secondary individual, onr|lative of# householde,2X2K5 5.9,,,, Not in universe under 1 year old,,^0, Not in univer`e, Unted-tat*s, Unitcd-States, UAnited-States,,&P, Not in universe,2A,5H,KL],LW5,-s00%=0
90,2Not in nierse,e,0, High \sho gra<duate, Not inunive6se, Wi3oSV, Not tn universe oI}?children, XN5xt in unlivedse,CW(te, pl ther,3Fmae, Not in univese, NoNt n uni;verse, C(hildrenu or Armed Forces,$0,0,.M`, uNonKf6iler, Not%iHn uni@erse, Not in universe, Nonfamil hous'eholdKer, HousIYholder,<254.F3a,, onmvve\, Nonmover,XYB, Not in universe,, No ib universe, United-State, Uniteid-StaeI, Uniten-St-tRs, NLative- Born in the' Un[te tates,, tTn universe,w,#8ww,,a,-50w000
x, NoV in !universe,B,, Some cHolle but no dgree,Y NJt in qnivor?e, Married-bivilian spouse present, vNot in un.vers: or children, Not in univrse, {'hieV;, lH oetrer,2Msale, Not in universe, Not in universe, Not ing labor forNce,,0?,`, Sonfier, Not in universe, Notw i)<|nivers-e, HouhDolde, Househ6lder,U1S28.4T*,,,, Not in universe under 1 year old,,0d!k, Not in univers?, Trinadad&Tobago, Trinadad&Tobago, Trinadad&Tobago, Foreigneborn- U S citizen by naturalization,, NItin uni(Herse,4,t,?Zu,95,510
q,,33I,l{v," 9thgla""",,l NeverH married, et)il trade,, White, All ojther,z Fmce, NotQi:n uLniverse, Re\-entran,,M,,, Noniler, Not]in unierse, tNot in uliver^e, ChiCd <18 never ar not in|&subfamily, Child Ounder 18 nevermarried,A0.896<,,,, Not Tn univernse under 1 year old,,@0, Mot$er only pesent, United-States,/ United-State, Unit`\-StaSe,,0, !st i 4universe,0mx,,f,^,
1G0, Not in un\iverse,N,, ChiUden,,rNever +aried, Nt in universeor children,, .phyte, All other, gae~, ot in unverse, Not i2n niveri-.,,+,<,,!Uonfiler, Not in uni>Norshe, Not i6!nun$verse, Child =<1] nevUr marr nt in subfamily, vChild under18 never married,460J0,,4donmover,Nnmverh,Jps," Not inuni,erse",Y.,, Uite-Stes,"UB,td-Stames",, Native- BBorn in the UniteN States,k, Nt in:unive>rseG,,,/,b4,-?u00
a, Not i uni?erse,DZ,},,Not i universe, NgeverXmaried,H Not in uiverfe &or childrten, Not inuniRrsH,, All owthr!, Ma]_e, NdoVt inuniv5ese," Not i, tniversej", Children_oraArmed Force`Us,0n,L0,WGf,, Not in untversRo@, Not in universe, Child {<8 never marr not in subfm4ly," Child under ""8 never mYMried",,,,, Not in uiverse nder  yea old,,z, 8loth parets present, U;nite$d*Ktates, _nited-StatSl, United-States, NatEve- Born n the United States,', NoI- in u(i_veNrse,),0 ,$,95,55}b000
B0,,"uR""\(0",_A, Some collegeobu; no degee, Not in univeu)rse, Married-civilna@n spose present, Pulic adminisrion, Technicians anV related support,x&Wite, Al?l other, jalew, 5Not in univerRse, Not in universe, Chidren orUArmed Fo`ces,L,a',m`,, Not in u)ivers, No in unIver, Hq!ehoder,jHouseholer,]R13.9W2h, _nmover, NonmSover, Nonmover, Yesz, NotiOn uLivDrse,E, Not in univese, Gnied-tahes,, nited-Sttes,,}, Nt in universe,B,]q2,K,"9,4B",
{2, Not inuniese,,<, Chdrgn, N]x in univv4se, Nv_rmarr1ed, Not in universe or chilAdren, Noti in universe,ge6it,B Awl eohr,UMan2le, Not in univrseY, Nt inruniverse, kChGildreneor Armed Fbr-es,,p,,, Not <in unOvers&e,, Chizd <18 never marr not in subfaml~, Cild under 18 neve` cmaried,252<T6'23, Nonmo&e2, 'Nonmover, NConmoQver,, <Notxin universe,g, Both hparenqb present, UlnitedK-mSt|tes9,? United-Sttes, Uni ted-States, Nat]ive- Born 6i( the United States,, Notv n uvrse,,,:>0=,,_00D0V
&Q39, P%ivatVe,,, High school gra-?ate, Not in universe, Marrietd-civilian spouse present, MedicLl except hospital, TeUchnicians andreq6ated support,*Wb2ite,7Meicn-Am/ric@n, Pema#,kNo, No inPuEnpiverse,Full-time cheduls,%,<,)L, Joint bo)h vnder 6J5, Not in univeIse,, qSpousb of housNeholde," S(pouse of _ousehol""e_",91:.dv<,,,, Not in univer/e under 1 year old,,.,, UncdRStates, Uni%e}-Stats, nid-S&ttes, Nhtiv- Born in ^he United Sta0t|es,o, o' in universe,,#16,50,"W%x,",^0{7.00
, NotT nm univese,x7,&`, 5th o5r 6th grYade, Not in:univere,, Not Hin universeor children, Not n nivHrse,V~ilak, Al2l othZr,Fmale, Not win u3iverse, No=t in universe_, Children or ArmcdForcees,0,,, Non'filer, Not (i1 univere,, onfamily householder, Hou`J0Pehoder,1450.0 1,9Noov/er, NonCover,`Nnwmove$I, ;es, Not in universe,, Nt iny;un.verse," Untedp-:""tateW",United-StgaSes, United-States, Native- Bor in the United States,6, )ot in universe,,,~,,t5/00
