AAGE,ACLSWKR,ADTINK,ADTOCC,AHGA,AHSCOL,AMARITL,AMJIND,AMJOCC,ARACE,AREORGN,ASEX,AUNMEM,AUNTYPE,AWKSTAT,CAPGAIN,GAPLOSS,DIVVAL,FILESTAT,GRINREG,GRINST,HHDFMX,HHDREL,MARSUPWRT,MIGMTR1,MIGMTR3,MIGMTR4,MIGSAME,MIGSUN,NOEMP,PARENT,PEFNTVTY,PEMNTVTY,PENATVTY,PRCITSHP,SEOTR,VETQVA,VETYN,WKSWORK,AHRSPAY,year,income
40, Private,34,3, High school graduate, Not in universe, Married-civilian spouse present, Finance insurance and real estate, Executive admin and managerial, White, All other, Female, No, Not in universe, Children or Armed Forces,0,0,25, Joint both under 65, Not in universe, Not in universe, Spouse of householder, Spouse of householder,2168.29, Nonmover, Nonmover, Nonmover, Yes, Not in universe,6, Not in universe, United-States, United-States, United-States, Native- Born in the United States,0, Not in universe,2,52,0,94,-50000
8, Not in universe,0,0, Children, Not in universe, Never married, Not in universe or children, Not in universe, White, All other, Female, Not in universe, Not in universe, Children or Armed Forces,0,0,0, Nonfiler, Not in universe, Not in universe, Child <18 never marr not in subfamily, Child under 18 never married,2451.75,,,, Not in universe under 1 year old,,0, Both parents present, United-States, United-States, United-States, Native- Born in the United States,0, Not in universe,0,0,0,95,-50000
36, Not in universe,0,0, 9th grade, Not in universe, Never married, Not in universe or children, Not in universe, Black, All other, Male, Not in universe, Not in universe, Children or Armed Forces,0,0,0, Nonfiler, Midwest, Minnesota, Grandchild 18+ never marr not in subfamily, Other relative of householder,4423.61, MSA to MSA, Same county, Same county, No, No,0, Not in universe, United-States, United-States, United-States, Native- Born in the United States,0, Not in universe,2,0,0,94,-50000
2, Not in universe,0,0, Children, Not in universe, Never married, Not in universe or children, Not in universe, White, Mexican (Mexicano), Female, Not in universe, Not in universe, Children or Armed Forces,0,0,0, Nonfiler, Not in universe, Not in universe, Child <18 never marr not in subfamily, Child under 18 never married,1391.12,,,, Not in universe under 1 year old,,0, Both parents present, Mexico, Mexico, United-States, Native- Born in the United States,0, Not in universe,0,0,0,95,-50000
70, Not in universe,0,0, Some college but no degree, Not in universe, Widowed, Not in universe or children, Not in universe, Black, All other, Female, Not in universe, Not in universe, Children or Armed Forces,0,0,0, Single, Not in universe, Not in universe, Nonfamily householder, Householder,1855.82, Nonmover, Nonmover, Nonmover, Yes, Not in universe,0, Not in universe, United-States, United-States, United-States, Native- Born in the United States,0, Not in universe,2,0,0,94,-50000
10, Not in universe,0,0, Children, Not in universe, Never married, Not in universe or children, Not in universe, White, Mexican (Mexicano), Female, Not in universe, Not in universe, Children or Armed Forces,0,0,0, Nonfiler, Not in universe, Not in universe, Child <18 never marr not in subfamily, Child under 18 never married,1950.33, Nonmover, Nonmover, Nonmover, Yes, Not in universe,0, Both parents present, Mexico, Mexico, Mexico, Foreign born- Not a citizen of U S ,0, Not in universe,0,0,0,94,-50000
74, Not in universe,0,0, High school graduate, Not in universe, Widowed, Not in universe or children, Not in universe, White, All other, Female, Not in universe, Not in universe, Not in labor force,0,0,0, Nonfiler, Not in universe, Not in universe, Nonfamily householder, Householder,1006.52,,,, Not in universe under 1 year old,,0, Not in universe, United-States, United-States, United-States, Native- Born in the United States,0, Not in universe,2,0,0,95,-50000
7, Not in universe,0,0, Children, Not in universe, Never married, Not in universe or children, Not in universe, White, All other, Male, Not in universe, Not in universe, Children or Armed Forces,0,0,0, Nonfiler, Not in universe, Not in universe, Child <18 never marr not in subfamily, Child under 18 never married,2673.78,,,, Not in universe under 1 year old,,0, Both parents present, United-States, United-States, United-States, Native- Born in the United States,0, Not in universe,0,0,0,95,-50000
6, Not in universe,0,0, Children, Not in universe, Never married, Not in universe or children, Not in universe, Black, All other, Male, Not in universe, Not in universe, Children or Armed Forces,0,0,0, Nonfiler, Not in universe, Not in universe, Child <18 never marr not in subfamily, Child under 18 never married,1641.2,,,, Not in universe under 1 year old,,0, Father only present, United-States, United-States, United-States, Native- Born in the United States,0, Not in universe,0,0,0,95,-50000
58, Self-employed-not incorporated,2,43, 10th grade, Not in universe, Married-spouse absent, Agriculture, Farming forestry and fishing, White, All other, Male, Not in universe, Not in universe, Full-time schedules,0,0,0, Single, Not in universe, Not in universe, Nonfamily householder, Householder,997.2,,,, Not in universe under 1 year old,,1, Not in universe, United-States, United-States, United-States, Native- Born in the United States,0, Not in universe,2,26,0,95,-50000
42, Private,4,2, High school graduate, Not in universe, Divorced, Construction, Executive admin and managerial, White, All other, Female, No, Not in universe, Children or Armed Forces,0,0,0, Head of household, Not in universe, Not in universe, Householder, Householder,1813.51, Nonmover, Nonmover, Nonmover, Yes, Not in universe,6, Not in universe, United-States, United-States, United-States, Native- Born in the United States,0, Not in universe,2,52,1275,94,-50000
38, Private,39,31, High school graduate, Not in universe, Married-civilian spouse present, Personal services except private HH, Other service, Black, All other, Female, Not in universe, Not in universe, Full-time schedules,0,0,0, Joint both under 65, Not in universe, Not in universe, Spouse of householder, Spouse of householder,1013.45,,,, Not in universe under 1 year old,,6, Not in universe, United-States, United-States, United-States, Native- Born in the United States,0, Not in universe,2,52,0,95,-50000
41, Private,12,4, Bachelors degree(BA AB BS), Not in universe, Married-civilian spouse present, Manufacturing-durable goods, Professional specialty, White, All other, Male, No, Not in universe, Children or Armed Forces,0,0,5, Joint both under 65, Not in universe, Not in universe, Householder, Householder,792.51, Nonmover, Nonmover, Nonmover, Yes, Not in universe,6, Not in universe, United-States, United-States, United-States, Native- Born in the United States,0, Not in universe,2,52,0,94, 50000+.
29, Private,1,44, 1st 2nd 3rd or 4th grade, Not in universe, Married-civilian spouse present, Agriculture, Farming forestry and fishing, White, Mexican (Mexicano), Female, Not in universe, Job loser - on layoff, Unemployed full-time,0,0,0, Joint both under 65, Not in universe, Not in universe, Spouse of householder, Spouse of householder,1702.15,,,, Not in universe under 1 year old,,0, Not in universe, Mexico, Mexico, Mexico, Foreign born- Not a citizen of U S ,0, Not in universe,2,0,0,95,-50000
50, Private,12,2, Bachelors degree(BA AB BS), Not in universe, Married-civilian spouse present, Manufacturing-durable goods, Executive admin and managerial, White, All other, Male, Not in universe, Not in universe, Full-time schedules,0,0,0, Joint both under 65, Not in universe, Not in universe, Spouse of householder, Spouse of householder,1069.42,,,, Not in universe under 1 year old,,6, Not in universe, United-States, United-States, United-States, Native- Born in the United States,0, Not in universe,2,52,0,95, 50000+.
47, Self-employed-not incorporated,29,38, 11th grade, Not in universe, Married-civilian spouse present, Transportation, Transportation and material moving, White, All other, Male, Not in universe, Not in universe, Full-time schedules,7298,0,0, Joint both under 65, Not in universe, Not in universe, Householder, Householder,478.05,,,, Not in universe under 1 year old,,1, Not in universe, United-States, United-States, United-States, Native- Born in the United States,0, Not in universe,2,52,0,95,-50000
26, Private,21,26, Some college but no degree, Not in universe, Married-civilian spouse present, Manufacturing-nondurable goods, Adm support including clerical, White, All other, Male, Not in universe, Other job loser, Children or Armed Forces,0,2051,0, Joint both under 65, Not in universe, Not in universe, Householder, Householder,1034.16, Nonmover, Nonmover, Nonmover, Yes, Not in universe,5, Not in universe, United-States, United-States, United-States, Native- Born in the United States,0, Not in universe,2,48,0,94,-50000
9, Not in universe,0,0, Children, Not in universe, Never married, Not in universe or children, Not in universe, White, All other, Female, Not in universe, Not in universe, Children or Armed Forces,0,0,0, Nonfiler, Not in universe, Not in universe, Child <18 never marr not in subfamily, Child under 18 never married,1832.26, Nonmover, Nonmover, Nonmover, Yes, Not in universe,0, Both parents present, United-States, United-States, United-States, Native- Born in the United States,0, Not in universe,0,0,0,94,-50000
45, Private,32,16, High school graduate, Not in universe, Married-civilian spouse present, Wholesale trade, Sales, White, Mexican-American, Male, Not in universe, Not in universe, Full-time schedules,0,0,0, Joint both under 65, Not in universe, Not in universe, Householder, Householder,2000.13,,,, Not in universe under 1 year old,,3, Not in universe, United-States, United-States, United-States, Native- Born in the United States,0, Not in universe,2,52,0,95,-50000
6, Not in universe,0,0, Children, Not in universe, Never married, Not in universe or children, Not in universe, White, Mexican-American, Male, Not in universe, Not in universe, Children or Armed Forces,0,0,0, Nonfiler, Not in universe, Not in universe, Child <18 never marr not in subfamily, Child under 18 never married,1423.21,,,, Not in universe under 1 year old,,0, Both parents present, Mexico, United-States, United-States, Native- Born in the United States,0, Not in universe,0,0,0,95,-50000
20, Not in universe,0,0, Some college but no degree, College or university, Never married, Not in universe or children, Not in universe, White, All other, Male, Not in universe, Not in universe, Children or Armed Forces,0,0,0, Single, Not in universe, Not in universe, Child 18+ never marr Not in a subfamily, Child 18 or older,2738.79, Nonmover, Nonmover, Nonmover, Yes, Not in universe,0, Not in universe, United-States, United-States, United-States, Native- Born in the United States,0, Not in universe,2,0,0,94,-50000
20, Not in universe,0,0, Some college but no degree, College or university, Never married, Not in universe or children, Not in universe, Asian or Pacific Islander, All other, Male, Not in universe, Not in universe, Children or Armed Forces,0,1602,0, Single, Not in universe, Not in universe, Child 18+ never marr Not in a subfamily, Child 18 or older,2666.4, Nonmover, Nonmover, Nonmover, Yes, Not in universe,4, Not in universe,,,, Foreign born- U S citizen by naturalization,0, Not in universe,2,8,0,94,-50000
3, Not in universe,0,0, Children, Not in universe, Never married, Not in universe or children, Not in universe, White, All other, Female, Not in universe, Not in universe, Children or Armed Forces,0,0,0, Nonfiler, Not in universe, Not in universe, Child <18 never marr not in subfamily, Child under 18 never married,1238.35,,,, Not in universe under 1 year old,,0, Both parents present, United-States, United-States, United-States, Native- Born in the United States,0, Not in universe,0,0,0,95,-50000
52, Local government,43,23, Bachelors degree(BA AB BS), Not in universe, Married-civilian spouse present, Education, Adm support including clerical, White, All other, Female, Not in universe, Not in universe, PT for non-econ reasons usually FT,0,0,0, Joint both under 65, Not in universe, Not in universe, Spouse of householder, Spouse of householder,2130.65,,,, Not in universe under 1 year old,,6, Not in universe, United-States, United-States, United-States, Native- Born in the United States,0, Not in universe,2,47,0,95,-50000
50, Private,9,26, High school graduate, Not in universe, Married-civilian spouse present, Manufacturing-durable goods, Adm support including clerical, White, All other, Male, Not in universe, Not in universe, Children or Armed Forces,0,0,0, Joint both under 65, Not in universe, Not in universe, Householder, Householder,957.04, Nonmover, Nonmover, Nonmover, Yes, Not in universe,3, Not in universe, United-States, United-States, United-States, Native- Born in the United States,0, Not in universe,2,52,0,94,-50000
1, Not in universe,0,0, Children, Not in universe, Never married, Not in universe or children, Not in universe, White, All other, Male, Not in universe, Not in universe, Children or Armed Forces,0,0,0, Nonfiler, Midwest, Wyoming, Child <18 never marr not in subfamily, Child under 18 never married,2249.57, NonMSA to nonMSA, Same county, Same county, No, No,0, Both parents present, United-States, United-States, United-States, Native- Born in the United States,0, Not in universe,0,0,0,94,-50000
1, Not in universe,0,0, Children, Not in universe, Never married, Not in universe or children, Not in universe, Black, All other, Female, Not in universe, Not in universe, Children or Armed Forces,0,0,0, Nonfiler, Not in universe, Not in universe, Child <18 never marr not in subfamily, Child under 18 never married,1715.77,,,, Not in universe under 1 year old,,0, Mother only present, United-States, United-States, United-States, Native- Born in the United States,0, Not in universe,0,0,0,95,-50000
67, Not in universe,0,0, 10th grade, Not in universe, Divorced, Not in universe or children, Not in universe, White, All other, Female, Not in universe, Not in universe, Not in labor force,0,0,0, Nonfiler, Not in universe, Not in universe, Nonfamily householder, Householder,1184.87,,,, Not in universe under 1 year old,,0, Not in universe, United-States, United-States, United-States, Native- Born in the United States,0, Not in universe,2,0,0,95,-50000
6, Not in universe,0,0, Children, Not in universe, Never married, Not in universe or children, Not in universe, White, All other, Female, Not in universe, Not in universe, Children or Armed Forces,0,0,0, Nonfiler, Not in universe, Not in universe, Child <18 never marr not in subfamily, Child under 18 never married,3386.65,,,, Not in universe under 1 year old,,0, Mother only present, United-States, United-States, United-States, Native- Born in the United States,0, Not in universe,0,0,0,95,-50000
71, Not in universe,0,0, 10th grade, Not in universe, Married-civilian spouse present, Not in universe or children, Not in universe, White, All other, Female, Not in universe, Not in universe, Children or Armed Forces,0,0,0, Joint both 65+, Not in universe, Not in universe, Spouse of householder, Spouse of householder,1675.53, Nonmover, Nonmover, Nonmover, Yes, Not in universe,0, Not in universe, United-States, United-States, United-States, Native- Born in the United States,0, Not in universe,2,0,0,94,-50000
35, Private,42,26, High school graduate, Not in universe, Married-civilian spouse present, Medical except hospital, Adm support including clerical, White, All other, Female, Not in universe, Not in universe, Full-time schedules,0,0,0, Joint both under 65, Not in universe, Not in universe, Spouse of householder, Spouse of householder,1144.08,,,, Not in universe under 1 year old,,2, Not in universe, United-States, United-States, United-States, Native- Born in the United States,0, Not in universe,2,52,0,95,-50000
77, Not in universe,0,0, High school graduate, Not in universe, Married-civilian spouse present, Not in universe or children, Not in universe, White, All other, Female, Not in universe, Not in universe, Children or Armed Forces,0,0,0, Joint both 65+, Not in universe, Not in universe, Spouse of householder, Spouse of householder,1973.18, Nonmover, Nonmover, Nonmover, Yes, Not in universe,0, Not in universe, United-States, United-States, United-States, Native- Born in the United States,0, Not in universe,2,0,0,94,-50000
24, Not in universe,0,0, Some college but no degree, College or university, Never married, Not in universe or children, Not in universe, White, All other, Female, Not in universe, Not in universe, Not in labor force,0,0,0, Nonfiler, Not in universe, Not in universe, Nonfamily householder, Householder,1904.56,,,, Not in universe under 1 year old,,0, Not in universe, United-States, United-States, United-States, Native- Born in the United States,0, Not in universe,2,0,0,95,-50000
8, Not in universe,0,0, Children, Not in universe, Never married, Not in universe or children, Not in universe, White, All other, Male, Not in universe, Not in universe, Children or Armed Forces,0,0,0, Nonfiler, Not in universe, Not in universe, Child <18 never marr not in subfamily, Child under 18 never married,2116.39,,,, Not in universe under 1 year old,,0, Both parents present, United-States, United-States, United-States, Native- Born in the United States,0, Not in universe,0,0,0,95,-50000
41, Not in universe,0,0, 9th grade, Not in universe, Never married, Not in universe or children, Not in universe, White, Mexican-American, Male, Not in universe, Not in universe, Children or Armed Forces,0,0,0, Nonfiler, Not in universe, Not in universe, Householder, Householder,1898.72, Nonmover, Nonmover, Nonmover, Yes, Not in universe,0, Not in universe, Mexico, United-States, United-States, Native- Born in the United States,0, Not in universe,2,0,0,94,-50000
33, Not in universe,0,0, High school graduate, Not in universe, Married-civilian spouse present, Not in universe or children, Not in universe, White, All other, Female, Not in universe, Not in universe, Not in labor force,0,0,0, Joint both under 65, Not in universe, Not in universe, Spouse of householder, Spouse of householder,1898.23,,,, Not in universe under 1 year old,,3, Not in universe, United-States, United-States, United-States, Native- Born in the United States,0, Not in universe,2,52,0,95,-50000
2, Not in universe,0,0, Children, Not in universe, Never married, Not in universe or children, Not in universe, White, All other, Female, Not in universe, Not in universe, Children or Armed Forces,0,0,0, Nonfiler, West, West Virginia, Child under 18 of RP of unrel subfamily, Nonrelative of householder,3487.52, MSA to MSA, Different county same state, Different county same state, No, No,0, Mother only present, United-States, United-States, United-States, Native- Born in the United States,0, Not in universe,0,0,0,94,-50000
9, Not in universe,0,0, Children, Not in universe, Never married, Not in universe or children, Not in universe, White, All other, Male, Not in universe, Not in universe, Children or Armed Forces,0,0,0, Nonfiler, Not in universe, Not in universe, Child <18 never marr not in subfamily, Child under 18 never married,2375.61, Nonmover, Nonmover, Nonmover, Yes, Not in universe,0, Both parents present, United-States, United-States, United-States, Native- Born in the United States,0, Not in universe,0,0,0,94,-50000
7, Not in universe,0,0, Children, Not in universe, Never married, Not in universe or children, Not in universe, White, All other, Male, Not in universe, Not in universe, Children or Armed Forces,0,0,0, Nonfiler, Not in universe, Not in universe, Child <18 never marr not in subfamily, Child under 18 never married,2964.1,,,, Not in universe under 1 year old,,0, Both parents present, United-States, United-States, United-States, Native- Born in the United States,0, Not in universe,0,0,0,95,-50000
20, Not in universe,0,0, Some college but no degree, College or university, Never married, Not in universe or children, Not in universe, White, All other, Male, Not in universe, Not in universe, Children or Armed Forces,0,0,0, Single, Not in universe, Not in universe, Child 18+ never marr Not in a subfamily, Child 18 or older,971.95, Nonmover, Nonmover, Nonmover, Yes, Not in universe,6, Not in universe, Portugal, Portugal, Portugal, Foreign born- Not a citizen of U S ,2, Not in universe,2,10,0,94,-50000
80, Not in universe,0,0, High school graduate, Not in universe, Married-civilian spouse present, Not in universe or children, Not in universe, White, All other, Male, Not in universe, Not in universe, Children or Armed Forces,0,0,0, Joint both 65+, Not in universe, Not in universe, Householder, Householder,1048.69, Nonmover, Nonmover, Nonmover, Yes, Not in universe,2, Not in universe, United-States, United-States, United-States, Native- Born in the United States,0, Not in universe,2,12,0,94,-50000
13, Not in universe,0,0, Children, Not in universe, Never married, Not in universe or children, Not in universe, White, All other, Male, Not in universe, Not in universe, Children or Armed Forces,0,0,0, Nonfiler, Not in universe, Not in universe, Child <18 never marr not in subfamily, Child under 18 never married,1251.26,,,, Not in universe under 1 year old,,0, Both parents present, United-States, United-States, United-States, Native- Born in the United States,0, Not in universe,0,0,0,95,-50000
77, Not in universe,0,0, Some college but no degree, Not in universe, Widowed, Not in universe or children, Not in universe, White, All other, Female, Not in universe, Not in universe, Children or Armed Forces,0,1944,4469, Single, Not in universe, Not in universe, Nonfamily householder, Householder,428.22, Nonmover, Nonmover, Nonmover, Yes, Not in universe,0, Not in universe, United-States, United-States, United-States, Native- Born in the United States,0, Not in universe,2,0,0,94,-50000
59, Private,39,25, Bachelors degree(BA AB BS), Not in universe, Married-civilian spouse present, Personal services except private HH, Adm support including clerical, White, All other, Male, Not in universe, Not in universe, Children or Armed Forces,0,0,0, Joint both under 65, Not in universe, Not in universe, Householder, Householder,987.9, Nonmover, Nonmover, Nonmover, Yes, Not in universe,1, Not in universe, United-States, United-States, United-States, Native- Born in the United States,0, Not in universe,2,52,0,94,-50000
13, Not in universe,0,0, Children, Not in universe, Never married, Not in universe or children, Not in universe, White, All other, Male, Not in universe, Not in universe, Children or Armed Forces,0,0,0, Nonfiler, Not in universe, Not in universe, Child <18 never marr not in subfamily, Child under 18 never married,3622.09,,,, Not in universe under 1 year old,,0, Both parents present, United-States, United-States, United-States, Native- Born in the United States,0, Not in universe,0,0,0,95,-50000
4, Not in universe,0,0, Children, Not in universe, Never married, Not in universe or children, Not in universe, Black, All other, Female, Not in universe, Not in universe, Children or Armed Forces,0,0,0, Nonfiler, Not in universe, Not in universe, Child <18 never marr not in subfamily, Child under 18 never married,1138.09,,,, Not in universe under 1 year old,,0, Both parents present, Jamaica,, United-States, Native- Born in the United States,0, Not in universe,0,0,0,95,-50000
10, Not in universe,0,0, Children, Not in universe, Never married, Not in universe or children, Not in universe, Black, All other, Male, Not in universe, Not in universe, Children or Armed Forces,0,0,0, Nonfiler, Not in universe, Not in universe, Child <18 never marr not in subfamily, Child under 18 never married,3506.68,,,, Not in universe under 1 year old,,0, Both parents present, United-States, United-States, United-States, Native- Born in the United States,0, Not in universe,0,0,0,95,-50000
4, Not in universe,0,0, Children, Not in universe, Never married, Not in universe or children, Not in universe, Other, Other Spanish, Male, Not in universe, Not in universe, Children or Armed Forces,0,0,0, Nonfiler, Not in universe, Not in universe, Child <18 never marr not in subfamily, Child under 18 never married,391.08,,,, Not in universe under 1 year old,,0, Both parents present, Columbia, Puerto-Rico, United-States, Native- Born in the United States,0, Not in universe,0,0,0,95,-50000
15, Not in universe,0,0, 10th grade, Not in universe, Never married, Not in universe or children, Not in universe, White, All other, Female, Not in universe, Not in universe, Children or Armed Forces,0,0,0, Nonfiler, Not in universe, Not in universe, Child <18 never marr not in subfamily, Child under 18 never married,1025.96, Nonmover, Nonmover, Nonmover, Yes, Not in universe,0, Both parents present, United-States, United-States, United-States, Native- Born in the United States,0, Not in universe,2,0,0,94,-50000
43, Private,8,33, Associates degree-occup /vocational, Not in universe, Married-civilian spouse present, Manufacturing-durable goods, Precision production craft & repair, White, All other, Male, Yes, Not in universe, Full-time schedules,0,0,0, Joint both under 65, Not in universe, Not in universe, Householder, Householder,2282.57,,,, Not in universe under 1 year old,,5, Not in universe, United-States, United-States, United-States, Native- Born in the United States,0, Not in universe,2,52,1530,95,-50000
81, Not in universe,0,0, High school graduate, Not in universe, Widowed, Not in universe or children, Not in universe, White, All other, Female, Not in universe, Not in universe, Not in labor force,0,0,0, Single, Not in universe, Not in universe, Other Rel 18+ ever marr not in subfamily, Other relative of householder,1128.57,,,, Not in universe under 1 year old,,0, Not in universe, United-States, United-States, United-States, Native- Born in the United States,0, Not in universe,2,0,0,95,-50000
71, Not in universe,0,0, Masters degree(MA MS MEng MEd MSW MBA), Not in universe, Married-civilian spouse present, Not in universe or children, Not in universe, White, NA, Male, Not in universe, Not in universe, Not in labor force,0,0,0, Nonfiler, Not in universe, Not in universe, Householder, Householder,1519.16,,,, Not in universe under 1 year old,,0, Not in universe, Italy, Italy, United-States, Native- Born in the United States,0, Not in universe,2,0,0,95,-50000
17, Self-employed-incorporated,16,26, 11th grade, High school, Never married, Manufacturing-durable goods, Adm support including clerical, White, All other, Female, Not in universe, Not in universe, Full-time schedules,0,0,0, Single, Not in universe, Not in universe, Child <18 never marr not in subfamily, Child under 18 never married,803.49,,,, Not in universe under 1 year old,,2, Both parents present, United-States, United-States, United-States, Native- Born in the United States,0, Not in universe,2,36,0,95,-50000
31, Private,42,7, Prof school degree (MD DDS DVM LLB JD), Not in universe, Never married, Medical except hospital, Professional specialty, Asian or Pacific Islander, All other, Female, Not in universe, Not in universe, Full-time schedules,0,0,0, Single, Not in universe, Not in universe, Other Rel 18+ never marr not in subfamily, Other relative of householder,1246.7,,,, Not in universe under 1 year old,,2, Not in universe, Philippines, Philippines, Philippines, Foreign born- Not a citizen of U S ,0, Not in universe,2,12,0,95,-50000
70, Not in universe,0,0, High school graduate, Not in universe, Married-civilian spouse present, Not in universe or children, Not in universe, White, All other, Male, Not in universe, Not in universe, Not in labor force,0,0,0, Joint both 65+, Not in universe, Not in universe, Spouse of householder, Spouse of householder,624.56,,,, Not in universe under 1 year old,,0, Not in universe, Italy, United-States, United-States, Native- Born in the United States,0, Not in universe,2,0,0,95,-50000
35, Private,44,12, Bachelors degree(BA AB BS), Not in universe, Never married, Social services, Professional specialty, White, All other, Female, Not in universe, Not in universe, Full-time schedules,0,0,0, Single, Not in universe, Not in universe, Secondary individual, Nonrelative of householder,1120.37,,,, Not in universe under 1 year old,,2, Not in universe, Ireland, United-States, United-States, Native- Born in the United States,0, Not in universe,2,52,0,95,-50000
62, Private,41,13, Some college but no degree, Not in universe, Divorced, Hospital services, Technicians and related support, White, All other, Female, No, Not in universe, Children or Armed Forces,0,0,0, Single, Not in universe, Not in universe, Householder, Householder,1876.93, Nonmover, Nonmover, Nonmover, Yes, Not in universe,5, Not in universe, United-States, United-States, United-States, Native- Born in the United States,2, Not in universe,2,52,1063,94,-50000
43, Private,24,17, High school graduate, Not in universe, Married-civilian spouse present, Manufacturing-nondurable goods, Sales, White, All other, Female, No, Not in universe, Children or Armed Forces,0,0,0, Joint both under 65, Not in universe, Not in universe, Spouse of householder, Spouse of householder,1132.47, Nonmover, Nonmover, Nonmover, Yes, Not in universe,0, Not in universe, Scotland, Scotland, Scotland, Foreign born- Not a citizen of U S ,0, Not in universe,2,0,0,94,-50000
34, Private,40,2, Masters degree(MA MS MEng MEd MSW MBA), Not in universe, Married-civilian spouse present, Entertainment, Executive admin and managerial, White, All other, Male, Not in universe, Not in universe, Children or Armed Forces,0,0,0, Joint both under 65, Not in universe, Not in universe, Householder, Householder,3349.19, Nonmover, Nonmover, Nonmover, Yes, Not in universe,1, Not in universe, United-States, United-States, United-States, Native- Born in the United States,2, Not in universe,2,52,0,94,-50000
6, Not in universe,0,0, Children, Not in universe, Never married, Not in universe or children, Not in universe, White, All other, Male, Not in universe, Not in universe, Children or Armed Forces,0,0,0, Nonfiler, Not in universe, Not in universe, Child <18 never marr not in subfamily, Child under 18 never married,1672.45, Nonmover, Nonmover, Nonmover, Yes, Not in universe,0, Both parents present, United-States, United-States, United-States, Native- Born in the United States,0, Not in universe,0,0,0,94,-50000
2, Not in universe,0,0, Children, Not in universe, Never married, Not in universe or children, Not in universe, White, All other, Male, Not in universe, Not in universe, Children or Armed Forces,0,0,0, Nonfiler, Not in universe, Not in universe, Child <18 never marr not in subfamily, Child under 18 never married,1733.1, Nonmover, Nonmover, Nonmover, Yes, Not in universe,0, Both parents present, United-States, United-States, United-States, Native- Born in the United States,0, Not in universe,0,0,0,94,-50000
45, Private,44,12, Masters degree(MA MS MEng MEd MSW MBA), Not in universe, Married-civilian spouse present, Social services, Professional specialty, Asian or Pacific Islander, All other, Female, Not in universe, Not in universe, Full-time schedules,0,0,0, Joint both under 65, Not in universe, Not in universe, Spouse of householder, Spouse of householder,1254.43,,,, Not in universe under 1 year old,,6, Not in universe, Taiwan, Taiwan, Taiwan, Foreign born- U S citizen by naturalization,0, Not in universe,2,52,0,95,-50000
50, State government,43,9, Masters degree(MA MS MEng MEd MSW MBA), Not in universe, Married-civilian spouse present, Education, Professional specialty, White, All other, Female, Not in universe, Not in universe, Children or Armed Forces,0,0,0, Joint both under 65, Not in universe, Not in universe, Spouse of householder, Spouse of householder,970.94, Nonmover, Nonmover, Nonmover, Yes, Not in universe,2, Not in universe, United-States, United-States, United-States, Native- Born in the United States,2, Not in universe,2,52,0,94,-50000
6, Not in universe,0,0, Children, Not in universe, Never married, Not in universe or children, Not in universe, White, All other, Female, Not in universe, Not in universe, Children or Armed Forces,0,0,0, Nonfiler, Not in universe, Not in universe, Child <18 never marr not in subfamily, Child under 18 never married,1155.55,,,, Not in universe under 1 year old,,0, Both parents present, United-States, United-States, United-States, Native- Born in the United States,0, Not in universe,0,0,0,95,-50000
59, Not in universe,0,0, High school graduate, Not in universe, Married-civilian spouse present, Not in universe or children, Not in universe, White, All other, Female, Not in universe, Not in universe, Not in labor force,0,0,0, Joint both under 65, Not in universe, Not in universe, Spouse of householder, Spouse of householder,1462.51,,,, Not in universe under 1 year old,,0, Not in universe, United-States, United-States, United-States, Native- Born in the United States,0, Not in universe,2,0,0,95,-50000
40, Private,39,31, Associates degree-occup /vocational, Not in universe, Married-civilian spouse present, Personal services except private HH, Other service, White, All other, Female, Not in universe, Not in universe, Children or Armed Forces,0,0,0, Joint both under 65, South, North Dakota, Child 18+ spouse of subfamily RP, Child 18 or older,1319.18, NonMSA to MSA, Different county same state, Different county same state, No, Yes,1, Not in universe, United-States, United-States, United-States, Native- Born in the United States,0, Not in universe,2,52,0,94,-50000
40, Not in universe,0,0, Some college but no degree, Not in universe, Never married, Not in universe or children, Not in universe, White, All other, Male, Not in universe, Not in universe, Not in labor force,0,0,0, Nonfiler, Not in universe, Not in universe, Nonfamily householder, Householder,470.88,,,, Not in universe under 1 year old,,1, Not in universe, United-States, United-States, United-States, Native- Born in the United States,0, Not in universe,2,2,0,95,-50000
16, Private,33,29, 10th grade, High school, Never married, Retail trade, Other service, White, All other, Male, Not in universe, Not in universe, Children or Armed Forces,0,0,0, Nonfiler, Not in universe, Not in universe, Child <18 never marr not in subfamily, Child under 18 never married,956.0, Nonmover, Nonmover, Nonmover, Yes, Not in universe,0, Both parents present, United-States, United-States, United-States, Native- Born in the United States,0, Not in universe,2,0,0,94,-50000
0, Not in universe,0,0, Children, Not in universe, Never married, Not in universe or children, Not in universe, White, All other, Female, Not in universe, Not in universe, Children or Armed Forces,0,0,0, Nonfiler, Not in universe, Not in universe, Child <18 never marr not in subfamily, Child under 18 never married,966.24,,,, Not in universe under 1 year old,,0, Both parents present, United-States, United-States, United-States, Native- Born in the United States,0, Not in universe,0,0,0,95,-50000
71, Not in universe,0,0, Bachelors degree(BA AB BS), Not in universe, Married-civilian spouse present, Not in universe or children, Not in universe, White, All other, Female, Not in universe, Not in universe, Not in labor force,0,0,4000, Joint both 65+, Not in universe, Not in universe, Householder, Householder,1524.76,,,, Not in universe under 1 year old,,0, Not in universe, United-States, United-States, United-States, Native- Born in the United States,0, No,1,0,0,95,-50000
4, Not in universe,0,0, Children, Not in universe, Never married, Not in universe or children, Not in universe, White, Mexican-American, Male, Not in universe, Not in universe, Children or Armed Forces,0,0,0, Nonfiler, Not in universe, Not in universe, Child <18 never marr not in subfamily, Child under 18 never married,1999.91, Nonmover, Nonmover, Nonmover, Yes, Not in universe,0, Both parents present, United-States, United-States, United-States, Native- Born in the United States,0, Not in universe,0,0,0,94,-50000
13, Not in universe,0,0, Children, Not in universe, Never married, Not in universe or children, Not in universe, White, All other, Female, Not in universe, Not in universe, Children or Armed Forces,0,0,0, Nonfiler, Not in universe, Not in universe, Child <18 never marr not in subfamily, Child under 18 never married,3632.13,,,, Not in universe under 1 year old,,0, Both parents present,, United-States, United-States, Native- Born in the United States,0, Not in universe,0,0,0,95,-50000
18, Private,37,42, High school graduate, Not in universe, Never married, Business and repair services, Handlers equip cleaners etc , White, All other, Female, Not in universe, Not in universe, Full-time schedules,0,0,0, Nonfiler, Not in universe, Not in universe, Secondary individual, Nonrelative of householder,1053.74,,,, Not in universe under 1 year old,,6, Not in universe, United-States, United-States, United-States, Native- Born in the United States,0, Not in universe,2,13,0,95,-50000
11, Not in universe,0,0, Children, Not in universe, Never married, Not in universe or children, Not in universe, White, Mexican (Mexicano), Female, Not in universe, Not in universe, Children or Armed Forces,0,0,0, Nonfiler, Not in universe, Not in universe, Child <18 never marr not in subfamily, Child under 18 never married,2075.7,,,, Not in universe under 1 year old,,0, Both parents present, Mexico, Mexico, Mexico, Foreign born- Not a citizen of U S ,0, Not in universe,0,0,0,95,-50000
41, Not in universe,0,0, High school graduate, Not in universe, Married-spouse absent, Not in universe or children, Not in universe, White, NA, Female, Not in universe, Not in universe, Children or Armed Forces,0,0,0, Nonfiler, Not in universe, Not in universe, Householder, Householder,1420.2, Nonmover, Nonmover, Nonmover, Yes, Not in universe,0, Not in universe, United-States, United-States, United-States, Native- Born in the United States,0, Not in universe,2,0,0,94,-50000
68, Not in universe,0,0, High school graduate, Not in universe, Married-civilian spouse present, Not in universe or children, Not in universe, Black, All other, Female, Not in universe, Not in universe, Children or Armed Forces,0,0,0, Joint both 65+, Not in universe, Not in universe, Spouse of householder, Spouse of householder,2601.86, Nonmover, Nonmover, Nonmover, Yes, Not in universe,0, Not in universe, United-States, United-States, United-States, Native- Born in the United States,0, Not in universe,2,0,0,94,-50000
34, Private,35,33, Masters degree(MA MS MEng MEd MSW MBA), Not in universe, Married-civilian spouse present, Finance insurance and real estate, Precision production craft & repair, White, Mexican (Mexicano), Male, No, Not in universe, Children or Armed Forces,0,0,0, Joint both under 65, Not in universe, Not in universe, Householder, Householder,1676.07, Nonmover, Nonmover, Nonmover, Yes, Not in universe,3, Not in universe, Mexico, Mexico, Mexico, Foreign born- Not a citizen of U S ,0, Not in universe,2,52,900,94,-50000
30, Private,31,28, High school graduate, Not in universe, Married-civilian spouse present, Utilities and sanitary services, Protective services, White, All other, Male, Not in universe, Not in universe, Children or Armed Forces,0,0,35, Joint both under 65, Not in universe, Not in universe, Householder, Householder,1997.19, Nonmover, Nonmover, Nonmover, Yes, Not in universe,6, Not in universe, United-States, Italy, United-States, Native- Born in the United States,0, Not in universe,2,52,0,94,-50000
32, Private,33,2, Bachelors degree(BA AB BS), Not in universe, Married-civilian spouse present, Retail trade, Executive admin and managerial, White, All other, Male, Not in universe, Not in universe, Full-time schedules,0,0,0, Joint both under 65, Not in universe, Not in universe, Householder, Householder,1071.13,,,, Not in universe under 1 year old,,3, Not in universe, United-States, United-States, United-States, Native- Born in the United States,0, Not in universe,2,52,0,95, 50000+.
52, Private,42,30, High school graduate, Not in universe, Married-civilian spouse present, Medical except hospital, Other service, White, All other, Female, No, Not in universe, Full-time schedules,0,0,0, Joint one under 65 & one 65+, Not in universe, Not in universe, Householder, Householder,1257.09,,,, Not in universe under 1 year old,,4, Not in universe, United-States, United-States, United-States, Native- Born in the United States,0, Not in universe,2,52,500,95,-50000
17, Private,33,29, 10th grade, High school, Never married, Retail trade, Other service, White, All other, Male, Not in universe, Not in universe, Children or Armed Forces,0,0,0, Nonfiler, Not in universe, Not in universe, Child <18 never marr not in subfamily, Child under 18 never married,2040.99, Nonmover, Nonmover, Nonmover, Yes, Not in universe,2, Both parents present, United-States, United-States, United-States, Native- Born in the United States,0, Not in universe,2,20,0,94,-50000
90, Not in universe,0,0, 10th grade, Not in universe, Widowed, Not in universe or children, Not in universe, White, All other, Female, Not in universe, Not in universe, Children or Armed Forces,0,0,0, Nonfiler, Not in universe, Not in universe, Nonfamily householder, Householder,878.0, Nonmover, Nonmover, Nonmover, Yes, Not in universe,0, Not in universe, Ireland, Ireland, United-States, Native- Born in the United States,0, Not in universe,2,0,0,94,-50000
60, Private,33,16, High school graduate, Not in universe, Widowed, Retail trade, Sales, White, All other, Female, Not in universe, Not in universe, PT for non-econ reasons usually FT,0,0,0, Single, Not in universe, Not in universe, Householder, Householder,1336.57,,,, Not in universe under 1 year old,,4, Not in universe, United-States, United-States, United-States, Native- Born in the United States,0, Not in universe,2,52,0,95,-50000
55, Private,29,38, 7th and 8th grade, Not in universe, Married-civilian spouse present, Transportation, Transportation and material moving, White, All other, Male, No, Not in universe, Children or Armed Forces,0,0,0, Joint both under 65, Not in universe, Not in universe, Householder, Householder,2265.07, Nonmover, Nonmover, Nonmover, Yes, Not in universe,6, Not in universe, United-States, United-States, United-States, Native- Born in the United States,0, Not in universe,2,50,0,94,-50000
41, Private,41,30, High school graduate, Not in universe, Separated, Hospital services, Other service, White, Mexican (Mexicano), Female, Not in universe, Not in universe, Children or Armed Forces,0,0,0, Head of household, Not in universe, Not in universe, Householder, Householder,1036.92, Nonmover, Nonmover, Nonmover, Yes, Not in universe,4, Not in universe, Mexico, Mexico, Mexico, Foreign born- Not a citizen of U S ,0, Not in universe,2,52,0,94,-50000
0, Not in universe,0,0, Children, Not in universe, Never married, Not in universe or children, Not in universe, White, All other, Male, Not in universe, Not in universe, Children or Armed Forces,0,0,0, Nonfiler, Not in universe, Not in universe, Child <18 never marr not in subfamily, Child under 18 never married,1785.63, Not in universe, Not in universe, Not in universe, Not in universe under 1 year old, Not in universe,0, Both parents present, United-States, United-States, United-States, Native- Born in the United States,0, Not in universe,0,0,0,94,-50000
74, Not in universe,0,0, 11th grade, Not in universe, Married-civilian spouse present, Not in universe or children, Not in universe, White, All other, Male, Not in universe, Not in universe, Not in labor force,0,0,0, Joint both 65+, Not in universe, Not in universe, Householder, Householder,575.59,,,, Not in universe under 1 year old,,0, Not in universe, United-States, United-States, United-States, Native- Born in the United States,0, Not in universe,2,0,0,95,-50000
50, Private,35,17, Bachelors degree(BA AB BS), Not in universe, Married-civilian spouse present, Finance insurance and real estate, Sales, White, All other, Female, Not in universe, Not in universe, Full-time schedules,0,0,1500, Joint both under 65, Not in universe, Not in universe, Spouse of householder, Spouse of householder,3205.01,,,, Not in universe under 1 year old,,6, Not in universe, United-States, United-States, United-States, Native- Born in the United States,0, Not in universe,2,52,0,95, 50000+.
23, Federal government,47,5, High school graduate, Not in universe, Never married, Public administration, Professional specialty, White, All other, Male, Not in universe, Not in universe, Children or Armed Forces,0,0,0, Single, Not in universe, Not in universe, RP of unrelated subfamily, Nonrelative of householder,3399.98, Nonmover, Nonmover, Nonmover, Yes, Not in universe,6, Not in universe, United-States, United-States, United-States, Native- Born in the United States,0, Not in universe,2,52,0,94,-50000
43, Private,25,2, Masters degree(MA MS MEng MEd MSW MBA), Not in universe, Married-civilian spouse present, Manufacturing-nondurable goods, Executive admin and managerial, White, All other, Male, Not in universe, Not in universe, Full-time schedules,0,0,200, Joint both under 65, Not in universe, Not in universe, Spouse of householder, Spouse of householder,1713.22,,,, Not in universe under 1 year old,,3, Not in universe, United-States, United-States, United-States, Native- Born in the United States,0, Not in universe,2,50,0,95, 50000+.
67, Private,36,27, 5th or 6th grade, Not in universe, Married-civilian spouse present, Private household services, Private household services, White, Mexican (Mexicano), Female, Not in universe, Not in universe, Children or Armed Forces,0,0,0, Joint both 65+, Not in universe, Not in universe, Spouse of householder, Spouse of householder,1153.7, Nonmover, Nonmover, Nonmover, Yes, Not in universe,1, Not in universe, Mexico, Mexico, United-States, Native- Born in the United States,0, Not in universe,2,52,0,94,-50000
5, Not in universe,0,0, Children, Not in universe, Never married, Not in universe or children, Not in universe, White, All other, Male, Not in universe, Not in universe, Children or Armed Forces,0,0,0, Nonfiler, Not in universe, Not in universe, Child <18 never marr not in subfamily, Child under 18 never married,1072.19, Nonmover, Nonmover, Nonmover, Yes, Not in universe,0, Both parents present, United-States, Canada, United-States, Native- Born in the United States,0, Not in universe,0,0,0,94,-50000
15, Not in universe,0,0, 7th and 8th grade, Not in universe, Never married, Not in universe or children, Not in universe, White, All other, Female, Not in universe, Not in universe, Not in labor force,0,0,0, Nonfiler, Not in universe, Not in universe, Child under 18 of RP of unrel subfamily, Nonrelative of householder,710.62,,,, Not in universe under 1 year old,,0, Mother only present, United-States, United-States, United-States, Native- Born in the United States,0, Not in universe,2,0,0,95,-50000
28, Private,41,13, High school graduate, Not in universe, Married-civilian spouse present, Hospital services, Technicians and related support, Black, All other, Male, Yes, Not in universe, Children or Armed Forces,0,0,0, Joint both under 65, Not in universe, Not in universe, Spouse of householder, Spouse of householder,1436.07, Nonmover, Nonmover, Nonmover, Yes, Not in universe,5, Not in universe, United-States, United-States, United-States, Native- Born in the United States,0, Not in universe,2,52,1450,94,-50000
33, Self-employed-not incorporated,35,17, Associates degree-occup /vocational, Not in universe, Divorced, Finance insurance and real estate, Sales, White, All other, Male, Not in universe, Not in universe, Full-time schedules,0,0,0, Head of household, Not in universe, Not in universe, Householder, Householder,1003.73,,,, Not in universe under 1 year old,,1, Not in universe, United-States, United-States, United-States, Native- Born in the United States,0, Not in universe,2,52,0,95,-50000
30, Self-employed-not incorporated,33,16, Masters degree(MA MS MEng MEd MSW MBA), Not in universe, Married-civilian spouse present, Retail trade, Sales, White, All other, Male, Not in universe, Not in universe, Full-time schedules,0,0,0, Joint both under 65, Not in universe, Not in universe, Householder, Householder,1282.92,,,, Not in universe under 1 year old,,6, Not in universe, United-States, United-States, United-States, Native- Born in the United States,0, Not in universe,2,52,0,95, 50000+.
20, Private,11,37, 7th and 8th grade, High school, Never married, Manufacturing-durable goods, Machine operators assmblrs & inspctrs, White, Mexican-American, Male, Not in universe, Not in universe, Full-time schedules,0,0,0, Single, Not in universe, Not in universe, Child 18+ never marr Not in a subfamily, Child 18 or older,2608.24,,,, Not in universe under 1 year old,,1, Not in universe, United-States, United-States, United-States, Native- Born in the United States,0, Not in universe,2,52,0,95,-50000
25, Private,33,42, High school graduate, Not in universe, Never married, Retail trade, Handlers equip cleaners etc , White, All other, Male, Not in universe, Not in universe, Full-time schedules,0,0,0, Single, Not in universe, Not in universe, Child 18+ never marr Not in a subfamily, Child 18 or older,2532.8,,,, Not in universe under 1 year old,,2, Not in universe, United-States, United-States, United-States, Native- Born in the United States,0, Not in universe,2,40,0,95,-50000
23, Private,9,35, High school graduate, Not in universe, Never married, Manufacturing-durable goods, Precision production craft & repair, White, All other, Male, No, Not in universe, Children or Armed Forces,0,0,0, Head of household, Not in universe, Not in universe, Householder, Householder,1712.21, Nonmover, Nonmover, Nonmover, Yes, Not in universe,2, Not in universe, United-States, United-States, United-States, Native- Born in the United States,0, Not in universe,2,52,700,94,-50000
57, Private,33,8, Prof school degree (MD DDS DVM LLB JD), Not in universe, Married-civilian spouse present, Retail trade, Professional specialty, White, All other, Female, Not in universe, Not in universe, Full-time schedules,0,0,0, Joint both under 65, Not in universe, Not in universe, Spouse of householder, Spouse of householder,1958.86,,,, Not in universe under 1 year old,,2, Not in universe, Canada, Canada, Canada, Foreign born- U S citizen by naturalization,0, Not in universe,2,52,0,95,-50000
42, State government,43,10, Masters degree(MA MS MEng MEd MSW MBA), Not in universe, Married-civilian spouse present, Education, Professional specialty, White, All other, Female, No, Not in universe, Full-time schedules,0,0,0, Joint both under 65, Not in universe, Not in universe, Spouse of householder, Spouse of householder,1938.88,,,, Not in universe under 1 year old,,6, Not in universe, United-States, United-States, United-States, Native- Born in the United States,2, Not in universe,2,52,0,95,-50000
7, Not in universe,0,0, Children, Not in universe, Never married, Not in universe or children, Not in universe, White, All other, Female, Not in universe, Not in universe, Children or Armed Forces,0,0,0, Nonfiler, Not in universe, Not in universe, Child <18 never marr not in subfamily, Child under 18 never married,2061.0, Nonmover, Nonmover, Nonmover, Yes, Not in universe,0, Mother only present, United-States, United-States, United-States, Native- Born in the United States,0, Not in universe,0,0,0,94,-50000
66, Not in universe,0,0, High school graduate, Not in universe, Married-civilian spouse present, Not in universe or children, Not in universe, White, All other, Female, Not in universe, Not in universe, Not in labor force,0,0,0, Joint both 65+, Not in universe, Not in universe, Spouse of householder, Spouse of householder,1850.23,,,, Not in universe under 1 year old,,0, Not in universe, United-States, United-States, United-States, Native- Born in the United States,0, Not in universe,2,0,0,95,-50000
56, Self-employed-not incorporated,43,10, Bachelors degree(BA AB BS), Not in universe, Married-civilian spouse present, Education, Professional specialty, White, All other, Female, Not in universe, Not in universe, Full-time schedules,0,0,250, Joint both under 65, Not in universe, Not in universe, Spouse of householder, Spouse of householder,1297.68,,,, Not in universe under 1 year old,,1, Not in universe,, United-States, United-States, Native- Born in the United States,0, Not in universe,2,52,0,95,-50000
26, Private,16,33, High school graduate, Not in universe, Never married, Manufacturing-durable goods, Precision production craft & repair, White, All other, Female, No, Not in universe, Full-time schedules,0,0,0, Single, Not in universe, Not in universe, Nonfamily householder, Householder,1224.72,,,, Not in universe under 1 year old,,2, Not in universe, United-States, United-States, United-States, Native- Born in the United States,2, Not in universe,2,52,0,95,-50000
29, Private,11,18, Bachelors degree(BA AB BS), Not in universe, Married-civilian spouse present, Manufacturing-durable goods, Sales, White, All other, Male, Not in universe, Not in universe, Full-time schedules,0,0,0, Joint both under 65, Not in universe, Not in universe, Householder, Householder,1208.64,,,, Not in universe under 1 year old,,4, Not in universe, United-States, United-States, United-States, Native- Born in the United States,0, Not in universe,2,52,0,95,-50000
5, Not in universe,0,0, Children, Not in universe, Never married, Not in universe or children, Not in universe, White, All other, Male, Not in universe, Not in universe, Children or Armed Forces,0,0,0, Nonfiler, Not in universe, Not in universe, Child <18 never marr not in subfamily, Child under 18 never married,214.43, Nonmover, Nonmover, Nonmover, Yes, Not in universe,0, Both parents present, United-States, United-States, United-States, Native- Born in the United States,0, Not in universe,0,0,0,94,-50000
23, Not in universe,0,0, Bachelors degree(BA AB BS), College or university, Never married, Not in universe or children, Not in universe, White, All other, Male, Not in universe, Not in universe, Children or Armed Forces,0,0,0, Single, South,, Nonfamily householder, Householder,1397.12, MSA to MSA, Different state same division, Different state in South, No, No,4, Not in universe, United-States, United-States, United-States, Native- Born in the United States,0, Not in universe,2,32,0,94,-50000
54, Not in universe,0,0, Some college but no degree, Not in universe, Married-civilian spouse present, Not in universe or children, Not in universe, White, All other, Female, Not in universe, Not in universe, Not in labor force,0,0,0, Joint both under 65, Not in universe, Not in universe, Spouse of householder, Spouse of householder,1440.83,,,, Not in universe under 1 year old,,0, Not in universe, United-States, United-States, United-States, Native- Born in the United States,0, Not in universe,2,0,0,95,-50000
38, Not in universe,0,0, High school graduate, Not in universe, Married-civilian spouse present, Not in universe or children, Not in universe, White, All other, Female, Not in universe, Not in universe, Children or Armed Forces,0,0,0, Joint both under 65, Not in universe, Not in universe, Spouse of householder, Spouse of householder,1439.22, Nonmover, Nonmover, Nonmover, Yes, Not in universe,0, Not in universe, United-States, United-States, United-States, Native- Born in the United States,0, Not in universe,2,0,0,94,-50000
22, Private,43,25, Some college but no degree, College or university, Never married, Education, Adm support including clerical, White, Cuban, Male, Not in universe, Not in universe, Children or Armed Forces,0,0,0, Single, Not in universe, Not in universe, Child 18+ never marr Not in a subfamily, Child 18 or older,2730.06, Nonmover, Nonmover, Nonmover, Yes, Not in universe,6, Not in universe, Cuba, Cuba, United-States, Native- Born in the United States,0, Not in universe,2,20,0,94,-50000
6, Not in universe,0,0, Children, Not in universe, Never married, Not in universe or children, Not in universe, Amer Indian Aleut or Eskimo, All other, Male, Not in universe, Not in universe, Children or Armed Forces,0,0,0, Nonfiler, Not in universe, Not in universe, Child <18 never marr not in subfamily, Child under 18 never married,407.24,,,, Not in universe under 1 year old,,0, Both parents present, United-States, United-States, United-States, Native- Born in the United States,0, Not in universe,0,0,0,95,-50000
14, Not in universe,0,0, Children, Not in universe, Never married, Not in universe or children, Not in universe, White, Puerto Rican, Male, Not in universe, Not in universe, Children or Armed Forces,0,0,0, Nonfiler, Not in universe, Not in universe, Grandchild <18 never marr not in subfamily, Other relative of householder,827.34, Nonmover, Nonmover, Nonmover, Yes, Not in universe,0, Neither parent present, Mexico, Puerto-Rico, United-States, Native- Born in the United States,0, Not in universe,0,0,0,94,-50000
37, Private,39,31, 9th grade, Not in universe, Married-spouse absent, Personal services except private HH, Other service, White, Mexican (Mexicano), Female, Not in universe, Not in universe, Full-time schedules,0,0,0, Head of household, Not in universe, Not in universe, Householder, Householder,1054.34,,,, Not in universe under 1 year old,,5, Not in universe, Mexico, Mexico, Mexico, Foreign born- Not a citizen of U S ,2, Not in universe,2,40,0,95,-50000
0, Not in universe,0,0, Children, Not in universe, Never married, Not in universe or children, Not in universe, White, Mexican (Mexicano), Male, Not in universe, Not in universe, Children or Armed Forces,0,0,0, Nonfiler, Not in universe, Not in universe, Grandchild <18 never marr child of subfamily RP, Other relative of householder,1807.02,,,, Not in universe under 1 year old,,0, Mother only present, United-States, United-States, United-States, Native- Born in the United States,0, Not in universe,0,0,0,95,-50000
38, Private,15,4, Bachelors degree(BA AB BS), Not in universe, Married-civilian spouse present, Manufacturing-durable goods, Professional specialty, White, All other, Male, Not in universe, Not in universe, Children or Armed Forces,0,0,100, Joint both under 65, South,, Householder, Householder,3367.22, MSA to MSA, Same county, Same county, No, No,4, Not in universe, Germany, Germany, Canada, Foreign born- Not a citizen of U S ,0, Not in universe,2,22,0,94,-50000
46, Private,12,2, Bachelors degree(BA AB BS), Not in universe, Married-civilian spouse present, Manufacturing-durable goods, Executive admin and managerial, White, All other, Male, Not in universe, Not in universe, Full-time schedules,0,0,900, Joint both under 65, Not in universe, Not in universe, Householder, Householder,1318.02,,,, Not in universe under 1 year old,,6, Not in universe, United-States, United-States, United-States, Native- Born in the United States,0, Not in universe,2,52,0,95, 50000+.
76, Not in universe,0,0, 7th and 8th grade, Not in universe, Widowed, Not in universe or children, Not in universe, White, All other, Female, Not in universe, Not in universe, Children or Armed Forces,0,0,0, Single, Not in universe, Not in universe, Nonfamily householder, Householder,1986.55, Nonmover, Nonmover, Nonmover, Yes, Not in universe,0, Not in universe, Poland, Poland, United-States, Native- Born in the United States,0, Not in universe,2,0,0,94,-50000
10, Not in universe,0,0, Children, Not in universe, Never married, Not in universe or children, Not in universe, White, All other, Male, Not in universe, Not in universe, Children or Armed Forces,0,0,0, Nonfiler, Not in universe, Not in universe, Child <18 never marr not in subfamily, Child under 18 never married,3574.82, Nonmover, Nonmover, Nonmover, Yes, Not in universe,0, Both parents present, United-States, United-States, United-States, Native- Born in the United States,0, Not in universe,0,0,0,94,-50000
32, Federal government,41,23, Some college but no degree, Not in universe, Married-civilian spouse present, Hospital services, Adm support including clerical, White, All other, Female, Not in universe, Not in universe, Full-time schedules,0,0,0, Joint both under 65, Not in universe, Not in universe, Householder, Householder,2220.7,,,, Not in universe under 1 year old,,2, Not in universe, United-States, United-States, United-States, Native- Born in the United States,0, Not in universe,2,52,0,95,-50000
26, State government,48,12, Bachelors degree(BA AB BS), Not in universe, Married-civilian spouse present, Public administration, Professional specialty, White, All other, Female, Not in universe, Not in universe, Full-time schedules,0,0,20, Joint both under 65, Not in universe, Not in universe, Spouse of householder, Spouse of householder,2406.03,,,, Not in universe under 1 year old,,4, Not in universe, United-States, United-States, United-States, Native- Born in the United States,0, Not in universe,2,52,0,95,-50000
29, Local government,43,10, Bachelors degree(BA AB BS), Not in universe, Married-civilian spouse present, Education, Professional specialty, White, All other, Female, Not in universe, Not in universe, Full-time schedules,0,0,0, Joint both under 65, Not in universe, Not in universe, Householder, Householder,1818.32,,,, Not in universe under 1 year old,,4, Not in universe, United-States, United-States, United-States, Native- Born in the United States,0, Not in universe,2,52,0,95,-50000
53, Local government,31,2, 9th grade, Not in universe, Married-civilian spouse present, Utilities and sanitary services, Executive admin and managerial, White, All other, Male, Not in universe, Not in universe, Children or Armed Forces,0,0,0, Joint both under 65, Not in universe, Not in universe, Householder, Householder,404.54, Nonmover, Nonmover, Nonmover, Yes, Not in universe,4, Not in universe, United-States, United-States, United-States, Native- Born in the United States,0, Not in universe,2,52,0,94,-50000
15, Not in universe,0,0, 9th grade, Not in universe, Never married, Not in universe or children, Not in universe, White, All other, Female, Not in universe, Not in universe, Not in labor force,0,0,0, Nonfiler, Not in universe, Not in universe, Child <18 never marr not in subfamily, Child under 18 never married,2044.56,,,, Not in universe under 1 year old,,0, Both parents present, United-States, United-States, United-States, Native- Born in the United States,0, Not in universe,2,0,0,95,-50000
4, Not in universe,0,0, Children, Not in universe, Never married, Not in universe or children, Not in universe, Black, All other, Male, Not in universe, Not in universe, Children or Armed Forces,0,0,0, Nonfiler, Not in universe, Not in universe, Child <18 never marr not in subfamily, Child under 18 never married,2307.79,,,, Not in universe under 1 year old,,0, Mother only present, United-States, United-States, United-States, Native- Born in the United States,0, Not in universe,0,0,0,95,-50000
72, Not in universe,0,0, 7th and 8th grade, Not in universe, Widowed, Not in universe or children, Not in universe, White, All other, Female, Not in universe, Not in universe, Not in labor force,0,0,0, Nonfiler, Not in universe, Not in universe, Nonfamily householder, Householder,1531.85,,,, Not in universe under 1 year old,,0, Not in universe, United-States, United-States, United-States, Native- Born in the United States,0, Not in universe,2,0,0,95,-50000
62, Private,33,29, 7th and 8th grade, Not in universe, Married-civilian spouse present, Retail trade, Other service, White, Mexican (Mexicano), Female, Not in universe, Not in universe, Full-time schedules,0,0,0, Joint one under 65 & one 65+, Not in universe, Not in universe, Spouse of householder, Spouse of householder,2519.56,,,, Not in universe under 1 year old,,1, Not in universe, Mexico, United-States, United-States, Native- Born in the United States,0, Not in universe,2,52,0,95,-50000
10, Not in universe,0,0, Children, Not in universe, Never married, Not in universe or children, Not in universe, White, All other, Female, Not in universe, Not in universe, Children or Armed Forces,0,0,0, Nonfiler, Not in universe, Not in universe, Child <18 never marr not in subfamily, Child under 18 never married,1102.8, Nonmover, Nonmover, Nonmover, Yes, Not in universe,0, Both parents present, United-States, United-States, United-States, Native- Born in the United States,0, Not in universe,0,0,0,94,-50000
17, Private,33,29, 10th grade, High school, Never married, Retail trade, Other service, White, All other, Male, Not in universe, Not in universe, Full-time schedules,0,1602,0, Single, Not in universe, Not in universe, Child <18 never marr not in subfamily, Child under 18 never married,293.36,,,, Not in universe under 1 year old,,2, Both parents present, United-States, United-States, United-States, Native- Born in the United States,2, Not in universe,2,30,0,95,-50000
7, Not in universe,0,0, Children, Not in universe, Never married, Not in universe or children, Not in universe, White, All other, Male, Not in universe, Not in universe, Children or Armed Forces,0,0,0, Nonfiler, Not in universe, Not in universe, Child <18 never marr not in subfamily, Child under 18 never married,786.17, Nonmover, Nonmover, Nonmover, Yes, Not in universe,0, Both parents present, United-States, United-States, United-States, Native- Born in the United States,0, Not in universe,0,0,0,94,-50000
43, Not in universe,0,0, 1st 2nd 3rd or 4th grade, Not in universe, Never married, Not in universe or children, Not in universe, White, All other, Male, Not in universe, Not in universe, Children or Armed Forces,0,0,0, Nonfiler, Not in universe, Not in universe, Child 18+ never marr Not in a subfamily, Child 18 or older,2831.82, Nonmover, Nonmover, Nonmover, Yes, Not in universe,0, Not in universe, United-States, United-States, United-States, Native- Born in the United States,0, Not in universe,2,0,0,94,-50000
5, Not in universe,0,0, Children, Not in universe, Never married, Not in universe or children, Not in universe, Asian or Pacific Islander, All other, Female, Not in universe, Not in universe, Children or Armed Forces,0,0,0, Nonfiler, Not in universe, Not in universe, Child <18 never marr not in subfamily, Child under 18 never married,1163.28,,,, Not in universe under 1 year old,,0, Mother only present, Vietnam, Vietnam, United-States, Native- Born in the United States,0, Not in universe,0,0,0,95,-50000
29, Private,33,19, High school graduate, Not in universe, Separated, Retail trade, Sales, Black, All other, Female, Not in universe, Other job loser, Unemployed full-time,0,0,0, Head of household, Not in universe, Not in universe, Householder, Householder,2203.35,,,, Not in universe under 1 year old,,6, Not in universe, United-States, United-States, United-States, Native- Born in the United States,0, Not in universe,2,12,0,95,-50000
66, Not in universe,0,0, Associates degree-occup /vocational, Not in universe, Married-civilian spouse present, Not in universe or children, Not in universe, White, All other, Male, Not in universe, Not in universe, Children or Armed Forces,0,0,0, Joint one under 65 & one 65+, Not in universe, Not in universe, Householder, Householder,1102.44, Nonmover, Nonmover, Nonmover, Yes, Not in universe,1, Not in universe, United-States, United-States, United-States, Native- Born in the United States,0, Not in universe,2,17,0,94,-50000
66, Not in universe,0,0, High school graduate, Not in universe, Married-civilian spouse present, Not in universe or children, Not in universe, White, All other, Male, Not in universe, Not in universe, Children or Armed Forces,0,0,0, Joint both 65+, Not in universe, Not in universe, Householder, Householder,838.8, Nonmover, Nonmover, Nonmover, Yes, Not in universe,0, Not in universe, United-States, United-States, United-States, Native- Born in the United States,0, Not in universe,2,0,0,94,-50000
51, Private,34,24, High school graduate, Not in universe, Married-civilian spouse present, Finance insurance and real estate, Adm support including clerical, White, All other, Female, No, Not in universe, Full-time schedules,0,0,0, Joint both under 65, Not in universe, Not in universe, Spouse of householder, Spouse of householder,1630.04,,,, Not in universe under 1 year old,,6, Not in universe, United-States, United-States, United-States, Native- Born in the United States,0, Not in universe,2,52,0,95,-50000
81, Not in universe,0,0, 7th and 8th grade, Not in universe, Widowed, Not in universe or children, Not in universe, White, All other, Female, Not in universe, Not in universe, Children or Armed Forces,0,0,0, Single, Not in universe, Not in universe, Nonfamily householder, Householder,249.9, Nonmover, Nonmover, Nonmover, Yes, Not in universe,0, Not in universe, United-States, United-States, United-States, Native- Born in the United States,0, Not in universe,2,0,0,94,-50000
16, Not in universe,0,0, 10th grade, High school, Never married, Not in universe or children, Not in universe, White, All other, Male, Not in universe, Not in universe, Children or Armed Forces,0,0,0, Nonfiler, Not in universe, Not in universe, Child <18 never marr not in subfamily, Child under 18 never married,1473.02, Nonmover, Nonmover, Nonmover, Yes, Not in universe,0, Both parents present, United-States, United-States, United-States, Native- Born in the United States,0, Not in universe,2,0,0,94,-50000
80, Not in universe,0,0, 7th and 8th grade, Not in universe, Married-civilian spouse present, Not in universe or children, Not in universe, White, All other, Male, Not in universe, Not in universe, Children or Armed Forces,0,0,750, Joint both 65+, Not in universe, Not in universe, Householder, Householder,313.81, Nonmover, Nonmover, Nonmover, Yes, Not in universe,1, Not in universe, Germany, Germany, United-States, Native- Born in the United States,0, Not in universe,2,26,0,94,-50000
69, Not in universe,0,0, Some college but no degree, Not in universe, Married-civilian spouse present, Not in universe or children, Not in universe, White, All other, Male, Not in universe, Not in universe, Not in labor force,0,0,0, Joint both 65+, Not in universe, Not in universe, Householder, Householder,859.51,,,, Not in universe under 1 year old,,0, Not in universe, United-States, United-States, United-States, Native- Born in the United States,0, Not in universe,2,0,0,95,-50000
3, Not in universe,0,0, Children, Not in universe, Never married, Not in universe or children, Not in universe, White, All other, Male, Not in universe, Not in universe, Children or Armed Forces,0,0,0, Nonfiler, Not in universe, Not in universe, Child <18 never marr not in subfamily, Child under 18 never married,374.27,,,, Not in universe under 1 year old,,0, Father only present, United-States, United-States, United-States, Native- Born in the United States,0, Not in universe,0,0,0,95,-50000
18, Private,39,26, 11th grade, High school, Never married, Personal services except private HH, Adm support including clerical, White, All other, Female, Not in universe, Not in universe, Children or Armed Forces,0,0,0, Nonfiler, Not in universe, Not in universe, Child 18+ never marr Not in a subfamily, Child 18 or older,2940.89, Nonmover, Nonmover, Nonmover, Yes, Not in universe,0, Not in universe, United-States, United-States, United-States, Native- Born in the United States,0, Not in universe,2,0,0,94,-50000
9, Not in universe,0,0, Children, Not in universe, Never married, Not in universe or children, Not in universe, White, All other, Male, Not in universe, Not in universe, Children or Armed Forces,0,0,0, Nonfiler, Not in universe, Not in universe, Child <18 never marr not in subfamily, Child under 18 never married,1816.47,,,, Not in universe under 1 year old,,0, Both parents present, United-States, United-States, United-States, Native- Born in the United States,0, Not in universe,0,0,0,95,-50000
4, Not in universe,0,0, Children, Not in universe, Never married, Not in universe or children, Not in universe, White, All other, Male, Not in universe, Not in universe, Children or Armed Forces,0,0,0, Nonfiler, Not in universe, Not in universe, Child <18 never marr not in subfamily, Child under 18 never married,1490.28, Nonmover, Nonmover, Nonmover, Yes, Not in universe,0, Mother only present, United-States, United-States, United-States, Native- Born in the United States,0, Not in universe,0,0,0,94,-50000
5, Not in universe,0,0, Children, Not in universe, Never married, Not in universe or children, Not in universe, White, All other, Male, Not in universe, Not in universe, Children or Armed Forces,0,0,0, Nonfiler, Not in universe, Not in universe, Grandchild <18 never marr not in subfamily, Other relative of householder,618.21,,,, Not in universe under 1 year old,,0, Neither parent present, United-States, United-States, United-States, Native- Born in the United States,0, Not in universe,0,0,0,95,-50000
26, Private,39,31, Some college but no degree, Not in universe, Divorced, Personal services except private HH, Other service, Other, All other, Female, Not in universe, Not in universe, PT for non-econ reasons usually FT,0,0,0, Nonfiler, Not in universe, Not in universe, Householder, Householder,1048.98,,,, Not in universe under 1 year old,,6, Not in universe, United-States, United-States, United-States, Native- Born in the United States,2, Not in universe,2,1,0,95,-50000
42, Private,32,26, Some college but no degree, Not in universe, Married-civilian spouse present, Wholesale trade, Adm support including clerical, Black, All other, Male, No, Not in universe, Children or Armed Forces,0,0,0, Joint both under 65, Not in universe, Not in universe, Householder, Householder,1463.88, Nonmover, Nonmover, Nonmover, Yes, Not in universe,3, Not in universe, United-States, United-States, United-States, Native- Born in the United States,2, Not in universe,2,52,900,94,-50000
4, Not in universe,0,0, Children, Not in universe, Never married, Not in universe or children, Not in universe, Black, All other, Male, Not in universe, Not in universe, Children or Armed Forces,0,0,0, Nonfiler, Not in universe, Not in universe, Child <18 never marr not in subfamily, Child under 18 never married,1908.74,,,, Not in universe under 1 year old,,0, Both parents present,,, United-States, Native- Born in the United States,0, Not in universe,0,0,0,95,-50000
8, Not in universe,0,0, Children, Not in universe, Never married, Not in universe or children, Not in universe, White, All other, Female, Not in universe, Not in universe, Children or Armed Forces,0,0,0, Nonfiler, Not in universe, Not in universe, Child <18 never marr not in subfamily, Child under 18 never married,1788.57, Nonmover, Nonmover, Nonmover, Yes, Not in universe,0, Both parents present, United-States, United-States, United-States, Native- Born in the United States,0, Not in universe,0,0,0,94,-50000
29, Not in universe,0,0, High school graduate, Not in universe, Married-civilian spouse present, Not in universe or children, Not in universe, White, All other, Male, Not in universe, Not in universe, Children or Armed Forces,0,0,2, Joint both under 65, South, Georgia, Householder, Householder,2494.84, Not identifiable, Different state same division, Different state in South, No, Yes,3, Not in universe, United-States, United-States, United-States, Native- Born in the United States,2, Not in universe,2,52,0,94,-50000
7, Not in universe,0,0, Children, Not in universe, Never married, Not in universe or children, Not in universe, White, All other, Male, Not in universe, Not in universe, Children or Armed Forces,0,0,0, Nonfiler, Not in universe, Not in universe, Child <18 never marr not in subfamily, Child under 18 never married,951.66, Nonmover, Nonmover, Nonmover, Yes, Not in universe,0, Both parents present, United-States, United-States, United-States, Native- Born in the United States,0, Not in universe,0,0,0,94,-50000
17, Private,33,19, 11th grade, High school, Never married, Retail trade, Sales, White, All other, Female, Not in universe, Not in universe, Children or Armed Forces,0,0,0, Single, Not in universe, Not in universe, Child <18 never marr not in subfamily, Child under 18 never married,1682.5, Nonmover, Nonmover, Nonmover, Yes, Not in universe,1, Mother only present,, United-States, United-States, Native- Born in the United States,1, Not in universe,2,52,0,94,-50000
66, Self-employed-not incorporated,2,43, High school graduate, Not in universe, Married-civilian spouse present, Agriculture, Farming forestry and fishing, White, All other, Male, Not in universe, Not in universe, Full-time schedules,0,0,0, Joint one under 65 & one 65+, Not in universe, Not in universe, Householder, Householder,2736.73,,,, Not in universe under 1 year old,,1, Not in universe, United-States, United-States, United-States, Native- Born in the United States,0, Not in universe,2,52,0,95,-50000
65, Not in universe,0,0, 7th and 8th grade, Not in universe, Married-civilian spouse present, Not in universe or children, Not in universe, White, All other, Male, Not in universe, Not in universe, Not in labor force,0,0,10000, Joint one under 65 & one 65+, Not in universe, Not in universe, Householder, Householder,2542.21,,,, Not in universe under 1 year old,,0, Not in universe, United-States, United-States, United-States, Native- Born in the United States,0, Not in universe,2,0,0,95,-50000
58, Private,41,30, Some college but no degree, Not in universe, Widowed, Hospital services, Other service, White, All other, Female, Not in universe, Not in universe, Full-time schedules,0,0,0, Single, Not in universe, Not in universe, Householder, Householder,2353.96,,,, Not in universe under 1 year old,,6, Not in universe, United-States, United-States, United-States, Native- Born in the United States,0, Not in universe,2,52,0,95,-50000
30, Private,35,5, Bachelors degree(BA AB BS), Not in universe, Married-civilian spouse present, Finance insurance and real estate, Professional specialty, Asian or Pacific Islander, All other, Female, Not in universe, Not in universe, Children or Armed Forces,0,0,0, Joint both under 65, Not in universe, Not in universe, Spouse of householder, Spouse of householder,394.98, Nonmover, Nonmover, Nonmover, Yes, Not in universe,6, Not in universe,,, India, Foreign born- Not a citizen of U S ,0, Not in universe,2,52,0,94,-50000
17, Not in universe,0,0, 7th and 8th grade, High school, Never married, Not in universe or children, Not in universe, Asian or Pacific Islander, All other, Female, Not in universe, Not in universe, Not in labor force,0,0,0, Nonfiler, Not in universe, Not in universe, Child <18 never marr not in subfamily, Child under 18 never married,1494.78,,,, Not in universe under 1 year old,,0, Both parents present, Vietnam, Vietnam, Vietnam, Foreign born- Not a citizen of U S ,0, Not in universe,2,0,0,95,-50000
1, Not in universe,0,0, Children, Not in universe, Never married, Not in universe or children, Not in universe, White, All other, Female, Not in universe, Not in universe, Children or Armed Forces,0,0,0, Nonfiler, Not in universe, Not in universe, Child <18 never marr not in subfamily, Child under 18 never married,1681.35, Nonmover, Nonmover, Nonmover, Yes, Not in universe,0, Father only present, United-States, United-States, United-States, Native- Born in the United States,0, Not in universe,0,0,0,94,-50000
44, Private,43,12, Some college but no degree, Not in universe, Separated, Education, Professional specialty, Black, All other, Female, Not in universe, Not in universe, Children or Armed Forces,0,0,0, Head of household, Not in universe, Not in universe, Householder, Householder,2198.44, Nonmover, Nonmover, Nonmover, Yes, Not in universe,3, Not in universe, United-States, United-States, United-States, Native- Born in the United States,0, Not in universe,2,52,0,94,-50000
41, Private,33,42, 5th or 6th grade, Not in universe, Married-civilian spouse present, Retail trade, Handlers equip cleaners etc , White, All other, Male, Not in universe, Not in universe, Children or Armed Forces,0,0,0, Joint both under 65, Not in universe, Not in universe, Householder, Householder,2223.92, Nonmover, Nonmover, Nonmover, Yes, Not in universe,3, Not in universe, Guatemala, Guatemala, Guatemala, Foreign born- Not a citizen of U S ,0, Not in universe,2,52,0,94,-50000
29, Private,43,32, High school graduate, Not in universe, Married-civilian spouse present, Education, Other service, White, All other, Female, Not in universe, Not in universe, PT for econ reasons usually PT,0,0,0, Joint both under 65, Not in universe, Not in universe, Spouse of householder, Spouse of householder,3263.32,,,, Not in universe under 1 year old,,1, Not in universe, United-States, United-States, United-States, Native- Born in the United States,1, Not in universe,2,50,0,95,-50000
33, Not in universe,0,0, 7th and 8th grade, Not in universe, Never married, Not in universe or children, Not in universe, Black, All other, Male, Not in universe, Not in universe, Children or Armed Forces,0,0,0, Nonfiler, Not in universe, Not in universe, Secondary individual, Nonrelative of householder,3954.66, Nonmover, Nonmover, Nonmover, Yes, Not in universe,0, Not in universe, United-States, United-States, United-States, Native- Born in the United States,0, Not in universe,2,0,0,94,-50000
53, Private,29,2, Associates degree-occup /vocational, Not in universe, Married-civilian spouse present, Transportation, Executive admin and managerial, White, All other, Male, No, Not in universe, Full-time schedules,0,1902,88, Joint both under 65, Not in universe, Not in universe, Householder, Householder,737.08,,,, Not in universe under 1 year old,,6, Not in universe, United-States, United-States, United-States, Native- Born in the United States,0, Not in universe,2,52,0,95, 50000+.
46, Private,13,37, High school graduate, Not in universe, Divorced, Manufacturing-durable goods, Machine operators assmblrs & inspctrs, White, All other, Female, Yes, Not in universe, Full-time schedules,0,0,0, Head of household, Not in universe, Not in universe, Householder, Householder,1454.7,,,, Not in universe under 1 year old,,6, Not in universe, United-States,, United-States, Native- Born in the United States,0, Not in universe,2,50,1776,95,-50000
7, Not in universe,0,0, Children, Not in universe, Never married, Not in universe or children, Not in universe, White, Puerto Rican, Female, Not in universe, Not in universe, Children or Armed Forces,0,0,0, Nonfiler, Midwest, Oklahoma, Child <18 never marr not in subfamily, Child under 18 never married,1015.3, MSA to MSA, Same county, Same county, No, No,0, Mother only present, United-States, Puerto-Rico, United-States, Native- Born in the United States,0, Not in universe,0,0,0,94,-50000
23, Not in universe,0,0, 1st 2nd 3rd or 4th grade, Not in universe, Married-civilian spouse present, Not in universe or children, Not in universe, White, Mexican (Mexicano), Female, Not in universe, Not in universe, Children or Armed Forces,0,0,0, Nonfiler, Abroad, Abroad, Spouse of householder, Spouse of householder,2286.55, Abroad to MSA, Abroad, Abroad, No, No,0, Not in universe, Mexico, Mexico, Mexico, Foreign born- Not a citizen of U S ,0, Not in universe,2,0,0,94,-50000
42, Private,12,26, High school graduate, Not in universe, Divorced, Manufacturing-durable goods, Adm support including clerical, White, Central or South American, Female, Not in universe, Not in universe, Full-time schedules,0,0,0, Head of household, Not in universe, Not in universe, Householder, Householder,2040.03,,,, Not in universe under 1 year old,,3, Not in universe,,,, Foreign born- Not a citizen of U S ,0, Not in universe,2,52,0,95,-50000
5, Not in universe,0,0, Children, Not in universe, Never married, Not in universe or children, Not in universe, White, All other, Female, Not in universe, Not in universe, Children or Armed Forces,0,0,0, Nonfiler, Not in universe, Not in universe, Child <18 never marr not in subfamily, Child under 18 never married,2900.23, Nonmover, Nonmover, Nonmover, Yes, Not in universe,0, Both parents present, United-States, United-States, United-States, Native- Born in the United States,0, Not in universe,0,0,0,94,-50000
6, Not in universe,0,0, Children, Not in universe, Never married, Not in universe or children, Not in universe, White, All other, Female, Not in universe, Not in universe, Children or Armed Forces,0,0,0, Nonfiler, Not in universe, Not in universe, Child <18 never marr not in subfamily, Child under 18 never married,198.85, Nonmover, Nonmover, Nonmover, Yes, Not in universe,0, Both parents present, United-States, United-States, United-States, Native- Born in the United States,0, Not in universe,0,0,0,94,-50000
68, Private,35,44, 12th grade no diploma, Not in universe, Married-civilian spouse present, Finance insurance and real estate, Farming forestry and fishing, White, All other, Male, Not in universe, Not in universe, Children or Armed Forces,0,0,0, Joint one under 65 & one 65+, Not in universe, Not in universe, Householder, Householder,807.06, Nonmover, Nonmover, Nonmover, Yes, Not in universe,1, Not in universe, United-States, United-States, United-States, Native- Born in the United States,0, Not in universe,2,8,0,94,-50000
40, Private,33,41, 12th grade no diploma, Not in universe, Never married, Retail trade, Handlers equip cleaners etc , Black, All other, Male, Not in universe, Not in universe, Full-time schedules,0,0,0, Single, Not in universe, Not in universe, Nonfamily householder, Householder,1374.49,,,, Not in universe under 1 year old,,6, Not in universe,,,, Foreign born- Not a citizen of U S ,0, Not in universe,2,52,0,95,-50000
43, Local government,47,28, Some college but no degree, Not in universe, Widowed, Public administration, Protective services, Black, All other, Male, Not in universe, Not in universe, Full-time schedules,0,0,0, Head of household, Not in universe, Not in universe, Householder, Householder,2177.61,,,, Not in universe under 1 year old,,6, Not in universe, United-States, United-States, United-States, Native- Born in the United States,0, Not in universe,2,52,0,95,-50000
1, Not in universe,0,0, Children, Not in universe, Never married, Not in universe or children, Not in universe, White, Mexican-American, Male, Not in universe, Not in universe, Children or Armed Forces,0,0,0, Nonfiler, Not in universe, Not in universe, Child <18 never marr not in subfamily, Child under 18 never married,3390.7,,,, Not in universe under 1 year old,,0, Mother only present, United-States, United-States, United-States, Native- Born in the United States,0, Not in universe,0,0,0,95,-50000
12, Not in universe,0,0, Children, Not in universe, Never married, Not in universe or children, Not in universe, White, All other, Male, Not in universe, Not in universe, Children or Armed Forces,0,0,0, Nonfiler, Not in universe, Not in universe, Child <18 never marr not in subfamily, Child under 18 never married,1116.61, Nonmover, Nonmover, Nonmover, Yes, Not in universe,0, Both parents present, United-States, United-States, United-States, Native- Born in the United States,0, Not in universe,0,0,0,94,-50000
10, Not in universe,0,0, Children, Not in universe, Never married, Not in universe or children, Not in universe, White, All other, Male, Not in universe, Not in universe, Children or Armed Forces,0,0,0, Nonfiler, Not in universe, Not in universe, Child <18 never marr not in subfamily, Child under 18 never married,566.18, Nonmover, Nonmover, Nonmover, Yes, Not in universe,0, Both parents present, Puerto-Rico, United-States, United-States, Native- Born in the United States,0, Not in universe,0,0,0,94,-50000
2, Not in universe,0,0, Children, Not in universe, Never married, Not in universe or children, Not in universe, Black, All other, Male, Not in universe, Not in universe, Children or Armed Forces,0,0,0, Nonfiler, Not in universe, Not in universe, Child <18 never marr not in subfamily, Child under 18 never married,1547.96,,,, Not in universe under 1 year old,,0, Both parents present, United-States, United-States, United-States, Native- Born in the United States,0, Not in universe,0,0,0,95,-50000
4, Not in universe,0,0, Children, Not in universe, Never married, Not in universe or children, Not in universe, White, All other, Female, Not in universe, Not in universe, Children or Armed Forces,0,0,0, Nonfiler, Not in universe, Not in universe, Child <18 never marr not in subfamily, Child under 18 never married,1357.23, Nonmover, Nonmover, Nonmover, Yes, Not in universe,0, Both parents present, United-States, United-States, United-States, Native- Born in the United States,0, Not in universe,0,0,0,94,-50000
66, Not in universe,0,0, 7th and 8th grade, Not in universe, Never married, Not in universe or children, Not in universe, Black, All other, Female, Not in universe, Not in universe, Children or Armed Forces,0,0,0, Nonfiler, Not in universe, Not in universe, Householder, Householder,1237.55, Nonmover, Nonmover, Nonmover, Yes, Not in universe,0, Not in universe, United-States, United-States, United-States, Native- Born in the United States,0, Not in universe,2,0,0,94,-50000
47, Private,4,39, 11th grade, Not in universe, Married-civilian spouse present, Construction, Transportation and material moving, Black, All other, Male, Not in universe, Not in universe, Children or Armed Forces,0,0,0, Joint both under 65, Not in universe, Not in universe, Householder, Householder,1227.53, Nonmover, Nonmover, Nonmover, Yes, Not in universe,2, Not in universe, United-States, United-States, United-States, Native- Born in the United States,0, Not in universe,2,52,0,94,-50000
61, Not in universe,0,0, Doctorate degree(PhD EdD), Not in universe, Married-civilian spouse present, Not in universe or children, Not in universe, White, All other, Male, Not in universe, Not in universe, Children or Armed Forces,0,0,1100, Joint both under 65, Not in universe, Not in universe, Householder, Householder,862.01, Nonmover, Nonmover, Nonmover, Yes, Not in universe,6, Not in universe, Ireland, Ireland, United-States, Native- Born in the United States,0, Not in universe,2,40,0,94, 50000+.
29, Local government,43,10, Bachelors degree(BA AB BS), Not in universe, Married-civilian spouse present, Education, Professional specialty, White, All other, Female, Not in universe, Not in universe, Children or Armed Forces,0,0,30, Joint both under 65, Not in universe, Not in universe, Spouse of householder, Spouse of householder,2213.33, Nonmover, Nonmover, Nonmover, Yes, Not in universe,4, Not in universe, United-States, United-States, United-States, Native- Born in the United States,0, Not in universe,2,42,0,94,-50000
19, Self-employed-incorporated,1,44, High school graduate, Not in universe, Never married, Agriculture, Farming forestry and fishing, White, All other, Male, Not in universe, Not in universe, Full-time schedules,0,0,0, Single, Not in universe, Not in universe, Child 18+ never marr Not in a subfamily, Child 18 or older,2346.87,,,, Not in universe under 1 year old,,6, Not in universe, United-States, United-States, United-States, Native- Born in the United States,1, Not in universe,2,7,0,95,-50000
39, Federal government,50,6, Masters degree(MA MS MEng MEd MSW MBA), Not in universe, Married-civilian spouse present, Public administration, Professional specialty, White, All other, Male, Not in universe, Not in universe, Full-time schedules,0,0,0, Joint both under 65, Not in universe, Not in universe, Householder, Householder,1271.68,,,, Not in universe under 1 year old,,6, Not in universe, United-States, United-States, United-States, Native- Born in the United States,0, Not in universe,2,52,0,95,-50000
30, Not in universe,0,0, Some college but no degree, Not in universe, Married-civilian spouse present, Not in universe or children, Not in universe, White, All other, Male, Not in universe, Not in universe, Children or Armed Forces,0,0,0, Nonfiler, Not in universe, Not in universe, Spouse of householder, Spouse of householder,2302.81, Nonmover, Nonmover, Nonmover, Yes, Not in universe,0, Not in universe, United-States, United-States, United-States, Native- Born in the United States,0, Not in universe,2,0,0,94,-50000
31, Private,4,24, Some college but no degree, Not in universe, Married-civilian spouse present, Construction, Adm support including clerical, Black, All other, Male, Not in universe, Not in universe, Children or Armed Forces,0,0,0, Joint both under 65, Not in universe, Not in universe, Spouse of householder, Spouse of householder,1098.58, Nonmover, Nonmover, Nonmover, Yes, Not in universe,3, Not in universe, United-States, United-States, United-States, Native- Born in the United States,0, Not in universe,2,52,0,94,-50000
15, Self-employed-incorporated,1,44, 9th grade, Not in universe, Never married, Agriculture, Farming forestry and fishing, Asian or Pacific Islander, All other, Male, Not in universe, Not in universe, Full-time schedules,0,0,0, Single, Not in universe, Not in universe, Secondary individual, Nonrelative of householder,565.31,,,, Not in universe under 1 year old,,1, Not in universe, United-States, United-States, United-States, Native- Born in the United States,0, Not in universe,2,52,0,95,-50000
4, Not in universe,0,0, Children, Not in universe, Never married, Not in universe or children, Not in universe, White, All other, Female, Not in universe, Not in universe, Children or Armed Forces,0,0,0, Nonfiler, Not in universe, Not in universe, Child <18 never marr not in subfamily, Child under 18 never married,2878.13, Nonmover, Nonmover, Nonmover, Yes, Not in universe,0, Mother only present, United-States, United-States, United-States, Native- Born in the United States,0, Not in universe,0,0,0,94,-50000
27, Private,1,42, High school graduate, Not in universe, Never married, Agriculture, Handlers equip cleaners etc , Black, All other, Male, No, Not in universe, Children or Armed Forces,0,0,0, Single, South, Arkansas, Other Rel 18+ never marr not in subfamily, Other relative of householder,2328.38, MSA to MSA, Same county, Same county, No, Yes,2, Not in universe, United-States, United-States, United-States, Native- Born in the United States,2, Not in universe,2,52,675,94,-50000
39, Self-employed-not incorporated,45,12, Masters degree(MA MS MEng MEd MSW MBA), Not in universe, Married-spouse absent, Other professional services, Professional specialty, White, All other, Female, Not in universe, Not in universe, Full-time schedules,0,0,0, Single, Not in universe, Not in universe, Householder, Householder,678.8,,,, Not in universe under 1 year old,,1, Not in universe, United-States, United-States, United-States, Native- Born in the United States,0, Not in universe,2,48,0,95,-50000
15, Not in universe,0,0, 7th and 8th grade, Not in universe, Never married, Not in universe or children, Not in universe, Black, All other, Male, Not in universe, Not in universe, Children or Armed Forces,0,0,0, Nonfiler, Not in universe, Not in universe, Child <18 never marr not in subfamily, Child under 18 never married,1598.31, Nonmover, Nonmover, Nonmover, Yes, Not in universe,0, Mother only present, United-States, United-States, United-States, Native- Born in the United States,0, Not in universe,2,0,0,94,-50000
70, Private,2,44, 7th and 8th grade, Not in universe, Married-spouse absent, Agriculture, Farming forestry and fishing, White, Mexican (Mexicano), Male, Not in universe, Not in universe, Full-time schedules,0,0,0, Single, Not in universe, Not in universe, Other Rel 18+ ever marr not in subfamily, Other relative of householder,1571.0,,,, Not in universe under 1 year old,,2, Not in universe, Mexico, Mexico, Mexico, Foreign born- Not a citizen of U S ,0, Not in universe,2,52,0,95,-50000
18, Not in universe,0,0, 12th grade no diploma, High school, Never married, Not in universe or children, Not in universe, White, All other, Male, Not in universe, Not in universe, Not in labor force,0,0,0, Nonfiler, Not in universe, Not in universe, Child 18+ never marr Not in a subfamily, Child 18 or older,1441.0,,,, Not in universe under 1 year old,,6, Not in universe, United-States, United-States, United-States, Native- Born in the United States,0, Not in universe,2,8,0,95,-50000
28, Not in universe,0,0, Masters degree(MA MS MEng MEd MSW MBA), Not in universe, Married-civilian spouse present, Not in universe or children, Not in universe, White, All other, Female, Not in universe, Not in universe, Children or Armed Forces,0,0,100, Joint both under 65, Northeast, New Mexico, Spouse of householder, Spouse of householder,965.87, MSA to MSA, Different division same region, Different state in Northeast, No, No,2, Not in universe, United-States, United-States, United-States, Native- Born in the United States,0, Not in universe,2,5,0,94,-50000
10, Not in universe,0,0, Children, Not in universe, Never married, Not in universe or children, Not in universe, White, All other, Female, Not in universe, Not in universe, Children or Armed Forces,0,0,0, Nonfiler, Not in universe, Not in universe, Child <18 never marr not in subfamily, Child under 18 never married,1768.26,,,, Not in universe under 1 year old,,0, Mother only present, United-States, United-States, United-States, Native- Born in the United States,0, Not in universe,0,0,0,95,-50000
81, Not in universe,0,0, 11th grade, Not in universe, Married-civilian spouse present, Not in universe or children, Not in universe, White, All other, Female, Not in universe, Not in universe, Children or Armed Forces,0,0,0, Joint both 65+, Not in universe, Not in universe, Spouse of householder, Spouse of householder,2047.49, Nonmover, Nonmover, Nonmover, Yes, Not in universe,0, Not in universe, United-States, United-States, United-States, Native- Born in the United States,0, Not in universe,2,0,0,94,-50000
24, Not in universe,0,0, Some college but no degree, College or university, Never married, Not in universe or children, Not in universe, Black, All other, Female, Not in universe, Not in universe, Children or Armed Forces,0,0,0, Single, Not in universe, Not in universe, Child 18+ never marr Not in a subfamily, Child 18 or older,1555.42, Nonmover, Nonmover, Nonmover, Yes, Not in universe,6, Not in universe, Haiti, Haiti, Haiti, Foreign born- Not a citizen of U S ,0, Not in universe,2,20,0,94,-50000
13, Not in universe,0,0, Children, Not in universe, Never married, Not in universe or children, Not in universe, White, All other, Male, Not in universe, Not in universe, Children or Armed Forces,0,0,0, Nonfiler, Not in universe, Not in universe, Child <18 never marr not in subfamily, Child under 18 never married,2001.08, Nonmover, Nonmover, Nonmover, Yes, Not in universe,0, Mother only present, United-States, United-States, United-States, Native- Born in the United States,0, Not in universe,0,0,0,94,-50000
4, Not in universe,0,0, Children, Not in universe, Never married, Not in universe or children, Not in universe, White, All other, Male, Not in universe, Not in universe, Children or Armed Forces,0,0,0, Nonfiler, Not in universe, Not in universe, Child <18 never marr not in subfamily, Child under 18 never married,1936.9, Nonmover, Nonmover, Nonmover, Yes, Not in universe,0, Mother only present, United-States, United-States, United-States, Native- Born in the United States,0, Not in universe,0,0,0,94,-50000
27, Local government,47,28, High school graduate, Not in universe, Never married, Public administration, Protective services, White, All other, Male, Not in universe, Not in universe, Full-time schedules,0,0,0, Single, Not in universe, Not in universe, Secondary individual, Nonrelative of householder,965.8,,,, Not in universe under 1 year old,,6, Not in universe, United-States, United-States, United-States, Native- Born in the United States,0, Not in universe,2,52,0,95,-50000
63, Private,33,19, Some college but no degree, Not in universe, Married-civilian spouse present, Retail trade, Sales, White, All other, Male, Not in universe, Not in universe, Children or Armed Forces,0,0,0, Joint both under 65, Not in universe, Not in universe, Householder, Householder,2568.28, Nonmover, Nonmover, Nonmover, Yes, Not in universe,3, Not in universe, United-States, United-States, United-States, Native- Born in the United States,2, Not in universe,2,52,0,94,-50000
75, Not in universe,0,0, 7th and 8th grade, Not in universe, Widowed, Not in universe or children, Not in universe, White, All other, Female, Not in universe, Not in universe, Children or Armed Forces,0,0,0, Nonfiler, Not in universe, Not in universe, Nonfamily householder, Householder,2578.82, Nonmover, Nonmover, Nonmover, Yes, Not in universe,0, Not in universe, United-States, United-States, United-States, Native- Born in the United States,0, Not in universe,2,0,0,94,-50000
60, Private,40,2, Prof school degree (MD DDS DVM LLB JD), Not in universe, Married-civilian spouse present, Entertainment, Executive admin and managerial, White, All other, Male, Not in universe, Not in universe, Children or Armed Forces,0,1902,0, Joint both under 65, Not in universe, Not in universe, Householder, Householder,1672.02, Nonmover, Nonmover, Nonmover, Yes, Not in universe,3, Not in universe,, United-States, United-States, Native- Born in the United States,0, Not in universe,2,52,0,94, 50000+.
61, Private,35,31, 7th and 8th grade, Not in universe, Married-civilian spouse present, Finance insurance and real estate, Other service, White, All other, Male, Not in universe, Not in universe, Full-time schedules,0,0,0, Joint both under 65, Not in universe, Not in universe, Householder, Householder,798.68,,,, Not in universe under 1 year old,,6, Not in universe, United-States, United-States, United-States, Native- Born in the United States,0, Not in universe,2,52,0,95,-50000
38, Private,35,17, High school graduate, Not in universe, Divorced, Finance insurance and real estate, Sales, White, All other, Female, Not in universe, Not in universe, Children or Armed Forces,0,0,0, Head of household, Not in universe, Not in universe, Householder, Householder,3076.19, Nonmover, Nonmover, Nonmover, Yes, Not in universe,3, Not in universe, United-States, United-States, United-States, Native- Born in the United States,0, Not in universe,2,52,0,94,-50000
38, Local government,43,10, Bachelors degree(BA AB BS), Not in universe, Married-civilian spouse present, Education, Professional specialty, White, All other, Female, Not in universe, Not in universe, Full-time schedules,0,0,0, Joint both under 65, Not in universe, Not in universe, Spouse of householder, Spouse of householder,2851.03,,,, Not in universe under 1 year old,,5, Not in universe, United-States, United-States, United-States, Native- Born in the United States,2, Not in universe,2,44,0,95,-50000
9, Not in universe,0,0, Children, Not in universe, Never married, Not in universe or children, Not in universe, Black, All other, Female, Not in universe, Not in universe, Children or Armed Forces,0,0,0, Nonfiler, Not in universe, Not in universe, Child <18 never marr not in subfamily, Child under 18 never married,1175.65,,,, Not in universe under 1 year old,,0, Both parents present,,, United-States, Native- Born in the United States,0, Not in universe,0,0,0,95,-50000
38, Private,45,12, High school graduate, Not in universe, Married-civilian spouse present, Other professional services, Professional specialty, White, All other, Male, No, Not in universe, Full-time schedules,0,0,0, Joint both under 65, Not in universe, Not in universe, Householder, Householder,1516.79,,,, Not in universe under 1 year old,,1, Not in universe, United-States, United-States, United-States, Native- Born in the United States,2, Not in universe,2,52,0,95,-50000
29, Private,4,34, High school graduate, Not in universe, Married-civilian spouse present, Construction, Precision production craft & repair, Amer Indian Aleut or Eskimo, All other, Male, Not in universe, Job loser - on layoff, Children or Armed Forces,0,0,0, Joint both under 65, West, Illinois, Householder, Householder,624.21, NonMSA to nonMSA, Different county same state, Different county same state, No, No,1, Not in universe, United-States, United-States, United-States, Native- Born in the United States,2, Not in universe,2,15,0,94,-50000
67, Not in universe,0,0, High school graduate, Not in universe, Married-civilian spouse present, Not in universe or children, Not in universe, White, All other, Female, Not in universe, Not in universe, Not in labor force,0,0,50, Joint both 65+, Not in universe, Not in universe, Spouse of householder, Spouse of householder,1647.41,,,, Not in universe under 1 year old,,0, Not in universe,,, United-States, Native- Born in the United States,0, Not in universe,2,0,0,95,-50000
34, Local government,43,10, Masters degree(MA MS MEng MEd MSW MBA), Not in universe, Never married, Education, Professional specialty, White, All other, Female, Not in universe, Not in universe, Children or Armed Forces,0,0,0, Single, Not in universe, Not in universe, Nonfamily householder, Householder,1189.15, Nonmover, Nonmover, Nonmover, Yes, Not in universe,6, Not in universe, United-States, United-States, United-States, Native- Born in the United States,2, Not in universe,2,44,0,94,-50000
19, Federal government,29,25, Some college but no degree, College or university, Never married, Transportation, Adm support including clerical, White, All other, Male, Not in universe, Not in universe, Full-time schedules,0,0,0, Single, Not in universe, Not in universe, Child 18+ never marr Not in a subfamily, Child 18 or older,1582.98,,,, Not in universe under 1 year old,,6, Not in universe, United-States, United-States, United-States, Native- Born in the United States,0, Not in universe,2,39,0,95,-50000
64, Not in universe,0,0, High school graduate, Not in universe, Married-civilian spouse present, Not in universe or children, Not in universe, White, All other, Female, Not in universe, Not in universe, Not in labor force,0,0,0, Joint one under 65 & one 65+, Not in universe, Not in universe, Spouse of householder, Spouse of householder,1346.92,,,, Not in universe under 1 year old,,0, Not in universe, United-States, United-States, United-States, Native- Born in the United States,0, Not in universe,2,0,0,95,-50000
40, Private,30,38, High school graduate, Not in universe, Separated, Communications, Transportation and material moving, Black, All other, Female, Not in universe, Not in universe, Children or Armed Forces,0,0,175, Head of household, Not in universe, Not in universe, Householder, Householder,2157.45, Nonmover, Nonmover, Nonmover, Yes, Not in universe,6, Not in universe, United-States, United-States, United-States, Native- Born in the United States,0, Not in universe,2,52,0,94,-50000
16, Not in universe,0,0, 9th grade, High school, Never married, Not in universe or children, Not in universe, Other, Mexican-American, Female, Not in universe, Not in universe, Not in labor force,0,0,0, Nonfiler, Not in universe, Not in universe, Child <18 never marr not in subfamily, Child under 18 never married,459.98,,,, Not in universe under 1 year old,,1, Both parents present, United-States, United-States, United-States, Native- Born in the United States,0, Not in universe,2,12,0,95,-50000
8, Not in universe,0,0, Children, Not in universe, Never married, Not in universe or children, Not in universe, White, All other, Male, Not in universe, Not in universe, Children or Armed Forces,0,0,0, Nonfiler, Not in universe, Not in universe, Child <18 never marr not in subfamily, Child under 18 never married,1861.67,,,, Not in universe under 1 year old,,0, Mother only present, United-States, United-States, United-States, Native- Born in the United States,0, Not in universe,0,0,0,95,-50000
52, Self-employed-not incorporated,35,17, Masters degree(MA MS MEng MEd MSW MBA), Not in universe, Married-civilian spouse present, Finance insurance and real estate, Sales, White, All other, Male, Not in universe, Not in universe, Children or Armed Forces,0,0,0, Joint both under 65, Not in universe, Not in universe, Householder, Householder,2314.0, Nonmover, Nonmover, Nonmover, Yes, Not in universe,1, Not in universe, United-States, United-States, United-States, Native- Born in the United States,0, Not in universe,2,52,0,94,-50000
22, Not in universe,0,0, High school graduate, Not in universe, Married-civilian spouse present, Not in universe or children, Not in universe, White, All other, Female, Not in universe, Not in universe, Children or Armed Forces,0,0,0, Joint both under 65, Midwest, Minnesota, Spouse of householder, Spouse of householder,1662.31, MSA to MSA, Same county, Same county, No, No,6, Not in universe, United-States, United-States, United-States, Native- Born in the United States,0, Not in universe,2,26,0,94,-50000
5, Not in universe,0,0, Children, Not in universe, Never married, Not in universe or children, Not in universe, Black, All other, Male, Not in universe, Not in universe, Children or Armed Forces,0,0,0, Nonfiler, Not in universe, Not in universe, Child <18 never marr not in subfamily, Child under 18 never married,1886.23,,,, Not in universe under 1 year old,,0, Mother only present, United-States, United-States, United-States, Native- Born in the United States,0, Not in universe,0,0,0,95,-50000
34, Private,41,26, Associates degree-academic program, Not in universe, Married-civilian spouse present, Hospital services, Adm support including clerical, White, All other, Female, Not in universe, Not in universe, Children or Armed Forces,0,0,0, Joint both under 65, Not in universe, Not in universe, Spouse of householder, Spouse of householder,410.27, Nonmover, Nonmover, Nonmover, Yes, Not in universe,6, Not in universe, United-States, United-States, United-States, Native- Born in the United States,0, Not in universe,2,52,0,94,-50000
44, Private,31,35, High school graduate, Not in universe, Married-civilian spouse present, Utilities and sanitary services, Precision production craft & repair, White, All other, Male, No, Not in universe, Children or Armed Forces,0,0,10, Joint both under 65, Not in universe, Not in universe, Spouse of householder, Spouse of householder,1125.93, Nonmover, Nonmover, Nonmover, Yes, Not in universe,6, Not in universe, United-States, United-States, United-States, Native- Born in the United States,0, Not in universe,2,52,1976,94,-50000
14, Not in universe,0,0, Children, Not in universe, Never married, Not in universe or children, Not in universe, White, All other, Male, Not in universe, Not in universe, Children or Armed Forces,0,0,0, Nonfiler, Not in universe, Not in universe, Child <18 never marr not in subfamily, Child under 18 never married,320.8, Nonmover, Nonmover, Nonmover, Yes, Not in universe,0, Both parents present, United-States, United-States, United-States, Native- Born in the United States,0, Not in universe,0,0,0,94,-50000
4, Not in universe,0,0, Children, Not in universe, Never married, Not in universe or children, Not in universe, White, All other, Female, Not in universe, Not in universe, Children or Armed Forces,0,0,0, Nonfiler, Not in universe, Not in universe, Child <18 never marr not in subfamily, Child under 18 never married,1775.72,,,, Not in universe under 1 year old,,0, Mother only present, United-States, United-States, United-States, Native- Born in the United States,0, Not in universe,0,0,0,95,-50000
4, Not in universe,0,0, Children, Not in universe, Never married, Not in universe or children, Not in universe, White, All other, Male, Not in universe, Not in universe, Children or Armed Forces,0,0,0, Nonfiler, Not in universe, Not in universe, Child <18 never marr not in subfamily, Child under 18 never married,1751.93,,,, Not in universe under 1 year old,,0, Both parents present, United-States, United-States, United-States, Native- Born in the United States,0, Not in universe,0,0,0,95,-50000
50, Private,12,12, Associates degree-occup /vocational, Not in universe, Married-civilian spouse present, Manufacturing-durable goods, Professional specialty, White, All other, Male, Not in universe, Not in universe, Children or Armed Forces,0,0,0, Joint both under 65, Not in universe, Not in universe, Householder, Householder,1010.16, Nonmover, Nonmover, Nonmover, Yes, Not in universe,5, Not in universe, United-States, United-States, United-States, Native- Born in the United States,0, Not in universe,2,52,0,94,-50000
51, Private,27,36, 9th grade, Not in universe, Married-civilian spouse present, Manufacturing-nondurable goods, Machine operators assmblrs & inspctrs, White, All other, Male, Not in universe, Not in universe, Children or Armed Forces,0,0,0, Joint both under 65, Not in universe, Not in universe, Spouse of householder, Spouse of householder,2499.96, Nonmover, Nonmover, Nonmover, Yes, Not in universe,4, Not in universe, United-States, United-States, United-States, Native- Born in the United States,0, Not in universe,2,52,0,94,-50000
28, Private,35,23, Some college but no degree, Not in universe, Married-civilian spouse present, Finance insurance and real estate, Adm support including clerical, White, All other, Female, No, Not in universe, Full-time schedules,0,0,0, Joint both under 65, Not in universe, Not in universe, Spouse of householder, Spouse of householder,329.3,,,, Not in universe under 1 year old,,1, Not in universe, United-States, United-States, United-States, Native- Born in the United States,0, Not in universe,2,52,0,95,-50000
1, Not in universe,0,0, Children, Not in universe, Never married, Not in universe or children, Not in universe, White, All other, Male, Not in universe, Not in universe, Children or Armed Forces,0,0,0, Nonfiler, Not in universe, Not in universe, Child <18 never marr not in subfamily, Child under 18 never married,2340.77, Nonmover, Nonmover, Nonmover, Yes, Not in universe,0, Both parents present, United-States, United-States, United-States, Native- Born in the United States,0, Not in universe,0,0,0,94,-50000
48, Private,33,29, 10th grade, Not in universe, Married-civilian spouse present, Retail trade, Other service, White, All other, Female, Not in universe, Not in universe, Full-time schedules,0,0,0, Joint both under 65, Not in universe, Not in universe, Spouse of householder, Spouse of householder,2706.66,,,, Not in universe under 1 year old,,2, Not in universe, United-States, United-States, United-States, Native- Born in the United States,0, Not in universe,2,52,0,95,-50000
77, Not in universe,0,0, High school graduate, Not in universe, Widowed, Not in universe or children, Not in universe, White, All other, Female, Not in universe, Not in universe, Not in labor force,0,0,0, Nonfiler, Not in universe, Not in universe, Other Rel 18+ ever marr not in subfamily, Other relative of householder,188.42,,,, Not in universe under 1 year old,,0, Not in universe, United-States, United-States, United-States, Native- Born in the United States,0, Not in universe,2,0,0,95,-50000
6, Not in universe,0,0, Children, Not in universe, Never married, Not in universe or children, Not in universe, White, All other, Female, Not in universe, Not in universe, Children or Armed Forces,0,0,0, Nonfiler, Not in universe, Not in universe, Child <18 never marr not in subfamily, Child under 18 never married,1375.6,,,, Not in universe under 1 year old,,0, Both parents present, United-States, United-States, United-States, Native- Born in the United States,0, Not in universe,0,0,0,95,-50000
15, Not in universe,0,0, 10th grade, Not in universe, Never married, Not in universe or children, Not in universe, White, All other, Female, Not in universe, Not in universe, Children or Armed Forces,0,0,0, Nonfiler, Not in universe, Not in universe, Child <18 never marr not in subfamily, Child under 18 never married,307.96, Nonmover, Nonmover, Nonmover, Yes, Not in universe,0, Both parents present, United-States, United-States, United-States, Native- Born in the United States,0, Not in universe,2,0,0,94,-50000
49, Private,44,32, High school graduate, Not in universe, Married-civilian spouse present, Social services, Other service, White, Mexican-American, Female, Not in universe, Not in universe, Children or Armed Forces,0,0,0, Joint both under 65, Not in universe, Not in universe, Spouse of householder, Spouse of householder,2037.18, Nonmover, Nonmover, Nonmover, Yes, Not in universe,1, Not in universe, United-States, United-States, United-States, Native- Born in the United States,0, Not in universe,2,52,0,94,-50000
12, Not in universe,0,0, Children, Not in universe, Never married, Not in universe or children, Not in universe, White, All other, Male, Not in universe, Not in universe, Children or Armed Forces,0,0,0, Nonfiler, Not in universe, Not in universe, Child <18 never marr not in subfamily, Child under 18 never married,1361.54,,,, Not in universe under 1 year old,,0, Mother only present, United-States, United-States, United-States, Native- Born in the United States,0, Not in universe,0,0,0,95,-50000
43, Private,42,8, Bachelors degree(BA AB BS), Not in universe, Married-civilian spouse present, Medical except hospital, Professional specialty, White, All other, Female, No, Not in universe, Children or Armed Forces,0,0,150, Joint both under 65, Not in universe, Not in universe, Spouse of householder, Spouse of householder,2306.48, Nonmover, Nonmover, Nonmover, Yes, Not in universe,1, Not in universe,, United-States, United-States, Native- Born in the United States,2, Not in universe,2,52,1800,94,-50000
64, Not in universe,0,0, Less than 1st grade, Not in universe, Widowed, Not in universe or children, Not in universe, White, Mexican (Mexicano), Female, Not in universe, Not in universe, Children or Armed Forces,0,0,0, Nonfiler, Not in universe, Not in universe, Nonfamily householder, Householder,1863.18, Nonmover, Nonmover, Nonmover, Yes, Not in universe,0, Not in universe, Mexico, Mexico, United-States, Native- Born in the United States,0, Not in universe,2,0,0,94,-50000
32, Not in universe,0,0, High school graduate, Not in universe, Married-civilian spouse present, Not in universe or children, Not in universe, White, All other, Male, Not in universe, Not in universe, Children or Armed Forces,0,0,0, Joint both under 65, South, Utah, Householder, Householder,504.63, MSA to MSA, Different division same region, Different state in South, No, Yes,3, Not in universe, United-States, United-States, United-States, Native- Born in the United States,0, Not in universe,2,52,0,94,-50000
5, Not in universe,0,0, Children, Not in universe, Never married, Not in universe or children, Not in universe, Amer Indian Aleut or Eskimo, All other, Male, Not in universe, Not in universe, Children or Armed Forces,0,0,0, Nonfiler, Not in universe, Not in universe, Other Rel <18 never marr not in subfamily, Other relative of householder,1461.33,,,, Not in universe under 1 year old,,0, Neither parent present, United-States, United-States, United-States, Native- Born in the United States,0, Not in universe,0,0,0,95,-50000
52, Private,4,34, High school graduate, Not in universe, Married-civilian spouse present, Construction, Precision production craft & repair, White, All other, Male, Not in universe, Not in universe, PT for non-econ reasons usually FT,0,0,0, Joint both under 65, Not in universe, Not in universe, Householder, Householder,2904.92,,,, Not in universe under 1 year old,,3, Not in universe, United-States, United-States, United-States, Native- Born in the United States,2, Not in universe,2,52,0,95,-50000
47, Private,41,30, Some college but no degree, Not in universe, Never married, Hospital services, Other service, Black, All other, Female, Not in universe, Not in universe, Children or Armed Forces,0,0,0, Single, Not in universe, Not in universe, Secondary individual, Nonrelative of householder,1118.9, Nonmover, Nonmover, Nonmover, Yes, Not in universe,4, Not in universe, Outlying-U S (Guam USVI etc), Outlying-U S (Guam USVI etc), Outlying-U S (Guam USVI etc), Native- Born in Puerto Rico or U S Outlying,0, Not in universe,2,52,0,94,-50000
38, Not in universe,0,0, Some college but no degree, Not in universe, Married-civilian spouse present, Not in universe or children, Not in universe, White, All other, Female, Not in universe, Not in universe, Children or Armed Forces,0,0,0, Joint both under 65, Not in universe, Not in universe, Spouse of householder, Spouse of householder,363.81, Nonmover, Nonmover, Nonmover, Yes, Not in universe,1, Not in universe, United-States, United-States, United-States, Native- Born in the United States,0, Not in universe,2,30,0,94,-50000
16, Private,33,29, 10th grade, High school, Never married, Retail trade, Other service, White, All other, Male, Not in universe, Not in universe, Children or Armed Forces,0,0,0, Nonfiler, Not in universe, Not in universe, Child <18 never marr not in subfamily, Child under 18 never married,888.17, Nonmover, Nonmover, Nonmover, Yes, Not in universe,0, Both parents present, United-States, United-States, United-States, Native- Born in the United States,0, Not in universe,2,0,0,94,-50000
70, Not in universe,0,0, High school graduate, Not in universe, Widowed, Not in universe or children, Not in universe, White, All other, Male, Not in universe, Not in universe, Children or Armed Forces,0,0,0, Nonfiler, Not in universe, Not in universe, Nonfamily householder, Householder,1159.46, Nonmover, Nonmover, Nonmover, Yes, Not in universe,0, Not in universe, United-States, United-States, United-States, Native- Born in the United States,0, Not in universe,2,0,0,94,-50000
24, Self-employed-not incorporated,38,33, High school graduate, Not in universe, Married-civilian spouse present, Business and repair services, Precision production craft & repair, White, All other, Male, Not in universe, Not in universe, Children or Armed Forces,0,0,0, Joint both under 65, Not in universe, Not in universe, Householder, Householder,1771.85, Nonmover, Nonmover, Nonmover, Yes, Not in universe,1, Not in universe, United-States, United-States, United-States, Native- Born in the United States,0, Not in universe,2,52,0,94,-50000
5, Not in universe,0,0, Children, Not in universe, Never married, Not in universe or children, Not in universe, White, All other, Female, Not in universe, Not in universe, Children or Armed Forces,0,0,0, Nonfiler, Not in universe, Not in universe, Child <18 never marr not in subfamily, Child under 18 never married,729.12,,,, Not in universe under 1 year old,,0, Both parents present, United-States, United-States, United-States, Native- Born in the United States,0, Not in universe,0,0,0,95,-50000
26, Private,33,10, Some college but no degree, Not in universe, Never married, Retail trade, Professional specialty, White, All other, Male, Not in universe, Re-entrant, Children or Armed Forces,0,1602,0, Single, Not in universe, Not in universe, Secondary individual, Nonrelative of householder,2332.96, Nonmover, Nonmover, Nonmover, Yes, Not in universe,6, Not in universe,,,, Foreign born- Not a citizen of U S ,0, Not in universe,2,8,0,94,-50000
25, Not in universe,0,0, 5th or 6th grade, Not in universe, Married-civilian spouse present, Not in universe or children, Not in universe, White, Central or South American, Female, Not in universe, Not in universe, Children or Armed Forces,0,0,0, Joint both under 65, Abroad, Abroad, RP of unrelated subfamily, Nonrelative of householder,1084.99, Abroad to MSA, Abroad, Abroad, No, No,0, Not in universe, Guatemala, Guatemala, Guatemala, Foreign born- Not a citizen of U S ,0, Not in universe,2,0,0,94,-50000
43, Private,22,36, 9th grade, Not in universe, Married-civilian spouse present, Manufacturing-nondurable goods, Machine operators assmblrs & inspctrs, Asian or Pacific Islander, All other, Male, Not in universe, Not in universe, Full-time schedules,0,0,0, Joint both under 65, Not in universe, Not in universe, Spouse of householder, Spouse of householder,1232.66,,,, Not in universe under 1 year old,,3, Not in universe, Cambodia, Vietnam, Cambodia, Foreign born- U S citizen by naturalization,0, Not in universe,2,52,0,95,-50000
37, Self-employed-not incorporated,45,11, Prof school degree (MD DDS DVM LLB JD), Not in universe, Married-civilian spouse present, Other professional services, Professional specialty, White, All other, Male, Not in universe, Not in universe, Children or Armed Forces,7688,0,1500, Joint both under 65, Not in universe, Not in universe, Householder, Householder,1030.68, Nonmover, Nonmover, Nonmover, Yes, Not in universe,1, Not in universe, United-States, United-States, United-States, Native- Born in the United States,0, Not in universe,2,52,0,94, 50000+.
71, Not in universe,0,0, Masters degree(MA MS MEng MEd MSW MBA), Not in universe, Married-civilian spouse present, Not in universe or children, Not in universe, White, Cuban, Male, Not in universe, Not in universe, Children or Armed Forces,0,419,0, Joint both 65+, Not in universe, Not in universe, Householder, Householder,1384.06, Nonmover, Nonmover, Nonmover, Yes, Not in universe,0, Not in universe,, Cuba, Cuba, Foreign born- U S citizen by naturalization,0, Not in universe,2,0,0,94,-50000
82, Not in universe,0,0, 5th or 6th grade, Not in universe, Never married, Not in universe or children, Not in universe, White, All other, Male, Not in universe, Not in universe, Not in labor force,0,0,0, Nonfiler, Not in universe, Not in universe, Nonfamily householder, Householder,541.45,,,, Not in universe under 1 year old,,0, Not in universe, United-States, United-States, United-States, Native- Born in the United States,0, Not in universe,2,0,0,95,-50000
47, Local government,43,10, Masters degree(MA MS MEng MEd MSW MBA), Not in universe, Never married, Education, Professional specialty, White, All other, Female, Yes, Not in universe, Children or Armed Forces,0,0,0, Single, Not in universe, Not in universe, Nonfamily householder, Householder,1529.16, Nonmover, Nonmover, Nonmover, Yes, Not in universe,5, Not in universe, United-States, United-States, United-States, Native- Born in the United States,0, Not in universe,2,52,0,94, 50000+.
40, Private,33,16, High school graduate, Not in universe, Married-civilian spouse present, Retail trade, Sales, Amer Indian Aleut or Eskimo, All other, Female, Not in universe, Not in universe, Full-time schedules,0,0,125, Joint both under 65, Not in universe, Not in universe, Spouse of householder, Spouse of householder,210.57,,,, Not in universe under 1 year old,,1, Not in universe, United-States, United-States, United-States, Native- Born in the United States,0, Not in universe,2,50,0,95,-50000
10, Not in universe,0,0, Children, Not in universe, Never married, Not in universe or children, Not in universe, White, All other, Female, Not in universe, Not in universe, Children or Armed Forces,0,0,0, Nonfiler, Not in universe, Not in universe, Child <18 never marr not in subfamily, Child under 18 never married,1874.08,,,, Not in universe under 1 year old,,0, Both parents present, United-States, United-States, United-States, Native- Born in the United States,0, Not in universe,0,0,0,95,-50000
48, Private,13,36, Associates degree-academic program, Not in universe, Married-civilian spouse present, Manufacturing-durable goods, Machine operators assmblrs & inspctrs, White, All other, Male, Not in universe, Not in universe, Children or Armed Forces,0,0,0, Joint both under 65, Not in universe, Not in universe, Householder, Householder,1452.22, Nonmover, Nonmover, Nonmover, Yes, Not in universe,6, Not in universe, United-States, United-States, United-States, Native- Born in the United States,0, Not in universe,2,52,0,94,-50000
33, Private,41,8, Bachelors degree(BA AB BS), Not in universe, Married-civilian spouse present, Hospital services, Professional specialty, White, All other, Female, Not in universe, Not in universe, Full-time schedules,0,0,60, Joint both under 65, Not in universe, Not in universe, Spouse of householder, Spouse of householder,2698.71,,,, Not in universe under 1 year old,,6, Not in universe, United-States, United-States, United-States, Native- Born in the United States,0, Not in universe,2,52,0,95,-50000
50, Private,43,10, Masters degree(MA MS MEng MEd MSW MBA), Not in universe, Married-civilian spouse present, Education, Professional specialty, White, All other, Female, No, Not in universe, Full-time schedules,0,0,0, Joint both under 65, Not in universe, Not in universe, Spouse of householder, Spouse of householder,1794.29,,,, Not in universe under 1 year old,,4, Not in universe, Canada, Canada,, Foreign born- U S citizen by naturalization,0, Not in universe,2,52,0,95,-50000
17, Private,45,25, 10th grade, High school, Never married, Other professional services, Adm support including clerical, White, All other, Male, Not in universe, Not in universe, Full-time schedules,0,0,50, Single, Not in universe, Not in universe, Child <18 never marr not in subfamily, Child under 18 never married,818.49,,,, Not in universe under 1 year old,,3, Both parents present, United-States, United-States, United-States, Native- Born in the United States,2, Not in universe,2,19,0,95,-50000
66, Not in universe,0,0, High school graduate, Not in universe, Never married, Not in universe or children, Not in universe, White, All other, Female, Not in universe, Not in universe, Not in labor force,0,0,0, Nonfiler, Not in universe, Not in universe, Nonfamily householder, Householder,2208.63,,,, Not in universe under 1 year old,,0, Not in universe, United-States, United-States, United-States, Native- Born in the United States,0, Not in universe,2,0,0,95,-50000
50, Private,1,44, 1st 2nd 3rd or 4th grade, Not in universe, Married-civilian spouse present, Agriculture, Farming forestry and fishing, White, Mexican (Mexicano), Male, Not in universe, Not in universe, Children or Armed Forces,0,0,0, Joint both under 65, Not in universe, Not in universe, Other Rel 18+ ever marr RP of subfamily, Other relative of householder,1105.83, Nonmover, Nonmover, Nonmover, Yes, Not in universe,3, Not in universe, Mexico, Mexico, Mexico, Foreign born- U S citizen by naturalization,0, Not in universe,2,50,0,94,-50000
53, Self-employed-not incorporated,45,11, Prof school degree (MD DDS DVM LLB JD), Not in universe, Divorced, Other professional services, Professional specialty, White, All other, Male, Not in universe, Not in universe, Children or Armed Forces,0,0,0, Single, West, California, Nonfamily householder, Householder,3435.71, MSA to MSA, Same county, Same county, No, No,1, Not in universe, United-States, United-States, United-States, Native- Born in the United States,0, Not in universe,2,52,0,94, 50000+.
39, Local government,50,1, High school graduate, Not in universe, Never married, Public administration, Executive admin and managerial, Amer Indian Aleut or Eskimo, All other, Female, Not in universe, Job leaver, Children or Armed Forces,0,0,0, Head of household, Not in universe, Not in universe, Child 18+ never marr RP of subfamily, Child 18 or older,707.43, Nonmover, Nonmover, Nonmover, Yes, Not in universe,1, Not in universe, United-States, United-States, United-States, Native- Born in the United States,0, Not in universe,2,52,0,94,-50000
27, Private,37,23, Doctorate degree(PhD EdD), Not in universe, Never married, Business and repair services, Adm support including clerical, White, All other, Female, Not in universe, Re-entrant, Children or Armed Forces,0,0,0, Single, Not in universe, Not in universe, Child 18+ never marr Not in a subfamily, Child 18 or older,2173.37, Nonmover, Nonmover, Nonmover, Yes, Not in universe,3, Not in universe, United-States, United-States, United-States, Native- Born in the United States,0, Not in universe,2,5,0,94,-50000
31, Private,41,8, Some college but no degree, Not in universe, Married-civilian spouse present, Hospital services, Professional specialty, White, All other, Female, No, Not in universe, Full-time schedules,0,0,0, Joint both under 65, Not in universe, Not in universe, Spouse of householder, Spouse of householder,288.69,,,, Not in universe under 1 year old,,6, Not in universe, United-States, United-States, United-States, Native- Born in the United States,2, Not in universe,2,52,1600,95,-50000
74, Not in universe,0,0, 7th and 8th grade, Not in universe, Married-civilian spouse present, Not in universe or children, Not in universe, White, All other, Male, Not in universe, Not in universe, Not in labor force,0,0,0, Nonfiler, Not in universe, Not in universe, Householder, Householder,2093.08,,,, Not in universe under 1 year old,,0, Not in universe,,,, Foreign born- U S citizen by naturalization,0, Not in universe,2,0,0,95,-50000
28, Private,33,29, High school graduate, Not in universe, Married-civilian spouse present, Retail trade, Other service, White, All other, Female, Not in universe, Not in universe, Not in labor force,0,0,0, Nonfiler, Not in universe, Not in universe, Spouse of householder, Spouse of householder,2475.76,,,, Not in universe under 1 year old,,1, Not in universe, United-States, United-States, United-States, Native- Born in the United States,0, Not in universe,2,9,0,95,-50000
39, State government,50,15, High school graduate, Not in universe, Married-civilian spouse present, Public administration, Technicians and related support, White, All other, Female, Not in universe, Not in universe, Full-time schedules,0,0,0, Joint both under 65, Not in universe, Not in universe, Householder, Householder,1877.59,,,, Not in universe under 1 year old,,6, Not in universe, United-States, United-States, United-States, Native- Born in the United States,0, Not in universe,2,52,0,95,-50000
6, Not in universe,0,0, Children, Not in universe, Never married, Not in universe or children, Not in universe, Black, All other, Female, Not in universe, Not in universe, Children or Armed Forces,0,0,0, Nonfiler, Not in universe, Not in universe, Child <18 never marr not in subfamily, Child under 18 never married,1389.24,,,, Not in universe under 1 year old,,0, Father only present, United-States, United-States, United-States, Native- Born in the United States,0, Not in universe,0,0,0,95,-50000
67, Not in universe,0,0, High school graduate, Not in universe, Married-civilian spouse present, Not in universe or children, Not in universe, White, All other, Male, Not in universe, Not in universe, Children or Armed Forces,0,0,300, Joint one under 65 & one 65+, Not in universe, Not in universe, Householder, Householder,2498.8, Nonmover, Nonmover, Nonmover, Yes, Not in universe,0, Not in universe, United-States, United-States, United-States, Native- Born in the United States,0, Not in universe,2,0,0,94,-50000
28, Private,42,30, High school graduate, Not in universe, Never married, Medical except hospital, Other service, White, All other, Female, No, Not in universe, Full-time schedules,0,0,0, Head of household, Not in universe, Not in universe, Child 18+ never marr RP of subfamily, Child 18 or older,1062.2,,,, Not in universe under 1 year old,,4, Not in universe, United-States, United-States, United-States, Native- Born in the United States,0, Not in universe,2,52,800,95,-50000
19, Private,33,41, Some college but no degree, College or university, Never married, Retail trade, Handlers equip cleaners etc , White, All other, Male, No, Not in universe, Children or Armed Forces,0,0,0, Single, Not in universe, Not in universe, Child 18+ never marr Not in a subfamily, Child 18 or older,2921.13, Nonmover, Nonmover, Nonmover, Yes, Not in universe,4, Not in universe, United-States, United-States, United-States, Native- Born in the United States,0, Not in universe,2,52,500,94,-50000
35, Self-employed-not incorporated,33,29, Some college but no degree, Not in universe, Married-civilian spouse present, Retail trade, Other service, White, All other, Male, Not in universe, Not in universe, Children or Armed Forces,0,0,0, Joint both under 65, Not in universe, Not in universe, Householder, Householder,2074.73, Nonmover, Nonmover, Nonmover, Yes, Not in universe,1, Not in universe, United-States, United-States, United-States, Native- Born in the United States,0, Not in universe,2,52,0,94,-50000
55, Private,4,23, Some college but no degree, Not in universe, Married-civilian spouse present, Construction, Adm support including clerical, White, All other, Female, Not in universe, Other job loser, Unemployed full-time,0,0,1750, Joint both under 65, Not in universe, Not in universe, Spouse of householder, Spouse of householder,3600.33,,,, Not in universe under 1 year old,,5, Not in universe, United-States, United-States, United-States, Native- Born in the United States,0, Not in universe,2,48,0,95,-50000
62, Not in universe,0,0, 1st 2nd 3rd or 4th grade, Not in universe, Widowed, Not in universe or children, Not in universe, White, All other, Male, Not in universe, Not in universe, Children or Armed Forces,0,0,0, Nonfiler, Midwest, Oklahoma, Nonfamily householder, Householder,1657.21, MSA to nonMSA, Different county same state, Different county same state, No, No,0, Not in universe, United-States, United-States, United-States, Native- Born in the United States,0, Not in universe,2,0,0,94,-50000
65, Not in universe,0,0, High school graduate, Not in universe, Married-civilian spouse present, Not in universe or children, Not in universe, White, All other, Female, Not in universe, Not in universe, Not in labor force,0,0,0, Nonfiler, Not in universe, Not in universe, Householder, Householder,1837.11,,,, Not in universe under 1 year old,,0, Not in universe, United-States, United-States, United-States, Native- Born in the United States,0, Not in universe,2,0,0,95,-50000
47, Private,16,37, High school graduate, Not in universe, Married-civilian spouse present, Manufacturing-durable goods, Machine operators assmblrs & inspctrs, White, Mexican-American, Female, Not in universe, Not in universe, Full-time schedules,7298,0,0, Joint both under 65, Not in universe, Not in universe, Householder, Householder,1518.55,,,, Not in universe under 1 year old,,6, Not in universe, United-States, United-States, United-States, Native- Born in the United States,0, Not in universe,2,52,0,95,-50000
18, Not in universe,0,0, 10th grade, High school, Never married, Not in universe or children, Not in universe, Black, All other, Male, Not in universe, Not in universe, Children or Armed Forces,0,0,0, Nonfiler, Not in universe, Not in universe, Child 18+ never marr Not in a subfamily, Child 18 or older,1069.95, Nonmover, Nonmover, Nonmover, Yes, Not in universe,0, Not in universe, United-States, United-States, United-States, Native- Born in the United States,0, Not in universe,2,0,0,94,-50000
5, Not in universe,0,0, Children, Not in universe, Never married, Not in universe or children, Not in universe, White, All other, Female, Not in universe, Not in universe, Children or Armed Forces,0,0,0, Nonfiler, Not in universe, Not in universe, Child <18 never marr not in subfamily, Child under 18 never married,2441.98,,,, Not in universe under 1 year old,,0, Both parents present, United-States, United-States, United-States, Native- Born in the United States,0, Not in universe,0,0,0,95,-50000
71, Not in universe,0,0, High school graduate, Not in universe, Widowed, Not in universe or children, Not in universe, White, All other, Female, Not in universe, Not in universe, Not in labor force,0,0,0, Nonfiler, Not in universe, Not in universe, Nonfamily householder, Householder,1334.07,,,, Not in universe under 1 year old,,0, Not in universe, United-States, United-States, United-States, Native- Born in the United States,0, Not in universe,2,0,0,95,-50000
21, Private,33,13, Some college but no degree, College or university, Never married, Retail trade, Technicians and related support, White, All other, Female, Not in universe, Not in universe, Children or Armed Forces,0,0,0, Single, Not in universe, Not in universe, Child 18+ never marr Not in a subfamily, Child 18 or older,1233.92, Nonmover, Nonmover, Nonmover, Yes, Not in universe,4, Not in universe, United-States, United-States, United-States, Native- Born in the United States,0, Not in universe,2,52,0,94,-50000
62, Not in universe,0,0, 7th and 8th grade, Not in universe, Married-spouse absent, Not in universe or children, Not in universe, White, Mexican-American, Male, Not in universe, Not in universe, Not in labor force,0,0,0, Nonfiler, Not in universe, Not in universe, Secondary individual, Nonrelative of householder,2571.66,,,, Not in universe under 1 year old,,0, Not in universe,,,, Foreign born- U S citizen by naturalization,0, Not in universe,2,0,0,95,-50000
37, Private,40,31, 5th or 6th grade, Not in universe, Married-civilian spouse present, Entertainment, Other service, Other, Mexican (Mexicano), Male, Not in universe, Other job loser, Children or Armed Forces,0,1021,0, Joint both under 65, Not in universe, Not in universe, Householder, Householder,895.06, Nonmover, Nonmover, Nonmover, Yes, Not in universe,0, Not in universe, Mexico, Mexico, Mexico, Foreign born- Not a citizen of U S ,0, Not in universe,2,0,0,94,-50000
13, Not in universe,0,0, Children, Not in universe, Never married, Not in universe or children, Not in universe, White, All other, Male, Not in universe, Not in universe, Children or Armed Forces,0,0,0, Nonfiler, Not in universe, Not in universe, Child <18 never marr not in subfamily, Child under 18 never married,2094.11, Nonmover, Nonmover, Nonmover, Yes, Not in universe,0, Both parents present, United-States, United-States, United-States, Native- Born in the United States,0, Not in universe,0,0,0,94,-50000
61, State government,41,10, High school graduate, Not in universe, Married-civilian spouse present, Hospital services, Professional specialty, Black, All other, Female, Not in universe, Not in universe, Full-time schedules,0,0,0, Joint both under 65, Not in universe, Not in universe, Spouse of householder, Spouse of householder,2635.56,,,, Not in universe under 1 year old,,6, Not in universe, United-States, United-States, United-States, Native- Born in the United States,0, Not in universe,2,52,0,95,-50000
71, Not in universe,0,0, 10th grade, Not in universe, Widowed, Not in universe or children, Not in universe, White, All other, Female, Not in universe, Not in universe, Not in labor force,0,0,0, Nonfiler, Not in universe, Not in universe, Nonfamily householder, Householder,1236.01,,,, Not in universe under 1 year old,,0, Not in universe,,,, Foreign born- U S citizen by naturalization,0, Not in universe,2,0,0,95,-50000
24, Not in universe,0,0, High school graduate, College or university, Married-civilian spouse present, Not in universe or children, Not in universe, Black, All other, Female, Not in universe, Not in universe, Children or Armed Forces,0,0,0, Nonfiler, Abroad, Abroad, Spouse of householder, Spouse of householder,2391.84, Abroad to MSA, Abroad, Abroad, No, No,0, Not in universe, Philippines, Philippines, Philippines, Foreign born- Not a citizen of U S ,0, Not in universe,2,0,0,94,-50000
12, Not in universe,0,0, Children, Not in universe, Never married, Not in universe or children, Not in universe, Black, All other, Female, Not in universe, Not in universe, Children or Armed Forces,0,0,0, Nonfiler, Not in universe, Not in universe, Child <18 never marr not in subfamily, Child under 18 never married,3146.89,,,, Not in universe under 1 year old,,0, Mother only present, United-States, United-States, United-States, Native- Born in the United States,0, Not in universe,0,0,0,95,-50000
12, Not in universe,0,0, Children, Not in universe, Never married, Not in universe or children, Not in universe, White, Central or South American, Male, Not in universe, Not in universe, Children or Armed Forces,0,0,0, Nonfiler, Not in universe, Not in universe, Child <18 never marr not in subfamily, Child under 18 never married,492.44, Nonmover, Nonmover, Nonmover, Yes, Not in universe,0, Mother only present, Columbia, Columbia, Columbia, Foreign born- Not a citizen of U S ,0, Not in universe,0,0,0,94,-50000
25, Private,42,30, High school graduate, Not in universe, Never married, Medical except hospital, Other service, Black, All other, Female, Not in universe, Not in universe, Children or Armed Forces,0,0,0, Nonfiler, Not in universe, Not in universe, Householder, Householder,2239.61, Nonmover, Nonmover, Nonmover, Yes, Not in universe,4, Not in universe, United-States, United-States, United-States, Native- Born in the United States,0, Not in universe,2,16,0,94,-50000
18, Private,43,28, High school graduate, College or university, Never married, Education, Protective services, White, All other, Male, Not in universe, Not in universe, Full-time schedules,0,0,0, Single, Not in universe, Not in universe, Child 18+ never marr Not in a subfamily, Child 18 or older,1310.72,,,, Not in universe under 1 year old,,6, Not in universe, United-States, United-States, United-States, Native- Born in the United States,2, Not in universe,2,52,0,95,-50000
33, Private,11,41, High school graduate, Not in universe, Married-civilian spouse present, Manufacturing-durable goods, Handlers equip cleaners etc , White, All other, Female, Not in universe, Not in universe, Children or Armed Forces,0,0,28, Joint both under 65, Not in universe, Not in universe, Spouse of householder, Spouse of householder,1239.35, Nonmover, Nonmover, Nonmover, Yes, Not in universe,6, Not in universe, United-States, United-States, United-States, Native- Born in the United States,0, Not in universe,2,52,0,94,-50000
19, Not in universe,0,0, Some college but no degree, College or university, Never married, Not in universe or children, Not in universe, White, All other, Male, Not in universe, Not in universe, Children or Armed Forces,0,0,0, Nonfiler, Not in universe, Not in universe, Child 18+ never marr Not in a subfamily, Child 18 or older,2012.09, Nonmover, Nonmover, Nonmover, Yes, Not in universe,0, Not in universe, United-States, United-States, United-States, Native- Born in the United States,0, Not in universe,2,0,0,94,-50000
69, Not in universe,0,0, High school graduate, Not in universe, Widowed, Not in universe or children, Not in universe, White, All other, Female, Not in universe, Not in universe, Children or Armed Forces,0,0,0, Single, Not in universe, Not in universe, Other Rel 18+ ever marr not in subfamily, Other relative of householder,3761.68, Nonmover, Nonmover, Nonmover, Yes, Not in universe,0, Not in universe, United-States, United-States, United-States, Native- Born in the United States,0, Not in universe,2,0,0,94,-50000
47, State government,48,8, Masters degree(MA MS MEng MEd MSW MBA), Not in universe, Married-civilian spouse present, Public administration, Professional specialty, White, All other, Female, No, Not in universe, Children or Armed Forces,0,0,0, Joint both under 65, Midwest, Mississippi, Spouse of householder, Spouse of householder,1364.69, MSA to MSA, Different region, Different state in Midwest, No, No,1, Not in universe, United-States, United-States, United-States, Native- Born in the United States,0, Not in universe,2,52,0,94,-50000
35, Not in universe,0,0, 12th grade no diploma, Not in universe, Divorced, Not in universe or children, Not in universe, White, All other, Female, Not in universe, Not in universe, Children or Armed Forces,0,0,0, Nonfiler, Not in universe, Not in universe, Householder, Householder,1073.24, Nonmover, Nonmover, Nonmover, Yes, Not in universe,0, Not in universe, United-States, United-States, United-States, Native- Born in the United States,0, Not in universe,2,0,0,94,-50000
12, Not in universe,0,0, Children, Not in universe, Never married, Not in universe or children, Not in universe, White, All other, Female, Not in universe, Not in universe, Children or Armed Forces,0,0,0, Nonfiler, Not in universe, Not in universe, Child <18 never marr not in subfamily, Child under 18 never married,524.06,,,, Not in universe under 1 year old,,0, Both parents present, United-States, United-States, United-States, Native- Born in the United States,0, Not in universe,0,0,0,95,-50000
58, Private,37,2, High school graduate, Not in universe, Married-civilian spouse present, Business and repair services, Executive admin and managerial, White, All other, Female, No, Not in universe, Children or Armed Forces,0,0,0, Joint both under 65, Not in universe, Not in universe, Spouse of householder, Spouse of householder,2937.89, Nonmover, Nonmover, Nonmover, Yes, Not in universe,1, Not in universe, United-States, United-States, United-States, Native- Born in the United States,0, Not in universe,2,52,0,94,-50000
32, Not in universe,0,0, Some college but no degree, Not in universe, Married-civilian spouse present, Not in universe or children, Not in universe, White, All other, Female, Not in universe, Not in universe, Children or Armed Forces,0,0,0, Joint both under 65, Not in universe, Not in universe, Spouse of householder, Spouse of householder,1888.13, Nonmover, Nonmover, Nonmover, Yes, Not in universe,0, Not in universe, Canada, Canada, Canada, Foreign born- Not a citizen of U S ,0, Not in universe,2,0,0,94,-50000
55, Local government,43,10, Masters degree(MA MS MEng MEd MSW MBA), Not in universe, Married-civilian spouse present, Education, Professional specialty, White, All other, Male, Not in universe, Not in universe, Children or Armed Forces,0,0,0, Joint both under 65, Not in universe, Not in universe, Householder, Householder,1156.12, Nonmover, Nonmover, Nonmover, Yes, Not in universe,6, Not in universe, United-States, United-States, United-States, Native- Born in the United States,0, Not in universe,2,52,0,94,-50000
8, Not in universe,0,0, Children, Not in universe, Never married, Not in universe or children, Not in universe, White, Mexican-American, Female, Not in universe, Not in universe, Children or Armed Forces,0,0,0, Nonfiler, Not in universe, Not in universe, Child <18 never marr not in subfamily, Child under 18 never married,1627.22,,,, Not in universe under 1 year old,,0, Both parents present, United-States, United-States, United-States, Native- Born in the United States,0, Not in universe,0,0,0,95,-50000
1, Not in universe,0,0, Children, Not in universe, Never married, Not in universe or children, Not in universe, White, Mexican-American, Female, Not in universe, Not in universe, Children or Armed Forces,0,0,0, Nonfiler, West, California, Child <18 never marr not in subfamily, Child under 18 never married,4808.88, MSA to MSA, Same county, Same county, No, Yes,0, Both parents present, Mexico, Mexico, United-States, Native- Born in the United States,0, Not in universe,0,0,0,94,-50000
36, Private,29,33, High school graduate, Not in universe, Divorced, Transportation, Precision production craft & repair, White, All other, Male, No, Not in universe, Children or Armed Forces,0,0,0, Single, Northeast,, Nonfamily householder, Householder,1928.26, MSA to MSA, Same county, Same county, No, No,2, Not in universe, United-States, United-States, United-States, Native- Born in the United States,2, Not in universe,2,52,700,94,-50000
36, Not in universe,0,0, Bachelors degree(BA AB BS), Not in universe, Married-civilian spouse present, Not in universe or children, Not in universe, White, All other, Female, Not in universe, Not in universe, Not in labor force,0,0,0, Joint both under 65, Not in universe, Not in universe, Spouse of householder, Spouse of householder,3784.24,,,, Not in universe under 1 year old,,0, Not in universe, United-States, United-States, United-States, Native- Born in the United States,0, Not in universe,2,0,0,95,-50000
49, Private,25,36, High school graduate, Not in universe, Divorced, Manufacturing-nondurable goods, Machine operators assmblrs & inspctrs, Black, All other, Female, Yes, Not in universe, PT for econ reasons usually PT,0,0,0, Single, Not in universe, Not in universe, Householder, Householder,4390.24,,,, Not in universe under 1 year old,,6, Not in universe, United-States, United-States, United-States, Native- Born in the United States,0, Not in universe,2,52,0,95,-50000
22, Not in universe,0,0, Some college but no degree, College or university, Never married, Not in universe or children, Not in universe, White, All other, Male, Not in universe, Not in universe, Children or Armed Forces,0,0,62, Single, Not in universe, Not in universe, Nonfamily householder, Householder,3430.55, Nonmover, Nonmover, Nonmover, Yes, Not in universe,6, Not in universe, United-States, United-States, United-States, Native- Born in the United States,0, Not in universe,2,14,0,94,-50000
40, Not in universe,0,0, Some college but no degree, Not in universe, Married-spouse absent, Not in universe or children, Not in universe, White, All other, Female, Not in universe, Not in universe, Not in labor force,0,0,0, Nonfiler, Not in universe, Not in universe, Householder, Householder,2678.44,,,, Not in universe under 1 year old,,0, Not in universe, United-States, United-States, United-States, Native- Born in the United States,0, Not in universe,2,0,0,95,-50000
22, Private,37,38, High school graduate, Not in universe, Never married, Business and repair services, Transportation and material moving, White, All other, Male, No, Not in universe, Children or Armed Forces,0,0,0, Nonfiler, Not in universe, Not in universe, Child 18+ never marr Not in a subfamily, Child 18 or older,3530.35, Nonmover, Nonmover, Nonmover, Yes, Not in universe,6, Not in universe, United-States, United-States, United-States, Native- Born in the United States,0, Not in universe,2,6,725,94,-50000
35, Not in universe,0,0, Some college but no degree, Not in universe, Never married, Not in universe or children, Not in universe, Black, All other, Female, Not in universe, Not in universe, Not in labor force,0,0,0, Nonfiler, Not in universe, Not in universe, Householder, Householder,1448.24,,,, Not in universe under 1 year old,,0, Not in universe, United-States, United-States, United-States, Native- Born in the United States,0, Not in universe,2,0,0,95,-50000
29, Private,33,29, Some college but no degree, Not in universe, Married-civilian spouse present, Retail trade, Other service, White, Central or South American, Male, Not in universe, Job leaver, Unemployed full-time,0,0,0, Nonfiler, Not in universe, Not in universe, Spouse of householder, Spouse of householder,2385.0,,,, Not in universe under 1 year old,,0, Not in universe, Nicaragua, Nicaragua, Nicaragua, Foreign born- Not a citizen of U S ,0, Not in universe,2,0,0,95,-50000
74, Not in universe,0,0, High school graduate, Not in universe, Married-civilian spouse present, Not in universe or children, Not in universe, White, All other, Female, Not in universe, Not in universe, Children or Armed Forces,0,0,0, Joint both 65+, Not in universe, Not in universe, Spouse of householder, Spouse of householder,1364.29, Nonmover, Nonmover, Nonmover, Yes, Not in universe,0, Not in universe, United-States, United-States, United-States, Native- Born in the United States,0, Not in universe,2,0,0,94,-50000
12, Not in universe,0,0, Children, Not in universe, Never married, Not in universe or children, Not in universe, White, All other, Female, Not in universe, Not in universe, Children or Armed Forces,0,0,0, Nonfiler, Not in universe, Not in universe, Child <18 never marr not in subfamily, Child under 18 never married,3348.31,,,, Not in universe under 1 year old,,0, Both parents present, United-States, United-States, United-States, Native- Born in the United States,0, Not in universe,0,0,0,95,-50000
16, Not in universe,0,0, 10th grade, High school, Never married, Not in universe or children, Not in universe, White, Mexican-American, Female, Not in universe, Not in universe, Not in labor force,0,0,0, Nonfiler, Not in universe, Not in universe, Child <18 never marr not in subfamily, Child under 18 never married,1555.29,,,, Not in universe under 1 year old,,0, Both parents present, United-States, El-Salvador, United-States, Native- Born in the United States,0, Not in universe,2,0,0,95,-50000
11, Not in universe,0,0, Children, Not in universe, Never married, Not in universe or children, Not in universe, White, All other, Female, Not in universe, Not in universe, Children or Armed Forces,0,0,0, Nonfiler, Not in universe, Not in universe, Child <18 never marr not in subfamily, Child under 18 never married,2428.9, Nonmover, Nonmover, Nonmover, Yes, Not in universe,0, Both parents present, United-States, United-States, United-States, Native- Born in the United States,0, Not in universe,0,0,0,94,-50000
83, Self-employed-not incorporated,2,24, Some college but no degree, Not in universe, Married-civilian spouse present, Agriculture, Adm support including clerical, White, All other, Female, Not in universe, Not in universe, Children or Armed Forces,0,0,0, Joint both 65+, Not in universe, Not in universe, Spouse of householder, Spouse of householder,2522.14, Nonmover, Nonmover, Nonmover, Yes, Not in universe,1, Not in universe, United-States, United-States, United-States, Native- Born in the United States,0, Not in universe,2,52,0,94,-50000
38, Self-employed-not incorporated,2,43, High school graduate, Not in universe, Never married, Agriculture, Farming forestry and fishing, White, All other, Male, Not in universe, Not in universe, Children or Armed Forces,0,0,0, Single, Not in universe, Not in universe, Nonfamily householder, Householder,368.96, Nonmover, Nonmover, Nonmover, Yes, Not in universe,1, Not in universe, United-States, United-States, United-States, Native- Born in the United States,0, Not in universe,2,52,0,94,-50000
39, Private,41,8, Bachelors degree(BA AB BS), Not in universe, Married-civilian spouse present, Hospital services, Professional specialty, Other, Puerto Rican, Female, Not in universe, Not in universe, Unemployed part- time,0,0,1000, Joint both under 65, Not in universe, Not in universe, Spouse of householder, Spouse of householder,498.25,,,, Not in universe under 1 year old,,4, Not in universe, Puerto-Rico, Puerto-Rico, Puerto-Rico, Native- Born in Puerto Rico or U S Outlying,2, Not in universe,2,52,0,95,-50000
35, Local government,47,28, Associates degree-academic program, Not in universe, Never married, Public administration, Protective services, White, Puerto Rican, Male, Not in universe, Not in universe, Full-time schedules,0,0,0, Single, Not in universe, Not in universe, Nonfamily householder, Householder,797.74,,,, Not in universe under 1 year old,,6, Not in universe, Puerto-Rico, Puerto-Rico, United-States, Native- Born in the United States,0, Not in universe,2,52,0,95,-50000
17, Not in universe,0,0, 11th grade, High school, Never married, Not in universe or children, Not in universe, White, All other, Female, Not in universe, Not in universe, Not in labor force,0,0,0, Single, Not in universe, Not in universe, Child <18 never marr not in subfamily, Child under 18 never married,4711.68,,,, Not in universe under 1 year old,,6, Both parents present, United-States, United-States, United-States, Native- Born in the United States,0, Not in universe,2,16,0,95,-50000
38, Private,42,8, Associates degree-occup /vocational, Not in universe, Married-civilian spouse present, Medical except hospital, Professional specialty, White, All other, Female, Not in universe, Not in universe, Children or Armed Forces,3908,0,0, Joint both under 65, Not in universe, Not in universe, Householder, Householder,301.89, Nonmover, Nonmover, Nonmover, Yes, Not in universe,6, Not in universe, United-States, United-States, United-States, Native- Born in the United States,2, Not in universe,2,52,0,94,-50000
45, State government,43,26, Masters degree(MA MS MEng MEd MSW MBA), Not in universe, Married-civilian spouse present, Education, Adm support including clerical, White, All other, Female, Not in universe, Not in universe, Children or Armed Forces,0,0,0, Joint both under 65, Not in universe, Not in universe, Spouse of householder, Spouse of householder,2055.63, Nonmover, Nonmover, Nonmover, Yes, Not in universe,5, Not in universe, United-States, United-States, United-States, Native- Born in the United States,0, Not in universe,2,52,0,94,-50000
47, Private,35,15, High school graduate, Not in universe, Married-civilian spouse present, Finance insurance and real estate, Technicians and related support, White, All other, Female, Not in universe, Not in universe, Children or Armed Forces,0,0,130, Joint both under 65, Not in universe, Not in universe, Spouse of householder, Spouse of householder,519.98, Nonmover, Nonmover, Nonmover, Yes, Not in universe,3, Not in universe, United-States, United-States, United-States, Native- Born in the United States,0, Not in universe,2,52,0,94,-50000
33, Not in universe,0,0, Some college but no degree, Not in universe, Divorced, Not in universe or children, Not in universe, White, All other, Female, Not in universe, Not in universe, Children or Armed Forces,0,0,0, Head of household, West, California, RP of unrelated subfamily, Nonrelative of householder,3298.8, MSA to MSA, Same county, Same county, No, No,6, Not in universe, United-States, United-States, United-States, Native- Born in the United States,0, Not in universe,2,40,0,94,-50000
46, Self-employed-incorporated,42,7, Doctorate degree(PhD EdD), Not in universe, Separated, Medical except hospital, Professional specialty, White, All other, Male, Not in universe, Not in universe, Children or Armed Forces,0,0,0, Single, Not in universe, Not in universe, Nonfamily householder, Householder,589.47, Nonmover, Nonmover, Nonmover, Yes, Not in universe,1, Not in universe, United-States, United-States, United-States, Native- Born in the United States,0, Not in universe,2,52,0,94,-50000
36, Private,21,36, Bachelors degree(BA AB BS), Not in universe, Married-civilian spouse present, Manufacturing-nondurable goods, Machine operators assmblrs & inspctrs, Black, All other, Male, Not in universe, Not in universe, Full-time schedules,0,0,0, Joint both under 65, Not in universe, Not in universe, Spouse of householder, Spouse of householder,1167.34,,,, Not in universe under 1 year old,,4, Not in universe, United-States, United-States, United-States, Native- Born in the United States,0, Not in universe,2,52,0,95,-50000
21, Private,33,19, Some college but no degree, Not in universe, Divorced, Retail trade, Sales, White, Mexican (Mexicano), Female, Not in universe, Not in universe, Children or Armed Forces,0,0,0, Single, South, Utah, Secondary individual, Nonrelative of householder,3279.26, MSA to MSA, Same county, Same county, No, Yes,4, Not in universe, Mexico, Mexico, United-States, Native- Born in the United States,2, Not in universe,2,40,0,94,-50000
37, Private,24,2, Some college but no degree, Not in universe, Married-civilian spouse present, Manufacturing-nondurable goods, Executive admin and managerial, White, All other, Female, No, Not in universe, Children or Armed Forces,0,0,29, Joint both under 65, Not in universe, Not in universe, Spouse of householder, Spouse of householder,1133.94, Nonmover, Nonmover, Nonmover, Yes, Not in universe,1, Not in universe, United-States, United-States, United-States, Native- Born in the United States,0, Not in universe,2,52,0,94,-50000
29, Private,33,16, 11th grade, Not in universe, Married-civilian spouse present, Retail trade, Sales, White, Mexican-American, Female, Not in universe, Not in universe, Children or Armed Forces,0,0,0, Joint both under 65, Not in universe, Not in universe, Spouse of householder, Spouse of householder,2361.04, Nonmover, Nonmover, Nonmover, Yes, Not in universe,6, Not in universe, Mexico, Mexico, Mexico, Foreign born- U S citizen by naturalization,0, Not in universe,2,52,0,94,-50000
58, Private,34,26, High school graduate, Not in universe, Married-civilian spouse present, Finance insurance and real estate, Adm support including clerical, White, All other, Female, Not in universe, Not in universe, Full-time schedules,0,0,200, Joint both under 65, Not in universe, Not in universe, Spouse of householder, Spouse of householder,1562.58,,,, Not in universe under 1 year old,,6, Not in universe, United-States, United-States, United-States, Native- Born in the United States,0, Not in universe,2,52,0,95,-50000
58, Not in universe,0,0, High school graduate, Not in universe, Married-civilian spouse present, Not in universe or children, Not in universe, Black, All other, Female, Not in universe, Not in universe, Not in labor force,0,0,0, Nonfiler, Not in universe, Not in universe, Spouse of householder, Spouse of householder,525.84,,,, Not in universe under 1 year old,,0, Not in universe, United-States, United-States, United-States, Native- Born in the United States,0, Not in universe,2,0,0,95,-50000
47, Private,42,2, Masters degree(MA MS MEng MEd MSW MBA), Not in universe, Married-civilian spouse present, Medical except hospital, Executive admin and managerial, White, All other, Female, Not in universe, Not in universe, Full-time schedules,0,0,0, Joint both under 65, Not in universe, Not in universe, Householder, Householder,1975.77,,,, Not in universe under 1 year old,,2, Not in universe, United-States, United-States, United-States, Native- Born in the United States,0, Not in universe,2,52,0,95,-50000
67, Self-employed-incorporated,29,2, 12th grade no diploma, Not in universe, Married-civilian spouse present, Transportation, Executive admin and managerial, White, All other, Male, Not in universe, Not in universe, Children or Armed Forces,0,0,0, Joint both 65+, Not in universe, Not in universe, Householder, Householder,1079.33, Nonmover, Nonmover, Nonmover, Yes, Not in universe,1, Not in universe, Ireland, Ireland, United-States, Native- Born in the United States,0, Not in universe,2,52,0,94,-50000
1, Not in universe,0,0, Children, Not in universe, Never married, Not in universe or children, Not in universe, Black, All other, Male, Not in universe, Not in universe, Children or Armed Forces,0,0,0, Nonfiler, Not in universe, Not in universe, Child <18 never marr not in subfamily, Child under 18 never married,2922.83, Nonmover, Nonmover, Nonmover, Yes, Not in universe,0, Mother only present, United-States, United-States, United-States, Native- Born in the United States,0, Not in universe,0,0,0,94,-50000
62, Not in universe,0,0, Some college but no degree, Not in universe, Married-civilian spouse present, Not in universe or children, Not in universe, Black, All other, Male, Not in universe, Not in universe, Not in labor force,0,0,0, Joint both under 65, Not in universe, Not in universe, Householder, Householder,2888.88,,,, Not in universe under 1 year old,,0, Not in universe, United-States, United-States, United-States, Native- Born in the United States,0, Not in universe,2,0,0,95,-50000
67, Private,7,37, High school graduate, Not in universe, Married-civilian spouse present, Manufacturing-durable goods, Machine operators assmblrs & inspctrs, White, All other, Female, Not in universe, Not in universe, Children or Armed Forces,0,0,0, Joint both 65+, Not in universe, Not in universe, Spouse of householder, Spouse of householder,1080.77, Nonmover, Nonmover, Nonmover, Yes, Not in universe,6, Not in universe, United-States, United-States, United-States, Native- Born in the United States,0, Not in universe,2,40,0,94,-50000
42, Not in universe,0,0, 10th grade, Not in universe, Married-civilian spouse present, Not in universe or children, Not in universe, Black, All other, Male, Not in universe, Not in universe, Children or Armed Forces,2885,0,0, Joint both under 65, Not in universe, Not in universe, Householder, Householder,499.65, Nonmover, Nonmover, Nonmover, Yes, Not in universe,0, Not in universe, United-States, United-States, United-States, Native- Born in the United States,0, Not in universe,2,0,0,94,-50000
73, Not in universe,0,0, High school graduate, Not in universe, Married-civilian spouse present, Not in universe or children, Not in universe, White, All other, Female, Not in universe, Not in universe, Not in labor force,0,0,0, Joint both 65+, Not in universe, Not in universe, Spouse of householder, Spouse of householder,3812.38,,,, Not in universe under 1 year old,,1, Not in universe, United-States, United-States, United-States, Native- Born in the United States,0, Not in universe,2,35,0,95,-50000
9, Not in universe,0,0, Children, Not in universe, Never married, Not in universe or children, Not in universe, White, All other, Male, Not in universe, Not in universe, Children or Armed Forces,0,0,0, Nonfiler, Not in universe, Not in universe, Child <18 never marr not in subfamily, Child under 18 never married,2325.69,,,, Not in universe under 1 year old,,0, Both parents present, United-States, United-States, United-States, Native- Born in the United States,0, Not in universe,0,0,0,95,-50000
40, State government,43,10, Bachelors degree(BA AB BS), Not in universe, Divorced, Education, Professional specialty, Black, All other, Male, Yes, Not in universe, Full-time schedules,0,0,0, Single, Not in universe, Not in universe, Nonfamily householder, Householder,1986.47,,,, Not in universe under 1 year old,,6, Not in universe, United-States, United-States, United-States, Native- Born in the United States,0, Not in universe,2,52,0,95,-50000
14, Not in universe,0,0, Children, Not in universe, Never married, Not in universe or children, Not in universe, White, All other, Female, Not in universe, Not in universe, Children or Armed Forces,0,0,0, Nonfiler, Not in universe, Not in universe, Child <18 never marr not in subfamily, Child under 18 never married,1070.69, Nonmover, Nonmover, Nonmover, Yes, Not in universe,0, Father only present, United-States, United-States, United-States, Native- Born in the United States,0, Not in universe,0,0,0,94,-50000
25, Private,22,4, High school graduate, Not in universe, Married-civilian spouse present, Manufacturing-nondurable goods, Professional specialty, White, All other, Female, Not in universe, Not in universe, PT for non-econ reasons usually FT,0,0,0, Joint both under 65, Not in universe, Not in universe, Spouse of householder, Spouse of householder,1749.03,,,, Not in universe under 1 year old,,6, Not in universe, United-States, United-States, United-States, Native- Born in the United States,0, Not in universe,2,52,0,95,-50000
33, Local government,43,8, Associates degree-occup /vocational, Not in universe, Married-civilian spouse present, Education, Professional specialty, White, All other, Female, No, Not in universe, Children or Armed Forces,0,0,4000, Joint both under 65, Not in universe, Not in universe, Spouse of householder, Spouse of householder,3156.07, Nonmover, Nonmover, Nonmover, Yes, Not in universe,1, Not in universe, United-States, United-States, United-States, Native- Born in the United States,2, Not in universe,2,52,847,94,-50000
17, Not in universe,0,0, 11th grade, High school, Never married, Not in universe or children, Not in universe, White, All other, Male, Not in universe, Not in universe, Children or Armed Forces,0,0,0, Nonfiler, Not in universe, Not in universe, Child <18 never marr not in subfamily, Child under 18 never married,2499.38, Nonmover, Nonmover, Nonmover, Yes, Not in universe,0, Both parents present, United-States, United-States, United-States, Native- Born in the United States,0, Not in universe,2,0,0,94,-50000
47, Private,12,26, Bachelors degree(BA AB BS), Not in universe, Married-civilian spouse present, Manufacturing-durable goods, Adm support including clerical, White, All other, Male, No, Not in universe, Children or Armed Forces,7298,0,0, Joint both under 65, Not in universe, Not in universe, Householder, Householder,1746.17, Nonmover, Nonmover, Nonmover, Yes, Not in universe,6, Not in universe, United-States, United-States, United-States, Native- Born in the United States,0, Not in universe,2,52,0,94,-50000
32, Private,33,16, Bachelors degree(BA AB BS), Not in universe, Never married, Retail trade, Sales, White, All other, Male, No, Not in universe, PT for non-econ reasons usually FT,0,0,0, Single, Not in universe, Not in universe, Nonfamily householder, Householder,1166.11,,,, Not in universe under 1 year old,,6, Not in universe, United-States, United-States, United-States, Native- Born in the United States,0, Not in universe,2,52,0,95,-50000
10, Not in universe,0,0, Children, Not in universe, Never married, Not in universe or children, Not in universe, Amer Indian Aleut or Eskimo, All other, Female, Not in universe, Not in universe, Children or Armed Forces,0,0,0, Nonfiler, Not in universe, Not in universe, Child <18 never marr not in subfamily, Child under 18 never married,277.71,,,, Not in universe under 1 year old,,0, Mother only present, United-States, United-States, United-States, Native- Born in the United States,0, Not in universe,0,0,0,95,-50000
44, Self-employed-not incorporated,4,34, Bachelors degree(BA AB BS), Not in universe, Married-civilian spouse present, Construction, Precision production craft & repair, White, All other, Male, Not in universe, Not in universe, Full-time schedules,0,0,0, Joint both under 65, Not in universe, Not in universe, Householder, Householder,1305.59,,,, Not in universe under 1 year old,,1, Not in universe, United-States, United-States, United-States, Native- Born in the United States,0, Not in universe,2,52,0,95,-50000
3, Not in universe,0,0, Children, Not in universe, Never married, Not in universe or children, Not in universe, White, All other, Female, Not in universe, Not in universe, Children or Armed Forces,0,0,0, Nonfiler, Not in universe, Not in universe, Child <18 never marr not in subfamily, Child under 18 never married,2155.9, Nonmover, Nonmover, Nonmover, Yes, Not in universe,0, Both parents present, United-States, United-States, United-States, Native- Born in the United States,0, Not in universe,0,0,0,94,-50000
37, Private,42,26, Some college but no degree, Not in universe, Divorced, Medical except hospital, Adm support including clerical, White, All other, Female, Not in universe, Not in universe, Children or Armed Forces,0,0,0, Single, Not in universe, Not in universe, Nonfamily householder, Householder,1768.73, Nonmover, Nonmover, Nonmover, Yes, Not in universe,3, Not in universe, United-States, Canada, United-States, Native- Born in the United States,2, Not in universe,2,52,0,94,-50000
42, Self-employed-not incorporated,44,2, Some college but no degree, Not in universe, Married-civilian spouse present, Social services, Executive admin and managerial, White, All other, Female, Not in universe, Not in universe, Children or Armed Forces,0,0,0, Joint both under 65, Not in universe, Not in universe, Spouse of householder, Spouse of householder,2103.2, Nonmover, Nonmover, Nonmover, Yes, Not in universe,1, Not in universe, United-States, United-States, United-States, Native- Born in the United States,0, Not in universe,2,52,0,94,-50000
65, Self-employed-incorporated,32,18, Some college but no degree, Not in universe, Married-civilian spouse present, Wholesale trade, Sales, White, All other, Male, Not in universe, Not in universe, Full-time schedules,0,0,0, Joint one under 65 & one 65+, Not in universe, Not in universe, Spouse of householder, Spouse of householder,1282.25,,,, Not in universe under 1 year old,,2, Not in universe,,, United-States, Native- Born in the United States,2, Not in universe,2,52,0,95,-50000
56, Private,31,26, Associates degree-occup /vocational, Not in universe, Married-civilian spouse present, Utilities and sanitary services, Adm support including clerical, White, All other, Female, Not in universe, Not in universe, Full-time schedules,0,0,0, Joint both under 65, Not in universe, Not in universe, Spouse of householder, Spouse of householder,606.18,,,, Not in universe under 1 year old,,6, Not in universe, United-States, United-States, United-States, Native- Born in the United States,0, Not in universe,2,52,0,95,-50000
40, Private,33,34, High school graduate, Not in universe, Divorced, Retail trade, Precision production craft & repair, White, All other, Male, Not in universe, Not in universe, Full-time schedules,0,0,0, Single, Not in universe, Not in universe, Child 18+ ever marr Not in a subfamily, Child 18 or older,3854.19,,,, Not in universe under 1 year old,,3, Not in universe, United-States, United-States, United-States, Native- Born in the United States,0, Not in universe,2,52,0,95,-50000
32, Private,12,37, Some college but no degree, Not in universe, Married-civilian spouse present, Manufacturing-durable goods, Machine operators assmblrs & inspctrs, White, All other, Female, Not in universe, Not in universe, Full-time schedules,0,1977,0, Joint both under 65, Not in universe, Not in universe, Householder, Householder,774.81,,,, Not in universe under 1 year old,,6, Not in universe, United-States, United-States, United-States, Native- Born in the United States,0, Not in universe,2,52,0,95, 50000+.
13, Not in universe,0,0, Children, Not in universe, Never married, Not in universe or children, Not in universe, White, Other Spanish, Female, Not in universe, Not in universe, Children or Armed Forces,0,0,0, Nonfiler, Not in universe, Not in universe, Child <18 never marr not in subfamily, Child under 18 never married,1206.22,,,, Not in universe under 1 year old,,0, Mother only present, Dominican-Republic, Dominican-Republic, Dominican-Republic, Foreign born- Not a citizen of U S ,0, Not in universe,0,0,0,95,-50000
82, Not in universe,0,0, High school graduate, Not in universe, Married-civilian spouse present, Not in universe or children, Not in universe, White, All other, Male, Not in universe, Not in universe, Not in labor force,0,0,0, Joint both 65+, Not in universe, Not in universe, Householder, Householder,1225.38,,,, Not in universe under 1 year old,,0, Not in universe, United-States, United-States, United-States, Native- Born in the United States,0, Not in universe,2,0,0,95,-50000
50, Private,44,2, Masters degree(MA MS MEng MEd MSW MBA), Not in universe, Married-civilian spouse present, Social services, Executive admin and managerial, White, All other, Female, No, Not in universe, Full-time schedules,0,0,6764, Joint both under 65, Not in universe, Not in universe, Spouse of householder, Spouse of householder,420.65,,,, Not in universe under 1 year old,,4, Not in universe, United-States, United-States, United-States, Native- Born in the United States,0, Not in universe,2,52,0,95, 50000+.
35, Private,33,13, High school graduate, Not in universe, Never married, Retail trade, Technicians and related support, White, All other, Female, Not in universe, Not in universe, Children or Armed Forces,1151,0,0, Head of household, Not in universe, Not in universe, RP of unrelated subfamily, Nonrelative of householder,3416.65, Nonmover, Nonmover, Nonmover, Yes, Not in universe,3, Not in universe, United-States, United-States, United-States, Native- Born in the United States,2, Not in universe,2,52,0,94,-50000
30, Private,31,40, High school graduate, Not in universe, Married-civilian spouse present, Utilities and sanitary services, Handlers equip cleaners etc , White, All other, Male, Not in universe, Not in universe, Children or Armed Forces,0,0,0, Joint both under 65, Not in universe, Not in universe, Householder, Householder,1769.45, Nonmover, Nonmover, Nonmover, Yes, Not in universe,2, Not in universe, United-States, United-States, United-States, Native- Born in the United States,2, Not in universe,2,50,0,94,-50000
14, Not in universe,0,0, Children, Not in universe, Never married, Not in universe or children, Not in universe, Black, All other, Male, Not in universe, Not in universe, Children or Armed Forces,0,0,0, Nonfiler, Not in universe, Not in universe, Child <18 never marr not in subfamily, Child under 18 never married,1622.18, Nonmover, Nonmover, Nonmover, Yes, Not in universe,0, Mother only present, United-States, United-States, United-States, Native- Born in the United States,0, Not in universe,0,0,0,94,-50000
39, Private,4,34, High school graduate, Not in universe, Married-civilian spouse present, Construction, Precision production craft & repair, White, All other, Male, Not in universe, Other job loser, Children or Armed Forces,0,0,0, Joint both under 65, West, California, Householder, Householder,3343.5, MSA to MSA, Same county, Same county, No, No,1, Not in universe, United-States, United-States, United-States, Native- Born in the United States,2, Not in universe,2,32,0,94,-50000
12, Not in universe,0,0, Children, Not in universe, Never married, Not in universe or children, Not in universe, White, Mexican-American, Female, Not in universe, Not in universe, Children or Armed Forces,0,0,0, Nonfiler, Not in universe, Not in universe, Child <18 never marr not in subfamily, Child under 18 never married,993.4, Nonmover, Nonmover, Nonmover, Yes, Not in universe,0, Both parents present, United-States, United-States, United-States, Native- Born in the United States,0, Not in universe,0,0,0,94,-50000
28, Not in universe,0,0, 10th grade, Not in universe, Married-civilian spouse present, Not in universe or children, Not in universe, White, All other, Female, Not in universe, Not in universe, Children or Armed Forces,0,0,0, Nonfiler, Not in universe, Not in universe, Spouse of householder, Spouse of householder,1508.19, Nonmover, Nonmover, Nonmover, Yes, Not in universe,0, Not in universe, United-States, United-States, United-States, Native- Born in the United States,0, Not in universe,2,0,0,94,-50000
44, Local government,43,26, High school graduate, Not in universe, Married-civilian spouse present, Education, Adm support including clerical, White, All other, Female, Not in universe, Not in universe, Full-time schedules,0,0,250, Joint both under 65, Not in universe, Not in universe, Spouse of householder, Spouse of householder,1214.84,,,, Not in universe under 1 year old,,6, Not in universe, United-States, United-States, United-States, Native- Born in the United States,2, Not in universe,2,52,0,95,-50000
50, Private,43,9, Doctorate degree(PhD EdD), Not in universe, Married-civilian spouse present, Education, Professional specialty, White, All other, Male, Not in universe, Not in universe, Full-time schedules,99999,0,5000, Joint both under 65, Not in universe, Not in universe, Householder, Householder,2446.97,,,, Not in universe under 1 year old,,4, Not in universe, United-States, Italy, United-States, Native- Born in the United States,0, Not in universe,2,52,0,95,-50000
78, Not in universe,0,0, High school graduate, Not in universe, Widowed, Not in universe or children, Not in universe, White, All other, Male, Not in universe, Not in universe, Not in labor force,0,0,0, Single, Not in universe, Not in universe, Nonfamily householder, Householder,2208.55,,,, Not in universe under 1 year old,,0, Not in universe, United-States, United-States, United-States, Native- Born in the United States,0, Not in universe,2,0,0,95,-50000
10, Not in universe,0,0, Children, Not in universe, Never married, Not in universe or children, Not in universe, White, All other, Female, Not in universe, Not in universe, Children or Armed Forces,0,0,0, Nonfiler, Not in universe, Not in universe, Child <18 never marr not in subfamily, Child under 18 never married,1723.48,,,, Not in universe under 1 year old,,0, Both parents present, United-States, United-States, United-States, Native- Born in the United States,0, Not in universe,0,0,0,95,-50000
30, Private,8,18, Bachelors degree(BA AB BS), Not in universe, Married-civilian spouse present, Manufacturing-durable goods, Sales, White, All other, Male, Not in universe, Not in universe, Children or Armed Forces,0,0,35, Joint both under 65, Not in universe, Not in universe, Householder, Householder,1874.33, Nonmover, Nonmover, Nonmover, Yes, Not in universe,3, Not in universe, United-States, United-States, United-States, Native- Born in the United States,0, Not in universe,2,52,0,94, 50000+.
82, Not in universe,0,0, High school graduate, Not in universe, Widowed, Not in universe or children, Not in universe, White, All other, Female, Not in universe, Not in universe, Children or Armed Forces,0,0,0, Nonfiler, Not in universe, Not in universe, Nonfamily householder, Householder,2056.97, Nonmover, Nonmover, Nonmover, Yes, Not in universe,0, Not in universe,,, United-States, Native- Born in the United States,0, Not in universe,2,0,0,94,-50000
15, Not in universe,0,0, 7th and 8th grade, Not in universe, Never married, Not in universe or children, Not in universe, White, All other, Male, Not in universe, Not in universe, Children or Armed Forces,0,0,0, Nonfiler, Midwest, Oklahoma, Child <18 never marr not in subfamily, Child under 18 never married,1850.47, MSA to MSA, Same county, Same county, No, No,0, Mother only present, United-States, United-States, United-States, Native- Born in the United States,0, Not in universe,2,0,0,94,-50000
40, Private,33,26, Associates degree-academic program, Not in universe, Never married, Retail trade, Adm support including clerical, White, All other, Female, Not in universe, Not in universe, Full-time schedules,0,0,0, Single, Not in universe, Not in universe, Nonfamily householder, Householder,1010.6,,,, Not in universe under 1 year old,,6, Not in universe, United-States, United-States, United-States, Native- Born in the United States,0, Not in universe,2,52,0,95,-50000
37, Self-employed-incorporated,33,16, Bachelors degree(BA AB BS), Not in universe, Married-civilian spouse present, Retail trade, Sales, Other, All other, Male, Not in universe, Not in universe, Full-time schedules,0,0,0, Joint both under 65, Not in universe, Not in universe, Householder, Householder,2221.11,,,, Not in universe under 1 year old,,1, Not in universe, Iran, Iran, Iran, Foreign born- U S citizen by naturalization,0, Not in universe,2,52,0,95,-50000
53, Private,4,39, 7th and 8th grade, Not in universe, Married-civilian spouse present, Construction, Transportation and material moving, White, All other, Male, Not in universe, Job loser - on layoff, Children or Armed Forces,0,0,0, Joint both under 65, Not in universe, Not in universe, Householder, Householder,1322.75, Nonmover, Nonmover, Nonmover, Yes, Not in universe,6, Not in universe, United-States, United-States, United-States, Native- Born in the United States,0, Not in universe,2,46,0,94, 50000+.
42, Private,33,39, High school graduate, Not in universe, Married-civilian spouse present, Retail trade, Transportation and material moving, White, All other, Male, Not in universe, Not in universe, Children or Armed Forces,0,0,0, Joint both under 65, Not in universe, Not in universe, Householder, Householder,1083.69, Nonmover, Nonmover, Nonmover, Yes, Not in universe,6, Not in universe, United-States, United-States, United-States, Native- Born in the United States,0, Not in universe,2,52,0,94,-50000
13, Not in universe,0,0, Children, Not in universe, Never married, Not in universe or children, Not in universe, Black, All other, Female, Not in universe, Not in universe, Children or Armed Forces,0,0,0, Nonfiler, Not in universe, Not in universe, Child <18 never marr not in subfamily, Child under 18 never married,1654.11,,,, Not in universe under 1 year old,,0, Both parents present, United-States, United-States, United-States, Native- Born in the United States,0, Not in universe,0,0,0,95,-50000
53, Private,29,26, Associates degree-academic program, Not in universe, Never married, Transportation, Adm support including clerical, Black, All other, Female, Not in universe, Not in universe, Full-time schedules,0,0,0, Head of household, Not in universe, Not in universe, Householder, Householder,919.46,,,, Not in universe under 1 year old,,6, Not in universe,, United-States, United-States, Native- Born in the United States,0, Not in universe,2,52,0,95, 50000+.
43, Self-employed-not incorporated,2,43, Some college but no degree, Not in universe, Married-civilian spouse present, Agriculture, Farming forestry and fishing, White, All other, Male, Not in universe, Not in universe, Full-time schedules,0,0,0, Joint both under 65, Not in universe, Not in universe, Householder, Householder,253.62,,,, Not in universe under 1 year old,,1, Not in universe, United-States, United-States, United-States, Native- Born in the United States,0, Not in universe,2,52,0,95, 50000+.
70, Not in universe,0,0, High school graduate, Not in universe, Married-civilian spouse present, Not in universe or children, Not in universe, White, All other, Male, Not in universe, Not in universe, Children or Armed Forces,0,0,0, Joint one under 65 & one 65+, Not in universe, Not in universe, Householder, Householder,1012.57, Nonmover, Nonmover, Nonmover, Yes, Not in universe,0, Not in universe, Italy, Italy, United-States, Native- Born in the United States,0, Not in universe,2,0,0,94,-50000
5, Not in universe,0,0, Children, Not in universe, Never married, Not in universe or children, Not in universe, White, All other, Female, Not in universe, Not in universe, Children or Armed Forces,0,0,0, Nonfiler, Not in universe, Not in universe, Child <18 never marr not in subfamily, Child under 18 never married,3304.0, Nonmover, Nonmover, Nonmover, Yes, Not in universe,0, Both parents present, United-States, United-States, United-States, Native- Born in the United States,0, Not in universe,0,0,0,94,-50000
53, State government,43,2, Doctorate degree(PhD EdD), Not in universe, Married-civilian spouse present, Education, Executive admin and managerial, White, All other, Male, Not in universe, Not in universe, Full-time schedules,0,0,1, Joint both under 65, Not in universe, Not in universe, Householder, Householder,2747.95,,,, Not in universe under 1 year old,,6, Not in universe, United-States, United-States, United-States, Native- Born in the United States,0, Not in universe,2,52,0,95, 50000+.
28, Private,39,34, High school graduate, Not in universe, Divorced, Personal services except private HH, Precision production craft & repair, White, All other, Male, Not in universe, Not in universe, PT for non-econ reasons usually FT,0,0,0, Single, Not in universe, Not in universe, Nonfamily householder, Householder,496.16,,,, Not in universe under 1 year old,,6, Not in universe, United-States, United-States, United-States, Native- Born in the United States,2, Not in universe,2,48,0,95,-50000
34, State government,43,31, 10th grade, Not in universe, Married-civilian spouse present, Education, Other service, White, All other, Male, Not in universe, Not in universe, Full-time schedules,0,0,0, Joint both under 65, Not in universe, Not in universe, Householder, Householder,2503.42,,,, Not in universe under 1 year old,,6, Not in universe, United-States, United-States, United-States, Native- Born in the United States,0, Not in universe,2,52,0,95,-50000
14, Not in universe,0,0, Children, Not in universe, Never married, Not in universe or children, Not in universe, White, All other, Male, Not in universe, Not in universe, Children or Armed Forces,0,0,0, Nonfiler, Not in universe, Not in universe, Child <18 never marr not in subfamily, Child under 18 never married,2071.42, Nonmover, Nonmover, Nonmover, Yes, Not in universe,0, Both parents present, United-States, United-States, United-States, Native- Born in the United States,0, Not in universe,0,0,0,94,-50000
4, Not in universe,0,0, Children, Not in universe, Never married, Not in universe or children, Not in universe, White, All other, Female, Not in universe, Not in universe, Children or Armed Forces,0,0,0, Nonfiler, Not in universe, Not in universe, Grandchild <18 never marr not in subfamily, Other relative of householder,978.53,,,, Not in universe under 1 year old,,0, Neither parent present, United-States, United-States, United-States, Native- Born in the United States,0, Not in universe,0,0,0,95,-50000
34, Not in universe,0,0, 10th grade, Not in universe, Separated, Not in universe or children, Not in universe, White, All other, Female, Not in universe, Not in universe, Children or Armed Forces,0,0,0, Nonfiler, Not in universe, Not in universe, Householder, Householder,5002.53, Nonmover, Nonmover, Nonmover, Yes, Not in universe,0, Not in universe, United-States, United-States, United-States, Native- Born in the United States,0, Not in universe,2,0,0,94,-50000
23, Not in universe,0,0, 7th and 8th grade, High school, Never married, Not in universe or children, Not in universe, White, All other, Female, Not in universe, Not in universe, Children or Armed Forces,0,0,0, Nonfiler, Northeast, Michigan, Householder, Householder,1207.27, NonMSA to nonMSA, Same county, Same county, No, No,0, Not in universe, United-States, United-States, United-States, Native- Born in the United States,0, Not in universe,2,0,0,94,-50000
20, Not in universe,0,0, Some college but no degree, College or university, Never married, Not in universe or children, Not in universe, White, All other, Female, Not in universe, Not in universe, Not in labor force,0,0,0, Nonfiler, Not in universe, Not in universe, Child 18+ never marr Not in a subfamily, Child 18 or older,1100.84,,,, Not in universe under 1 year old,,0, Not in universe, United-States, United-States, United-States, Native- Born in the United States,0, Not in universe,2,0,0,95,-50000
61, Not in universe,0,0, Some college but no degree, Not in universe, Married-civilian spouse present, Not in universe or children, Not in universe, White, All other, Male, Not in universe, Not in universe, Not in labor force,0,0,0, Nonfiler, Not in universe, Not in universe, Householder, Householder,2262.55,,,, Not in universe under 1 year old,,0, Not in universe, United-States, United-States, United-States, Native- Born in the United States,0, Not in universe,2,0,0,95,-50000
16, Not in universe,0,0, 10th grade, High school, Never married, Not in universe or children, Not in universe, White, All other, Male, Not in universe, Not in universe, Not in labor force,0,0,0, Nonfiler, Not in universe, Not in universe, Child <18 never marr not in subfamily, Child under 18 never married,2000.27,,,, Not in universe under 1 year old,,0, Mother only present, United-States, United-States, United-States, Native- Born in the United States,0, Not in universe,2,0,0,95,-50000
62, Not in universe,0,0, High school graduate, Not in universe, Never married, Not in universe or children, Not in universe, White, Mexican-American, Male, Not in universe, Not in universe, Not in labor force,0,0,0, Single, Not in universe, Not in universe, Nonfamily householder, Householder,2014.92,,,, Not in universe under 1 year old,,0, Not in universe, United-States, United-States, United-States, Native- Born in the United States,0, Not in universe,2,0,0,95,-50000
15, Never worked,0,0, 10th grade, Not in universe, Never married, Not in universe or children, Not in universe, White, All other, Female, Not in universe, New entrant, Unemployed part- time,0,0,0, Nonfiler, Not in universe, Not in universe, Child <18 never marr not in subfamily, Child under 18 never married,1658.91,,,, Not in universe under 1 year old,,0, Mother only present, United-States,, United-States, Native- Born in the United States,0, Not in universe,2,0,0,95,-50000
60, Self-employed-incorporated,33,16, Bachelors degree(BA AB BS), Not in universe, Married-civilian spouse present, Retail trade, Sales, White, All other, Male, Not in universe, Not in universe, Full-time schedules,0,0,2000, Joint both under 65, Not in universe, Not in universe, Householder, Householder,1864.93,,,, Not in universe under 1 year old,,4, Not in universe, United-States, United-States, United-States, Native- Born in the United States,1, Not in universe,2,52,0,95,-50000
15, Not in universe,0,0, 7th and 8th grade, Not in universe, Never married, Not in universe or children, Not in universe, White, All other, Male, Not in universe, Not in universe, Not in labor force,0,0,0, Nonfiler, Not in universe, Not in universe, Child <18 never marr not in subfamily, Child under 18 never married,1163.07,,,, Not in universe under 1 year old,,0, Both parents present, United-States, United-States, United-States, Native- Born in the United States,0, Not in universe,2,0,0,95,-50000
51, Private,29,38, Some college but no degree, Not in universe, Never married, Transportation, Transportation and material moving, White, All other, Male, No, Not in universe, Children or Armed Forces,0,0,0, Single, Not in universe, Not in universe, Nonfamily householder, Householder,1461.73, Nonmover, Nonmover, Nonmover, Yes, Not in universe,6, Not in universe, United-States, United-States, United-States, Native- Born in the United States,2, Not in universe,2,50,690,94,-50000
0, Not in universe,0,0, Children, Not in universe, Never married, Not in universe or children, Not in universe, White, All other, Female, Not in universe, Not in universe, Children or Armed Forces,0,0,0, Nonfiler, Not in universe, Not in universe, Child <18 never marr not in subfamily, Child under 18 never married,2280.33, Not in universe, Not in universe, Not in universe, Not in universe under 1 year old, Not in universe,0, Both parents present, United-States, United-States, United-States, Native- Born in the United States,0, Not in universe,0,0,0,94,-50000
20, Private,19,35, High school graduate, Not in universe, Never married, Manufacturing-nondurable goods, Precision production craft & repair, Black, All other, Female, No, Not in universe, Children or Armed Forces,0,0,0, Head of household, South, Arkansas, Child 18+ never marr RP of subfamily, Child 18 or older,1913.57, NonMSA to nonMSA, Same county, Same county, No, Yes,4, Not in universe, United-States, United-States, United-States, Native- Born in the United States,0, Not in universe,2,52,575,94,-50000
35, Private,11,35, Associates degree-occup /vocational, Not in universe, Married-civilian spouse present, Manufacturing-durable goods, Precision production craft & repair, White, All other, Male, Not in universe, Not in universe, Full-time schedules,0,0,0, Joint both under 65, Not in universe, Not in universe, Householder, Householder,711.8,,,, Not in universe under 1 year old,,6, Not in universe, United-States, United-States, United-States, Native- Born in the United States,2, Not in universe,2,28,0,95,-50000
28, Private,22,35, High school graduate, Not in universe, Never married, Manufacturing-nondurable goods, Precision production craft & repair, White, All other, Male, Not in universe, Job leaver, Unemployed full-time,0,1721,0, Single, Not in universe, Not in universe, Secondary individual, Nonrelative of householder,1864.01,,,, Not in universe under 1 year old,,4, Not in universe, United-States, United-States, United-States, Native- Born in the United States,0, Not in universe,2,16,0,95,-50000
44, Private,4,34, Some college but no degree, Not in universe, Married-civilian spouse present, Construction, Precision production craft & repair, White, All other, Male, Not in universe, Not in universe, Full-time schedules,0,0,0, Joint both under 65, Not in universe, Not in universe, Householder, Householder,1870.18,,,, Not in universe under 1 year old,,3, Not in universe, United-States, United-States, United-States, Native- Born in the United States,0, Not in universe,2,52,0,95, 50000+.
13, Not in universe,0,0, Children, Not in universe, Never married, Not in universe or children, Not in universe, White, Mexican-American, Female, Not in universe, Not in universe, Children or Armed Forces,0,0,0, Nonfiler, Not in universe, Not in universe, Child <18 never marr not in subfamily, Child under 18 never married,1926.19, Nonmover, Nonmover, Nonmover, Yes, Not in universe,0, Both parents present, Mexico, United-States, United-States, Native- Born in the United States,0, Not in universe,0,0,0,94,-50000
9, Not in universe,0,0, Children, Not in universe, Never married, Not in universe or children, Not in universe, White, All other, Female, Not in universe, Not in universe, Children or Armed Forces,0,0,0, Nonfiler, Not in universe, Not in universe, Child <18 never marr not in subfamily, Child under 18 never married,2554.07, Nonmover, Nonmover, Nonmover, Yes, Not in universe,0, Both parents present,,,, Foreign born- U S citizen by naturalization,0, Not in universe,0,0,0,94,-50000
1, Not in universe,0,0, Children, Not in universe, Never married, Not in universe or children, Not in universe, White, All other, Male, Not in universe, Not in universe, Children or Armed Forces,0,0,0, Nonfiler, Not in universe, Not in universe, Child <18 never marr not in subfamily, Child under 18 never married,837.3, Nonmover, Nonmover, Nonmover, Yes, Not in universe,0, Both parents present, United-States, United-States, United-States, Native- Born in the United States,0, Not in universe,0,0,0,94,-50000
9, Not in universe,0,0, Children, Not in universe, Never married, Not in universe or children, Not in universe, White, All other, Male, Not in universe, Not in universe, Children or Armed Forces,0,0,0, Nonfiler, Not in universe, Not in universe, Child <18 never marr not in subfamily, Child under 18 never married,2005.88, Nonmover, Nonmover, Nonmover, Yes, Not in universe,0, Both parents present, United-States, United-States, United-States, Native- Born in the United States,0, Not in universe,0,0,0,94,-50000
40, Private,32,16, High school graduate, Not in universe, Married-civilian spouse present, Wholesale trade, Sales, White, All other, Male, No, Not in universe, Unemployed part- time,15024,0,250, Joint both under 65, Not in universe, Not in universe, Householder, Householder,304.27,,,, Not in universe under 1 year old,,1, Not in universe, United-States, United-States, United-States, Native- Born in the United States,0, Not in universe,2,52,0,95, 50000+.
67, Private,33,19, High school graduate, Not in universe, Divorced, Retail trade, Sales, White, All other, Female, No, Not in universe, Children or Armed Forces,0,0,0, Single, Not in universe, Not in universe, Nonfamily householder, Householder,1926.09, Nonmover, Nonmover, Nonmover, Yes, Not in universe,6, Not in universe, Italy, Italy, United-States, Native- Born in the United States,0, Not in universe,2,52,535,94,-50000
7, Not in universe,0,0, Children, Not in universe, Never married, Not in universe or children, Not in universe, White, All other, Female, Not in universe, Not in universe, Children or Armed Forces,0,0,0, Nonfiler, Not in universe, Not in universe, Child <18 never marr not in subfamily, Child under 18 never married,1988.24, Nonmover, Nonmover, Nonmover, Yes, Not in universe,0, Both parents present, United-States, United-States, United-States, Native- Born in the United States,0, Not in universe,0,0,0,94,-50000
39, Private,29,26, High school graduate, Not in universe, Married-civilian spouse present, Transportation, Adm support including clerical, White, NA, Female, No, Not in universe, Full-time schedules,0,0,0, Joint both under 65, Not in universe, Not in universe, Spouse of householder, Spouse of householder,1558.31,,,, Not in universe under 1 year old,,6, Not in universe, United-States, United-States, United-States, Native- Born in the United States,2, Not in universe,2,52,0,95,-50000
22, Private,33,28, Some college but no degree, Not in universe, Never married, Retail trade, Protective services, White, All other, Male, Not in universe, Not in universe, Children or Armed Forces,0,0,0, Single, Northeast, North Carolina, Child 18+ never marr Not in a subfamily, Child 18 or older,2332.64, MSA to MSA, Different county same state, Different county same state, No, No,2, Not in universe, United-States, United-States, United-States, Native- Born in the United States,2, Not in universe,2,40,0,94,-50000
32, Local government,43,10, Bachelors degree(BA AB BS), Not in universe, Married-civilian spouse present, Education, Professional specialty, White, Mexican-American, Male, Not in universe, Not in universe, Full-time schedules,0,0,0, Joint both under 65, Not in universe, Not in universe, Householder, Householder,826.86,,,, Not in universe under 1 year old,,5, Not in universe, United-States, United-States, United-States, Native- Born in the United States,0, Not in universe,2,52,0,95,-50000
35, Private,32,18, High school graduate, Not in universe, Married-civilian spouse present, Wholesale trade, Sales, White, All other, Male, Yes, Not in universe, Full-time schedules,0,0,100, Joint both under 65, Not in universe, Not in universe, Householder, Householder,2293.38,,,, Not in universe under 1 year old,,4, Not in universe, United-States, United-States, United-States, Native- Born in the United States,0, Not in universe,2,52,0,95,-50000
1, Not in universe,0,0, Children, Not in universe, Never married, Not in universe or children, Not in universe, White, All other, Female, Not in universe, Not in universe, Children or Armed Forces,0,0,0, Nonfiler, South, Utah, Grandchild <18 never marr not in subfamily, Other relative of householder,3191.24, MSA to MSA, Different state same division, Different state in South, No, Yes,0, Neither parent present, United-States, United-States, United-States, Native- Born in the United States,0, Not in universe,0,0,0,94,-50000
27, Local government,43,10, Bachelors degree(BA AB BS), Not in universe, Married-civilian spouse present, Education, Professional specialty, White, All other, Female, Not in universe, Not in universe, PT for econ reasons usually PT,0,0,0, Joint both under 65, Not in universe, Not in universe, Spouse of householder, Spouse of householder,5836.04,,,, Not in universe under 1 year old,,4, Not in universe, United-States, United-States, United-States, Native- Born in the United States,0, Not in universe,2,52,0,95,-50000
77, Not in universe,0,0, 5th or 6th grade, Not in universe, Married-civilian spouse present, Not in universe or children, Not in universe, White, All other, Male, Not in universe, Not in universe, Children or Armed Forces,0,0,150, Joint both 65+, Not in universe, Not in universe, Householder, Householder,1394.93, Nonmover, Nonmover, Nonmover, Yes, Not in universe,0, Not in universe, United-States, United-States, United-States, Native- Born in the United States,0, Not in universe,2,0,0,94,-50000
36, Private,34,26, High school graduate, Not in universe, Married-civilian spouse present, Finance insurance and real estate, Adm support including clerical, White, All other, Female, Not in universe, Not in universe, Children or Armed Forces,0,0,0, Joint both under 65, Not in universe, Not in universe, Spouse of householder, Spouse of householder,2282.23, Nonmover, Nonmover, Nonmover, Yes, Not in universe,5, Not in universe, United-States, United-States, United-States, Native- Born in the United States,0, Not in universe,2,52,0,94,-50000
13, Not in universe,0,0, Children, Not in universe, Never married, Not in universe or children, Not in universe, White, All other, Female, Not in universe, Not in universe, Children or Armed Forces,0,0,0, Nonfiler, Not in universe, Not in universe, Child <18 never marr not in subfamily, Child under 18 never married,737.22, Nonmover, Nonmover, Nonmover, Yes, Not in universe,0, Both parents present, United-States, United-States, United-States, Native- Born in the United States,0, Not in universe,0,0,0,94,-50000
24, Local government,43,10, Bachelors degree(BA AB BS), College or university, Married-civilian spouse present, Education, Professional specialty, White, All other, Male, Not in universe, Not in universe, Children or Armed Forces,0,0,0, Joint both under 65, West, West Virginia, Householder, Householder,3105.96, MSA to MSA, Same county, Same county, No, No,2, Not in universe, United-States, United-States, Germany, Native- Born abroad of American Parent(s),2, Not in universe,2,52,0,94,-50000
31, Private,42,30, Associates degree-occup /vocational, Not in universe, Married-A F spouse present, Medical except hospital, Other service, White, All other, Female, Not in universe, Not in universe, Full-time schedules,0,0,0, Joint both under 65, Not in universe, Not in universe, Spouse of householder, Spouse of householder,282.75,,,, Not in universe under 1 year old,,1, Not in universe, United-States, United-States, United-States, Native- Born in the United States,0, Not in universe,2,52,0,95,-50000
31, Self-employed-not incorporated,33,19, High school graduate, Not in universe, Married-civilian spouse present, Retail trade, Sales, White, All other, Female, Not in universe, Not in universe, PT for non-econ reasons usually FT,0,0,0, Joint both under 65, Not in universe, Not in universe, Householder, Householder,1568.89,,,, Not in universe under 1 year old,,0, Not in universe, United-States, United-States, United-States, Native- Born in the United States,0, Not in universe,2,0,0,95,-50000
18, Private,33,19, 11th grade, High school, Never married, Retail trade, Sales, White, All other, Male, Not in universe, Not in universe, Full-time schedules,0,0,0, Nonfiler, Not in universe, Not in universe, Child 18+ never marr Not in a subfamily, Child 18 or older,716.96,,,, Not in universe under 1 year old,,6, Not in universe, United-States, United-States, United-States, Native- Born in the United States,0, Not in universe,2,8,0,95,-50000
55, Private,41,13, Some college but no degree, Not in universe, Divorced, Hospital services, Technicians and related support, White, All other, Female, Not in universe, Not in universe, Children or Armed Forces,0,0,0, Single, Not in universe, Not in universe, Nonfamily householder, Householder,2750.53, Nonmover, Nonmover, Nonmover, Yes, Not in universe,4, Not in universe, United-States, United-States, United-States, Native- Born in the United States,0, Not in universe,2,52,0,94,-50000
39, Private,19,39, High school graduate, Not in universe, Never married, Manufacturing-nondurable goods, Transportation and material moving, Black, All other, Male, Yes, Not in universe, Full-time schedules,0,0,0, Single, Not in universe, Not in universe, Nonfamily householder, Householder,3109.2,,,, Not in universe under 1 year old,,4, Not in universe, United-States, United-States, United-States, Native- Born in the United States,0, Not in universe,2,52,910,95,-50000
21, Federal government,15,26, Some college but no degree, College or university, Never married, Manufacturing-durable goods, Adm support including clerical, Black, All other, Female, No, Not in universe, Full-time schedules,0,0,0, Nonfiler, Not in universe, Not in universe, Householder, Householder,1674.43,,,, Not in universe under 1 year old,,6, Not in universe, United-States, United-States, United-States, Native- Born in the United States,0, Not in universe,2,40,600,95,-50000
37, Not in universe,0,0, Bachelors degree(BA AB BS), Not in universe, Married-civilian spouse present, Not in universe or children, Not in universe, White, All other, Female, Not in universe, Not in universe, Not in labor force,0,0,0, Joint both under 65, Not in universe, Not in universe, Spouse of householder, Spouse of householder,1966.15,,,, Not in universe under 1 year old,,0, Not in universe, United-States, United-States, United-States, Native- Born in the United States,0, Not in universe,2,0,0,95,-50000
0, Not in universe,0,0, Children, Not in universe, Never married, Not in universe or children, Not in universe, White, All other, Female, Not in universe, Not in universe, Children or Armed Forces,0,0,0, Nonfiler, Not in universe, Not in universe, Child <18 never marr not in subfamily, Child under 18 never married,3794.86, Not in universe, Not in universe, Not in universe, Not in universe under 1 year old, Not in universe,0, Both parents present, United-States, India, United-States, Native- Born in the United States,0, Not in universe,0,0,0,94,-50000
10, Not in universe,0,0, Children, Not in universe, Never married, Not in universe or children, Not in universe, Black, All other, Male, Not in universe, Not in universe, Children or Armed Forces,0,0,0, Nonfiler, Not in universe, Not in universe, Child <18 never marr not in subfamily, Child under 18 never married,1571.83,,,, Not in universe under 1 year old,,0, Both parents present, United-States, United-States, United-States, Native- Born in the United States,0, Not in universe,0,0,0,95,-50000
20, Private,34,26, Some college but no degree, College or university, Never married, Finance insurance and real estate, Adm support including clerical, White, All other, Female, Not in universe, Not in universe, Children or Armed Forces,0,0,0, Single, West, California, In group quarters, Group Quarters- Secondary individual,3531.65, MSA to MSA, Same county, Same county, No, Yes,6, Not in universe,,,, Foreign born- U S citizen by naturalization,2, Not in universe,2,8,0,94,-50000
5, Not in universe,0,0, Children, Not in universe, Never married, Not in universe or children, Not in universe, White, All other, Female, Not in universe, Not in universe, Children or Armed Forces,0,0,0, Nonfiler, Not in universe, Not in universe, Child <18 never marr not in subfamily, Child under 18 never married,1631.81, Nonmover, Nonmover, Nonmover, Yes, Not in universe,0, Both parents present, United-States, United-States, United-States, Native- Born in the United States,0, Not in universe,0,0,0,94,-50000
7, Not in universe,0,0, Children, Not in universe, Never married, Not in universe or children, Not in universe, White, Puerto Rican, Male, Not in universe, Not in universe, Children or Armed Forces,0,0,0, Nonfiler, Not in universe, Not in universe, Child <18 never marr not in subfamily, Child under 18 never married,895.83,,,, Not in universe under 1 year old,,0, Mother only present, United-States, United-States, United-States, Native- Born in the United States,0, Not in universe,0,0,0,95,-50000
9, Not in universe,0,0, Children, Not in universe, Never married, Not in universe or children, Not in universe, White, All other, Male, Not in universe, Not in universe, Children or Armed Forces,0,0,0, Nonfiler, Not in universe, Not in universe, Child <18 never marr not in subfamily, Child under 18 never married,2752.57, Nonmover, Nonmover, Nonmover, Yes, Not in universe,0, Both parents present, United-States, United-States, United-States, Native- Born in the United States,0, Not in universe,0,0,0,94,-50000
27, Private,6,44, Less than 1st grade, Not in universe, Married-civilian spouse present, Manufacturing-durable goods, Farming forestry and fishing, White, Mexican (Mexicano), Male, No, Not in universe, Children or Armed Forces,41310,0,0, Joint both under 65, Abroad, Abroad, Other Rel 18+ ever marr RP of subfamily, Other relative of householder,1010.07, Abroad to MSA, Abroad, Abroad, No, No,1, Not in universe, Mexico, Mexico, Mexico, Foreign born- Not a citizen of U S ,0, Not in universe,2,20,0,94,-50000
3, Not in universe,0,0, Children, Not in universe, Never married, Not in universe or children, Not in universe, White, Mexican (Mexicano), Male, Not in universe, Not in universe, Children or Armed Forces,0,0,0, Nonfiler, Not in universe, Not in universe, Child <18 never marr not in subfamily, Child under 18 never married,2089.55,,,, Not in universe under 1 year old,,0, Both parents present, Mexico, Mexico, Mexico, Foreign born- Not a citizen of U S ,0, Not in universe,0,0,0,95,-50000
41, Private,13,37, Some college but no degree, Not in universe, Divorced, Manufacturing-durable goods, Machine operators assmblrs & inspctrs, White, All other, Male, No, Not in universe, Children or Armed Forces,0,0,0, Single, Not in universe, Not in universe, Nonfamily householder, Householder,1602.53, Nonmover, Nonmover, Nonmover, Yes, Not in universe,4, Not in universe, United-States, United-States, United-States, Native- Born in the United States,0, Not in universe,2,52,1032,94,-50000
19, Not in universe,0,0, High school graduate, College or university, Never married, Not in universe or children, Not in universe, White, All other, Female, Not in universe, Not in universe, Not in labor force,0,0,240, Nonfiler, Not in universe, Not in universe, Child 18+ never marr Not in a subfamily, Child 18 or older,1112.81,,,, Not in universe under 1 year old,,0, Not in universe, United-States, United-States, United-States, Native- Born in the United States,0, Not in universe,2,0,0,95,-50000
16, Not in universe,0,0, 9th grade, High school, Never married, Not in universe or children, Not in universe, White, Mexican-American, Male, Not in universe, Not in universe, Not in labor force,0,0,0, Nonfiler, Not in universe, Not in universe, Child <18 never marr not in subfamily, Child under 18 never married,1157.39,,,, Not in universe under 1 year old,,0, Mother only present, United-States, United-States, United-States, Native- Born in the United States,0, Not in universe,2,0,0,95,-50000
8, Not in universe,0,0, Children, Not in universe, Never married, Not in universe or children, Not in universe, White, All other, Female, Not in universe, Not in universe, Children or Armed Forces,0,0,0, Nonfiler, Not in universe, Not in universe, Child <18 never marr not in subfamily, Child under 18 never married,922.07,,,, Not in universe under 1 year old,,0, Both parents present, United-States, United-States, United-States, Native- Born in the United States,0, Not in universe,0,0,0,95,-50000
40, Self-employed-incorporated,39,12, Bachelors degree(BA AB BS), Not in universe, Married-civilian spouse present, Personal services except private HH, Professional specialty, White, All other, Male, Not in universe, Not in universe, Full-time schedules,0,0,0, Joint both under 65, Not in universe, Not in universe, Householder, Householder,1105.65,,,, Not in universe under 1 year old,,1, Not in universe, United-States, United-States, United-States, Native- Born in the United States,0, Not in universe,2,52,0,95,-50000
5, Not in universe,0,0, Children, Not in universe, Never married, Not in universe or children, Not in universe, White, Mexican-American, Female, Not in universe, Not in universe, Children or Armed Forces,0,0,0, Nonfiler, Not in universe, Not in universe, Child <18 never marr not in subfamily, Child under 18 never married,335.8,,,, Not in universe under 1 year old,,0, Mother only present, Mexico, United-States, United-States, Native- Born in the United States,0, Not in universe,0,0,0,95,-50000
56, Not in universe,0,0, 7th and 8th grade, Not in universe, Divorced, Not in universe or children, Not in universe, White, All other, Female, Not in universe, Not in universe, Children or Armed Forces,0,0,0, Nonfiler, Not in universe, Not in universe, Nonfamily householder, Householder,1428.46, Nonmover, Nonmover, Nonmover, Yes, Not in universe,0, Not in universe, United-States, United-States, United-States, Native- Born in the United States,0, Not in universe,2,0,0,94,-50000
66, Not in universe,0,0, 5th or 6th grade, Not in universe, Widowed, Not in universe or children, Not in universe, Black, All other, Male, Not in universe, Not in universe, Not in labor force,0,0,0, Nonfiler, Not in universe, Not in universe, Nonfamily householder, Householder,2665.09,,,, Not in universe under 1 year old,,0, Not in universe, United-States, United-States, United-States, Native- Born in the United States,0, Not in universe,2,0,0,95,-50000
63, Not in universe,0,0, Associates degree-academic program, Not in universe, Married-civilian spouse present, Not in universe or children, Not in universe, White, All other, Male, Not in universe, Not in universe, Not in labor force,0,0,0, Joint both under 65, Not in universe, Not in universe, Householder, Householder,2164.31,,,, Not in universe under 1 year old,,0, Not in universe, United-States, United-States, United-States, Native- Born in the United States,0, Not in universe,2,0,0,95,-50000
29, Self-employed-not incorporated,45,4, Masters degree(MA MS MEng MEd MSW MBA), Not in universe, Married-civilian spouse present, Other professional services, Professional specialty, White, All other, Male, Not in universe, Not in universe, Full-time schedules,0,0,0, Joint both under 65, Not in universe, Not in universe, Householder, Householder,849.71,,,, Not in universe under 1 year old,,1, Not in universe, United-States, United-States, United-States, Native- Born in the United States,0, Not in universe,2,52,0,95, 50000+.
50, Not in universe,0,0, Some college but no degree, Not in universe, Married-civilian spouse present, Not in universe or children, Not in universe, White, All other, Female, Not in universe, Not in universe, Children or Armed Forces,0,0,250, Joint both under 65, West, California, Spouse of householder, Spouse of householder,1813.39, MSA to MSA, Different region, Different state in West, No, Yes,0, Not in universe, United-States, United-States, United-States, Native- Born in the United States,0, Not in universe,2,0,0,94,-50000
24, Private,39,31, 12th grade no diploma, Not in universe, Married-civilian spouse present, Personal services except private HH, Other service, Other, Central or South American, Female, Not in universe, Not in universe, Children or Armed Forces,0,0,0, Joint both under 65, Not in universe, Not in universe, Spouse of householder, Spouse of householder,1326.13, Nonmover, Nonmover, Nonmover, Yes, Not in universe,2, Not in universe, El-Salvador, El-Salvador, El-Salvador, Foreign born- Not a citizen of U S ,0, Not in universe,2,8,0,94,-50000
23, Private,33,19, Some college but no degree, College or university, Never married, Retail trade, Sales, White, All other, Female, Not in universe, Not in universe, Full-time schedules,0,0,0, Single, Not in universe, Not in universe, Child 18+ never marr Not in a subfamily, Child 18 or older,2583.37,,,, Not in universe under 1 year old,,4, Not in universe, United-States, United-States, United-States, Native- Born in the United States,2, Not in universe,2,52,0,95,-50000
74, Not in universe,0,0, 9th grade, Not in universe, Widowed, Not in universe or children, Not in universe, White, All other, Female, Not in universe, Not in universe, Children or Armed Forces,0,0,0, Single, South, Maine, Nonfamily householder, Householder,2721.46, NonMSA to nonMSA, Different county same state, Different county same state, No, Yes,0, Not in universe, United-States, United-States, United-States, Native- Born in the United States,0, Not in universe,2,0,0,94,-50000
32, Private,37,42, Bachelors degree(BA AB BS), Not in universe, Married-civilian spouse present, Business and repair services, Handlers equip cleaners etc , White, All other, Female, Not in universe, Not in universe, Full-time schedules,0,0,0, Joint both under 65, Not in universe, Not in universe, Spouse of householder, Spouse of householder,2253.87,,,, Not in universe under 1 year old,,3, Not in universe, Poland, Poland, Poland, Foreign born- Not a citizen of U S ,0, Not in universe,2,52,0,95,-50000
60, Local government,43,12, Masters degree(MA MS MEng MEd MSW MBA), Not in universe, Widowed, Education, Professional specialty, White, All other, Female, Not in universe, Other job loser, Unemployed full-time,0,0,0, Single, Not in universe, Not in universe, Householder, Householder,1500.59,,,, Not in universe under 1 year old,,0, Not in universe, United-States, United-States, United-States, Native- Born in the United States,0, Not in universe,2,0,0,95,-50000
34, Private,11,36, High school graduate, Not in universe, Married-civilian spouse present, Manufacturing-durable goods, Machine operators assmblrs & inspctrs, Black, All other, Male, Not in universe, Not in universe, Children or Armed Forces,0,0,0, Joint both under 65, Not in universe, Not in universe, Householder, Householder,2234.39, Nonmover, Nonmover, Nonmover, Yes, Not in universe,5, Not in universe, United-States, United-States, United-States, Native- Born in the United States,0, Not in universe,2,52,0,94,-50000
34, Private,33,26, Bachelors degree(BA AB BS), Not in universe, Never married, Retail trade, Adm support including clerical, White, All other, Male, Not in universe, Not in universe, Children or Armed Forces,0,0,0, Single, Not in universe, Not in universe, Child 18+ never marr Not in a subfamily, Child 18 or older,1040.57, Nonmover, Nonmover, Nonmover, Yes, Not in universe,5, Not in universe, United-States, United-States, United-States, Native- Born in the United States,0, Not in universe,2,52,0,94,-50000
10, Not in universe,0,0, Children, Not in universe, Never married, Not in universe or children, Not in universe, Black, All other, Female, Not in universe, Not in universe, Children or Armed Forces,0,0,0, Nonfiler, Not in universe, Not in universe, Child <18 never marr not in subfamily, Child under 18 never married,2501.24, Nonmover, Nonmover, Nonmover, Yes, Not in universe,0, Both parents present, United-States, United-States, United-States, Native- Born in the United States,0, Not in universe,0,0,0,94,-50000
79, Not in universe,0,0, 5th or 6th grade, Not in universe, Married-civilian spouse present, Not in universe or children, Not in universe, White, All other, Male, Not in universe, Not in universe, Children or Armed Forces,0,0,0, Nonfiler, Not in universe, Not in universe, Householder, Householder,1424.37, Nonmover, Nonmover, Nonmover, Yes, Not in universe,0, Not in universe, United-States, United-States, United-States, Native- Born in the United States,0, Not in universe,2,0,0,94,-50000
6, Not in universe,0,0, Children, Not in universe, Never married, Not in universe or children, Not in universe, White, Other Spanish, Female, Not in universe, Not in universe, Children or Armed Forces,0,0,0, Nonfiler, Not in universe, Not in universe, Child <18 never marr not in subfamily, Child under 18 never married,1066.15,,,, Not in universe under 1 year old,,0, Both parents present, United-States, United-States, United-States, Native- Born in the United States,0, Not in universe,0,0,0,95,-50000
52, Private,42,7, Prof school degree (MD DDS DVM LLB JD), Not in universe, Married-civilian spouse present, Medical except hospital, Professional specialty, White, All other, Male, No, Not in universe, Children or Armed Forces,15024,0,934, Joint both under 65, Not in universe, Not in universe, Householder, Householder,1875.01, Nonmover, Nonmover, Nonmover, Yes, Not in universe,3, Not in universe, Scotland, United-States, United-States, Native- Born in the United States,1, Not in universe,2,52,0,94, 50000+.
53, Private,43,2, Masters degree(MA MS MEng MEd MSW MBA), Not in universe, Married-civilian spouse present, Education, Executive admin and managerial, White, All other, Male, Not in universe, Not in universe, Full-time schedules,0,0,0, Joint both under 65, Not in universe, Not in universe, Householder, Householder,2005.99,,,, Not in universe under 1 year old,,4, Not in universe, United-States, United-States, United-States, Native- Born in the United States,0, Not in universe,2,52,0,95, 50000+.
47, Private,39,32, High school graduate, Not in universe, Married-civilian spouse present, Personal services except private HH, Other service, White, All other, Female, No, Not in universe, Children or Armed Forces,0,0,0, Joint both under 65, Not in universe, Not in universe, Spouse of householder, Spouse of householder,2625.77, Nonmover, Nonmover, Nonmover, Yes, Not in universe,1, Not in universe, United-States, United-States, United-States, Native- Born in the United States,0, Not in universe,2,52,425,94,-50000
3, Not in universe,0,0, Children, Not in universe, Never married, Not in universe or children, Not in universe, White, All other, Female, Not in universe, Not in universe, Children or Armed Forces,0,0,0, Nonfiler, Not in universe, Not in universe, Grandchild <18 never marr child of subfamily RP, Other relative of householder,740.6, Nonmover, Nonmover, Nonmover, Yes, Not in universe,0, Mother only present, United-States, United-States, United-States, Native- Born in the United States,0, Not in universe,0,0,0,94,-50000
78, Not in universe,0,0, Some college but no degree, Not in universe, Widowed, Not in universe or children, Not in universe, White, All other, Female, Not in universe, Not in universe, Children or Armed Forces,0,0,0, Single, Not in universe, Not in universe, Nonfamily householder, Householder,1669.35, Nonmover, Nonmover, Nonmover, Yes, Not in universe,0, Not in universe, United-States, United-States, United-States, Native- Born in the United States,0, Not in universe,2,0,0,94,-50000
13, Not in universe,0,0, Children, Not in universe, Never married, Not in universe or children, Not in universe, White, All other, Male, Not in universe, Not in universe, Children or Armed Forces,0,0,0, Nonfiler, Not in universe, Not in universe, Child <18 never marr not in subfamily, Child under 18 never married,2031.79, Nonmover, Nonmover, Nonmover, Yes, Not in universe,0, Both parents present,,,, Foreign born- Not a citizen of U S ,0, Not in universe,0,0,0,94,-50000
61, Not in universe,0,0, High school graduate, Not in universe, Married-civilian spouse present, Not in universe or children, Not in universe, White, All other, Female, Not in universe, Not in universe, Children or Armed Forces,0,0,0, Joint both under 65, Not in universe, Not in universe, Spouse of householder, Spouse of householder,1758.22, Nonmover, Nonmover, Nonmover, Yes, Not in universe,0, Not in universe, United-States, United-States, United-States, Native- Born in the United States,0, Not in universe,2,0,0,94,-50000
50, Private,29,41, 7th and 8th grade, Not in universe, Never married, Transportation, Handlers equip cleaners etc , White, All other, Male, Not in universe, Other job loser, Unemployed full-time,0,0,0, Single, Not in universe, Not in universe, Nonfamily householder, Householder,1749.74,,,, Not in universe under 1 year old,,3, Not in universe, United-States, United-States, United-States, Native- Born in the United States,2, Not in universe,2,26,0,95,-50000
5, Not in universe,0,0, Children, Not in universe, Never married, Not in universe or children, Not in universe, White, All other, Female, Not in universe, Not in universe, Children or Armed Forces,0,0,0, Nonfiler, Not in universe, Not in universe, Child <18 never marr not in subfamily, Child under 18 never married,1934.1,,,, Not in universe under 1 year old,,0, Both parents present, United-States, United-States, United-States, Native- Born in the United States,0, Not in universe,0,0,0,95,-50000
51, Federal government,29,41, Some college but no degree, Not in universe, Married-civilian spouse present, Transportation, Handlers equip cleaners etc , Other, Central or South American, Male, Not in universe, Not in universe, Children or Armed Forces,0,0,0, Joint both under 65, Not in universe, Not in universe, Householder, Householder,1014.55, Nonmover, Nonmover, Nonmover, Yes, Not in universe,6, Not in universe,, United-States,, Native- Born abroad of American Parent(s),2, Not in universe,2,26,0,94,-50000
60, Not in universe,0,0, High school graduate, Not in universe, Divorced, Not in universe or children, Not in universe, White, All other, Male, Not in universe, Not in universe, Not in labor force,0,0,0, Nonfiler, Not in universe, Not in universe, Other Rel 18+ ever marr not in subfamily, Other relative of householder,1381.93,,,, Not in universe under 1 year old,,0, Not in universe, United-States, United-States, United-States, Native- Born in the United States,0, Yes,1,0,0,95,-50000
77, Not in universe,0,0, High school graduate, Not in universe, Married-civilian spouse present, Not in universe or children, Not in universe, White, All other, Female, Not in universe, Not in universe, Not in labor force,0,0,431, Joint both 65+, Not in universe, Not in universe, Spouse of householder, Spouse of householder,1788.4,,,, Not in universe under 1 year old,,0, Not in universe, Italy, Italy, United-States, Native- Born in the United States,0, Not in universe,2,0,0,95,-50000
2, Not in universe,0,0, Children, Not in universe, Never married, Not in universe or children, Not in universe, Asian or Pacific Islander, All other, Female, Not in universe, Not in universe, Children or Armed Forces,0,0,0, Nonfiler, Not in universe, Not in universe, Child <18 never marr not in subfamily, Child under 18 never married,3113.74, Nonmover, Nonmover, Nonmover, Yes, Not in universe,0, Both parents present, United-States, India, United-States, Native- Born in the United States,0, Not in universe,0,0,0,94,-50000
17, Private,33,29, 12th grade no diploma, High school, Never married, Retail trade, Other service, White, All other, Female, Not in universe, Not in universe, Children or Armed Forces,0,1721,0, Single, Not in universe, Not in universe, Child <18 never marr not in subfamily, Child under 18 never married,985.89, Nonmover, Nonmover, Nonmover, Yes, Not in universe,2, Both parents present, United-States, United-States, United-States, Native- Born in the United States,0, Not in universe,2,52,0,94,-50000
37, Not in universe,0,0, Associates degree-academic program, Not in universe, Married-civilian spouse present, Not in universe or children, Not in universe, White, All other, Female, Not in universe, Not in universe, Not in labor force,0,0,0, Joint both under 65, Not in universe, Not in universe, Spouse of householder, Spouse of householder,1901.77,,,, Not in universe under 1 year old,,0, Not in universe,,,, Foreign born- U S citizen by naturalization,0, Not in universe,2,0,0,95,-50000
74, Not in universe,0,0, High school graduate, Not in universe, Married-civilian spouse present, Not in universe or children, Not in universe, White, All other, Male, Not in universe, Not in universe, Children or Armed Forces,0,0,0, Joint both 65+, Not in universe, Not in universe, Spouse of householder, Spouse of householder,1059.34, Nonmover, Nonmover, Nonmover, Yes, Not in universe,0, Not in universe, Italy, Italy, United-States, Native- Born in the United States,0, Not in universe,2,0,0,94,-50000
28, State government,48,1, Masters degree(MA MS MEng MEd MSW MBA), Not in universe, Married-civilian spouse present, Public administration, Executive admin and managerial, White, All other, Male, Not in universe, Not in universe, Children or Armed Forces,0,0,0, Joint both under 65, Not in universe, Not in universe, Householder, Householder,484.83, Nonmover, Nonmover, Nonmover, Yes, Not in universe,1, Not in universe, United-States, United-States, United-States, Native- Born in the United States,2, Not in universe,2,52,0,94,-50000
6, Not in universe,0,0, Children, Not in universe, Never married, Not in universe or children, Not in universe, White, All other, Male, Not in universe, Not in universe, Children or Armed Forces,0,0,0, Nonfiler, Not in universe, Not in universe, Child <18 never marr not in subfamily, Child under 18 never married,1582.37,,,, Not in universe under 1 year old,,0, Both parents present, United-States, United-States, United-States, Native- Born in the United States,0, Not in universe,0,0,0,95,-50000
12, Not in universe,0,0, Children, Not in universe, Never married, Not in universe or children, Not in universe, White, All other, Female, Not in universe, Not in universe, Children or Armed Forces,0,0,0, Nonfiler, Not in universe, Not in universe, Child <18 never marr not in subfamily, Child under 18 never married,1070.73,,,, Not in universe under 1 year old,,0, Both parents present, United-States, United-States, United-States, Native- Born in the United States,0, Not in universe,0,0,0,95,-50000
59, Not in universe,0,0, Some college but no degree, Not in universe, Married-civilian spouse present, Not in universe or children, Not in universe, White, All other, Male, Not in universe, Not in universe, Children or Armed Forces,0,0,1342, Joint both under 65, Not in universe, Not in universe, Householder, Householder,1013.31, Nonmover, Nonmover, Nonmover, Yes, Not in universe,0, Not in universe, United-States, United-States, United-States, Native- Born in the United States,0, Not in universe,2,0,0,94,-50000
34, Private,39,32, Some college but no degree, Not in universe, Divorced, Personal services except private HH, Other service, White, All other, Female, Not in universe, Not in universe, Full-time schedules,0,0,0, Nonfiler, Not in universe, Not in universe, Householder, Householder,3535.71,,,, Not in universe under 1 year old,,0, Not in universe, United-States, United-States, United-States, Native- Born in the United States,0, Not in universe,2,0,0,95,-50000
38, Private,15,15, High school graduate, Not in universe, Divorced, Manufacturing-durable goods, Technicians and related support, White, All other, Male, Not in universe, Not in universe, Children or Armed Forces,0,0,0, Single, Not in universe, Not in universe, Nonfamily householder, Householder,1619.19, Nonmover, Nonmover, Nonmover, Yes, Not in universe,3, Not in universe, United-States, United-States, United-States, Native- Born in the United States,0, Not in universe,2,52,0,94,-50000
0, Not in universe,0,0, Children, Not in universe, Never married, Not in universe or children, Not in universe, Other, All other, Male, Not in universe, Not in universe, Children or Armed Forces,0,0,0, Nonfiler, Not in universe, Not in universe, Secondary individual, Nonrelative of householder,2258.78, Not in universe, Not in universe, Not in universe, Not in universe under 1 year old, Not in universe,0, Not in universe, United-States, United-States, United-States, Native- Born in the United States,0, Not in universe,2,0,0,94,-50000
20, Not in universe,0,0, Some college but no degree, College or university, Never married, Not in universe or children, Not in universe, White, All other, Male, Not in universe, Not in universe, Children or Armed Forces,0,0,0, Single, Not in universe, Not in universe, Child 18+ never marr Not in a subfamily, Child 18 or older,4318.34, Nonmover, Nonmover, Nonmover, Yes, Not in universe,4, Not in universe, United-States, United-States, United-States, Native- Born in the United States,2, Not in universe,2,44,0,94,-50000
62, Private,35,31, High school graduate, Not in universe, Married-civilian spouse present, Finance insurance and real estate, Other service, White, All other, Male, Not in universe, Not in universe, Not in labor force,0,0,0, Joint one under 65 & one 65+, Not in universe, Not in universe, Householder, Householder,967.14,,,, Not in universe under 1 year old,,3, Not in universe, United-States, United-States, United-States, Native- Born in the United States,0, Not in universe,2,52,0,95,-50000
19, Private,42,26, Some college but no degree, College or university, Never married, Medical except hospital, Adm support including clerical, Asian or Pacific Islander, All other, Male, Not in universe, Not in universe, Not in labor force,0,0,30, Single, Not in universe, Not in universe, Child 18+ never marr Not in a subfamily, Child 18 or older,1373.0,,,, Not in universe under 1 year old,,1, Not in universe, Thailand, Thailand, United-States, Native- Born in the United States,0, Not in universe,2,15,0,95,-50000
14, Not in universe,0,0, Children, Not in universe, Never married, Not in universe or children, Not in universe, Asian or Pacific Islander, All other, Female, Not in universe, Not in universe, Children or Armed Forces,0,0,0, Nonfiler, Not in universe, Not in universe, Child <18 never marr not in subfamily, Child under 18 never married,530.25,,,, Not in universe under 1 year old,,0, Both parents present, South Korea, South Korea, South Korea, Foreign born- U S citizen by naturalization,0, Not in universe,0,0,0,95,-50000
36, Private,42,8, Bachelors degree(BA AB BS), Not in universe, Married-civilian spouse present, Medical except hospital, Professional specialty, White, All other, Female, No, Not in universe, Children or Armed Forces,0,0,7500, Joint both under 65, Not in universe, Not in universe, Spouse of householder, Spouse of householder,1503.95, Nonmover, Nonmover, Nonmover, Yes, Not in universe,2, Not in universe, United-States, United-States, United-States, Native- Born in the United States,0, Not in universe,2,52,1600,94,-50000
28, Private,31,17, Bachelors degree(BA AB BS), Not in universe, Never married, Utilities and sanitary services, Sales, White, All other, Male, Not in universe, Not in universe, Full-time schedules,0,0,0, Single, Not in universe, Not in universe, Nonfamily householder, Householder,1580.74,,,, Not in universe under 1 year old,,6, Not in universe, United-States, United-States, United-States, Native- Born in the United States,2, Not in universe,2,52,0,95,-50000
2, Not in universe,0,0, Children, Not in universe, Never married, Not in universe or children, Not in universe, White, All other, Female, Not in universe, Not in universe, Children or Armed Forces,0,0,0, Nonfiler, Not in universe, Not in universe, Child <18 never marr not in subfamily, Child under 18 never married,466.46,,,, Not in universe under 1 year old,,0, Both parents present, United-States, United-States, United-States, Native- Born in the United States,0, Not in universe,0,0,0,95,-50000
64, Not in universe,0,0, 5th or 6th grade, Not in universe, Married-civilian spouse present, Not in universe or children, Not in universe, White, Mexican (Mexicano), Male, Not in universe, Not in universe, Children or Armed Forces,0,0,0, Joint both under 65, Not in universe, Not in universe, Householder, Householder,1064.37, Nonmover, Nonmover, Nonmover, Yes, Not in universe,0, Not in universe, Mexico, Mexico, United-States, Native- Born in the United States,0, Not in universe,2,0,0,94,-50000
29, Private,33,16, Bachelors degree(BA AB BS), Not in universe, Married-civilian spouse present, Retail trade, Sales, White, All other, Male, Not in universe, Not in universe, Full-time schedules,0,0,0, Joint both under 65, Not in universe, Not in universe, Householder, Householder,2155.65,,,, Not in universe under 1 year old,,4, Not in universe, United-States, United-States, United-States, Native- Born in the United States,2, Not in universe,2,48,0,95,-50000
1, Not in universe,0,0, Children, Not in universe, Never married, Not in universe or children, Not in universe, Black, All other, Male, Not in universe, Not in universe, Children or Armed Forces,0,0,0, Nonfiler, Not in universe, Not in universe, Child <18 never marr not in subfamily, Child under 18 never married,2104.21, Nonmover, Nonmover, Nonmover, Yes, Not in universe,0, Father only present, United-States, United-States, United-States, Native- Born in the United States,0, Not in universe,0,0,0,94,-50000
6, Not in universe,0,0, Children, Not in universe, Never married, Not in universe or children, Not in universe, White, All other, Female, Not in universe, Not in universe, Children or Armed Forces,0,0,0, Nonfiler, Not in universe, Not in universe, Child <18 never marr not in subfamily, Child under 18 never married,1488.21, Nonmover, Nonmover, Nonmover, Yes, Not in universe,0, Both parents present, United-States, United-States, United-States, Native- Born in the United States,0, Not in universe,0,0,0,94,-50000
5, Not in universe,0,0, Children, Not in universe, Never married, Not in universe or children, Not in universe, White, All other, Male, Not in universe, Not in universe, Children or Armed Forces,0,0,0, Nonfiler, Not in universe, Not in universe, Child <18 never marr not in subfamily, Child under 18 never married,1791.38, Nonmover, Nonmover, Nonmover, Yes, Not in universe,0, Both parents present, United-States, United-States, United-States, Native- Born in the United States,0, Not in universe,0,0,0,94,-50000
1, Not in universe,0,0, Children, Not in universe, Never married, Not in universe or children, Not in universe, White, All other, Male, Not in universe, Not in universe, Children or Armed Forces,0,0,0, Nonfiler, Not in universe, Not in universe, Child <18 never marr not in subfamily, Child under 18 never married,1088.86, Nonmover, Nonmover, Nonmover, Yes, Not in universe,0, Both parents present, United-States, United-States, United-States, Native- Born in the United States,0, Not in universe,0,0,0,94,-50000
5, Not in universe,0,0, Children, Not in universe, Never married, Not in universe or children, Not in universe, White, All other, Female, Not in universe, Not in universe, Children or Armed Forces,0,0,0, Nonfiler, Not in universe, Not in universe, Child <18 never marr not in subfamily, Child under 18 never married,3714.17,,,, Not in universe under 1 year old,,0, Both parents present, United-States, United-States, United-States, Native- Born in the United States,0, Not in universe,0,0,0,95,-50000
40, Self-employed-incorporated,2,43, Doctorate degree(PhD EdD), Not in universe, Never married, Agriculture, Farming forestry and fishing, White, All other, Male, Not in universe, Not in universe, Full-time schedules,0,0,0, Single, Not in universe, Not in universe, Nonfamily householder, Householder,347.78,,,, Not in universe under 1 year old,,1, Not in universe,, Italy,, Foreign born- Not a citizen of U S ,0, Not in universe,2,52,0,95,-50000
3, Not in universe,0,0, Children, Not in universe, Never married, Not in universe or children, Not in universe, White, All other, Female, Not in universe, Not in universe, Children or Armed Forces,0,0,0, Nonfiler, Not in universe, Not in universe, Child <18 never marr not in subfamily, Child under 18 never married,1967.89,,,, Not in universe under 1 year old,,0, Both parents present, United-States, United-States, United-States, Native- Born in the United States,0, Not in universe,0,0,0,95,-50000
39, Private,9,36, Associates degree-academic program, Not in universe, Married-civilian spouse present, Manufacturing-durable goods, Machine operators assmblrs & inspctrs, White, All other, Male, No, Not in universe, Children or Armed Forces,0,0,0, Joint both under 65, Not in universe, Not in universe, Householder, Householder,2335.79, Nonmover, Nonmover, Nonmover, Yes, Not in universe,4, Not in universe, United-States, United-States, United-States, Native- Born in the United States,1, Not in universe,2,52,1300,94,-50000
57, Not in universe,0,0, 9th grade, Not in universe, Divorced, Not in universe or children, Not in universe, White, All other, Female, Not in universe, Not in universe, Children or Armed Forces,0,0,0, Nonfiler, Not in universe, Not in universe, Householder, Householder,2251.91, Nonmover, Nonmover, Nonmover, Yes, Not in universe,0, Not in universe, United-States, United-States, United-States, Native- Born in the United States,0, Not in universe,2,0,0,94,-50000
27, Private,37,31, High school graduate, Not in universe, Married-civilian spouse present, Business and repair services, Other service, White, All other, Male, No, Not in universe, Children or Armed Forces,0,0,0, Joint both under 65, Not in universe, Not in universe, Child 18+ ever marr RP of subfamily, Child 18 or older,2011.14, Nonmover, Nonmover, Nonmover, Yes, Not in universe,2, Not in universe, United-States, United-States, United-States, Native- Born in the United States,0, Not in universe,2,52,730,94,-50000
21, Not in universe,0,0, Some college but no degree, College or university, Never married, Not in universe or children, Not in universe, White, All other, Male, Not in universe, Not in universe, Not in labor force,0,0,0, Single, Not in universe, Not in universe, Child 18+ never marr Not in a subfamily, Child 18 or older,2255.01,,,, Not in universe under 1 year old,,1, Not in universe, United-States, United-States, United-States, Native- Born in the United States,0, Not in universe,2,12,0,95,-50000
4, Not in universe,0,0, Children, Not in universe, Never married, Not in universe or children, Not in universe, White, All other, Female, Not in universe, Not in universe, Children or Armed Forces,0,0,0, Nonfiler, Not in universe, Not in universe, Child <18 never marr not in subfamily, Child under 18 never married,1048.33,,,, Not in universe under 1 year old,,0, Both parents present, United-States, United-States, United-States, Native- Born in the United States,0, Not in universe,0,0,0,95,-50000
16, Not in universe,0,0, 9th grade, High school, Never married, Not in universe or children, Not in universe, White, All other, Female, Not in universe, Not in universe, Children or Armed Forces,0,0,0, Nonfiler, Not in universe, Not in universe, Child <18 never marr not in subfamily, Child under 18 never married,1282.14, Nonmover, Nonmover, Nonmover, Yes, Not in universe,0, Both parents present, United-States, United-States, United-States, Native- Born in the United States,0, Not in universe,2,0,0,94,-50000
34, Private,29,38, High school graduate, Not in universe, Divorced, Transportation, Transportation and material moving, White, All other, Female, Not in universe, Not in universe, Children or Armed Forces,0,0,0, Single, Not in universe, Not in universe, Child 18+ ever marr Not in a subfamily, Child 18 or older,1818.88, Nonmover, Nonmover, Nonmover, Yes, Not in universe,6, Not in universe, United-States, United-States, United-States, Native- Born in the United States,2, Not in universe,2,52,0,94,-50000
32, Private,33,29, High school graduate, Not in universe, Married-civilian spouse present, Retail trade, Other service, White, All other, Female, Not in universe, Not in universe, Full-time schedules,0,0,0, Joint both under 65, Not in universe, Not in universe, Spouse of householder, Spouse of householder,960.63,,,, Not in universe under 1 year old,,6, Not in universe, United-States, United-States, United-States, Native- Born in the United States,2, Not in universe,2,52,0,95,-50000
85, Not in universe,0,0, High school graduate, Not in universe, Married-civilian spouse present, Not in universe or children, Not in universe, White, Central or South American, Female, Not in universe, Not in universe, Not in labor force,0,0,0, Joint both 65+, Not in universe, Not in universe, Spouse of householder, Spouse of householder,2002.87,,,, Not in universe under 1 year old,,0, Not in universe, Ecuador, Ecuador, Ecuador, Foreign born- Not a citizen of U S ,0, Not in universe,2,0,0,95,-50000
26, Private,29,38, High school graduate, Not in universe, Never married, Transportation, Transportation and material moving, White, All other, Male, Not in universe, Not in universe, PT for econ reasons usually FT,0,0,0, Single, Not in universe, Not in universe, Child 18+ never marr Not in a subfamily, Child 18 or older,943.06,,,, Not in universe under 1 year old,,4, Not in universe, United-States, United-States, United-States, Native- Born in the United States,0, Not in universe,2,52,0,95,-50000
49, Private,11,4, Some college but no degree, Not in universe, Married-civilian spouse present, Manufacturing-durable goods, Professional specialty, White, All other, Female, No, Not in universe, Full-time schedules,0,0,500, Joint both under 65, Not in universe, Not in universe, Spouse of householder, Spouse of householder,2116.76,,,, Not in universe under 1 year old,,6, Not in universe, United-States, United-States, United-States, Native- Born in the United States,0, Not in universe,2,52,0,95,-50000
9, Not in universe,0,0, Children, Not in universe, Never married, Not in universe or children, Not in universe, White, Puerto Rican, Female, Not in universe, Not in universe, Children or Armed Forces,0,0,0, Nonfiler, Not in universe, Not in universe, Child <18 never marr not in subfamily, Child under 18 never married,675.56,,,, Not in universe under 1 year old,,0, Mother only present, Puerto-Rico, Puerto-Rico, United-States, Native- Born in the United States,0, Not in universe,0,0,0,95,-50000
4, Not in universe,0,0, Children, Not in universe, Never married, Not in universe or children, Not in universe, White, All other, Female, Not in universe, Not in universe, Children or Armed Forces,0,0,0, Nonfiler, Not in universe, Not in universe, Child <18 never marr not in subfamily, Child under 18 never married,1921.42, Nonmover, Nonmover, Nonmover, Yes, Not in universe,0, Both parents present, United-States, United-States, United-States, Native- Born in the United States,0, Not in universe,0,0,0,94,-50000
28, Private,33,26, Associates degree-occup /vocational, Not in universe, Never married, Retail trade, Adm support including clerical, White, All other, Female, Not in universe, Not in universe, Children or Armed Forces,0,0,0, Single, Not in universe, Not in universe, Child 18+ never marr Not in a subfamily, Child 18 or older,1717.54, Nonmover, Nonmover, Nonmover, Yes, Not in universe,4, Not in universe, United-States, United-States, United-States, Native- Born in the United States,0, Not in universe,2,52,0,94,-50000
6, Not in universe,0,0, Children, Not in universe, Never married, Not in universe or children, Not in universe, White, All other, Female, Not in universe, Not in universe, Children or Armed Forces,0,0,0, Nonfiler, Midwest, Indiana, Child <18 never marr not in subfamily, Child under 18 never married,1827.04, NonMSA to nonMSA, Same county, Same county, No, No,0, Mother only present, United-States, United-States, United-States, Native- Born in the United States,0, Not in universe,0,0,0,94,-50000
41, Self-employed-not incorporated,2,43, High school graduate, Not in universe, Married-civilian spouse present, Agriculture, Farming forestry and fishing, White, All other, Male, Not in universe, Not in universe, Full-time schedules,0,0,0, Joint both under 65, Not in universe, Not in universe, Householder, Householder,1135.66,,,, Not in universe under 1 year old,,1, Not in universe, United-States, United-States, United-States, Native- Born in the United States,0, Not in universe,2,52,0,95,-50000
52, Private,25,6, High school graduate, Not in universe, Never married, Manufacturing-nondurable goods, Professional specialty, White, All other, Female, Not in universe, Not in universe, Children or Armed Forces,0,323,0, Head of household, Not in universe, Not in universe, Householder, Householder,1191.36, Nonmover, Nonmover, Nonmover, Yes, Not in universe,5, Not in universe, United-States, United-States, United-States, Native- Born in the United States,0, Not in universe,2,52,0,94,-50000
58, Self-employed-not incorporated,35,26, Some college but no degree, Not in universe, Married-civilian spouse present, Finance insurance and real estate, Adm support including clerical, White, All other, Male, Not in universe, Not in universe, Children or Armed Forces,0,0,2500, Joint both under 65, Not in universe, Not in universe, Householder, Householder,1623.17, Nonmover, Nonmover, Nonmover, Yes, Not in universe,1, Not in universe, United-States, United-States, United-States, Native- Born in the United States,0, Not in universe,2,52,0,94,-50000
8, Not in universe,0,0, Children, Not in universe, Never married, Not in universe or children, Not in universe, White, All other, Female, Not in universe, Not in universe, Children or Armed Forces,0,0,0, Nonfiler, Not in universe, Not in universe, Child <18 never marr not in subfamily, Child under 18 never married,1865.5,,,, Not in universe under 1 year old,,0, Both parents present, United-States, United-States, United-States, Native- Born in the United States,0, Not in universe,0,0,0,95,-50000
14, Not in universe,0,0, Children, Not in universe, Never married, Not in universe or children, Not in universe, White, All other, Female, Not in universe, Not in universe, Children or Armed Forces,0,0,0, Nonfiler, Not in universe, Not in universe, Child <18 never marr not in subfamily, Child under 18 never married,1072.13,,,, Not in universe under 1 year old,,0, Both parents present, United-States, United-States, United-States, Native- Born in the United States,0, Not in universe,0,0,0,95,-50000
25, Private,37,28, Some college but no degree, Not in universe, Never married, Business and repair services, Protective services, White, All other, Male, Not in universe, Not in universe, Children or Armed Forces,0,0,0, Single, West, Arizona, Nonfamily householder, Householder,2726.07, MSA to MSA, Same county, Same county, No, Yes,6, Not in universe, United-States, United-States, United-States, Native- Born in the United States,0, Not in universe,2,52,0,94,-50000
23, Private,33,29, Some college but no degree, College or university, Never married, Retail trade, Other service, Asian or Pacific Islander, All other, Female, Not in universe, Not in universe, Children or Armed Forces,0,0,0, Single, Midwest, Oklahoma, Secondary individual, Nonrelative of householder,1247.69, MSA to MSA, Same county, Same county, No, No,2, Not in universe, Vietnam, Vietnam, Vietnam, Foreign born- U S citizen by naturalization,0, Not in universe,2,30,0,94,-50000
0, Not in universe,0,0, Children, Not in universe, Never married, Not in universe or children, Not in universe, White, Mexican-American, Male, Not in universe, Not in universe, Children or Armed Forces,0,0,0, Nonfiler, Not in universe, Not in universe, Grandchild <18 never marr not in subfamily, Other relative of householder,3000.4,,,, Not in universe under 1 year old,,0, Neither parent present, United-States, United-States, United-States, Native- Born in the United States,0, Not in universe,0,0,0,95,-50000
49, Not in universe,0,0, Bachelors degree(BA AB BS), Not in universe, Married-civilian spouse present, Not in universe or children, Not in universe, White, All other, Female, Not in universe, Not in universe, Not in labor force,0,0,0, Joint both under 65, Not in universe, Not in universe, Spouse of householder, Spouse of householder,1848.2,,,, Not in universe under 1 year old,,6, Not in universe, United-States, United-States, United-States, Native- Born in the United States,0, Not in universe,2,13,0,95,-50000
21, Private,44,32, High school graduate, College or university, Married-civilian spouse present, Social services, Other service, Other, All other, Female, Not in universe, Not in universe, Full-time schedules,0,0,0, Joint both under 65, Not in universe, Not in universe, Spouse of householder, Spouse of householder,1000.76,,,, Not in universe under 1 year old,,2, Not in universe, United-States, United-States, United-States, Native- Born in the United States,2, Not in universe,2,48,0,95,-50000
21, Not in universe,0,0, High school graduate, Not in universe, Never married, Not in universe or children, Not in universe, White, Mexican-American, Male, Not in universe, Not in universe, Children or Armed Forces,0,1721,0, Single, Not in universe, Not in universe, Child 18+ never marr Not in a subfamily, Child 18 or older,1747.59,,,, Not in universe under 1 year old,,6, Not in universe, Mexico, Mexico, United-States, Native- Born in the United States,0, Not in universe,2,52,0,95,-50000
1, Not in universe,0,0, Children, Not in universe, Never married, Not in universe or children, Not in universe, White, All other, Female, Not in universe, Not in universe, Children or Armed Forces,0,0,0, Nonfiler, Not in universe, Not in universe, Child <18 never marr not in subfamily, Child under 18 never married,270.54, Nonmover, Nonmover, Nonmover, Yes, Not in universe,0, Both parents present, United-States, United-States, United-States, Native- Born in the United States,0, Not in universe,0,0,0,94,-50000
43, Federal government,29,25, Some college but no degree, Not in universe, Separated, Transportation, Adm support including clerical, Other, Mexican-American, Male, Not in universe, Not in universe, Full-time schedules,914,0,0, Head of household, Not in universe, Not in universe, Householder, Householder,1535.78,,,, Not in universe under 1 year old,,6, Not in universe, United-States, United-States, United-States, Native- Born in the United States,0, Not in universe,2,52,0,95,-50000
48, Not in universe,0,0, High school graduate, Not in universe, Married-civilian spouse present, Not in universe or children, Not in universe, White, All other, Female, Not in universe, Not in universe, Not in labor force,0,0,25, Joint both under 65, Not in universe, Not in universe, Spouse of householder, Spouse of householder,2624.88,,,, Not in universe under 1 year old,,6, Not in universe, United-States, United-States, United-States, Native- Born in the United States,0, Not in universe,2,10,0,95,-50000
25, Local government,47,28, Bachelors degree(BA AB BS), Not in universe, Never married, Public administration, Protective services, White, All other, Male, Not in universe, Not in universe, Full-time schedules,0,0,0, Single, Not in universe, Not in universe, Nonfamily householder, Householder,3464.14,,,, Not in universe under 1 year old,,6, Not in universe, United-States, United-States, United-States, Native- Born in the United States,0, Not in universe,2,52,0,95,-50000
79, Not in universe,0,0, 7th and 8th grade, Not in universe, Widowed, Not in universe or children, Not in universe, White, All other, Female, Not in universe, Not in universe, Children or Armed Forces,0,0,0, Single, Not in universe, Not in universe, Nonfamily householder, Householder,3213.08, Nonmover, Nonmover, Nonmover, Yes, Not in universe,0, Not in universe, United-States, United-States, United-States, Native- Born in the United States,0, Not in universe,2,0,0,94,-50000
26, Private,37,28, High school graduate, Not in universe, Never married, Business and repair services, Protective services, Black, All other, Female, Not in universe, Not in universe, PT for econ reasons usually PT,0,2547,1000, Head of household, Not in universe, Not in universe, Householder, Householder,2063.86,,,, Not in universe under 1 year old,,6, Not in universe, United-States, United-States, United-States, Native- Born in the United States,2, Not in universe,2,52,0,95, 50000+.
3, Not in universe,0,0, Children, Not in universe, Never married, Not in universe or children, Not in universe, Black, All other, Male, Not in universe, Not in universe, Children or Armed Forces,0,0,0, Nonfiler, South, North Dakota, Child <18 never marr not in subfamily, Child under 18 never married,1084.24, NonMSA to nonMSA, Same county, Same county, No, Yes,0, Mother only present, United-States, United-States, United-States, Native- Born in the United States,0, Not in universe,0,0,0,94,-50000
15, Not in universe,0,0, 9th grade, Not in universe, Never married, Not in universe or children, Not in universe, White, All other, Male, Not in universe, Not in universe, Not in labor force,0,0,0, Nonfiler, Not in universe, Not in universe, Child <18 never marr not in subfamily, Child under 18 never married,919.96,,,, Not in universe under 1 year old,,0, Mother only present, United-States, United-States, United-States, Native- Born in the United States,0, Not in universe,2,0,0,95,-50000
0, Not in universe,0,0, Children, Not in universe, Never married, Not in universe or children, Not in universe, White, All other, Female, Not in universe, Not in universe, Children or Armed Forces,0,0,0, Nonfiler, Not in universe, Not in universe, Child <18 never marr not in subfamily, Child under 18 never married,248.05, Not in universe, Not in universe, Not in universe, Not in universe under 1 year old, Not in universe,0, Mother only present, United-States, United-States, United-States, Native- Born in the United States,0, Not in universe,0,0,0,94,-50000
26, Private,37,28, Bachelors degree(BA AB BS), Not in universe, Never married, Business and repair services, Protective services, White, All other, Male, No, Not in universe, Children or Armed Forces,0,0,0, Single, Not in universe, Not in universe, Child 18+ never marr Not in a subfamily, Child 18 or older,4439.29, Nonmover, Nonmover, Nonmover, Yes, Not in universe,4, Not in universe, United-States, United-States, United-States, Native- Born in the United States,0, Not in universe,2,16,600,94,-50000
37, Private,33,19, Some college but no degree, Not in universe, Married-civilian spouse present, Retail trade, Sales, Other, All other, Female, Not in universe, Not in universe, Children or Armed Forces,0,0,0, Nonfiler, Not in universe, Not in universe, Spouse of householder, Spouse of householder,1331.15, Nonmover, Nonmover, Nonmover, Yes, Not in universe,0, Not in universe,,,, Foreign born- Not a citizen of U S ,0, Not in universe,2,0,0,94,-50000
43, Federal government,49,22, High school graduate, Not in universe, Married-civilian spouse present, Public administration, Adm support including clerical, White, NA, Male, Not in universe, Not in universe, Full-time schedules,3464,0,0, Joint both under 65, Not in universe, Not in universe, Householder, Householder,1577.0,,,, Not in universe under 1 year old,,6, Not in universe,,,, Foreign born- Not a citizen of U S ,0, Not in universe,2,52,0,95,-50000
48, Private,22,41, 9th grade, Not in universe, Married-civilian spouse present, Manufacturing-nondurable goods, Handlers equip cleaners etc , White, Mexican (Mexicano), Male, Not in universe, Not in universe, Children or Armed Forces,2961,0,0, Joint both under 65, Not in universe, Not in universe, Householder, Householder,983.25, Nonmover, Nonmover, Nonmover, Yes, Not in universe,1, Not in universe, Mexico, Mexico, Mexico, Foreign born- Not a citizen of U S ,0, Not in universe,2,52,0,94,-50000
4, Not in universe,0,0, Children, Not in universe, Never married, Not in universe or children, Not in universe, White, All other, Female, Not in universe, Not in universe, Children or Armed Forces,0,0,0, Nonfiler, Not in universe, Not in universe, Child <18 never marr not in subfamily, Child under 18 never married,1858.27, Nonmover, Nonmover, Nonmover, Yes, Not in universe,0, Mother only present, United-States, United-States, United-States, Native- Born in the United States,0, Not in universe,0,0,0,94,-50000
22, Private,33,29, Some college but no degree, Not in universe, Never married, Retail trade, Other service, White, All other, Male, Not in universe, Not in universe, Children or Armed Forces,0,0,0, Single, Midwest, Indiana, Grandchild 18+ never marr not in subfamily, Other relative of householder,2737.44, MSA to MSA, Same county, Same county, No, No,6, Not in universe, United-States, United-States, United-States, Native- Born in the United States,2, Not in universe,2,40,0,94,-50000
0, Not in universe,0,0, Children, Not in universe, Never married, Not in universe or children, Not in universe, Other, All other, Female, Not in universe, Not in universe, Children or Armed Forces,0,0,0, Nonfiler, Not in universe, Not in universe, Child <18 never marr not in subfamily, Child under 18 never married,1127.03,,,, Not in universe under 1 year old,,0, Both parents present,,,, Foreign born- Not a citizen of U S ,0, Not in universe,0,0,0,95,-50000
14, Not in universe,0,0, Children, Not in universe, Never married, Not in universe or children, Not in universe, White, All other, Male, Not in universe, Not in universe, Children or Armed Forces,0,0,0, Nonfiler, Not in universe, Not in universe, Child <18 never marr not in subfamily, Child under 18 never married,1086.27,,,, Not in universe under 1 year old,,0, Both parents present, United-States, United-States, United-States, Native- Born in the United States,0, Not in universe,0,0,0,95,-50000
16, Private,33,29, 9th grade, High school, Never married, Retail trade, Other service, White, All other, Female, No, Not in universe, Children or Armed Forces,0,0,0, Nonfiler, Northeast, Virginia, Child <18 never marr not in subfamily, Child under 18 never married,470.46, MSA to MSA, Same county, Same county, No, No,2, Father only present, United-States, United-States, United-States, Native- Born in the United States,0, Not in universe,2,2,475,94,-50000
3, Not in universe,0,0, Children, Not in universe, Never married, Not in universe or children, Not in universe, Black, All other, Male, Not in universe, Not in universe, Children or Armed Forces,0,0,0, Nonfiler, Not in universe, Not in universe, Child <18 never marr not in subfamily, Child under 18 never married,577.89, Nonmover, Nonmover, Nonmover, Yes, Not in universe,0, Both parents present, United-States, United-States, United-States, Native- Born in the United States,0, Not in universe,0,0,0,94,-50000
3, Not in universe,0,0, Children, Not in universe, Never married, Not in universe or children, Not in universe, White, All other, Male, Not in universe, Not in universe, Children or Armed Forces,0,0,0, Nonfiler, South, North Dakota, Child <18 never marr not in subfamily, Child under 18 never married,1071.59, NonMSA to nonMSA, Same county, Same county, No, Yes,0, Both parents present, United-States, United-States, Japan, Native- Born abroad of American Parent(s),0, Not in universe,0,0,0,94,-50000
49, Local government,50,23, High school graduate, Not in universe, Married-civilian spouse present, Public administration, Adm support including clerical, White, All other, Female, Not in universe, Not in universe, Full-time schedules,0,0,0, Joint both under 65, Not in universe, Not in universe, Householder, Householder,1011.71,,,, Not in universe under 1 year old,,4, Not in universe, United-States, Canada, United-States, Native- Born in the United States,0, Not in universe,2,52,0,95,-50000
21, Private,27,37, High school graduate, Not in universe, Married-spouse absent, Manufacturing-nondurable goods, Machine operators assmblrs & inspctrs, White, Central or South American, Female, Not in universe, Not in universe, Children or Armed Forces,0,0,0, Head of household, Northeast, New Mexico, Child 18+ ever marr RP of subfamily, Child 18 or older,1288.66, MSA to MSA, Same county, Same county, No, No,3, Not in universe, Dominican-Republic, Dominican-Republic, Dominican-Republic, Foreign born- Not a citizen of U S ,0, Not in universe,2,52,0,94,-50000
52, Not in universe,0,0, High school graduate, Not in universe, Married-civilian spouse present, Not in universe or children, Not in universe, Asian or Pacific Islander, All other, Male, Not in universe, Not in universe, Children or Armed Forces,0,0,60, Joint both under 65, Not in universe, Not in universe, Householder, Householder,1528.84, Nonmover, Nonmover, Nonmover, Yes, Not in universe,0, Not in universe, Taiwan, Taiwan, Taiwan, Foreign born- Not a citizen of U S ,0, Not in universe,2,0,0,94,-50000
14, Not in universe,0,0, Children, Not in universe, Never married, Not in universe or children, Not in universe, Black, Puerto Rican, Female, Not in universe, Not in universe, Children or Armed Forces,0,0,0, Nonfiler, Not in universe, Not in universe, Child <18 never marr not in subfamily, Child under 18 never married,1155.68, Nonmover, Nonmover, Nonmover, Yes, Not in universe,0, Both parents present, United-States, United-States, United-States, Native- Born in the United States,0, Not in universe,0,0,0,94,-50000
51, Federal government,50,6, Doctorate degree(PhD EdD), Not in universe, Married-civilian spouse present, Public administration, Professional specialty, Asian or Pacific Islander, All other, Male, Not in universe, Not in universe, Children or Armed Forces,15024,0,0, Joint both under 65, Not in universe, Not in universe, Householder, Householder,1953.16, Nonmover, Nonmover, Nonmover, Yes, Not in universe,6, Not in universe, Vietnam, Vietnam, Vietnam, Foreign born- Not a citizen of U S ,0, Not in universe,2,52,0,94, 50000+.
17, Private,38,38, 11th grade, Not in universe, Never married, Business and repair services, Transportation and material moving, White, All other, Male, Not in universe, Not in universe, Children or Armed Forces,0,0,0, Single, West, California, Secondary individual, Nonrelative of householder,1866.63, MSA to MSA, Same county, Same county, No, Yes,3, Not in universe, United-States, United-States, United-States, Native- Born in the United States,0, Not in universe,2,52,0,94,-50000
73, Not in universe,0,0, High school graduate, Not in universe, Widowed, Not in universe or children, Not in universe, White, All other, Female, Not in universe, Not in universe, Not in labor force,0,0,104, Single, Not in universe, Not in universe, Nonfamily householder, Householder,2020.95,,,, Not in universe under 1 year old,,0, Not in universe, United-States, United-States, United-States, Native- Born in the United States,0, Not in universe,2,0,0,95,-50000
2, Not in universe,0,0, Children, Not in universe, Never married, Not in universe or children, Not in universe, White, All other, Male, Not in universe, Not in universe, Children or Armed Forces,0,0,0, Nonfiler, Not in universe, Not in universe, Child <18 never marr not in subfamily, Child under 18 never married,2535.31,,,, Not in universe under 1 year old,,0, Father only present, United-States, United-States, United-States, Native- Born in the United States,0, Not in universe,0,0,0,95,-50000
35, Private,33,10, High school graduate, Not in universe, Married-civilian spouse present, Retail trade, Professional specialty, White, All other, Female, Not in universe, Not in universe, Full-time schedules,0,0,0, Joint both under 65, Not in universe, Not in universe, Spouse of householder, Spouse of householder,1810.21,,,, Not in universe under 1 year old,,4, Not in universe, United-States, United-States, United-States, Native- Born in the United States,0, Not in universe,2,52,0,95,-50000
44, Private,21,36, High school graduate, Not in universe, Separated, Manufacturing-nondurable goods, Machine operators assmblrs & inspctrs, Black, All other, Male, Not in universe, Not in universe, Children or Armed Forces,0,0,0, Single, Not in universe, Not in universe, Child 18+ ever marr Not in a subfamily, Child 18 or older,6398.02, Nonmover, Nonmover, Nonmover, Yes, Not in universe,6, Not in universe, United-States, United-States, United-States, Native- Born in the United States,0, Not in universe,2,52,0,94,-50000
29, Private,11,18, Bachelors degree(BA AB BS), Not in universe, Never married, Manufacturing-durable goods, Sales, White, All other, Male, Not in universe, Not in universe, Full-time schedules,0,0,0, Single, Not in universe, Not in universe, Secondary individual, Nonrelative of householder,4346.15,,,, Not in universe under 1 year old,,6, Not in universe, United-States, United-States, United-States, Native- Born in the United States,0, Not in universe,2,52,0,95, 50000+.
33, Private,38,37, High school graduate, Not in universe, Married-civilian spouse present, Business and repair services, Machine operators assmblrs & inspctrs, White, All other, Female, Not in universe, Other job loser, Unemployed full-time,0,0,0, Joint both under 65, Not in universe, Not in universe, Spouse of householder, Spouse of householder,995.7,,,, Not in universe under 1 year old,,1, Not in universe, United-States, United-States, United-States, Native- Born in the United States,0, Not in universe,2,36,0,95,-50000
37, Private,32,2, Masters degree(MA MS MEng MEd MSW MBA), Not in universe, Divorced, Wholesale trade, Executive admin and managerial, White, All other, Male, No, Not in universe, Children or Armed Forces,0,0,100, Single, Not in universe, Not in universe, Nonfamily householder, Householder,3042.56, Nonmover, Nonmover, Nonmover, Yes, Not in universe,6, Not in universe, United-States, United-States, United-States, Native- Born in the United States,0, Not in universe,2,52,0,94,-50000
41, Private,21,36, Associates degree-occup /vocational, Not in universe, Married-civilian spouse present, Manufacturing-nondurable goods, Machine operators assmblrs & inspctrs, White, Other Spanish, Male, Not in universe, Not in universe, Full-time schedules,0,0,0, Joint both under 65, Not in universe, Not in universe, Householder, Householder,1208.45,,,, Not in universe under 1 year old,,6, Not in universe, United-States, United-States, United-States, Native- Born in the United States,0, Not in universe,2,52,0,95,-50000
73, Not in universe,0,0, Masters degree(MA MS MEng MEd MSW MBA), Not in universe, Married-civilian spouse present, Not in universe or children, Not in universe, White, All other, Male, Not in universe, Not in universe, Children or Armed Forces,0,0,2250, Joint both 65+, Not in universe, Not in universe, Householder, Householder,827.47, Nonmover, Nonmover, Nonmover, Yes, Not in universe,0, Not in universe, United-States, United-States, United-States, Native- Born in the United States,0, Not in universe,2,0,0,94,-50000
39, Private,42,24, High school graduate, Not in universe, Married-civilian spouse present, Medical except hospital, Adm support including clerical, White, All other, Female, Not in universe, Not in universe, Full-time schedules,0,0,37, Joint both under 65, Not in universe, Not in universe, Spouse of householder, Spouse of householder,1849.81,,,, Not in universe under 1 year old,,3, Not in universe, United-States, United-States, United-States, Native- Born in the United States,0, Not in universe,2,52,0,95,-50000
0, Not in universe,0,0, Children, Not in universe, Never married, Not in universe or children, Not in universe, White, All other, Male, Not in universe, Not in universe, Children or Armed Forces,0,0,0, Nonfiler, Not in universe, Not in universe, Child <18 never marr not in subfamily, Child under 18 never married,457.91,,,, Not in universe under 1 year old,,0, Both parents present, United-States, United-States, United-States, Native- Born in the United States,0, Not in universe,0,0,0,95,-50000
64, Private,35,44, 9th grade, Not in universe, Separated, Finance insurance and real estate, Farming forestry and fishing, Black, All other, Male, Not in universe, Not in universe, Full-time schedules,0,0,0, Single, Not in universe, Not in universe, Nonfamily householder, Householder,900.59,,,, Not in universe under 1 year old,,5, Not in universe, United-States, United-States, United-States, Native- Born in the United States,0, Not in universe,2,52,0,95,-50000
21, Private,33,19, Some college but no degree, College or university, Never married, Retail trade, Sales, White, All other, Male, Not in universe, Other job loser, Children or Armed Forces,0,0,0, Single, Not in universe, Not in universe, Child 18+ never marr Not in a subfamily, Child 18 or older,2171.43, Nonmover, Nonmover, Nonmover, Yes, Not in universe,1, Not in universe,,,, Foreign born- U S citizen by naturalization,0, Not in universe,2,52,0,94,-50000
18, Not in universe,0,0, Some college but no degree, High school, Never married, Not in universe or children, Not in universe, Black, All other, Male, Not in universe, Not in universe, Children or Armed Forces,0,0,0, Nonfiler, South, Missouri, Child 18+ never marr Not in a subfamily, Child 18 or older,1440.8, MSA to MSA, Different county same state, Different county same state, No, Yes,0, Not in universe, United-States, United-States, Philippines, Native- Born abroad of American Parent(s),0, Not in universe,2,0,0,94,-50000
67, Not in universe,0,0, 5th or 6th grade, Not in universe, Married-civilian spouse present, Not in universe or children, Not in universe, Other, All other, Male, Not in universe, Not in universe, Children or Armed Forces,0,0,0, Nonfiler, Not in universe, Not in universe, Householder, Householder,1404.59, Nonmover, Nonmover, Nonmover, Yes, Not in universe,0, Not in universe, Iran, Iran, Iran, Foreign born- Not a citizen of U S ,0, Not in universe,2,0,0,94,-50000
36, Not in universe,0,0, High school graduate, Not in universe, Separated, Not in universe or children, Not in universe, Other, Puerto Rican, Female, Not in universe, Not in universe, Not in labor force,0,0,0, Nonfiler, Not in universe, Not in universe, Householder, Householder,432.82,,,, Not in universe under 1 year old,,0, Not in universe, Dominican-Republic, Dominican-Republic, Dominican-Republic, Foreign born- U S citizen by naturalization,0, Not in universe,2,0,0,95,-50000
8, Not in universe,0,0, Children, Not in universe, Never married, Not in universe or children, Not in universe, White, All other, Male, Not in universe, Not in universe, Children or Armed Forces,0,0,0, Nonfiler, Not in universe, Not in universe, Child <18 never marr not in subfamily, Child under 18 never married,1734.8,,,, Not in universe under 1 year old,,0, Both parents present, United-States, United-States, United-States, Native- Born in the United States,0, Not in universe,0,0,0,95,-50000
28, Private,38,19, 11th grade, Not in universe, Never married, Business and repair services, Sales, Other, All other, Male, Not in universe, Not in universe, Full-time schedules,0,0,0, Single, Not in universe, Not in universe, Child 18+ never marr Not in a subfamily, Child 18 or older,868.55,,,, Not in universe under 1 year old,,6, Not in universe, Puerto-Rico, United-States, United-States, Native- Born in the United States,0, Not in universe,2,52,0,95,-50000
6, Not in universe,0,0, Children, Not in universe, Never married, Not in universe or children, Not in universe, White, All other, Male, Not in universe, Not in universe, Children or Armed Forces,0,0,0, Nonfiler, Not in universe, Not in universe, Child <18 never marr not in subfamily, Child under 18 never married,2988.3,,,, Not in universe under 1 year old,,0, Both parents present, United-States, United-States, United-States, Native- Born in the United States,0, Not in universe,0,0,0,95,-50000
39, Private,33,38, High school graduate, Not in universe, Divorced, Retail trade, Transportation and material moving, White, Puerto Rican, Female, Not in universe, Not in universe, Children or Armed Forces,0,0,0, Single, South, Utah, Secondary individual, Nonrelative of householder,3250.05, MSA to MSA, Same county, Same county, No, Yes,6, Not in universe, Puerto-Rico, Puerto-Rico, Puerto-Rico, Native- Born in Puerto Rico or U S Outlying,2, Not in universe,2,25,0,94,-50000
60, Self-employed-not incorporated,2,43, Doctorate degree(PhD EdD), Not in universe, Married-civilian spouse present, Agriculture, Farming forestry and fishing, White, All other, Male, Not in universe, Not in universe, Full-time schedules,0,0,4800, Joint both under 65, Not in universe, Not in universe, Householder, Householder,1946.59,,,, Not in universe under 1 year old,,1, Not in universe, United-States, United-States, United-States, Native- Born in the United States,0, Not in universe,2,52,0,95, 50000+.
46, Private,33,19, High school graduate, Not in universe, Never married, Retail trade, Sales, White, All other, Male, Not in universe, Not in universe, Full-time schedules,0,0,0, Single, Not in universe, Not in universe, Child 18+ never marr Not in a subfamily, Child 18 or older,3298.89,,,, Not in universe under 1 year old,,3, Not in universe, United-States, United-States, United-States, Native- Born in the United States,0, Not in universe,2,52,0,95,-50000
27, Private,35,33, High school graduate, Not in universe, Married-civilian spouse present, Finance insurance and real estate, Precision production craft & repair, White, All other, Male, No, Not in universe, Children or Armed Forces,0,0,0, Nonfiler, Not in universe, Not in universe, Householder, Householder,888.64, Nonmover, Nonmover, Nonmover, Yes, Not in universe,0, Not in universe, United-States, United-States, United-States, Native- Born in the United States,0, Not in universe,2,0,1000,94,-50000
33, Private,3,37, High school graduate, Not in universe, Married-civilian spouse present, Mining, Machine operators assmblrs & inspctrs, White, All other, Male, Not in universe, Not in universe, Children or Armed Forces,0,0,0, Joint both under 65, Not in universe, Not in universe, Householder, Householder,1184.06, Nonmover, Nonmover, Nonmover, Yes, Not in universe,6, Not in universe, United-States, United-States, United-States, Native- Born in the United States,1, Not in universe,2,52,0,94, 50000+.
32, Private,33,41, High school graduate, Not in universe, Married-civilian spouse present, Retail trade, Handlers equip cleaners etc , White, All other, Male, Not in universe, Other job loser, Unemployed full-time,0,0,0, Joint both under 65, Not in universe, Not in universe, Spouse of householder, Spouse of householder,1236.65,,,, Not in universe under 1 year old,,3, Not in universe, United-States, United-States, United-States, Native- Born in the United States,0, Not in universe,2,52,0,95,-50000
39, Self-employed-not incorporated,29,2, Bachelors degree(BA AB BS), Not in universe, Married-civilian spouse present, Transportation, Executive admin and managerial, White, All other, Male, Not in universe, Not in universe, Children or Armed Forces,0,0,4, Joint both under 65, Not in universe, Not in universe, Householder, Householder,3033.91, Nonmover, Nonmover, Nonmover, Yes, Not in universe,1, Not in universe, United-States, United-States, United-States, Native- Born in the United States,0, Not in universe,2,52,0,94,-50000
18, Private,37,26, High school graduate, Not in universe, Married-civilian spouse present, Business and repair services, Adm support including clerical, White, All other, Female, No, Not in universe, Full-time schedules,0,0,0, Joint both under 65, Not in universe, Not in universe, Householder, Householder,1618.27,,,, Not in universe under 1 year old,,6, Not in universe, United-States, United-States, United-States, Native- Born in the United States,2, Not in universe,2,24,650,95,-50000
16, Not in universe,0,0, 11th grade, High school, Never married, Not in universe or children, Not in universe, White, All other, Male, Not in universe, Not in universe, Not in labor force,0,0,0, Nonfiler, Not in universe, Not in universe, Grandchild <18 never marr child of subfamily RP, Other relative of householder,2000.66,,,, Not in universe under 1 year old,,0, Mother only present, United-States, United-States, United-States, Native- Born in the United States,0, Not in universe,2,0,0,95,-50000
58, Not in universe,0,0, High school graduate, Not in universe, Married-civilian spouse present, Not in universe or children, Not in universe, Black, All other, Female, Not in universe, Not in universe, Not in labor force,0,0,0, Joint both under 65, Not in universe, Not in universe, Spouse of householder, Spouse of householder,1679.97,,,, Not in universe under 1 year old,,0, Not in universe, United-States, United-States, United-States, Native- Born in the United States,0, Not in universe,2,0,0,95,-50000
37, Federal government,29,25, High school graduate, Not in universe, Married-civilian spouse present, Transportation, Adm support including clerical, White, All other, Female, Not in universe, Not in universe, Full-time schedules,0,0,0, Joint both under 65, Not in universe, Not in universe, Spouse of householder, Spouse of householder,3515.55,,,, Not in universe under 1 year old,,6, Not in universe, United-States, United-States, United-States, Native- Born in the United States,0, Not in universe,2,52,0,95,-50000
33, Private,35,3, Some college but no degree, Not in universe, Never married, Finance insurance and real estate, Executive admin and managerial, Asian or Pacific Islander, All other, Female, Not in universe, Not in universe, Children or Armed Forces,0,0,0, Single, Not in universe, Not in universe, Child 18+ never marr Not in a subfamily, Child 18 or older,1528.84, Nonmover, Nonmover, Nonmover, Yes, Not in universe,6, Not in universe, United-States, United-States, United-States, Native- Born in the United States,0, Not in universe,2,52,0,94,-50000
12, Not in universe,0,0, Children, Not in universe, Never married, Not in universe or children, Not in universe, White, Other Spanish, Male, Not in universe, Not in universe, Children or Armed Forces,0,0,0, Nonfiler, Not in universe, Not in universe, Child <18 never marr not in subfamily, Child under 18 never married,688.94,,,, Not in universe under 1 year old,,0, Mother only present, United-States, United-States, United-States, Native- Born in the United States,0, Not in universe,0,0,0,95,-50000
45, Private,12,5, Bachelors degree(BA AB BS), Not in universe, Divorced, Manufacturing-durable goods, Professional specialty, White, All other, Male, Not in universe, Not in universe, Full-time schedules,0,0,0, Single, Not in universe, Not in universe, Secondary individual, Nonrelative of householder,3627.27,,,, Not in universe under 1 year old,,1, Not in universe, United-States, United-States, United-States, Native- Born in the United States,0, Not in universe,2,52,0,95,-50000
23, Private,33,29, Some college but no degree, Not in universe, Married-civilian spouse present, Retail trade, Other service, White, All other, Female, Not in universe, Not in universe, Full-time schedules,0,0,0, Joint both under 65, Not in universe, Not in universe, Spouse of householder, Spouse of householder,1483.22,,,, Not in universe under 1 year old,,6, Not in universe, United-States, United-States, Germany, Native- Born abroad of American Parent(s),2, Not in universe,2,52,0,95,-50000
67, Not in universe,0,0, High school graduate, Not in universe, Married-civilian spouse present, Not in universe or children, Not in universe, White, All other, Female, Not in universe, Not in universe, Not in labor force,0,0,0, Joint both 65+, Not in universe, Not in universe, Spouse of householder, Spouse of householder,846.51,,,, Not in universe under 1 year old,,3, Not in universe, United-States, United-States, United-States, Native- Born in the United States,0, Not in universe,2,11,0,95,-50000
23, Local government,43,10, Bachelors degree(BA AB BS), Not in universe, Never married, Education, Professional specialty, White, All other, Female, Not in universe, Not in universe, Children or Armed Forces,0,1092,0, Single, Not in universe, Not in universe, Secondary individual, Nonrelative of householder,4328.77, Nonmover, Nonmover, Nonmover, Yes, Not in universe,5, Not in universe, United-States, United-States, United-States, Native- Born in the United States,0, Not in universe,2,52,0,94,-50000
46, Local government,43,10, Bachelors degree(BA AB BS), Not in universe, Divorced, Education, Professional specialty, White, All other, Female, Not in universe, Not in universe, PT for non-econ reasons usually FT,0,0,700, Head of household, Not in universe, Not in universe, Householder, Householder,1566.66,,,, Not in universe under 1 year old,,4, Not in universe, United-States, United-States, United-States, Native- Born in the United States,0, Not in universe,2,52,0,95,-50000
51, Private,41,8, Associates degree-occup /vocational, Not in universe, Married-civilian spouse present, Hospital services, Professional specialty, Asian or Pacific Islander, All other, Female, No, Not in universe, Full-time schedules,0,0,20, Joint both under 65, Not in universe, Not in universe, Spouse of householder, Spouse of householder,1117.91,,,, Not in universe under 1 year old,,6, Not in universe, Philippines, Philippines, Philippines, Foreign born- U S citizen by naturalization,2, Not in universe,2,52,1800,95, 50000+.
31, Private,32,37, Some college but no degree, Not in universe, Married-civilian spouse present, Wholesale trade, Machine operators assmblrs & inspctrs, White, Mexican-American, Male, Not in universe, Not in universe, Children or Armed Forces,0,0,0, Joint both under 65, Not in universe, Not in universe, Householder, Householder,1722.8, Nonmover, Nonmover, Nonmover, Yes, Not in universe,3, Not in universe, Mexico, Mexico, Mexico, Foreign born- Not a citizen of U S ,0, Not in universe,2,52,0,94,-50000
48, Private,37,31, 10th grade, Not in universe, Never married, Business and repair services, Other service, Black, All other, Female, Not in universe, Not in universe, Full-time schedules,0,0,0, Single, Not in universe, Not in universe, Nonfamily householder, Householder,414.05,,,, Not in universe under 1 year old,,6, Not in universe, United-States, United-States, United-States, Native- Born in the United States,0, Not in universe,2,52,0,95,-50000
67, Not in universe,0,0, Some college but no degree, Not in universe, Divorced, Not in universe or children, Not in universe, White, All other, Female, Not in universe, Not in universe, Children or Armed Forces,0,0,0, Nonfiler, Not in universe, Not in universe, Nonfamily householder, Householder,1891.94, Nonmover, Nonmover, Nonmover, Yes, Not in universe,0, Not in universe, United-States, United-States, United-States, Native- Born in the United States,0, Not in universe,2,0,0,94,-50000
36, Private,26,26, Bachelors degree(BA AB BS), Not in universe, Divorced, Manufacturing-nondurable goods, Adm support including clerical, White, All other, Male, No, Not in universe, Children or Armed Forces,0,0,75, Single, Not in universe, Not in universe, Nonfamily householder, Householder,1637.21, Nonmover, Nonmover, Nonmover, Yes, Not in universe,6, Not in universe, United-States, United-States, United-States, Native- Born in the United States,0, Not in universe,2,52,0,94, 50000+.
10, Not in universe,0,0, Children, Not in universe, Never married, Not in universe or children, Not in universe, White, All other, Female, Not in universe, Not in universe, Children or Armed Forces,0,0,0, Nonfiler, Not in universe, Not in universe, Child <18 never marr not in subfamily, Child under 18 never married,1187.17,,,, Not in universe under 1 year old,,0, Both parents present, United-States, United-States, United-States, Native- Born in the United States,0, Not in universe,0,0,0,95,-50000
16, Private,33,29, 9th grade, High school, Never married, Retail trade, Other service, White, All other, Male, Not in universe, Not in universe, Full-time schedules,0,0,0, Nonfiler, Not in universe, Not in universe, Child <18 never marr not in subfamily, Child under 18 never married,202.83,,,, Not in universe under 1 year old,,2, Mother only present, United-States, United-States, United-States, Native- Born in the United States,0, Not in universe,2,15,0,95,-50000
61, Not in universe,0,0, 9th grade, Not in universe, Married-civilian spouse present, Not in universe or children, Not in universe, White, All other, Female, Not in universe, Not in universe, Not in labor force,0,0,0, Joint one under 65 & one 65+, Not in universe, Not in universe, Spouse of householder, Spouse of householder,2698.75,,,, Not in universe under 1 year old,,0, Not in universe, United-States, United-States, United-States, Native- Born in the United States,0, Not in universe,2,0,0,95,-50000
30, Private,33,19, Associates degree-academic program, Not in universe, Married-civilian spouse present, Retail trade, Sales, White, All other, Male, Not in universe, Not in universe, Full-time schedules,0,0,0, Joint both under 65, Not in universe, Not in universe, Householder, Householder,2330.57,,,, Not in universe under 1 year old,,2, Not in universe, United-States, United-States, United-States, Native- Born in the United States,0, Not in universe,2,42,0,95,-50000
47, Private,4,34, 1st 2nd 3rd or 4th grade, Not in universe, Divorced, Construction, Precision production craft & repair, White, Mexican-American, Male, Not in universe, Re-entrant, Children or Armed Forces,0,0,0, Nonfiler, Not in universe, Not in universe, Child 18+ ever marr RP of subfamily, Child 18 or older,1028.83, Nonmover, Nonmover, Nonmover, Yes, Not in universe,0, Not in universe, Mexico, Mexico, Mexico, Foreign born- Not a citizen of U S ,0, Not in universe,2,0,0,94,-50000
51, Private,33,29, High school graduate, Not in universe, Married-civilian spouse present, Retail trade, Other service, White, All other, Male, Not in universe, Not in universe, Full-time schedules,0,0,0, Joint both under 65, Not in universe, Not in universe, Householder, Householder,993.36,,,, Not in universe under 1 year old,,2, Not in universe, United-States, United-States, United-States, Native- Born in the United States,0, Not in universe,2,52,0,95,-50000
37, Self-employed-not incorporated,33,19, Some college but no degree, Not in universe, Married-civilian spouse present, Retail trade, Sales, White, All other, Female, Not in universe, Not in universe, Children or Armed Forces,0,0,0, Joint both under 65, Not in universe, Not in universe, Spouse of householder, Spouse of householder,2912.44, Nonmover, Nonmover, Nonmover, Yes, Not in universe,1, Not in universe, United-States, United-States, United-States, Native- Born in the United States,0, Not in universe,2,52,0,94,-50000
45, Private,32,33, High school graduate, Not in universe, Married-civilian spouse present, Wholesale trade, Precision production craft & repair, White, Mexican-American, Male, Not in universe, Not in universe, Children or Armed Forces,0,0,0, Joint both under 65, Not in universe, Not in universe, Householder, Householder,1351.45, Nonmover, Nonmover, Nonmover, Yes, Not in universe,2, Not in universe, United-States, United-States, United-States, Native- Born in the United States,0, Not in universe,2,52,0,94,-50000
8, Not in universe,0,0, Children, Not in universe, Never married, Not in universe or children, Not in universe, White, All other, Female, Not in universe, Not in universe, Children or Armed Forces,0,0,0, Nonfiler, Not in universe, Not in universe, Child <18 never marr not in subfamily, Child under 18 never married,1548.65, Nonmover, Nonmover, Nonmover, Yes, Not in universe,0, Both parents present, United-States, United-States, United-States, Native- Born in the United States,0, Not in universe,0,0,0,94,-50000
14, Not in universe,0,0, Children, Not in universe, Never married, Not in universe or children, Not in universe, White, All other, Male, Not in universe, Not in universe, Children or Armed Forces,0,0,0, Nonfiler, Not in universe, Not in universe, Child <18 never marr not in subfamily, Child under 18 never married,1311.06, Nonmover, Nonmover, Nonmover, Yes, Not in universe,0, Both parents present, United-States, United-States, United-States, Native- Born in the United States,0, Not in universe,0,0,0,94,-50000
73, Not in universe,0,0, Associates degree-occup /vocational, Not in universe, Married-civilian spouse present, Not in universe or children, Not in universe, White, All other, Female, Not in universe, Not in universe, Not in labor force,6767,0,900, Joint both 65+, Not in universe, Not in universe, Householder, Householder,586.86,,,, Not in universe under 1 year old,,0, Not in universe, England, England, United-States, Native- Born in the United States,0, Not in universe,2,0,0,95,-50000
39, Private,33,29, High school graduate, Not in universe, Married-civilian spouse present, Retail trade, Other service, White, All other, Female, Not in universe, Not in universe, Children or Armed Forces,0,0,0, Joint both under 65, Not in universe, Not in universe, Spouse of householder, Spouse of householder,1797.63, Nonmover, Nonmover, Nonmover, Yes, Not in universe,6, Not in universe, United-States, United-States, United-States, Native- Born in the United States,2, Not in universe,2,52,0,94,-50000
24, Private,36,27, 10th grade, Not in universe, Never married, Private household services, Private household services, White, All other, Female, Not in universe, Not in universe, Children or Armed Forces,0,0,0, Single, Not in universe, Not in universe, Child 18+ never marr Not in a subfamily, Child 18 or older,1051.04, Nonmover, Nonmover, Nonmover, Yes, Not in universe,1, Not in universe, United-States, United-States, United-States, Native- Born in the United States,0, Not in universe,2,26,0,94,-50000
25, Private,4,34, High school graduate, Not in universe, Married-spouse absent, Construction, Precision production craft & repair, White, All other, Male, Not in universe, Not in universe, Full-time schedules,0,0,0, Single, Not in universe, Not in universe, Child 18+ ever marr Not in a subfamily, Child 18 or older,3504.66,,,, Not in universe under 1 year old,,2, Not in universe, United-States, United-States, United-States, Native- Born in the United States,0, Not in universe,2,10,0,95,-50000
25, Private,39,35, Some college but no degree, Not in universe, Married-civilian spouse present, Personal services except private HH, Precision production craft & repair, White, All other, Male, Not in universe, Not in universe, Children or Armed Forces,0,0,0, Joint both under 65, Not in universe, Not in universe, Spouse of householder, Spouse of householder,2556.82, Nonmover, Nonmover, Nonmover, Yes, Not in universe,6, Not in universe, United-States, United-States, United-States, Native- Born in the United States,0, Not in universe,2,52,0,94,-50000
78, Not in universe,0,0, High school graduate, Not in universe, Married-civilian spouse present, Not in universe or children, Not in universe, White, All other, Male, Not in universe, Not in universe, Children or Armed Forces,0,0,300, Joint both 65+, Not in universe, Not in universe, Householder, Householder,1749.15, Nonmover, Nonmover, Nonmover, Yes, Not in universe,0, Not in universe, United-States, United-States, United-States, Native- Born in the United States,0, Not in universe,2,0,0,94,-50000
34, Self-employed-not incorporated,4,34, High school graduate, Not in universe, Married-civilian spouse present, Construction, Precision production craft & repair, White, All other, Male, Not in universe, Not in universe, PT for non-econ reasons usually FT,0,1672,0, Joint both under 65, Not in universe, Not in universe, Householder, Householder,1052.97,,,, Not in universe under 1 year old,,1, Not in universe, United-States, United-States, United-States, Native- Born in the United States,0, Not in universe,2,52,0,95,-50000
35, Local government,43,10, Bachelors degree(BA AB BS), Not in universe, Never married, Education, Professional specialty, White, All other, Female, Not in universe, Not in universe, Full-time schedules,0,0,0, Single, Not in universe, Not in universe, Nonfamily householder, Householder,870.8,,,, Not in universe under 1 year old,,3, Not in universe, United-States, United-States, United-States, Native- Born in the United States,0, Not in universe,2,52,0,95,-50000
81, Not in universe,0,0, 12th grade no diploma, Not in universe, Married-civilian spouse present, Not in universe or children, Not in universe, White, All other, Male, Not in universe, Not in universe, Not in labor force,0,0,1437, Joint both 65+, Not in universe, Not in universe, Spouse of householder, Spouse of householder,1859.11,,,, Not in universe under 1 year old,,0, Not in universe, United-States, United-States, United-States, Native- Born in the United States,0, Not in universe,2,0,0,95,-50000
38, Private,42,30, High school graduate, Not in universe, Married-civilian spouse present, Medical except hospital, Other service, Asian or Pacific Islander, All other, Female, Not in universe, Not in universe, Children or Armed Forces,0,0,0, Joint both under 65, Not in universe, Not in universe, Spouse of householder, Spouse of householder,2437.14, Nonmover, Nonmover, Nonmover, Yes, Not in universe,4, Not in universe,,,, Foreign born- U S citizen by naturalization,0, Not in universe,2,48,0,94,-50000
4, Not in universe,0,0, Children, Not in universe, Never married, Not in universe or children, Not in universe, White, All other, Male, Not in universe, Not in universe, Children or Armed Forces,0,0,0, Nonfiler, Not in universe, Not in universe, Child <18 never marr not in subfamily, Child under 18 never married,1395.5, Nonmover, Nonmover, Nonmover, Yes, Not in universe,0, Both parents present, United-States, United-States, United-States, Native- Born in the United States,0, Not in universe,0,0,0,94,-50000
2, Not in universe,0,0, Children, Not in universe, Never married, Not in universe or children, Not in universe, Other, All other, Female, Not in universe, Not in universe, Children or Armed Forces,0,0,0, Nonfiler, Not in universe, Not in universe, Child <18 never marr not in subfamily, Child under 18 never married,561.97,,,, Not in universe under 1 year old,,0, Both parents present, United-States, United-States, United-States, Native- Born in the United States,0, Not in universe,0,0,0,95,-50000
36, Private,45,5, Bachelors degree(BA AB BS), Not in universe, Married-civilian spouse present, Other professional services, Professional specialty, White, All other, Male, Not in universe, Not in universe, Full-time schedules,0,0,200, Joint both under 65, Not in universe, Not in universe, Spouse of householder, Spouse of householder,490.06,,,, Not in universe under 1 year old,,4, Not in universe, Germany,, United-States, Native- Born in the United States,1, Not in universe,2,52,0,95,-50000
24, Private,33,29, Bachelors degree(BA AB BS), Not in universe, Never married, Retail trade, Other service, White, All other, Male, No, Not in universe, PT for econ reasons usually FT,0,0,0, Single, Not in universe, Not in universe, Child 18+ never marr Not in a subfamily, Child 18 or older,2636.93,,,, Not in universe under 1 year old,,6, Not in universe, United-States, United-States, United-States, Native- Born in the United States,2, Not in universe,2,52,650,95,-50000
49, Private,33,38, 10th grade, Not in universe, Married-civilian spouse present, Retail trade, Transportation and material moving, White, All other, Male, Not in universe, Not in universe, Children or Armed Forces,0,0,27, Joint both under 65, South, Arkansas, Householder, Householder,952.65, NonMSA to nonMSA, Same county, Same county, No, Yes,6, Not in universe, United-States, United-States, United-States, Native- Born in the United States,0, Not in universe,2,52,0,94, 50000+.
23, Not in universe,0,0, Some college but no degree, College or university, Never married, Not in universe or children, Not in universe, White, All other, Female, Not in universe, Not in universe, Not in labor force,0,0,0, Nonfiler, Not in universe, Not in universe, Secondary individual, Nonrelative of householder,854.24,,,, Not in universe under 1 year old,,0, Not in universe,,,, Foreign born- Not a citizen of U S ,0, Not in universe,2,0,0,95,-50000
67, Not in universe,0,0, High school graduate, Not in universe, Widowed, Not in universe or children, Not in universe, Black, All other, Female, Not in universe, Not in universe, Children or Armed Forces,0,0,0, Nonfiler, Not in universe, Not in universe, Other Rel 18+ ever marr not in subfamily, Other relative of householder,1618.47, Nonmover, Nonmover, Nonmover, Yes, Not in universe,0, Not in universe, United-States, United-States, United-States, Native- Born in the United States,0, Not in universe,2,0,0,94,-50000
10, Not in universe,0,0, Children, Not in universe, Never married, Not in universe or children, Not in universe, Asian or Pacific Islander, All other, Male, Not in universe, Not in universe, Children or Armed Forces,0,0,0, Nonfiler, Not in universe, Not in universe, Child <18 never marr not in subfamily, Child under 18 never married,877.99, Nonmover, Nonmover, Nonmover, Yes, Not in universe,0, Both parents present, Taiwan, Taiwan, Taiwan, Foreign born- U S citizen by naturalization,0, Not in universe,0,0,0,94,-50000
84, Not in universe,0,0, 7th and 8th grade, Not in universe, Widowed, Not in universe or children, Not in universe, White, NA, Female, Not in universe, Not in universe, Children or Armed Forces,0,0,0, Nonfiler, Not in universe, Not in universe, Other Rel 18+ ever marr not in subfamily, Other relative of householder,655.74, Nonmover, Nonmover, Nonmover, Yes, Not in universe,0, Not in universe, United-States, United-States, United-States, Native- Born in the United States,0, Not in universe,2,0,0,94,-50000
70, Not in universe,0,0, High school graduate, Not in universe, Married-civilian spouse present, Not in universe or children, Not in universe, White, All other, Female, Not in universe, Not in universe, Not in labor force,0,0,0, Joint both 65+, Not in universe, Not in universe, Spouse of householder, Spouse of householder,3315.4,,,, Not in universe under 1 year old,,0, Not in universe, United-States, United-States, United-States, Native- Born in the United States,0, Not in universe,2,0,0,95,-50000
56, Not in universe,0,0, 10th grade, Not in universe, Married-civilian spouse present, Not in universe or children, Not in universe, White, Puerto Rican, Male, Not in universe, Not in universe, Children or Armed Forces,0,0,0, Joint both under 65, Northeast, New Mexico, Householder, Householder,1680.52, MSA to MSA, Same county, Same county, No, No,0, Not in universe, Puerto-Rico, Puerto-Rico, Puerto-Rico, Native- Born in Puerto Rico or U S Outlying,0, Not in universe,2,0,0,94,-50000
21, Private,29,41, High school graduate, Not in universe, Never married, Transportation, Handlers equip cleaners etc , White, All other, Male, Not in universe, Not in universe, Full-time schedules,0,0,0, Single, Not in universe, Not in universe, Child 18+ never marr Not in a subfamily, Child 18 or older,559.12,,,, Not in universe under 1 year old,,4, Not in universe, United-States, United-States, United-States, Native- Born in the United States,0, Not in universe,2,52,0,95,-50000
51, Private,42,2, Some college but no degree, Not in universe, Never married, Medical except hospital, Executive admin and managerial, Black, All other, Female, No, Not in universe, Full-time schedules,0,0,0, Head of household, Not in universe, Not in universe, Householder, Householder,1178.85,,,, Not in universe under 1 year old,,3, Not in universe, United-States, United-States, United-States, Native- Born in the United States,0, Not in universe,2,52,0,95,-50000
25, Private,5,41, High school graduate, Not in universe, Married-civilian spouse present, Manufacturing-durable goods, Handlers equip cleaners etc , White, All other, Male, No, Not in universe, Children or Armed Forces,0,0,0, Joint both under 65, Not in universe, Not in universe, Householder, Householder,1927.58, Nonmover, Nonmover, Nonmover, Yes, Not in universe,3, Not in universe, United-States, United-States, United-States, Native- Born in the United States,0, Not in universe,2,52,925,94,-50000
66, Not in universe,0,0, 10th grade, Not in universe, Married-civilian spouse present, Not in universe or children, Not in universe, White, All other, Female, Not in universe, Not in universe, Not in labor force,0,0,0, Joint one under 65 & one 65+, Not in universe, Not in universe, Householder, Householder,258.35,,,, Not in universe under 1 year old,,0, Not in universe, United-States, United-States, United-States, Native- Born in the United States,0, Not in universe,2,0,0,95,-50000
62, Not in universe,0,0, High school graduate, Not in universe, Married-civilian spouse present, Not in universe or children, Not in universe, White, All other, Female, Not in universe, Not in universe, Children or Armed Forces,0,0,0, Joint one under 65 & one 65+, Not in universe, Not in universe, Householder, Householder,2627.86, Nonmover, Nonmover, Nonmover, Yes, Not in universe,0, Not in universe, United-States, United-States, United-States, Native- Born in the United States,0, Not in universe,2,0,0,94,-50000
50, Self-employed-not incorporated,6,24, Some college but no degree, Not in universe, Married-civilian spouse present, Manufacturing-durable goods, Adm support including clerical, White, All other, Female, Not in universe, Not in universe, Unemployed full-time,0,0,0, Joint both under 65, Not in universe, Not in universe, Householder, Householder,1006.48,,,, Not in universe under 1 year old,,1, Not in universe, United-States, United-States, United-States, Native- Born in the United States,1, Not in universe,2,26,0,95,-50000
9, Not in universe,0,0, Children, Not in universe, Never married, Not in universe or children, Not in universe, White, All other, Male, Not in universe, Not in universe, Children or Armed Forces,0,0,0, Nonfiler, Not in universe, Not in universe, Child <18 never marr not in subfamily, Child under 18 never married,1914.24,,,, Not in universe under 1 year old,,0, Both parents present, United-States, United-States, United-States, Native- Born in the United States,0, Not in universe,0,0,0,95,-50000
56, Private,4,34, High school graduate, Not in universe, Widowed, Construction, Precision production craft & repair, White, All other, Male, Not in universe, Other job loser, Children or Armed Forces,0,0,0, Single, Midwest, Oklahoma, Householder, Householder,1712.47, MSA to MSA, Different county same state, Different county same state, No, No,4, Not in universe, United-States, United-States, United-States, Native- Born in the United States,0, Not in universe,2,16,0,94,-50000
45, Private,25,23, Some college but no degree, Not in universe, Married-spouse absent, Manufacturing-nondurable goods, Adm support including clerical, White, All other, Female, No, Not in universe, Children or Armed Forces,0,0,0, Single, West, California, Nonfamily householder, Householder,2252.85, MSA to MSA, Different division same region, Different state in West, No, No,6, Not in universe, United-States, United-States, United-States, Native- Born in the United States,0, Not in universe,2,52,0,94,-50000
44, Self-employed-not incorporated,1,44, 11th grade, Not in universe, Married-civilian spouse present, Agriculture, Farming forestry and fishing, White, Mexican (Mexicano), Male, Not in universe, Not in universe, PT for econ reasons usually FT,0,0,0, Joint both under 65, Not in universe, Not in universe, Householder, Householder,2140.39,,,, Not in universe under 1 year old,,1, Not in universe, Mexico, Mexico, Mexico, Foreign born- U S citizen by naturalization,0, Not in universe,2,52,0,95,-50000
7, Not in universe,0,0, Children, Not in universe, Never married, Not in universe or children, Not in universe, White, All other, Female, Not in universe, Not in universe, Children or Armed Forces,0,0,0, Nonfiler, Not in universe, Not in universe, Child <18 never marr not in subfamily, Child under 18 never married,2477.43,,,, Not in universe under 1 year old,,0, Both parents present, United-States, United-States, United-States, Native- Born in the United States,0, Not in universe,0,0,0,95,-50000
7, Not in universe,0,0, Children, Not in universe, Never married, Not in universe or children, Not in universe, White, Central or South American, Female, Not in universe, Not in universe, Children or Armed Forces,0,0,0, Nonfiler, Not in universe, Not in universe, Child <18 never marr not in subfamily, Child under 18 never married,1634.31,,,, Not in universe under 1 year old,,0, Mother only present, Honduras, Honduras, United-States, Native- Born in the United States,0, Not in universe,0,0,0,95,-50000
29, Private,24,12, Bachelors degree(BA AB BS), Not in universe, Never married, Manufacturing-nondurable goods, Professional specialty, White, All other, Male, Not in universe, Not in universe, Children or Armed Forces,0,0,0, Single, South, Florida, Nonfamily householder, Householder,1940.48, MSA to MSA, Same county, Same county, No, Yes,4, Not in universe, United-States, United-States, United-States, Native- Born in the United States,0, Not in universe,2,52,0,94,-50000
32, Private,35,15, Associates degree-occup /vocational, Not in universe, Married-civilian spouse present, Finance insurance and real estate, Technicians and related support, White, All other, Female, Not in universe, Not in universe, Children or Armed Forces,0,0,2, Joint both under 65, Not in universe, Not in universe, Spouse of householder, Spouse of householder,1745.09, Nonmover, Nonmover, Nonmover, Yes, Not in universe,6, Not in universe, United-States, United-States, United-States, Native- Born in the United States,0, Not in universe,2,52,0,94,-50000
13, Not in universe,0,0, Children, Not in universe, Never married, Not in universe or children, Not in universe, White, All other, Male, Not in universe, Not in universe, Children or Armed Forces,0,0,0, Nonfiler, Not in universe, Not in universe, Child <18 never marr not in subfamily, Child under 18 never married,2686.34,,,, Not in universe under 1 year old,,0, Both parents present, United-States, United-States, United-States, Native- Born in the United States,0, Not in universe,0,0,0,95,-50000
26, Not in universe,0,0, High school graduate, Not in universe, Married-civilian spouse present, Not in universe or children, Not in universe, White, All other, Female, Not in universe, Not in universe, Not in labor force,0,0,0, Joint both under 65, Not in universe, Not in universe, Spouse of householder, Spouse of householder,3521.89,,,, Not in universe under 1 year old,,6, Not in universe, United-States, Germany, Germany, Native- Born abroad of American Parent(s),0, Not in universe,2,17,0,95,-50000
47, Without pay,42,2, Associates degree-occup /vocational, Not in universe, Married-civilian spouse present, Medical except hospital, Executive admin and managerial, White, All other, Female, Not in universe, Not in universe, Children or Armed Forces,0,0,92, Joint both under 65, Not in universe, Not in universe, Spouse of householder, Spouse of householder,1822.13, Nonmover, Nonmover, Nonmover, Yes, Not in universe,2, Not in universe, United-States, United-States, United-States, Native- Born in the United States,0, Not in universe,2,52,0,94,-50000
12, Not in universe,0,0, Children, Not in universe, Never married, Not in universe or children, Not in universe, White, All other, Female, Not in universe, Not in universe, Children or Armed Forces,0,0,0, Nonfiler, Not in universe, Not in universe, Child <18 never marr not in subfamily, Child under 18 never married,1764.79, Nonmover, Nonmover, Nonmover, Yes, Not in universe,0, Father only present, Germany, United-States, United-States, Native- Born in the United States,0, Not in universe,0,0,0,94,-50000
31, Private,43,9, Doctorate degree(PhD EdD), Not in universe, Married-civilian spouse present, Education, Professional specialty, White, All other, Female, Not in universe, Not in universe, Children or Armed Forces,0,0,50, Joint both under 65, Not in universe, Not in universe, Spouse of householder, Spouse of householder,2111.75, Nonmover, Nonmover, Nonmover, Yes, Not in universe,6, Not in universe, United-States, United-States, United-States, Native- Born in the United States,2, Not in universe,2,52,0,94,-50000
9, Not in universe,0,0, Children, Not in universe, Never married, Not in universe or children, Not in universe, Other, All other, Female, Not in universe, Not in universe, Children or Armed Forces,0,0,0, Nonfiler, Not in universe, Not in universe, Child <18 never marr not in subfamily, Child under 18 never married,663.18, Nonmover, Nonmover, Nonmover, Yes, Not in universe,0, Both parents present, Puerto-Rico, United-States, United-States, Native- Born in the United States,0, Not in universe,0,0,0,94,-50000
83, Not in universe,0,0, 7th and 8th grade, Not in universe, Married-civilian spouse present, Not in universe or children, Not in universe, White, Other Spanish, Female, Not in universe, Not in universe, Children or Armed Forces,0,0,0, Nonfiler, Not in universe, Not in universe, Spouse of householder, Spouse of householder,651.66, Nonmover, Nonmover, Nonmover, Yes, Not in universe,0, Not in universe, United-States, United-States, United-States, Native- Born in the United States,0, Not in universe,2,0,0,94,-50000
83, Not in universe,0,0, 12th grade no diploma, Not in universe, Married-civilian spouse present, Not in universe or children, Not in universe, White, All other, Male, Not in universe, Not in universe, Children or Armed Forces,0,0,0, Nonfiler, Abroad, Abroad, Other Rel 18+ spouse of subfamily RP, Other relative of householder,1082.32, Abroad to MSA, Abroad, Abroad, No, No,0, Not in universe, Greece, Greece, Greece, Foreign born- Not a citizen of U S ,0, Not in universe,2,0,0,94,-50000
55, Private,42,26, High school graduate, Not in universe, Married-civilian spouse present, Medical except hospital, Adm support including clerical, White, All other, Female, No, Not in universe, Children or Armed Forces,0,0,0, Joint both under 65, Not in universe, Not in universe, Spouse of householder, Spouse of householder,3479.47, Nonmover, Nonmover, Nonmover, Yes, Not in universe,1, Not in universe, United-States, United-States, United-States, Native- Born in the United States,0, Not in universe,2,48,900,94,-50000
52, Local government,43,10, Masters degree(MA MS MEng MEd MSW MBA), Not in universe, Married-civilian spouse present, Education, Professional specialty, White, All other, Male, Not in universe, Not in universe, Full-time schedules,0,0,0, Joint one under 65 & one 65+, Not in universe, Not in universe, Householder, Householder,1011.1,,,, Not in universe under 1 year old,,5, Not in universe, United-States, United-States, United-States, Native- Born in the United States,2, Not in universe,2,52,0,95, 50000+.
11, Not in universe,0,0, Children, Not in universe, Never married, Not in universe or children, Not in universe, White, Central or South American, Male, Not in universe, Not in universe, Children or Armed Forces,0,0,0, Nonfiler, Not in universe, Not in universe, Child <18 never marr not in subfamily, Child under 18 never married,225.1, Nonmover, Nonmover, Nonmover, Yes, Not in universe,0, Both parents present, United-States, United-States, United-States, Native- Born in the United States,0, Not in universe,0,0,0,94,-50000
1, Not in universe,0,0, Children, Not in universe, Never married, Not in universe or children, Not in universe, Black, All other, Female, Not in universe, Not in universe, Children or Armed Forces,0,0,0, Nonfiler, Not in universe, Not in universe, Child <18 never marr not in subfamily, Child under 18 never married,4397.54, Nonmover, Nonmover, Nonmover, Yes, Not in universe,0, Mother only present, United-States, United-States, United-States, Native- Born in the United States,0, Not in universe,0,0,0,94,-50000
21, Private,32,19, Associates degree-academic program, College or university, Never married, Wholesale trade, Sales, White, All other, Female, Not in universe, Not in universe, Full-time schedules,0,0,0, Single, Not in universe, Not in universe, Nonfamily householder, Householder,1767.99,,,, Not in universe under 1 year old,,6, Not in universe, United-States, United-States, United-States, Native- Born in the United States,0, Not in universe,2,51,0,95,-50000
2, Not in universe,0,0, Children, Not in universe, Never married, Not in universe or children, Not in universe, White, All other, Male, Not in universe, Not in universe, Children or Armed Forces,0,0,0, Nonfiler, Not in universe, Not in universe, Child <18 never marr not in subfamily, Child under 18 never married,579.32, Nonmover, Nonmover, Nonmover, Yes, Not in universe,0, Both parents present, United-States, United-States, United-States, Native- Born in the United States,0, Not in universe,0,0,0,94,-50000
1, Not in universe,0,0, Children, Not in universe, Never married, Not in universe or children, Not in universe, White, All other, Male, Not in universe, Not in universe, Children or Armed Forces,0,0,0, Nonfiler, Not in universe, Not in universe, Child <18 never marr not in subfamily, Child under 18 never married,2095.27,,,, Not in universe under 1 year old,,0, Both parents present, United-States, United-States, United-States, Native- Born in the United States,0, Not in universe,0,0,0,95,-50000
46, Private,32,2, Some college but no degree, Not in universe, Divorced, Wholesale trade, Executive admin and managerial, White, All other, Female, No, Not in universe, Children or Armed Forces,7443,0,0, Head of household, Not in universe, Not in universe, Householder, Householder,2772.09, Nonmover, Nonmover, Nonmover, Yes, Not in universe,5, Not in universe, United-States, United-States, United-States, Native- Born in the United States,0, Not in universe,2,52,1300,94,-50000
2, Not in universe,0,0, Children, Not in universe, Never married, Not in universe or children, Not in universe, White, All other, Female, Not in universe, Not in universe, Children or Armed Forces,0,0,0, Nonfiler, Not in universe, Not in universe, Other Rel <18 never marr child of subfamily RP, Other relative of householder,1676.34, Nonmover, Nonmover, Nonmover, Yes, Not in universe,0, Both parents present, United-States, United-States, United-States, Native- Born in the United States,0, Not in universe,0,0,0,94,-50000
57, Not in universe,0,0, Doctorate degree(PhD EdD), Not in universe, Married-civilian spouse present, Not in universe or children, Not in universe, Asian or Pacific Islander, All other, Female, Not in universe, Not in universe, Not in labor force,0,0,2500, Joint both under 65, Not in universe, Not in universe, Spouse of householder, Spouse of householder,1272.27,,,, Not in universe under 1 year old,,0, Not in universe, South Korea, South Korea, South Korea, Foreign born- U S citizen by naturalization,0, Not in universe,2,0,0,95,-50000
20, Not in universe,0,0, Some college but no degree, College or university, Never married, Not in universe or children, Not in universe, White, All other, Female, Not in universe, Not in universe, Not in labor force,0,0,0, Nonfiler, Not in universe, Not in universe, Child 18+ never marr Not in a subfamily, Child 18 or older,1380.37,,,, Not in universe under 1 year old,,0, Not in universe, United-States, United-States, United-States, Native- Born in the United States,0, Not in universe,2,0,0,95,-50000
64, Private,1,4, 10th grade, Not in universe, Widowed, Agriculture, Professional specialty, White, All other, Female, Not in universe, Not in universe, Full-time schedules,0,0,0, Single, Not in universe, Not in universe, Householder, Householder,402.7,,,, Not in universe under 1 year old,,1, Not in universe, United-States, United-States, United-States, Native- Born in the United States,2, Not in universe,2,52,0,95,-50000
0, Not in universe,0,0, Children, Not in universe, Never married, Not in universe or children, Not in universe, White, Mexican-American, Female, Not in universe, Not in universe, Children or Armed Forces,0,0,0, Nonfiler, Not in universe, Not in universe, Child <18 never marr not in subfamily, Child under 18 never married,1264.64, Not in universe, Not in universe, Not in universe, Not in universe under 1 year old, Not in universe,0, Both parents present, Mexico, Mexico, United-States, Native- Born in the United States,0, Not in universe,0,0,0,94,-50000
35, Private,33,29, 10th grade, Not in universe, Married-civilian spouse present, Retail trade, Other service, Asian or Pacific Islander, All other, Male, Not in universe, Not in universe, Children or Armed Forces,0,0,0, Joint both under 65, Not in universe, Not in universe, Householder, Householder,1640.84, Nonmover, Nonmover, Nonmover, Yes, Not in universe,1, Not in universe, India, India, India, Foreign born- Not a citizen of U S ,0, Not in universe,2,52,0,94,-50000
5, Not in universe,0,0, Children, Not in universe, Never married, Not in universe or children, Not in universe, Black, All other, Female, Not in universe, Not in universe, Children or Armed Forces,0,0,0, Nonfiler, Not in universe, Not in universe, Child <18 never marr not in subfamily, Child under 18 never married,1945.61,,,, Not in universe under 1 year old,,0, Mother only present, United-States, United-States, United-States, Native- Born in the United States,0, Not in universe,0,0,0,95,-50000
12, Not in universe,0,0, Children, Not in universe, Never married, Not in universe or children, Not in universe, White, All other, Male, Not in universe, Not in universe, Children or Armed Forces,0,0,0, Nonfiler, Not in universe, Not in universe, Child <18 never marr not in subfamily, Child under 18 never married,3662.47,,,, Not in universe under 1 year old,,0, Both parents present, Iran, Iran, United-States, Native- Born in the United States,0, Not in universe,0,0,0,95,-50000
5, Not in universe,0,0, Children, Not in universe, Never married, Not in universe or children, Not in universe, Asian or Pacific Islander, All other, Female, Not in universe, Not in universe, Children or Armed Forces,0,0,0, Nonfiler, Not in universe, Not in universe, Child <18 never marr not in subfamily, Child under 18 never married,1746.75, Nonmover, Nonmover, Nonmover, Yes, Not in universe,0, Both parents present, Philippines, Philippines, United-States, Native- Born in the United States,0, Not in universe,0,0,0,94,-50000
10, Not in universe,0,0, Children, Not in universe, Never married, Not in universe or children, Not in universe, White, All other, Male, Not in universe, Not in universe, Children or Armed Forces,0,0,0, Nonfiler, Not in universe, Not in universe, Child <18 never marr not in subfamily, Child under 18 never married,2369.06,,,, Not in universe under 1 year old,,0, Both parents present, United-States, United-States, United-States, Native- Born in the United States,0, Not in universe,0,0,0,95,-50000
39, Private,12,35, Some college but no degree, Not in universe, Married-civilian spouse present, Manufacturing-durable goods, Precision production craft & repair, White, All other, Female, Not in universe, Not in universe, Not in labor force,0,0,0, Joint both under 65, Not in universe, Not in universe, Householder, Householder,3480.13,,,, Not in universe under 1 year old,,0, Not in universe, United-States, United-States, United-States, Native- Born in the United States,0, Not in universe,2,0,0,95,-50000
43, Private,32,23, High school graduate, Not in universe, Married-civilian spouse present, Wholesale trade, Adm support including clerical, White, Cuban, Female, Not in universe, Not in universe, Not in labor force,0,0,0, Joint both under 65, Not in universe, Not in universe, Spouse of householder, Spouse of householder,1246.78,,,, Not in universe under 1 year old,,1, Not in universe, Cuba, Cuba, Cuba, Foreign born- U S citizen by naturalization,2, Not in universe,2,40,0,95,-50000
23, Private,33,24, Associates degree-academic program, Not in universe, Married-civilian spouse present, Retail trade, Adm support including clerical, White, All other, Female, No, Not in universe, Children or Armed Forces,0,0,0, Joint both under 65, Not in universe, Not in universe, Spouse of householder, Spouse of householder,1699.02, Nonmover, Nonmover, Nonmover, Yes, Not in universe,3, Not in universe, United-States, United-States, United-States, Native- Born in the United States,0, Not in universe,2,20,500,94,-50000
2, Not in universe,0,0, Children, Not in universe, Never married, Not in universe or children, Not in universe, White, All other, Female, Not in universe, Not in universe, Children or Armed Forces,0,0,0, Nonfiler, Not in universe, Not in universe, Child <18 never marr not in subfamily, Child under 18 never married,1872.21,,,, Not in universe under 1 year old,,0, Both parents present, United-States, United-States, United-States, Native- Born in the United States,0, Not in universe,0,0,0,95,-50000
36, Private,3,39, 9th grade, Not in universe, Divorced, Mining, Transportation and material moving, Amer Indian Aleut or Eskimo, All other, Male, Not in universe, Job loser - on layoff, Unemployed full-time,0,0,0, Single, Not in universe, Not in universe, Child 18+ ever marr Not in a subfamily, Child 18 or older,867.1,,,, Not in universe under 1 year old,,1, Not in universe, United-States, United-States, United-States, Native- Born in the United States,0, Not in universe,2,26,0,95,-50000
24, Not in universe,0,0, 10th grade, Not in universe, Never married, Not in universe or children, Not in universe, White, Puerto Rican, Female, Not in universe, Not in universe, Children or Armed Forces,0,0,0, Nonfiler, Not in universe, Not in universe, Householder, Householder,955.52, Nonmover, Nonmover, Nonmover, Yes, Not in universe,0, Not in universe, Puerto-Rico, Puerto-Rico, Puerto-Rico, Native- Born in Puerto Rico or U S Outlying,0, Not in universe,2,0,0,94,-50000
58, Private,9,4, High school graduate, Not in universe, Married-civilian spouse present, Manufacturing-durable goods, Professional specialty, White, All other, Male, Not in universe, Not in universe, Children or Armed Forces,0,0,0, Joint both under 65, Not in universe, Not in universe, Spouse of householder, Spouse of householder,2843.16, Nonmover, Nonmover, Nonmover, Yes, Not in universe,6, Not in universe, Italy, United-States, United-States, Native- Born in the United States,0, Not in universe,2,52,0,94,-50000
67, Not in universe,0,0, 10th grade, Not in universe, Married-civilian spouse present, Not in universe or children, Not in universe, White, Other Spanish, Female, Not in universe, Not in universe, Children or Armed Forces,0,0,0, Joint both 65+, Not in universe, Not in universe, Spouse of householder, Spouse of householder,1100.71, Nonmover, Nonmover, Nonmover, Yes, Not in universe,0, Not in universe, United-States, United-States, United-States, Native- Born in the United States,0, Not in universe,2,0,0,94,-50000
34, Self-employed-not incorporated,22,12, High school graduate, Not in universe, Married-civilian spouse present, Manufacturing-nondurable goods, Professional specialty, White, All other, Female, Not in universe, Not in universe, Children or Armed Forces,0,0,0, Joint both under 65, Not in universe, Not in universe, Spouse of householder, Spouse of householder,1687.15, Nonmover, Nonmover, Nonmover, Yes, Not in universe,1, Not in universe, United-States, United-States, United-States, Native- Born in the United States,0, Not in universe,2,52,0,94, 50000+.
66, Not in universe,0,0, High school graduate, Not in universe, Married-civilian spouse present, Not in universe or children, Not in universe, White, All other, Male, Not in universe, Not in universe, Not in labor force,0,0,50, Joint both 65+, Not in universe, Not in universe, Householder, Householder,1797.46,,,, Not in universe under 1 year old,,0, Not in universe, Ireland, United-States, United-States, Native- Born in the United States,0, Not in universe,2,0,0,95,-50000
72, Not in universe,0,0, 10th grade, Not in universe, Married-civilian spouse present, Not in universe or children, Not in universe, White, All other, Male, Not in universe, Not in universe, Not in labor force,0,0,0, Joint both 65+, Not in universe, Not in universe, Householder, Householder,940.14,,,, Not in universe under 1 year old,,0, Not in universe, United-States, United-States, United-States, Native- Born in the United States,0, Not in universe,2,0,0,95,-50000
35, Not in universe,0,0, High school graduate, Not in universe, Married-civilian spouse present, Not in universe or children, Not in universe, White, All other, Female, Not in universe, Not in universe, Children or Armed Forces,0,0,0, Joint both under 65, Not in universe, Not in universe, Householder, Householder,2237.84, Nonmover, Nonmover, Nonmover, Yes, Not in universe,0, Not in universe,,,, Foreign born- Not a citizen of U S ,0, Not in universe,2,0,0,94,-50000
32, Private,27,37, High school graduate, Not in universe, Married-civilian spouse present, Manufacturing-nondurable goods, Machine operators assmblrs & inspctrs, White, All other, Female, Not in universe, Not in universe, Full-time schedules,0,0,0, Joint both under 65, Not in universe, Not in universe, Spouse of householder, Spouse of householder,1176.44,,,, Not in universe under 1 year old,,5, Not in universe, United-States, United-States, United-States, Native- Born in the United States,0, Not in universe,2,52,0,95,-50000
8, Not in universe,0,0, Children, Not in universe, Never married, Not in universe or children, Not in universe, White, Mexican-American, Male, Not in universe, Not in universe, Children or Armed Forces,0,0,0, Nonfiler, Not in universe, Not in universe, Child <18 never marr not in subfamily, Child under 18 never married,1193.5, Nonmover, Nonmover, Nonmover, Yes, Not in universe,0, Both parents present, Mexico, Mexico, United-States, Native- Born in the United States,0, Not in universe,0,0,0,94,-50000
66, Not in universe,0,0, High school graduate, Not in universe, Married-civilian spouse present, Not in universe or children, Not in universe, White, All other, Male, Not in universe, Not in universe, Not in labor force,0,0,606, Joint both 65+, Not in universe, Not in universe, Householder, Householder,1722.58,,,, Not in universe under 1 year old,,0, Not in universe, United-States, United-States, United-States, Native- Born in the United States,0, Not in universe,2,0,0,95,-50000
39, Private,33,29, High school graduate, Not in universe, Divorced, Retail trade, Other service, White, All other, Female, No, Not in universe, Children or Armed Forces,0,0,0, Head of household, Not in universe, Not in universe, Householder, Householder,614.21, Nonmover, Nonmover, Nonmover, Yes, Not in universe,1, Not in universe, United-States, United-States, United-States, Native- Born in the United States,0, Not in universe,2,52,400,94,-50000
54, Local government,43,24, Some college but no degree, Not in universe, Widowed, Education, Adm support including clerical, White, Mexican (Mexicano), Female, Not in universe, Not in universe, Children or Armed Forces,0,0,0, Head of household, Not in universe, Not in universe, Householder, Householder,892.48, Nonmover, Nonmover, Nonmover, Yes, Not in universe,6, Not in universe, Mexico, Mexico, Mexico, Foreign born- U S citizen by naturalization,0, Not in universe,2,52,0,94,-50000
48, Private,45,34, High school graduate, Not in universe, Married-civilian spouse present, Other professional services, Precision production craft & repair, White, All other, Male, Not in universe, Not in universe, Full-time schedules,0,0,0, Joint both under 65, Not in universe, Not in universe, Householder, Householder,1194.59,,,, Not in universe under 1 year old,,6, Not in universe, Poland, Poland, United-States, Native- Born in the United States,0, Not in universe,2,52,0,95,-50000
0, Not in universe,0,0, Children, Not in universe, Never married, Not in universe or children, Not in universe, White, Central or South American, Female, Not in universe, Not in universe, Children or Armed Forces,0,0,0, Nonfiler, Not in universe, Not in universe, Child <18 never marr not in subfamily, Child under 18 never married,1577.09, Not in universe, Not in universe, Not in universe, Not in universe under 1 year old, Not in universe,0, Both parents present, Ecuador, Honduras, United-States, Native- Born in the United States,0, Not in universe,0,0,0,94,-50000
7, Not in universe,0,0, Children, Not in universe, Never married, Not in universe or children, Not in universe, White, All other, Female, Not in universe, Not in universe, Children or Armed Forces,0,0,0, Nonfiler, Not in universe, Not in universe, Child <18 never marr not in subfamily, Child under 18 never married,1489.25, Nonmover, Nonmover, Nonmover, Yes, Not in universe,0, Mother only present, United-States, United-States, United-States, Native- Born in the United States,0, Not in universe,0,0,0,94,-50000
61, Federal government,49,38, Some college but no degree, Not in universe, Married-civilian spouse present, Public administration, Transportation and material moving, Black, All other, Male, Not in universe, Not in universe, Children or Armed Forces,0,0,0, Joint both under 65, Not in universe, Not in universe, Householder, Householder,3387.48, Nonmover, Nonmover, Nonmover, Yes, Not in universe,4, Not in universe, United-States, United-States, United-States, Native- Born in the United States,0, Not in universe,2,52,0,94,-50000
90, Not in universe,0,0, 7th and 8th grade, Not in universe, Widowed, Not in universe or children, Not in universe, White, All other, Male, Not in universe, Not in universe, Children or Armed Forces,0,0,0, Single, Not in universe, Not in universe, Other Rel 18+ ever marr not in subfamily, Other relative of householder,730.94, Nonmover, Nonmover, Nonmover, Yes, Not in universe,0, Not in universe, United-States, United-States, United-States, Native- Born in the United States,0, Not in universe,2,0,0,94,-50000
62, Self-employed-incorporated,33,19, Some college but no degree, Not in universe, Married-civilian spouse present, Retail trade, Sales, White, All other, Female, Not in universe, Not in universe, Full-time schedules,0,0,1, Joint one under 65 & one 65+, Not in universe, Not in universe, Spouse of householder, Spouse of householder,1990.46,,,, Not in universe under 1 year old,,1, Not in universe, United-States, United-States, United-States, Native- Born in the United States,0, Not in universe,2,52,0,95,-50000
26, Private,41,8, Bachelors degree(BA AB BS), Not in universe, Never married, Hospital services, Professional specialty, White, All other, Female, Not in universe, Not in universe, Full-time schedules,0,0,0, Single, Not in universe, Not in universe, Nonfamily householder, Householder,2515.3,,,, Not in universe under 1 year old,,6, Not in universe, United-States, United-States, United-States, Native- Born in the United States,2, Not in universe,2,48,0,95,-50000
41, Not in universe,0,0, High school graduate, Not in universe, Married-civilian spouse present, Not in universe or children, Not in universe, White, All other, Female, Not in universe, Not in universe, Not in labor force,0,0,0, Joint both under 65, Not in universe, Not in universe, Spouse of householder, Spouse of householder,1087.15,,,, Not in universe under 1 year old,,0, Not in universe, United-States, United-States, United-States, Native- Born in the United States,0, Not in universe,2,0,0,95,-50000
9, Not in universe,0,0, Children, Not in universe, Never married, Not in universe or children, Not in universe, White, Other Spanish, Male, Not in universe, Not in universe, Children or Armed Forces,0,0,0, Nonfiler, Not in universe, Not in universe, Child <18 never marr not in subfamily, Child under 18 never married,635.22, Nonmover, Nonmover, Nonmover, Yes, Not in universe,0, Both parents present, United-States, United-States, United-States, Native- Born in the United States,0, Not in universe,0,0,0,94,-50000
21, Private,38,42, 10th grade, Not in universe, Never married, Business and repair services, Handlers equip cleaners etc , Black, All other, Male, Not in universe, Not in universe, Full-time schedules,0,0,0, Single, Not in universe, Not in universe, Child 18+ never marr Not in a subfamily, Child 18 or older,5634.92,,,, Not in universe under 1 year old,,4, Not in universe, United-States, United-States, United-States, Native- Born in the United States,0, Not in universe,2,20,0,95,-50000
16, Private,33,25, 10th grade, High school, Never married, Retail trade, Adm support including clerical, Black, All other, Male, Not in universe, Not in universe, Children or Armed Forces,0,0,0, Single, West, Colorado, Child <18 never marr not in subfamily, Child under 18 never married,1240.54, MSA to MSA, Same county, Same county, No, No,2, Mother only present, United-States, United-States, United-States, Native- Born in the United States,0, Not in universe,2,25,0,94,-50000
40, Private,15,35, Prof school degree (MD DDS DVM LLB JD), Not in universe, Married-civilian spouse present, Manufacturing-durable goods, Precision production craft & repair, Black, All other, Female, Yes, Not in universe, PT for non-econ reasons usually FT,0,0,12, Joint both under 65, Not in universe, Not in universe, Spouse of householder, Spouse of householder,3746.82,,,, Not in universe under 1 year old,,6, Not in universe, United-States, United-States, United-States, Native- Born in the United States,0, Not in universe,2,52,2000,95,-50000
57, Private,4,39, 5th or 6th grade, Not in universe, Married-civilian spouse present, Construction, Transportation and material moving, Black, All other, Male, Not in universe, Not in universe, Children or Armed Forces,0,0,0, Joint both under 65, Not in universe, Not in universe, Householder, Householder,931.67, Nonmover, Nonmover, Nonmover, Yes, Not in universe,4, Not in universe, United-States, United-States, United-States, Native- Born in the United States,0, Not in universe,2,52,0,94,-50000
7, Not in universe,0,0, Children, Not in universe, Never married, Not in universe or children, Not in universe, Black, All other, Male, Not in universe, Not in universe, Children or Armed Forces,0,0,0, Nonfiler, Not in universe, Not in universe, Child <18 never marr not in subfamily, Child under 18 never married,619.59, Nonmover, Nonmover, Nonmover, Yes, Not in universe,0, Both parents present, United-States, United-States, United-States, Native- Born in the United States,0, Not in universe,0,0,0,94,-50000
13, Not in universe,0,0, Children, Not in universe, Never married, Not in universe or children, Not in universe, White, All other, Male, Not in universe, Not in universe, Children or Armed Forces,0,0,0, Nonfiler, South, Maine, Child <18 never marr not in subfamily, Child under 18 never married,2627.67, NonMSA to nonMSA, Same county, Same county, No, Yes,0, Mother only present, United-States, United-States, United-States, Native- Born in the United States,0, Not in universe,0,0,0,94,-50000
29, Private,30,12, Masters degree(MA MS MEng MEd MSW MBA), Not in universe, Married-civilian spouse present, Communications, Professional specialty, Black, All other, Female, Not in universe, Not in universe, Children or Armed Forces,0,0,200, Joint both under 65, Not in universe, Not in universe, Spouse of householder, Spouse of householder,1457.72, Nonmover, Nonmover, Nonmover, Yes, Not in universe,4, Not in universe, United-States, United-States, United-States, Native- Born in the United States,2, Not in universe,2,52,0,94,-50000
50, Not in universe,0,0, High school graduate, Not in universe, Married-civilian spouse present, Not in universe or children, Not in universe, White, All other, Male, Not in universe, Not in universe, Not in labor force,0,0,0, Joint both under 65, Not in universe, Not in universe, Householder, Householder,677.95,,,, Not in universe under 1 year old,,6, Not in universe, United-States, United-States, United-States, Native- Born in the United States,2, Not in universe,2,39,0,95, 50000+.
28, Private,9,36, Associates degree-academic program, Not in universe, Married-civilian spouse present, Manufacturing-durable goods, Machine operators assmblrs & inspctrs, White, All other, Male, No, Not in universe, Children or Armed Forces,0,0,0, Joint both under 65, Not in universe, Not in universe, Householder, Householder,2153.19, Nonmover, Nonmover, Nonmover, Yes, Not in universe,4, Not in universe, United-States, United-States, United-States, Native- Born in the United States,0, Not in universe,2,52,825,94,-50000
25, Self-employed-not incorporated,44,32, Associates degree-occup /vocational, Not in universe, Married-civilian spouse present, Social services, Other service, White, All other, Female, Not in universe, Not in universe, Children or Armed Forces,0,0,0, Joint both under 65, West, California, Spouse of householder, Spouse of householder,1745.1, MSA to MSA, Same county, Same county, No, Yes,3, Not in universe, United-States, United-States, United-States, Native- Born in the United States,0, Not in universe,2,40,0,94,-50000
21, Private,33,19, Some college but no degree, College or university, Never married, Retail trade, Sales, White, All other, Male, Not in universe, Not in universe, Children or Armed Forces,0,0,0, Single, Not in universe, Not in universe, Child 18+ never marr Not in a subfamily, Child 18 or older,3998.98, Nonmover, Nonmover, Nonmover, Yes, Not in universe,6, Not in universe, United-States, United-States, United-States, Native- Born in the United States,0, Not in universe,2,52,0,94,-50000
8, Not in universe,0,0, Children, Not in universe, Never married, Not in universe or children, Not in universe, Black, All other, Female, Not in universe, Not in universe, Children or Armed Forces,0,0,0, Nonfiler, Not in universe, Not in universe, Grandchild <18 never marr not in subfamily, Other relative of householder,2182.13,,,, Not in universe under 1 year old,,0, Neither parent present, United-States, United-States, United-States, Native- Born in the United States,0, Not in universe,0,0,0,95,-50000
9, Not in universe,0,0, Children, Not in universe, Never married, Not in universe or children, Not in universe, White, All other, Male, Not in universe, Not in universe, Children or Armed Forces,0,0,0, Nonfiler, Not in universe, Not in universe, Grandchild <18 never marr child of subfamily RP, Other relative of householder,1296.53, Nonmover, Nonmover, Nonmover, Yes, Not in universe,0, Mother only present, United-States, United-States, United-States, Native- Born in the United States,0, Not in universe,0,0,0,94,-50000
74, Not in universe,0,0, Associates degree-occup /vocational, Not in universe, Never married, Not in universe or children, Not in universe, White, All other, Female, Not in universe, Not in universe, Not in labor force,1848,0,0, Single, Not in universe, Not in universe, Nonfamily householder, Householder,1242.94,,,, Not in universe under 1 year old,,0, Not in universe, United-States, United-States, United-States, Native- Born in the United States,0, Not in universe,2,0,0,95,-50000
80, Not in universe,0,0, 10th grade, Not in universe, Widowed, Not in universe or children, Not in universe, White, All other, Female, Not in universe, Not in universe, Not in labor force,0,0,0, Nonfiler, Not in universe, Not in universe, Nonfamily householder, Householder,2125.71,,,, Not in universe under 1 year old,,0, Not in universe, United-States, United-States, United-States, Native- Born in the United States,0, Not in universe,2,0,0,95,-50000
44, Not in universe,0,0, 10th grade, Not in universe, Married-civilian spouse present, Not in universe or children, Not in universe, White, All other, Male, Not in universe, Not in universe, Children or Armed Forces,0,0,0, Joint both under 65, Not in universe, Not in universe, Spouse of householder, Spouse of householder,935.67, Nonmover, Nonmover, Nonmover, Yes, Not in universe,0, Not in universe, United-States, United-States, United-States, Native- Born in the United States,0, Not in universe,2,0,0,94,-50000
43, Private,31,2, Bachelors degree(BA AB BS), Not in universe, Married-civilian spouse present, Utilities and sanitary services, Executive admin and managerial, White, All other, Female, Not in universe, Not in universe, Children or Armed Forces,0,0,0, Joint both under 65, Not in universe, Not in universe, Spouse of householder, Spouse of householder,431.29, Nonmover, Nonmover, Nonmover, Yes, Not in universe,4, Not in universe, United-States, United-States, United-States, Native- Born in the United States,0, Not in universe,2,52,0,94,-50000
90, Not in universe,0,0, 7th and 8th grade, Not in universe, Never married, Not in universe or children, Not in universe, White, All other, Female, Not in universe, Not in universe, Not in labor force,0,0,40, Single, Not in universe, Not in universe, Nonfamily householder, Householder,1484.2,,,, Not in universe under 1 year old,,0, Not in universe, Germany, United-States, United-States, Native- Born in the United States,0, Not in universe,2,0,0,95,-50000
23, Private,28,36, High school graduate, Not in universe, Married-civilian spouse present, Manufacturing-nondurable goods, Machine operators assmblrs & inspctrs, White, All other, Female, Not in universe, Not in universe, Children or Armed Forces,0,0,0, Joint both under 65, Not in universe, Not in universe, Spouse of householder, Spouse of householder,3145.76, Nonmover, Nonmover, Nonmover, Yes, Not in universe,6, Not in universe, United-States, United-States, United-States, Native- Born in the United States,0, Not in universe,2,32,0,94,-50000
34, Private,33,16, 10th grade, Not in universe, Divorced, Retail trade, Sales, White, All other, Female, Yes, Not in universe, Children or Armed Forces,0,0,0, Single, Not in universe, Not in universe, Nonfamily householder, Householder,2752.78, Nonmover, Nonmover, Nonmover, Yes, Not in universe,6, Not in universe, United-States, United-States, United-States, Native- Born in the United States,0, Not in universe,2,52,1255,94,-50000
2, Not in universe,0,0, Children, Not in universe, Never married, Not in universe or children, Not in universe, Black, All other, Female, Not in universe, Not in universe, Children or Armed Forces,0,0,0, Nonfiler, Not in universe, Not in universe, Child <18 never marr not in subfamily, Child under 18 never married,2677.71,,,, Not in universe under 1 year old,,0, Both parents present, United-States, United-States, United-States, Native- Born in the United States,0, Not in universe,0,0,0,95,-50000
32, Private,33,33, Some college but no degree, Not in universe, Married-civilian spouse present, Retail trade, Precision production craft & repair, White, All other, Male, Not in universe, Not in universe, Full-time schedules,0,0,0, Joint both under 65, Not in universe, Not in universe, Householder, Householder,942.9,,,, Not in universe under 1 year old,,3, Not in universe, United-States, United-States, United-States, Native- Born in the United States,0, Not in universe,2,52,0,95,-50000
8, Not in universe,0,0, Children, Not in universe, Never married, Not in universe or children, Not in universe, Black, All other, Female, Not in universe, Not in universe, Children or Armed Forces,0,0,0, Nonfiler, Not in universe, Not in universe, Grandchild <18 never marr child of subfamily RP, Other relative of householder,540.48,,,, Not in universe under 1 year old,,0, Mother only present, United-States, United-States, United-States, Native- Born in the United States,0, Not in universe,0,0,0,95,-50000
12, Not in universe,0,0, Children, Not in universe, Never married, Not in universe or children, Not in universe, Amer Indian Aleut or Eskimo, Mexican-American, Male, Not in universe, Not in universe, Children or Armed Forces,0,0,0, Nonfiler, Not in universe, Not in universe, Child <18 never marr not in subfamily, Child under 18 never married,1238.29, Nonmover, Nonmover, Nonmover, Yes, Not in universe,0, Mother only present, United-States, United-States, United-States, Native- Born in the United States,0, Not in universe,0,0,0,94,-50000
23, Private,41,13, Bachelors degree(BA AB BS), Not in universe, Married-civilian spouse present, Hospital services, Technicians and related support, White, All other, Female, Not in universe, Not in universe, Children or Armed Forces,0,0,0, Joint both under 65, Not in universe, Not in universe, Spouse of householder, Spouse of householder,803.59, Nonmover, Nonmover, Nonmover, Yes, Not in universe,5, Not in universe, United-States, United-States, United-States, Native- Born in the United States,0, Not in universe,2,52,0,94,-50000
6, Not in universe,0,0, Children, Not in universe, Never married, Not in universe or children, Not in universe, Black, All other, Male, Not in universe, Not in universe, Children or Armed Forces,0,0,0, Nonfiler, Not in universe, Not in universe, Child <18 never marr not in subfamily, Child under 18 never married,1734.93, Nonmover, Nonmover, Nonmover, Yes, Not in universe,0, Mother only present, United-States, United-States, United-States, Native- Born in the United States,0, Not in universe,0,0,0,94,-50000
35, Self-employed-not incorporated,33,16, Some college but no degree, Not in universe, Married-civilian spouse present, Retail trade, Sales, White, All other, Male, Not in universe, Not in universe, Children or Armed Forces,0,0,0, Joint both under 65, Not in universe, Not in universe, Householder, Householder,1235.35, Nonmover, Nonmover, Nonmover, Yes, Not in universe,1, Not in universe, United-States, United-States, United-States, Native- Born in the United States,0, Not in universe,2,52,0,94,-50000
24, Not in universe,0,0, 9th grade, Not in universe, Never married, Not in universe or children, Not in universe, White, Puerto Rican, Female, Not in universe, Not in universe, Children or Armed Forces,0,0,0, Nonfiler, Not in universe, Not in universe, Householder, Householder,1433.61, Nonmover, Nonmover, Nonmover, Yes, Not in universe,0, Not in universe, Puerto-Rico, Puerto-Rico, Puerto-Rico, Native- Born in Puerto Rico or U S Outlying,0, Not in universe,2,0,0,94,-50000
32, State government,44,32, Associates degree-academic program, Not in universe, Separated, Social services, Other service, White, Central or South American, Female, Not in universe, Not in universe, Children or Armed Forces,0,0,0, Head of household, Not in universe, Not in universe, Householder, Householder,2136.6, Nonmover, Nonmover, Nonmover, Yes, Not in universe,5, Not in universe, Nicaragua, Nicaragua, Nicaragua, Foreign born- Not a citizen of U S ,0, Not in universe,2,52,0,94,-50000
38, Private,42,29, High school graduate, Not in universe, Married-civilian spouse present, Medical except hospital, Other service, Black, All other, Female, Not in universe, Not in universe, Children or Armed Forces,0,0,0, Joint both under 65, Not in universe, Not in universe, Spouse of householder, Spouse of householder,3382.69, Nonmover, Nonmover, Nonmover, Yes, Not in universe,4, Not in universe, United-States, United-States, United-States, Native- Born in the United States,0, Not in universe,2,52,0,94,-50000
49, Private,37,31, High school graduate, Not in universe, Divorced, Business and repair services, Other service, White, Central or South American, Male, Not in universe, Not in universe, Children or Armed Forces,0,0,0, Head of household, Not in universe, Not in universe, Householder, Householder,1101.76, Nonmover, Nonmover, Nonmover, Yes, Not in universe,3, Not in universe, Columbia, Columbia, Columbia, Foreign born- Not a citizen of U S ,0, Not in universe,2,52,0,94,-50000
63, Not in universe,0,0, 5th or 6th grade, Not in universe, Married-civilian spouse present, Not in universe or children, Not in universe, White, Mexican (Mexicano), Female, Not in universe, Not in universe, Not in labor force,0,0,0, Nonfiler, Not in universe, Not in universe, Spouse of householder, Spouse of householder,1450.11,,,, Not in universe under 1 year old,,0, Not in universe, Mexico, Mexico, Mexico, Foreign born- Not a citizen of U S ,0, Not in universe,2,0,0,95,-50000
40, Private,45,23, Associates degree-academic program, Not in universe, Married-civilian spouse present, Other professional services, Adm support including clerical, White, All other, Female, Not in universe, Not in universe, Full-time schedules,0,0,0, Joint both under 65, Not in universe, Not in universe, Spouse of householder, Spouse of householder,3666.27,,,, Not in universe under 1 year old,,2, Not in universe, United-States, United-States, United-States, Native- Born in the United States,0, Not in universe,2,52,0,95,-50000
38, Private,13,35, High school graduate, Not in universe, Married-civilian spouse present, Manufacturing-durable goods, Precision production craft & repair, White, All other, Female, No, Not in universe, Children or Armed Forces,0,0,0, Joint both under 65, Not in universe, Not in universe, Spouse of householder, Spouse of householder,1489.93, Nonmover, Nonmover, Nonmover, Yes, Not in universe,5, Not in universe, United-States, United-States, United-States, Native- Born in the United States,0, Not in universe,2,16,500,94,-50000
57, Private,33,31, 11th grade, Not in universe, Married-civilian spouse present, Retail trade, Other service, White, All other, Male, No, Not in universe, Children or Armed Forces,0,0,0, Joint both under 65, Not in universe, Not in universe, Householder, Householder,2770.97, Nonmover, Nonmover, Nonmover, Yes, Not in universe,6, Not in universe, United-States, United-States, United-States, Native- Born in the United States,0, Not in universe,2,52,700,94,-50000
75, Not in universe,0,0, High school graduate, Not in universe, Married-civilian spouse present, Not in universe or children, Not in universe, White, All other, Female, Not in universe, Not in universe, Children or Armed Forces,0,0,0, Joint both 65+, Not in universe, Not in universe, Spouse of householder, Spouse of householder,1662.05, Nonmover, Nonmover, Nonmover, Yes, Not in universe,0, Not in universe, United-States, United-States, United-States, Native- Born in the United States,0, Not in universe,2,0,0,94,-50000
28, Private,38,33, 10th grade, Not in universe, Married-civilian spouse present, Business and repair services, Precision production craft & repair, White, All other, Male, Not in universe, Not in universe, Children or Armed Forces,0,0,0, Joint both under 65, Not in universe, Not in universe, Householder, Householder,2032.85, Nonmover, Nonmover, Nonmover, Yes, Not in universe,2, Not in universe, United-States, United-States, United-States, Native- Born in the United States,0, Not in universe,2,52,0,94,-50000
33, Private,34,24, Masters degree(MA MS MEng MEd MSW MBA), Not in universe, Married-civilian spouse present, Finance insurance and real estate, Adm support including clerical, White, All other, Male, Not in universe, Not in universe, Full-time schedules,0,0,4000, Joint both under 65, Not in universe, Not in universe, Spouse of householder, Spouse of householder,1405.83,,,, Not in universe under 1 year old,,6, Not in universe, United-States, United-States, United-States, Native- Born in the United States,0, Not in universe,2,52,0,95, 50000+.
26, Private,22,41, High school graduate, Not in universe, Married-civilian spouse present, Manufacturing-nondurable goods, Handlers equip cleaners etc , White, All other, Male, Not in universe, Not in universe, Full-time schedules,0,0,0, Joint both under 65, Not in universe, Not in universe, Spouse of householder, Spouse of householder,1920.09,,,, Not in universe under 1 year old,,6, Not in universe, United-States, United-States, United-States, Native- Born in the United States,0, Not in universe,2,52,0,95,-50000
2, Not in universe,0,0, Children, Not in universe, Never married, Not in universe or children, Not in universe, White, All other, Female, Not in universe, Not in universe, Children or Armed Forces,0,0,0, Nonfiler, Not in universe, Not in universe, Child <18 never marr not in subfamily, Child under 18 never married,2528.42,,,, Not in universe under 1 year old,,0, Both parents present, United-States, United-States, United-States, Native- Born in the United States,0, Not in universe,0,0,0,95,-50000
58, Self-employed-not incorporated,19,35, Some college but no degree, Not in universe, Married-civilian spouse present, Manufacturing-nondurable goods, Precision production craft & repair, White, All other, Male, Not in universe, Not in universe, Full-time schedules,0,0,0, Nonfiler, Not in universe, Not in universe, Householder, Householder,1130.34,,,, Not in universe under 1 year old,,1, Not in universe, United-States, United-States, United-States, Native- Born in the United States,0, Not in universe,2,50,0,95,-50000
43, State government,50,15, Bachelors degree(BA AB BS), Not in universe, Married-civilian spouse present, Public administration, Technicians and related support, White, All other, Female, Not in universe, Not in universe, PT for non-econ reasons usually FT,0,0,0, Joint both under 65, Not in universe, Not in universe, Spouse of householder, Spouse of householder,278.09,,,, Not in universe under 1 year old,,4, Not in universe, United-States, United-States, United-States, Native- Born in the United States,0, Not in universe,2,52,0,95,-50000
17, Not in universe,0,0, 10th grade, High school, Never married, Not in universe or children, Not in universe, Amer Indian Aleut or Eskimo, All other, Male, Not in universe, Not in universe, Children or Armed Forces,0,0,0, Nonfiler, Not in universe, Not in universe, Child <18 never marr not in subfamily, Child under 18 never married,752.81, Nonmover, Nonmover, Nonmover, Yes, Not in universe,0, Both parents present, United-States, United-States, United-States, Native- Born in the United States,0, Not in universe,2,0,0,94,-50000
1, Not in universe,0,0, Children, Not in universe, Never married, Not in universe or children, Not in universe, White, All other, Female, Not in universe, Not in universe, Children or Armed Forces,0,0,0, Nonfiler, Not in universe, Not in universe, Child <18 never marr not in subfamily, Child under 18 never married,2329.84, Nonmover, Nonmover, Nonmover, Yes, Not in universe,0, Both parents present, United-States, United-States, United-States, Native- Born in the United States,0, Not in universe,0,0,0,94,-50000
45, Self-employed-not incorporated,45,3, Masters degree(MA MS MEng MEd MSW MBA), Not in universe, Married-civilian spouse present, Other professional services, Executive admin and managerial, White, All other, Male, Not in universe, Not in universe, Full-time schedules,0,0,490, Joint both under 65, Not in universe, Not in universe, Householder, Householder,1077.68,,,, Not in universe under 1 year old,,1, Not in universe, United-States, United-States, United-States, Native- Born in the United States,0, Not in universe,2,52,0,95,-50000
34, Private,16,4, Bachelors degree(BA AB BS), Not in universe, Married-civilian spouse present, Manufacturing-durable goods, Professional specialty, White, All other, Male, Not in universe, Not in universe, Full-time schedules,0,0,17, Joint both under 65, Not in universe, Not in universe, Spouse of householder, Spouse of householder,2101.62,,,, Not in universe under 1 year old,,6, Not in universe, United-States, United-States, United-States, Native- Born in the United States,0, Not in universe,2,52,0,95, 50000+.
32, Not in universe,0,0, 10th grade, Not in universe, Married-civilian spouse present, Not in universe or children, Not in universe, White, All other, Female, Not in universe, Not in universe, Children or Armed Forces,0,0,0, Joint both under 65, Not in universe, Not in universe, Spouse of householder, Spouse of householder,2168.53, Nonmover, Nonmover, Nonmover, Yes, Not in universe,0, Not in universe, United-States, United-States, United-States, Native- Born in the United States,0, Not in universe,2,0,0,94,-50000
0, Not in universe,0,0, Children, Not in universe, Never married, Not in universe or children, Not in universe, White, All other, Male, Not in universe, Not in universe, Children or Armed Forces,0,0,0, Nonfiler, Not in universe, Not in universe, Child <18 never marr not in subfamily, Child under 18 never married,3843.12,,,, Not in universe under 1 year old,,0, Both parents present, United-States, United-States, United-States, Native- Born in the United States,0, Not in universe,0,0,0,95,-50000
26, Private,37,26, High school graduate, Not in universe, Married-civilian spouse present, Business and repair services, Adm support including clerical, White, All other, Female, No, Not in universe, Full-time schedules,0,0,0, Joint both under 65, Not in universe, Not in universe, Spouse of householder, Spouse of householder,2992.56,,,, Not in universe under 1 year old,,3, Not in universe, United-States, United-States, United-States, Native- Born in the United States,0, Not in universe,2,52,1030,95,-50000
0, Not in universe,0,0, Children, Not in universe, Never married, Not in universe or children, Not in universe, White, All other, Female, Not in universe, Not in universe, Children or Armed Forces,0,0,0, Nonfiler, Not in universe, Not in universe, Child <18 never marr not in subfamily, Child under 18 never married,3051.87, Not in universe, Not in universe, Not in universe, Not in universe under 1 year old, Not in universe,0, Both parents present, United-States, United-States, United-States, Native- Born in the United States,0, Not in universe,0,0,0,94,-50000
38, Self-employed-incorporated,4,2, Masters degree(MA MS MEng MEd MSW MBA), Not in universe, Married-civilian spouse present, Construction, Executive admin and managerial, White, Other Spanish, Male, Not in universe, Not in universe, Children or Armed Forces,0,0,0, Joint both under 65, Not in universe, Not in universe, Householder, Householder,702.81, Nonmover, Nonmover, Nonmover, Yes, Not in universe,2, Not in universe, United-States, United-States, United-States, Native- Born in the United States,2, Not in universe,2,52,0,94, 50000+.
30, Not in universe,0,0, Some college but no degree, Not in universe, Married-civilian spouse present, Not in universe or children, Not in universe, White, All other, Female, Not in universe, Not in universe, Not in labor force,0,0,50, Joint both under 65, Not in universe, Not in universe, Spouse of householder, Spouse of householder,3355.94,,,, Not in universe under 1 year old,,0, Not in universe, United-States, United-States, United-States, Native- Born in the United States,0, Not in universe,2,0,0,95,-50000
9, Not in universe,0,0, Children, Not in universe, Never married, Not in universe or children, Not in universe, White, All other, Female, Not in universe, Not in universe, Children or Armed Forces,0,0,0, Nonfiler, Not in universe, Not in universe, Child <18 never marr not in subfamily, Child under 18 never married,1833.94,,,, Not in universe under 1 year old,,0, Both parents present, United-States, United-States, United-States, Native- Born in the United States,0, Not in universe,0,0,0,95,-50000
42, Private,39,19, High school graduate, Not in universe, Married-civilian spouse present, Personal services except private HH, Sales, White, All other, Female, Not in universe, Not in universe, Full-time schedules,0,0,0, Joint both under 65, Not in universe, Not in universe, Child 18+ ever marr RP of subfamily, Child 18 or older,871.81,,,, Not in universe under 1 year old,,3, Not in universe, United-States, United-States, United-States, Native- Born in the United States,0, Not in universe,2,6,0,95,-50000
43, Federal government,49,38, High school graduate, Not in universe, Married-civilian spouse present, Public administration, Transportation and material moving, White, All other, Male, Not in universe, Not in universe, PT for non-econ reasons usually FT,0,0,0, Joint both under 65, Not in universe, Not in universe, Householder, Householder,457.83,,,, Not in universe under 1 year old,,6, Not in universe,,,, Foreign born- Not a citizen of U S ,0, Not in universe,2,48,0,95,-50000
33, Private,11,5, Some college but no degree, Not in universe, Married-civilian spouse present, Manufacturing-durable goods, Professional specialty, Black, All other, Male, Not in universe, Not in universe, Full-time schedules,0,0,0, Joint both under 65, Not in universe, Not in universe, Householder, Householder,5156.64,,,, Not in universe under 1 year old,,6, Not in universe, United-States, United-States, United-States, Native- Born in the United States,0, Not in universe,2,52,0,95,-50000
29, Private,42,31, High school graduate, Not in universe, Never married, Medical except hospital, Other service, Black, All other, Male, Not in universe, Not in universe, Full-time schedules,0,0,0, Head of household, Not in universe, Not in universe, Householder, Householder,2414.34,,,, Not in universe under 1 year old,,6, Not in universe, United-States, United-States, United-States, Native- Born in the United States,0, Not in universe,2,52,0,95,-50000
39, Not in universe,0,0, Masters degree(MA MS MEng MEd MSW MBA), Not in universe, Married-civilian spouse present, Not in universe or children, Not in universe, White, All other, Female, Not in universe, Not in universe, Not in labor force,0,0,0, Joint both under 65, Not in universe, Not in universe, Spouse of householder, Spouse of householder,1536.08,,,, Not in universe under 1 year old,,6, Not in universe, United-States, United-States, United-States, Native- Born in the United States,0, Not in universe,2,8,0,95,-50000
18, Private,33,44, 10th grade, Not in universe, Never married, Retail trade, Farming forestry and fishing, White, All other, Male, Not in universe, Not in universe, Full-time schedules,0,0,0, Single, Not in universe, Not in universe, Child 18+ never marr Not in a subfamily, Child 18 or older,1559.14,,,, Not in universe under 1 year old,,6, Not in universe, United-States, United-States, United-States, Native- Born in the United States,0, Not in universe,2,39,0,95,-50000
15, Not in universe,0,0, 9th grade, Not in universe, Never married, Not in universe or children, Not in universe, White, All other, Female, Not in universe, Not in universe, Not in labor force,0,0,0, Nonfiler, Not in universe, Not in universe, Child <18 never marr not in subfamily, Child under 18 never married,980.37,,,, Not in universe under 1 year old,,0, Both parents present, United-States, United-States, United-States, Native- Born in the United States,0, Not in universe,2,0,0,95,-50000
44, Private,30,26, High school graduate, Not in universe, Married-civilian spouse present, Communications, Adm support including clerical, White, All other, Female, Not in universe, Not in universe, Children or Armed Forces,0,0,0, Joint both under 65, Not in universe, Not in universe, Spouse of householder, Spouse of householder,1414.13, Nonmover, Nonmover, Nonmover, Yes, Not in universe,6, Not in universe, United-States, United-States, United-States, Native- Born in the United States,0, Not in universe,2,52,0,94,-50000
36, Federal government,50,23, Bachelors degree(BA AB BS), Not in universe, Married-civilian spouse present, Public administration, Adm support including clerical, White, All other, Female, Not in universe, Not in universe, Children or Armed Forces,0,0,0, Joint both under 65, Midwest, Kentucky, Spouse of householder, Spouse of householder,1290.61, MSA to MSA, Same county, Same county, No, No,3, Not in universe, United-States, United-States, United-States, Native- Born in the United States,2, Not in universe,2,52,0,94,-50000
7, Not in universe,0,0, Children, Not in universe, Never married, Not in universe or children, Not in universe, White, All other, Female, Not in universe, Not in universe, Children or Armed Forces,0,0,0, Nonfiler, Not in universe, Not in universe, Child under 18 of RP of unrel subfamily, Nonrelative of householder,2516.58,,,, Not in universe under 1 year old,,0, Mother only present, United-States, United-States, United-States, Native- Born in the United States,0, Not in universe,0,0,0,95,-50000
16, Private,33,29, 10th grade, High school, Never married, Retail trade, Other service, White, All other, Female, No, Not in universe, Children or Armed Forces,0,0,178, Single, Not in universe, Not in universe, Child <18 never marr not in subfamily, Child under 18 never married,1609.65, Nonmover, Nonmover, Nonmover, Yes, Not in universe,2, Both parents present, United-States, United-States, United-States, Native- Born in the United States,2, Not in universe,2,30,425,94,-50000
19, Private,41,22, Some college but no degree, Not in universe, Never married, Hospital services, Adm support including clerical, White, All other, Male, Not in universe, Not in universe, Children or Armed Forces,0,0,0, Single, Not in universe, Not in universe, Child 18+ never marr Not in a subfamily, Child 18 or older,2474.97, Nonmover, Nonmover, Nonmover, Yes, Not in universe,4, Not in universe, United-States, United-States, United-States, Native- Born in the United States,0, Not in universe,2,52,0,94,-50000
49, Not in universe,0,0, High school graduate, Not in universe, Married-civilian spouse present, Not in universe or children, Not in universe, White, All other, Female, Not in universe, Not in universe, Not in labor force,0,0,0, Joint both under 65, Not in universe, Not in universe, Spouse of householder, Spouse of householder,2177.3,,,, Not in universe under 1 year old,,5, Not in universe, United-States, United-States, United-States, Native- Born in the United States,0, Not in universe,2,39,0,95,-50000
22, Private,34,2, Some college but no degree, College or university, Never married, Finance insurance and real estate, Executive admin and managerial, White, All other, Female, Not in universe, Not in universe, Children or Armed Forces,0,0,0, Single, Not in universe, Not in universe, Child 18+ never marr Not in a subfamily, Child 18 or older,1258.46, Nonmover, Nonmover, Nonmover, Yes, Not in universe,6, Not in universe, France, France, France, Foreign born- Not a citizen of U S ,0, Not in universe,2,8,0,94,-50000
54, Not in universe,0,0, 7th and 8th grade, Not in universe, Never married, Not in universe or children, Not in universe, White, All other, Male, Not in universe, Not in universe, Children or Armed Forces,0,0,0, Nonfiler, Not in universe, Not in universe, Nonfamily householder, Householder,1680.24, Nonmover, Nonmover, Nonmover, Yes, Not in universe,0, Not in universe, United-States, United-States, United-States, Native- Born in the United States,0, Not in universe,2,0,0,94,-50000
20, Not in universe,0,0, 11th grade, High school, Married-civilian spouse present, Not in universe or children, Not in universe, White, Central or South American, Female, Not in universe, Not in universe, Children or Armed Forces,0,0,0, Joint both under 65, Not in universe, Not in universe, Spouse of householder, Spouse of householder,1202.05, Nonmover, Nonmover, Nonmover, Yes, Not in universe,0, Not in universe, Nicaragua, Nicaragua, Nicaragua, Foreign born- Not a citizen of U S ,0, Not in universe,2,0,0,94,-50000
89, Not in universe,0,0, Some college but no degree, Not in universe, Widowed, Not in universe or children, Not in universe, White, All other, Female, Not in universe, Not in universe, Not in labor force,0,0,0, Single, Not in universe, Not in universe, Nonfamily householder, Householder,1488.47,,,, Not in universe under 1 year old,,0, Not in universe, United-States, United-States, United-States, Native- Born in the United States,0, Not in universe,2,0,0,95,-50000
5, Not in universe,0,0, Children, Not in universe, Never married, Not in universe or children, Not in universe, White, All other, Male, Not in universe, Not in universe, Children or Armed Forces,0,0,0, Nonfiler, Not in universe, Not in universe, Child <18 never marr not in subfamily, Child under 18 never married,1318.94,,,, Not in universe under 1 year old,,0, Both parents present, United-States, United-States, United-States, Native- Born in the United States,0, Not in universe,0,0,0,95,-50000
23, Not in universe,0,0, Some college but no degree, Not in universe, Never married, Not in universe or children, Not in universe, Amer Indian Aleut or Eskimo, All other, Female, Not in universe, Not in universe, Children or Armed Forces,0,0,0, Nonfiler, West, Abroad, Householder, Householder,368.76, Not identifiable, Different county same state, Different county same state, No, No,0, Not in universe, United-States, United-States, United-States, Native- Born in the United States,0, Not in universe,2,0,0,94,-50000
24, Private,24,26, High school graduate, Not in universe, Never married, Manufacturing-nondurable goods, Adm support including clerical, Asian or Pacific Islander, All other, Female, Not in universe, Not in universe, Full-time schedules,0,0,0, Nonfiler, Not in universe, Not in universe, Child 18+ never marr Not in a subfamily, Child 18 or older,1410.73,,,, Not in universe under 1 year old,,0, Not in universe, Thailand, Thailand, United-States, Native- Born in the United States,0, Not in universe,2,0,0,95,-50000
0, Not in universe,0,0, Children, Not in universe, Never married, Not in universe or children, Not in universe, White, All other, Female, Not in universe, Not in universe, Children or Armed Forces,0,0,0, Nonfiler, Not in universe, Not in universe, Child <18 never marr not in subfamily, Child under 18 never married,1622.48, Not in universe, Not in universe, Not in universe, Not in universe under 1 year old, Not in universe,0, Both parents present, United-States, United-States, United-States, Native- Born in the United States,0, Not in universe,0,0,0,94,-50000
43, Self-employed-not incorporated,4,34, Bachelors degree(BA AB BS), Not in universe, Married-civilian spouse present, Construction, Precision production craft & repair, White, All other, Male, Not in universe, Not in universe, Full-time schedules,0,0,0, Joint both under 65, Not in universe, Not in universe, Householder, Householder,1009.39,,,, Not in universe under 1 year old,,1, Not in universe, United-States, United-States, United-States, Native- Born in the United States,0, Not in universe,2,52,0,95,-50000
74, Not in universe,0,0, Some college but no degree, Not in universe, Widowed, Not in universe or children, Not in universe, White, All other, Female, Not in universe, Not in universe, Not in labor force,0,0,0, Single, Not in universe, Not in universe, Secondary individual, Nonrelative of householder,236.42,,,, Not in universe under 1 year old,,0, Not in universe, United-States, United-States, United-States, Native- Born in the United States,0, Not in universe,2,0,0,95,-50000
10, Not in universe,0,0, Children, Not in universe, Never married, Not in universe or children, Not in universe, White, All other, Female, Not in universe, Not in universe, Children or Armed Forces,0,0,0, Nonfiler, Not in universe, Not in universe, Child <18 never marr not in subfamily, Child under 18 never married,938.7,,,, Not in universe under 1 year old,,0, Both parents present, United-States, United-States, United-States, Native- Born in the United States,0, Not in universe,0,0,0,95,-50000
1, Not in universe,0,0, Children, Not in universe, Never married, Not in universe or children, Not in universe, White, All other, Male, Not in universe, Not in universe, Children or Armed Forces,0,0,0, Nonfiler, Not in universe, Not in universe, Child <18 never marr not in subfamily, Child under 18 never married,1356.29, Nonmover, Nonmover, Nonmover, Yes, Not in universe,0, Both parents present, United-States, United-States, United-States, Native- Born in the United States,0, Not in universe,0,0,0,94,-50000
32, Private,37,37, High school graduate, Not in universe, Divorced, Business and repair services, Machine operators assmblrs & inspctrs, Other, Central or South American, Female, Not in universe, Not in universe, Full-time schedules,0,0,0, Head of household, Not in universe, Not in universe, Householder, Householder,862.35,,,, Not in universe under 1 year old,,6, Not in universe, Guatemala, Guatemala, Guatemala, Foreign born- Not a citizen of U S ,0, Not in universe,2,52,0,95,-50000
14, Not in universe,0,0, Children, Not in universe, Never married, Not in universe or children, Not in universe, White, All other, Male, Not in universe, Not in universe, Children or Armed Forces,0,0,0, Nonfiler, Not in universe, Not in universe, Child <18 never marr not in subfamily, Child under 18 never married,2177.31,,,, Not in universe under 1 year old,,0, Mother only present, United-States, United-States, United-States, Native- Born in the United States,0, Not in universe,0,0,0,95,-50000
77, Not in universe,0,0, 7th and 8th grade, Not in universe, Widowed, Not in universe or children, Not in universe, White, All other, Female, Not in universe, Not in universe, Children or Armed Forces,0,0,0, Single, Not in universe, Not in universe, Nonfamily householder, Householder,1661.21, Nonmover, Nonmover, Nonmover, Yes, Not in universe,0, Not in universe,,, United-States, Native- Born in the United States,0, Not in universe,2,0,0,94,-50000
31, Self-employed-not incorporated,44,32, 12th grade no diploma, Not in universe, Married-civilian spouse present, Social services, Other service, Other, Central or South American, Female, Not in universe, Not in universe, Full-time schedules,0,0,0, Joint both under 65, Not in universe, Not in universe, Spouse of householder, Spouse of householder,655.64,,,, Not in universe under 1 year old,,0, Not in universe, Ecuador, Ecuador, Ecuador, Foreign born- Not a citizen of U S ,0, Not in universe,2,0,0,95,-50000
46, Private,39,29, High school graduate, Not in universe, Married-civilian spouse present, Personal services except private HH, Other service, Asian or Pacific Islander, All other, Male, Not in universe, Not in universe, Full-time schedules,0,0,0, Joint both under 65, Not in universe, Not in universe, Householder, Householder,753.23,,,, Not in universe under 1 year old,,6, Not in universe, Outlying-U S (Guam USVI etc), Philippines, Philippines, Native- Born abroad of American Parent(s),0, Not in universe,2,52,0,95,-50000
52, Self-employed-not incorporated,2,43, High school graduate, Not in universe, Married-civilian spouse present, Agriculture, Farming forestry and fishing, White, All other, Female, Not in universe, Not in universe, Full-time schedules,0,0,0, Joint both under 65, Not in universe, Not in universe, Spouse of householder, Spouse of householder,2554.2,,,, Not in universe under 1 year old,,1, Not in universe, United-States, United-States, United-States, Native- Born in the United States,0, Not in universe,2,52,0,95,-50000
57, Not in universe,0,0, Some college but no degree, Not in universe, Married-civilian spouse present, Not in universe or children, Not in universe, White, All other, Female, Not in universe, Not in universe, Not in labor force,15024,0,750, Joint both under 65, Not in universe, Not in universe, Householder, Householder,1569.07,,,, Not in universe under 1 year old,,0, Not in universe, United-States, United-States, United-States, Native- Born in the United States,0, Not in universe,2,0,0,95,-50000
17, Not in universe,0,0, 10th grade, College or university, Never married, Not in universe or children, Not in universe, White, All other, Male, Not in universe, Not in universe, Not in labor force,0,0,0, Nonfiler, Not in universe, Not in universe, Child <18 never marr not in subfamily, Child under 18 never married,3620.88,,,, Not in universe under 1 year old,,0, Both parents present, United-States, United-States, United-States, Native- Born in the United States,0, Not in universe,2,0,0,95,-50000
48, Private,29,26, Associates degree-occup /vocational, Not in universe, Married-civilian spouse present, Transportation, Adm support including clerical, White, All other, Male, Not in universe, Not in universe, Children or Armed Forces,0,0,0, Joint both under 65, Not in universe, Not in universe, Householder, Householder,943.88, Nonmover, Nonmover, Nonmover, Yes, Not in universe,4, Not in universe, United-States, United-States, United-States, Native- Born in the United States,0, Not in universe,2,52,0,94,-50000
71, Not in universe,0,0, Masters degree(MA MS MEng MEd MSW MBA), Not in universe, Widowed, Not in universe or children, Not in universe, White, All other, Female, Not in universe, Not in universe, Children or Armed Forces,401,0,1036, Single, Not in universe, Not in universe, Nonfamily householder, Householder,1010.28, Nonmover, Nonmover, Nonmover, Yes, Not in universe,0, Not in universe, United-States, United-States, United-States, Native- Born in the United States,0, Not in universe,2,0,0,94,-50000
27, Private,42,13, Associates degree-occup /vocational, Not in universe, Never married, Medical except hospital, Technicians and related support, White, All other, Female, Not in universe, Not in universe, Children or Armed Forces,0,0,0, Single, Midwest, Kentucky, Grandchild 18+ never marr not in subfamily, Other relative of householder,1329.64, MSA to MSA, Same county, Same county, No, No,1, Not in universe, United-States, United-States, United-States, Native- Born in the United States,0, Not in universe,2,52,0,94,-50000
32, Not in universe,0,0, High school graduate, Not in universe, Never married, Not in universe or children, Not in universe, White, All other, Male, Not in universe, Not in universe, Children or Armed Forces,0,0,0, Single, Not in universe, Not in universe, Child 18+ never marr Not in a subfamily, Child 18 or older,3015.63, Nonmover, Nonmover, Nonmover, Yes, Not in universe,6, Not in universe, United-States, United-States, United-States, Native- Born in the United States,0, Not in universe,2,52,0,94,-50000
61, Private,34,2, Associates degree-academic program, Not in universe, Married-civilian spouse present, Finance insurance and real estate, Executive admin and managerial, White, All other, Male, No, Not in universe, Children or Armed Forces,0,0,0, Joint both under 65, Not in universe, Not in universe, Spouse of householder, Spouse of householder,1620.65, Nonmover, Nonmover, Nonmover, Yes, Not in universe,6, Not in universe,, United-States, United-States, Native- Born in the United States,0, Not in universe,2,52,0,94, 50000+.
32, Private,42,30, 11th grade, Not in universe, Never married, Medical except hospital, Other service, Black, All other, Female, Not in universe, Other job loser, Children or Armed Forces,0,0,0, Head of household, Northeast, Connecticut, Householder, Householder,3138.44, MSA to MSA, Same county, Same county, No, No,4, Not in universe, Jamaica, Jamaica, Jamaica, Foreign born- U S citizen by naturalization,0, Not in universe,2,42,0,94,-50000
38, Private,45,23, High school graduate, Not in universe, Married-civilian spouse present, Other professional services, Adm support including clerical, White, All other, Female, Not in universe, Not in universe, Children or Armed Forces,0,0,0, Joint both under 65, Not in universe, Not in universe, Spouse of householder, Spouse of householder,1911.17, Nonmover, Nonmover, Nonmover, Yes, Not in universe,4, Not in universe, United-States, United-States, United-States, Native- Born in the United States,0, Not in universe,2,52,0,94,-50000
45, Not in universe,0,0, High school graduate, Not in universe, Married-civilian spouse present, Not in universe or children, Not in universe, White, All other, Female, Not in universe, Not in universe, Not in labor force,0,0,0, Joint both under 65, Not in universe, Not in universe, Spouse of householder, Spouse of householder,1339.61,,,, Not in universe under 1 year old,,0, Not in universe,,,, Foreign born- Not a citizen of U S ,0, Not in universe,2,0,0,95,-50000
25, Private,42,30, High school graduate, Not in universe, Never married, Medical except hospital, Other service, Black, Central or South American, Female, Not in universe, Not in universe, Children or Armed Forces,0,0,0, Single, Northeast, North Carolina, Secondary individual, Nonrelative of householder,1129.9, MSA to MSA, Same county, Same county, No, No,3, Not in universe, United-States, United-States, United-States, Native- Born in the United States,0, Not in universe,2,52,0,94,-50000
38, Not in universe,0,0, High school graduate, Not in universe, Married-civilian spouse present, Not in universe or children, Not in universe, White, All other, Female, Not in universe, Not in universe, Not in labor force,0,0,0, Nonfiler, Not in universe, Not in universe, Householder, Householder,1729.94,,,, Not in universe under 1 year old,,0, Not in universe, Greece, United-States, United-States, Native- Born in the United States,0, Not in universe,2,0,0,95,-50000
60, Private,7,36, 7th and 8th grade, Not in universe, Married-spouse absent, Manufacturing-durable goods, Machine operators assmblrs & inspctrs, White, All other, Male, Not in universe, Job loser - on layoff, Children or Armed Forces,0,0,0, Single, Not in universe, Not in universe, Nonfamily householder, Householder,362.73, Nonmover, Nonmover, Nonmover, Yes, Not in universe,5, Not in universe, United-States, United-States, United-States, Native- Born in the United States,0, Not in universe,2,32,0,94,-50000
44, Not in universe,0,0, High school graduate, Not in universe, Married-civilian spouse present, Not in universe or children, Not in universe, White, All other, Female, Not in universe, Not in universe, Not in labor force,0,0,0, Joint both under 65, Not in universe, Not in universe, Spouse of householder, Spouse of householder,4232.42,,,, Not in universe under 1 year old,,0, Not in universe, United-States, United-States, United-States, Native- Born in the United States,0, Not in universe,2,0,0,95,-50000
16, Not in universe,0,0, 10th grade, High school, Never married, Not in universe or children, Not in universe, White, All other, Female, Not in universe, Not in universe, Children or Armed Forces,0,0,0, Nonfiler, Midwest, Minnesota, Grandchild <18 never marr not in subfamily, Other relative of householder,1507.93, MSA to MSA, Same county, Same county, No, No,0, Neither parent present, United-States, United-States, United-States, Native- Born in the United States,0, Not in universe,2,0,0,94,-50000
46, Private,37,33, Bachelors degree(BA AB BS), Not in universe, Married-civilian spouse present, Business and repair services, Precision production craft & repair, White, All other, Male, Not in universe, Not in universe, Full-time schedules,0,0,430, Joint both under 65, Not in universe, Not in universe, Householder, Householder,2519.0,,,, Not in universe under 1 year old,,6, Not in universe, United-States, United-States, United-States, Native- Born in the United States,2, Not in universe,2,50,0,95, 50000+.
90, Not in universe,0,0, Some college but no degree, Not in universe, Widowed, Not in universe or children, Not in universe, White, All other, Female, Not in universe, Not in universe, Not in labor force,0,0,2056, Single, Not in universe, Not in universe, Nonfamily householder, Householder,1080.87,,,, Not in universe under 1 year old,,0, Not in universe, United-States, United-States, United-States, Native- Born in the United States,0, Not in universe,2,0,0,95,-50000
2, Not in universe,0,0, Children, Not in universe, Never married, Not in universe or children, Not in universe, White, All other, Male, Not in universe, Not in universe, Children or Armed Forces,0,0,0, Nonfiler, Not in universe, Not in universe, Child <18 never marr not in subfamily, Child under 18 never married,2002.85, Nonmover, Nonmover, Nonmover, Yes, Not in universe,0, Both parents present, United-States, United-States, United-States, Native- Born in the United States,0, Not in universe,0,0,0,94,-50000
52, Not in universe,0,0, Some college but no degree, Not in universe, Divorced, Not in universe or children, Not in universe, White, All other, Male, Not in universe, Not in universe, Not in labor force,0,0,0, Nonfiler, Not in universe, Not in universe, Other Rel 18+ ever marr not in subfamily, Other relative of householder,2401.55,,,, Not in universe under 1 year old,,0, Not in universe, United-States, United-States, United-States, Native- Born in the United States,0, Not in universe,2,0,0,95,-50000
33, Private,37,8, Bachelors degree(BA AB BS), Not in universe, Married-civilian spouse present, Business and repair services, Professional specialty, White, All other, Female, No, Not in universe, Children or Armed Forces,0,0,50, Joint both under 65, Not in universe, Not in universe, Householder, Householder,1098.81, Nonmover, Nonmover, Nonmover, Yes, Not in universe,1, Not in universe, El-Salvador, United-States, United-States, Native- Born in the United States,0, Not in universe,2,52,0,94,-50000
49, Private,22,36, Associates degree-occup /vocational, Not in universe, Never married, Manufacturing-nondurable goods, Machine operators assmblrs & inspctrs, Black, All other, Female, No, Not in universe, Full-time schedules,0,0,0, Single, Not in universe, Not in universe, Child 18+ never marr Not in a subfamily, Child 18 or older,1507.52,,,, Not in universe under 1 year old,,5, Not in universe, United-States, United-States, United-States, Native- Born in the United States,0, Not in universe,2,52,450,95,-50000
34, Private,44,10, Bachelors degree(BA AB BS), Not in universe, Married-civilian spouse present, Social services, Professional specialty, White, All other, Female, No, Not in universe, Full-time schedules,0,0,0, Joint both under 65, Not in universe, Not in universe, Spouse of householder, Spouse of householder,603.49,,,, Not in universe under 1 year old,,2, Not in universe, United-States, United-States, United-States, Native- Born in the United States,0, Not in universe,2,12,700,95,-50000
43, Not in universe,0,0, Some college but no degree, Not in universe, Married-civilian spouse present, Not in universe or children, Not in universe, White, All other, Female, Not in universe, Not in universe, Children or Armed Forces,0,0,0, Joint both under 65, Not in universe, Not in universe, Spouse of householder, Spouse of householder,3162.74, Nonmover, Nonmover, Nonmover, Yes, Not in universe,0, Not in universe, United-States, United-States, United-States, Native- Born in the United States,0, Not in universe,2,0,0,94,-50000
21, Private,37,28, High school graduate, Not in universe, Never married, Business and repair services, Protective services, White, All other, Male, No, Not in universe, Children or Armed Forces,0,0,0, Single, Not in universe, Not in universe, Child 18+ never marr Not in a subfamily, Child 18 or older,4017.01, Nonmover, Nonmover, Nonmover, Yes, Not in universe,3, Not in universe, United-States, United-States, United-States, Native- Born in the United States,2, Not in universe,2,52,650,94,-50000
37, Private,35,10, Masters degree(MA MS MEng MEd MSW MBA), Not in universe, Divorced, Finance insurance and real estate, Professional specialty, White, All other, Male, Not in universe, Not in universe, PT for non-econ reasons usually FT,0,0,100, Single, Not in universe, Not in universe, Nonfamily householder, Householder,990.79,,,, Not in universe under 1 year old,,6, Not in universe, United-States, United-States, United-States, Native- Born in the United States,0, Not in universe,2,52,0,95,-50000
74, Not in universe,0,0, High school graduate, Not in universe, Married-civilian spouse present, Not in universe or children, Not in universe, White, All other, Female, Not in universe, Not in universe, Children or Armed Forces,0,0,467, Nonfiler, Not in universe, Not in universe, Spouse of householder, Spouse of householder,2370.37, Nonmover, Nonmover, Nonmover, Yes, Not in universe,0, Not in universe, United-States, United-States, United-States, Native- Born in the United States,0, Not in universe,2,0,0,94,-50000
66, Not in universe,0,0, High school graduate, Not in universe, Married-civilian spouse present, Not in universe or children, Not in universe, White, All other, Female, Not in universe, Not in universe, Children or Armed Forces,0,0,395, Joint both 65+, Not in universe, Not in universe, Spouse of householder, Spouse of householder,2599.59, Nonmover, Nonmover, Nonmover, Yes, Not in universe,0, Not in universe, United-States, United-States, United-States, Native- Born in the United States,0, Not in universe,2,0,0,94,-50000
39, Private,31,26, Bachelors degree(BA AB BS), Not in universe, Never married, Utilities and sanitary services, Adm support including clerical, Black, All other, Male, Not in universe, Not in universe, PT for non-econ reasons usually FT,0,0,20, Single, Not in universe, Not in universe, Nonfamily householder, Householder,1477.86,,,, Not in universe under 1 year old,,6, Not in universe, United-States, United-States, United-States, Native- Born in the United States,0, Not in universe,2,52,0,95,-50000
49, Not in universe,0,0, Some college but no degree, Not in universe, Divorced, Not in universe or children, Not in universe, Black, All other, Female, Not in universe, Not in universe, Not in labor force,0,0,0, Nonfiler, Not in universe, Not in universe, Child 18+ ever marr Not in a subfamily, Child 18 or older,2471.78,,,, Not in universe under 1 year old,,0, Not in universe, United-States, United-States, United-States, Native- Born in the United States,0, Not in universe,2,0,0,95,-50000
49, Private,4,34, 5th or 6th grade, Not in universe, Married-civilian spouse present, Construction, Precision production craft & repair, White, Mexican-American, Male, Not in universe, Not in universe, Full-time schedules,0,0,0, Joint both under 65, Not in universe, Not in universe, Spouse of householder, Spouse of householder,1895.69,,,, Not in universe under 1 year old,,1, Not in universe, Mexico, Mexico, Mexico, Foreign born- Not a citizen of U S ,0, Not in universe,2,52,0,95,-50000
44, Private,41,8, Associates degree-academic program, Not in universe, Never married, Hospital services, Professional specialty, White, Puerto Rican, Female, Not in universe, Not in universe, Children or Armed Forces,0,0,0, Single, Not in universe, Not in universe, Nonfamily householder, Householder,1451.73, Nonmover, Nonmover, Nonmover, Yes, Not in universe,6, Not in universe,,,, Native- Born abroad of American Parent(s),0, Not in universe,2,52,0,94,-50000
35, Local government,43,31, High school graduate, Not in universe, Married-civilian spouse present, Education, Other service, White, All other, Female, Not in universe, Not in universe, Children or Armed Forces,0,0,1000, Joint both under 65, Not in universe, Not in universe, Spouse of householder, Spouse of householder,966.87, Nonmover, Nonmover, Nonmover, Yes, Not in universe,6, Not in universe, United-States, United-States, United-States, Native- Born in the United States,0, Not in universe,2,52,0,94,-50000
2, Not in universe,0,0, Children, Not in universe, Never married, Not in universe or children, Not in universe, White, All other, Female, Not in universe, Not in universe, Children or Armed Forces,0,0,0, Nonfiler, Not in universe, Not in universe, Child <18 never marr not in subfamily, Child under 18 never married,697.13,,,, Not in universe under 1 year old,,0, Both parents present, United-States, United-States, United-States, Native- Born in the United States,0, Not in universe,0,0,0,95,-50000
13, Not in universe,0,0, Children, Not in universe, Never married, Not in universe or children, Not in universe, White, Mexican-American, Male, Not in universe, Not in universe, Children or Armed Forces,0,0,0, Nonfiler, Not in universe, Not in universe, Child <18 never marr not in subfamily, Child under 18 never married,1050.95, Nonmover, Nonmover, Nonmover, Yes, Not in universe,0, Both parents present, Mexico, Mexico, United-States, Native- Born in the United States,0, Not in universe,0,0,0,94,-50000
25, Private,33,29, 10th grade, Not in universe, Never married, Retail trade, Other service, White, All other, Female, No, Not in universe, Children or Armed Forces,0,0,0, Nonfiler, Not in universe, Not in universe, Secondary individual, Nonrelative of householder,2557.29, Nonmover, Nonmover, Nonmover, Yes, Not in universe,0, Not in universe, United-States, United-States, United-States, Native- Born in the United States,0, Not in universe,2,0,590,94,-50000
19, Private,42,30, High school graduate, Not in universe, Never married, Medical except hospital, Other service, White, All other, Female, No, Not in universe, Full-time schedules,0,0,0, Single, Not in universe, Not in universe, Child 18+ never marr Not in a subfamily, Child 18 or older,1702.46,,,, Not in universe under 1 year old,,2, Not in universe, United-States, United-States, United-States, Native- Born in the United States,0, Not in universe,2,52,825,95,-50000
7, Not in universe,0,0, Children, Not in universe, Never married, Not in universe or children, Not in universe, White, All other, Male, Not in universe, Not in universe, Children or Armed Forces,0,0,0, Nonfiler, Not in universe, Not in universe, Child <18 never marr not in subfamily, Child under 18 never married,1552.98, Nonmover, Nonmover, Nonmover, Yes, Not in universe,0, Both parents present, United-States, United-States, United-States, Native- Born in the United States,0, Not in universe,0,0,0,94,-50000
90, Not in universe,0,0, 7th and 8th grade, Not in universe, Widowed, Not in universe or children, Not in universe, White, All other, Female, Not in universe, Not in universe, Not in labor force,0,0,500, Nonfiler, Not in universe, Not in universe, Nonfamily householder, Householder,466.84,,,, Not in universe under 1 year old,,0, Not in universe, Germany, Germany, Germany, Foreign born- U S citizen by naturalization,0, Not in universe,2,0,0,95,-50000
3, Not in universe,0,0, Children, Not in universe, Never married, Not in universe or children, Not in universe, Asian or Pacific Islander, Puerto Rican, Male, Not in universe, Not in universe, Children or Armed Forces,0,0,0, Nonfiler, Abroad, Abroad, Child <18 never marr not in subfamily, Child under 18 never married,2188.25, Abroad to MSA, Abroad, Abroad, No, No,0, Both parents present, Puerto-Rico, Puerto-Rico, Puerto-Rico, Native- Born in Puerto Rico or U S Outlying,0, Not in universe,0,0,0,94,-50000
51, Private,35,33, High school graduate, Not in universe, Divorced, Finance insurance and real estate, Precision production craft & repair, White, All other, Male, Not in universe, Not in universe, Children or Armed Forces,0,0,0, Single, West, California, Nonfamily householder, Householder,3216.94, MSA to MSA, Different county same state, Different county same state, No, Yes,6, Not in universe, United-States, United-States, United-States, Native- Born in the United States,0, Not in universe,2,16,0,94,-50000
32, Private,19,36, High school graduate, Not in universe, Married-civilian spouse present, Manufacturing-nondurable goods, Machine operators assmblrs & inspctrs, White, All other, Female, Yes, Not in universe, Children or Armed Forces,0,0,0, Joint both under 65, Not in universe, Not in universe, Spouse of householder, Spouse of householder,669.41, Nonmover, Nonmover, Nonmover, Yes, Not in universe,4, Not in universe, United-States, United-States, United-States, Native- Born in the United States,0, Not in universe,2,48,713,94,-50000
32, Private,33,16, Associates degree-academic program, Not in universe, Divorced, Retail trade, Sales, White, All other, Male, Not in universe, Not in universe, Children or Armed Forces,2597,0,0, Single, Midwest, Indiana, Nonfamily householder, Householder,1579.05, NonMSA to nonMSA, Same county, Same county, No, No,2, Not in universe, United-States, United-States, United-States, Native- Born in the United States,0, Not in universe,2,52,0,94,-50000
10, Not in universe,0,0, Children, Not in universe, Never married, Not in universe or children, Not in universe, White, All other, Female, Not in universe, Not in universe, Children or Armed Forces,0,0,0, Nonfiler, Not in universe, Not in universe, Child <18 never marr not in subfamily, Child under 18 never married,1218.57, Nonmover, Nonmover, Nonmover, Yes, Not in universe,0, Both parents present, United-States, United-States, United-States, Native- Born in the United States,0, Not in universe,0,0,0,94,-50000
2, Not in universe,0,0, Children, Not in universe, Never married, Not in universe or children, Not in universe, Black, All other, Male, Not in universe, Not in universe, Children or Armed Forces,0,0,0, Nonfiler, South, Utah, Other Rel <18 never marr child of subfamily RP, Other relative of householder,2950.49, MSA to MSA, Same county, Same county, No, Yes,0, Mother only present, United-States, United-States, United-States, Native- Born in the United States,0, Not in universe,0,0,0,94,-50000
31, Not in universe,0,0, Some college but no degree, Not in universe, Married-civilian spouse present, Not in universe or children, Not in universe, Asian or Pacific Islander, All other, Female, Not in universe, Not in universe, Children or Armed Forces,0,0,0, Joint both under 65, Not in universe, Not in universe, Spouse of householder, Spouse of householder,1343.72, Nonmover, Nonmover, Nonmover, Yes, Not in universe,0, Not in universe, South Korea, South Korea, South Korea, Foreign born- Not a citizen of U S ,0, Not in universe,2,0,0,94,-50000
11, Not in universe,0,0, Children, Not in universe, Never married, Not in universe or children, Not in universe, White, All other, Female, Not in universe, Not in universe, Children or Armed Forces,0,0,0, Nonfiler, Not in universe, Not in universe, Child <18 never marr not in subfamily, Child under 18 never married,2350.01, Nonmover, Nonmover, Nonmover, Yes, Not in universe,0, Both parents present, United-States, United-States, United-States, Native- Born in the United States,0, Not in universe,0,0,0,94,-50000
8, Not in universe,0,0, Children, Not in universe, Never married, Not in universe or children, Not in universe, White, All other, Female, Not in universe, Not in universe, Children or Armed Forces,0,0,0, Nonfiler, Not in universe, Not in universe, Child <18 never marr not in subfamily, Child under 18 never married,1681.5, Nonmover, Nonmover, Nonmover, Yes, Not in universe,0, Both parents present, United-States, United-States, United-States, Native- Born in the United States,0, Not in universe,0,0,0,94,-50000
11, Not in universe,0,0, Children, Not in universe, Never married, Not in universe or children, Not in universe, Asian or Pacific Islander, All other, Male, Not in universe, Not in universe, Children or Armed Forces,0,0,0, Nonfiler, Not in universe, Not in universe, Child <18 never marr not in subfamily, Child under 18 never married,2392.89, Nonmover, Nonmover, Nonmover, Yes, Not in universe,0, Both parents present, United-States, South Korea, South Korea, Native- Born abroad of American Parent(s),0, Not in universe,0,0,0,94,-50000
3, Not in universe,0,0, Children, Not in universe, Never married, Not in universe or children, Not in universe, Black, All other, Female, Not in universe, Not in universe, Children or Armed Forces,0,0,0, Nonfiler, Not in universe, Not in universe, Child <18 never marr not in subfamily, Child under 18 never married,408.7,,,, Not in universe under 1 year old,,0, Mother only present, United-States, United-States, United-States, Native- Born in the United States,0, Not in universe,0,0,0,95,-50000
20, Private,33,41, High school graduate, Not in universe, Never married, Retail trade, Handlers equip cleaners etc , White, All other, Male, Not in universe, Not in universe, Unemployed full-time,0,0,0, Single, Not in universe, Not in universe, Secondary individual, Nonrelative of householder,686.8,,,, Not in universe under 1 year old,,6, Not in universe, United-States, United-States, United-States, Native- Born in the United States,0, Not in universe,2,24,0,95,-50000
82, Not in universe,0,0, Less than 1st grade, Not in universe, Widowed, Not in universe or children, Not in universe, White, All other, Female, Not in universe, Not in universe, Children or Armed Forces,0,0,0, Nonfiler, Not in universe, Not in universe, Householder, Householder,1643.66, Nonmover, Nonmover, Nonmover, Yes, Not in universe,0, Not in universe, United-States, United-States, United-States, Native- Born in the United States,0, Not in universe,2,0,0,94,-50000
51, Local government,31,31, High school graduate, Not in universe, Married-civilian spouse present, Utilities and sanitary services, Other service, Black, All other, Male, Not in universe, Not in universe, Full-time schedules,0,0,0, Joint both under 65, Not in universe, Not in universe, Householder, Householder,2252.6,,,, Not in universe under 1 year old,,6, Not in universe, United-States, United-States, United-States, Native- Born in the United States,0, Not in universe,2,52,0,95,-50000
8, Not in universe,0,0, Children, Not in universe, Never married, Not in universe or children, Not in universe, Black, All other, Male, Not in universe, Not in universe, Children or Armed Forces,0,0,0, Nonfiler, Not in universe, Not in universe, Child <18 never marr not in subfamily, Child under 18 never married,2421.41, Nonmover, Nonmover, Nonmover, Yes, Not in universe,0, Both parents present, United-States, United-States, United-States, Native- Born in the United States,0, Not in universe,0,0,0,94,-50000
1, Not in universe,0,0, Children, Not in universe, Never married, Not in universe or children, Not in universe, White, Central or South American, Male, Not in universe, Not in universe, Children or Armed Forces,0,0,0, Nonfiler, South,, Child <18 never marr not in subfamily, Child under 18 never married,1779.4, MSA to MSA, Same county, Same county, No, No,0, Both parents present,,, United-States, Native- Born in the United States,0, Not in universe,0,0,0,94,-50000
37, Private,33,19, Some college but no degree, Not in universe, Married-civilian spouse present, Retail trade, Sales, White, All other, Male, Not in universe, Not in universe, Children or Armed Forces,0,0,0, Joint both under 65, Not in universe, Not in universe, Householder, Householder,1989.57, Nonmover, Nonmover, Nonmover, Yes, Not in universe,1, Not in universe, United-States, United-States, United-States, Native- Born in the United States,0, Not in universe,2,52,0,94, 50000+.
86, Not in universe,0,0, 5th or 6th grade, Not in universe, Widowed, Not in universe or children, Not in universe, Black, All other, Female, Not in universe, Not in universe, Not in labor force,0,0,0, Nonfiler, Not in universe, Not in universe, Householder, Householder,2651.45,,,, Not in universe under 1 year old,,0, Not in universe, United-States, United-States, United-States, Native- Born in the United States,0, Not in universe,2,0,0,95,-50000
10, Not in universe,0,0, Children, Not in universe, Never married, Not in universe or children, Not in universe, White, All other, Female, Not in universe, Not in universe, Children or Armed Forces,0,0,0, Nonfiler, Not in universe, Not in universe, Child <18 never marr not in subfamily, Child under 18 never married,701.18,,,, Not in universe under 1 year old,,0, Mother only present, United-States, United-States, United-States, Native- Born in the United States,0, Not in universe,0,0,0,95,-50000
21, Not in universe,0,0, Some college but no degree, College or university, Never married, Not in universe or children, Not in universe, White, All other, Male, Not in universe, Not in universe, Not in labor force,0,0,0, Nonfiler, Not in universe, Not in universe, Child 18+ never marr Not in a subfamily, Child 18 or older,3108.98,,,, Not in universe under 1 year old,,0, Not in universe, United-States, United-States, United-States, Native- Born in the United States,0, Not in universe,2,0,0,95,-50000
53, State government,4,3, High school graduate, Not in universe, Divorced, Construction, Executive admin and managerial, White, All other, Female, Not in universe, Not in universe, Full-time schedules,3325,0,0, Single, Not in universe, Not in universe, Other Rel 18+ ever marr not in subfamily, Other relative of householder,1301.39,,,, Not in universe under 1 year old,,6, Not in universe, United-States, United-States, United-States, Native- Born in the United States,0, Not in universe,2,52,0,95,-50000
2, Not in universe,0,0, Children, Not in universe, Never married, Not in universe or children, Not in universe, White, All other, Female, Not in universe, Not in universe, Children or Armed Forces,0,0,0, Nonfiler, Not in universe, Not in universe, Child <18 never marr not in subfamily, Child under 18 never married,588.14,,,, Not in universe under 1 year old,,0, Mother only present, United-States, United-States, United-States, Native- Born in the United States,0, Not in universe,0,0,0,95,-50000
69, Not in universe,0,0, Masters degree(MA MS MEng MEd MSW MBA), Not in universe, Married-civilian spouse present, Not in universe or children, Not in universe, White, All other, Male, Not in universe, Not in universe, Children or Armed Forces,0,0,0, Joint both 65+, Not in universe, Not in universe, Householder, Householder,1878.68, Nonmover, Nonmover, Nonmover, Yes, Not in universe,0, Not in universe, United-States, United-States, United-States, Native- Born in the United States,0, Not in universe,2,0,0,94,-50000
40, Private,41,26, Prof school degree (MD DDS DVM LLB JD), Not in universe, Married-civilian spouse present, Hospital services, Adm support including clerical, White, All other, Female, Not in universe, Not in universe, Children or Armed Forces,0,0,7, Joint both under 65, Not in universe, Not in universe, Spouse of householder, Spouse of householder,2190.43, Nonmover, Nonmover, Nonmover, Yes, Not in universe,4, Not in universe, United-States,, United-States, Native- Born in the United States,0, Not in universe,2,52,0,94,-50000
48, Private,44,32, High school graduate, Not in universe, Married-civilian spouse present, Social services, Other service, White, Cuban, Female, No, Not in universe, Children or Armed Forces,0,0,0, Joint both under 65, Not in universe, Not in universe, Spouse of householder, Spouse of householder,1959.49, Nonmover, Nonmover, Nonmover, Yes, Not in universe,1, Not in universe, Cuba, Cuba, Cuba, Foreign born- Not a citizen of U S ,0, Not in universe,2,52,715,94,-50000
8, Not in universe,0,0, Children, Not in universe, Never married, Not in universe or children, Not in universe, White, Mexican-American, Male, Not in universe, Not in universe, Children or Armed Forces,0,0,0, Nonfiler, Not in universe, Not in universe, Child <18 never marr not in subfamily, Child under 18 never married,2001.29,,,, Not in universe under 1 year old,,0, Both parents present, United-States, United-States, United-States, Native- Born in the United States,0, Not in universe,0,0,0,95,-50000
73, Not in universe,0,0, High school graduate, Not in universe, Widowed, Not in universe or children, Not in universe, White, All other, Female, Not in universe, Not in universe, Children or Armed Forces,0,0,27, Single, Not in universe, Not in universe, Nonfamily householder, Householder,1817.96, Nonmover, Nonmover, Nonmover, Yes, Not in universe,0, Not in universe, Hungary, Hungary, United-States, Native- Born in the United States,0, Not in universe,2,0,0,94,-50000
26, Private,25,36, 12th grade no diploma, Not in universe, Married-civilian spouse present, Manufacturing-nondurable goods, Machine operators assmblrs & inspctrs, White, Central or South American, Female, Not in universe, Not in universe, Children or Armed Forces,0,0,0, Joint both under 65, Not in universe, Not in universe, Spouse of householder, Spouse of householder,735.03, Nonmover, Nonmover, Nonmover, Yes, Not in universe,4, Not in universe, Columbia, Columbia, Columbia, Foreign born- Not a citizen of U S ,0, Not in universe,2,42,0,94,-50000
71, Not in universe,0,0, 7th and 8th grade, Not in universe, Married-civilian spouse present, Not in universe or children, Not in universe, White, Do not know, Female, Not in universe, Not in universe, Children or Armed Forces,2228,0,0, Joint both 65+, Not in universe, Not in universe, Householder, Householder,1030.57, Nonmover, Nonmover, Nonmover, Yes, Not in universe,0, Not in universe, United-States, United-States, United-States, Native- Born in the United States,0, Not in universe,2,0,0,94,-50000
38, Private,16,2, Masters degree(MA MS MEng MEd MSW MBA), Not in universe, Married-civilian spouse present, Manufacturing-durable goods, Executive admin and managerial, White, All other, Male, Not in universe, Not in universe, Children or Armed Forces,0,0,0, Joint both under 65, Not in universe, Not in universe, Householder, Householder,1931.54, Nonmover, Nonmover, Nonmover, Yes, Not in universe,6, Not in universe, United-States, United-States, United-States, Native- Born in the United States,0, Not in universe,2,52,0,94, 50000+.
69, Private,37,28, 7th and 8th grade, Not in universe, Divorced, Business and repair services, Protective services, White, Cuban, Male, Not in universe, Re-entrant, Unemployed part- time,0,0,0, Nonfiler, Not in universe, Not in universe, Nonfamily householder, Householder,1476.34,,,, Not in universe under 1 year old,,0, Not in universe, Cuba, Cuba, Cuba, Foreign born- Not a citizen of U S ,0, Not in universe,2,0,0,95,-50000
52, Local government,43,10, Masters degree(MA MS MEng MEd MSW MBA), Not in universe, Divorced, Education, Professional specialty, Black, All other, Female, Not in universe, Not in universe, Full-time schedules,0,0,0, Single, Not in universe, Not in universe, Nonfamily householder, Householder,1975.39,,,, Not in universe under 1 year old,,6, Not in universe, United-States,,, Native- Born abroad of American Parent(s),0, Not in universe,2,39,0,95,-50000
65, Private,33,24, High school graduate, Not in universe, Widowed, Retail trade, Adm support including clerical, White, All other, Female, Not in universe, Not in universe, Children or Armed Forces,0,0,0, Single, Not in universe, Not in universe, Nonfamily householder, Householder,3747.45, Nonmover, Nonmover, Nonmover, Yes, Not in universe,1, Not in universe, United-States, United-States, United-States, Native- Born in the United States,0, Not in universe,2,52,0,94,-50000
48, Private,24,35, 11th grade, Not in universe, Married-civilian spouse present, Manufacturing-nondurable goods, Precision production craft & repair, White, All other, Female, Not in universe, Not in universe, Full-time schedules,0,0,0, Joint both under 65, Not in universe, Not in universe, Spouse of householder, Spouse of householder,971.57,,,, Not in universe under 1 year old,,3, Not in universe, United-States, United-States, United-States, Native- Born in the United States,0, Not in universe,2,50,0,95,-50000
10, Not in universe,0,0, Children, Not in universe, Never married, Not in universe or children, Not in universe, White, All other, Female, Not in universe, Not in universe, Children or Armed Forces,0,0,0, Nonfiler, Not in universe, Not in universe, Child <18 never marr not in subfamily, Child under 18 never married,1620.71,,,, Not in universe under 1 year old,,0, Both parents present, United-States, United-States, United-States, Native- Born in the United States,0, Not in universe,0,0,0,95,-50000
22, Private,33,19, High school graduate, Not in universe, Never married, Retail trade, Sales, White, All other, Female, Not in universe, Job leaver, Children or Armed Forces,0,0,0, Single, West, California, Secondary individual, Nonrelative of householder,1926.82, MSA to MSA, Different county same state, Different county same state, No, Yes,5, Not in universe, United-States, United-States, United-States, Native- Born in the United States,0, Not in universe,2,52,0,94,-50000
40, Private,33,16, Some college but no degree, Not in universe, Never married, Retail trade, Sales, Black, All other, Female, Not in universe, Not in universe, Children or Armed Forces,0,0,0, Head of household, Not in universe, Not in universe, Householder, Householder,2403.43, Nonmover, Nonmover, Nonmover, Yes, Not in universe,5, Not in universe, United-States, United-States, United-States, Native- Born in the United States,0, Not in universe,2,50,0,94,-50000
34, Private,36,44, High school graduate, Not in universe, Married-civilian spouse present, Private household services, Farming forestry and fishing, Black, All other, Male, Not in universe, Other job loser, Children or Armed Forces,0,0,0, Joint both under 65, Not in universe, Not in universe, Householder, Householder,1933.47, Nonmover, Nonmover, Nonmover, Yes, Not in universe,1, Not in universe, United-States, United-States, United-States, Native- Born in the United States,0, Not in universe,2,52,0,94,-50000
64, Not in universe,0,0, Bachelors degree(BA AB BS), Not in universe, Married-civilian spouse present, Not in universe or children, Not in universe, White, All other, Male, Not in universe, Not in universe, Children or Armed Forces,0,0,50, Joint both under 65, Not in universe, Not in universe, Householder, Householder,1633.37, Nonmover, Nonmover, Nonmover, Yes, Not in universe,0, Not in universe, United-States, United-States, United-States, Native- Born in the United States,0, No,1,0,0,94,-50000
1, Not in universe,0,0, Children, Not in universe, Never married, Not in universe or children, Not in universe, White, All other, Female, Not in universe, Not in universe, Children or Armed Forces,0,0,0, Nonfiler, Not in universe, Not in universe, Child <18 never marr not in subfamily, Child under 18 never married,1200.12, Nonmover, Nonmover, Nonmover, Yes, Not in universe,0, Both parents present, United-States, United-States, United-States, Native- Born in the United States,0, Not in universe,0,0,0,94,-50000
24, Private,33,24, Some college but no degree, College or university, Never married, Retail trade, Adm support including clerical, White, All other, Female, No, Not in universe, Children or Armed Forces,0,0,0, Single, West, California, Child 18+ never marr Not in a subfamily, Child 18 or older,2038.06, MSA to MSA, Same county, Same county, No, Yes,4, Not in universe, United-States, United-States, United-States, Native- Born in the United States,2, Not in universe,2,52,700,94,-50000
49, Private,39,36, High school graduate, Not in universe, Married-civilian spouse present, Personal services except private HH, Machine operators assmblrs & inspctrs, White, Puerto Rican, Female, Not in universe, Not in universe, Children or Armed Forces,0,0,0, Joint both under 65, Not in universe, Not in universe, Spouse of householder, Spouse of householder,1297.31, Nonmover, Nonmover, Nonmover, Yes, Not in universe,6, Not in universe, Puerto-Rico, Puerto-Rico, Puerto-Rico, Native- Born in Puerto Rico or U S Outlying,0, Not in universe,2,52,0,94,-50000
52, Private,33,16, High school graduate, Not in universe, Married-civilian spouse present, Retail trade, Sales, White, All other, Male, Not in universe, Not in universe, Full-time schedules,0,0,0, Joint both under 65, Not in universe, Not in universe, Householder, Householder,2183.27,,,, Not in universe under 1 year old,,2, Not in universe, United-States, United-States, United-States, Native- Born in the United States,0, Not in universe,2,52,0,95,-50000
11, Not in universe,0,0, Children, Not in universe, Never married, Not in universe or children, Not in universe, White, All other, Female, Not in universe, Not in universe, Children or Armed Forces,0,0,0, Nonfiler, Not in universe, Not in universe, Child <18 never marr not in subfamily, Child under 18 never married,838.6, Nonmover, Nonmover, Nonmover, Yes, Not in universe,0, Mother only present, United-States, United-States, United-States, Native- Born in the United States,0, Not in universe,0,0,0,94,-50000
11, Not in universe,0,0, Children, Not in universe, Never married, Not in universe or children, Not in universe, White, All other, Male, Not in universe, Not in universe, Children or Armed Forces,0,0,0, Nonfiler, Not in universe, Not in universe, Child <18 never marr not in subfamily, Child under 18 never married,1637.18, Nonmover, Nonmover, Nonmover, Yes, Not in universe,0, Both parents present, United-States, United-States, United-States, Native- Born in the United States,0, Not in universe,0,0,0,94,-50000
0, Not in universe,0,0, Children, Not in universe, Never married, Not in universe or children, Not in universe, White, Mexican-American, Male, Not in universe, Not in universe, Children or Armed Forces,0,0,0, Nonfiler, Not in universe, Not in universe, Child <18 never marr not in subfamily, Child under 18 never married,2007.56, Not in universe, Not in universe, Not in universe, Not in universe under 1 year old, Not in universe,0, Both parents present, Mexico, Mexico, United-States, Native- Born in the United States,0, Not in universe,0,0,0,94,-50000
9, Not in universe,0,0, Children, Not in universe, Never married, Not in universe or children, Not in universe, White, Central or South American, Male, Not in universe, Not in universe, Children or Armed Forces,0,0,0, Nonfiler, Not in universe, Not in universe, Child <18 never marr not in subfamily, Child under 18 never married,947.83, Nonmover, Nonmover, Nonmover, Yes, Not in universe,0, Both parents present, United-States, United-States, United-States, Native- Born in the United States,0, Not in universe,0,0,0,94,-50000
23, Private,35,26, Some college but no degree, Not in universe, Never married, Finance insurance and real estate, Adm support including clerical, White, All other, Male, No, Not in universe, Full-time schedules,0,0,0, Single, Not in universe, Not in universe, Nonfamily householder, Householder,1100.05,,,, Not in universe under 1 year old,,6, Not in universe, United-States, United-States, United-States, Native- Born in the United States,0, Not in universe,2,52,0,95,-50000
56, Not in universe,0,0, High school graduate, Not in universe, Married-civilian spouse present, Not in universe or children, Not in universe, White, All other, Female, Not in universe, Not in universe, Not in labor force,0,0,0, Joint both under 65, Not in universe, Not in universe, Spouse of householder, Spouse of householder,3494.13,,,, Not in universe under 1 year old,,0, Not in universe, United-States, United-States, United-States, Native- Born in the United States,0, Not in universe,2,0,0,95,-50000
85, Not in universe,0,0, High school graduate, Not in universe, Widowed, Not in universe or children, Not in universe, White, All other, Female, Not in universe, Not in universe, Children or Armed Forces,0,0,0, Single, Not in universe, Not in universe, Other Rel 18+ ever marr not in subfamily, Other relative of householder,1865.16, Nonmover, Nonmover, Nonmover, Yes, Not in universe,0, Not in universe, United-States, United-States, United-States, Native- Born in the United States,0, Not in universe,2,0,0,94,-50000
48, Self-employed-not incorporated,45,11, Prof school degree (MD DDS DVM LLB JD), Not in universe, Never married, Other professional services, Professional specialty, White, All other, Male, Not in universe, Not in universe, PT for non-econ reasons usually FT,4787,0,0, Single, Not in universe, Not in universe, Nonfamily householder, Householder,1892.91,,,, Not in universe under 1 year old,,1, Not in universe, United-States, United-States, United-States, Native- Born in the United States,0, Not in universe,2,46,0,95, 50000+.
60, Not in universe,0,0, High school graduate, Not in universe, Widowed, Not in universe or children, Not in universe, White, All other, Female, Not in universe, Not in universe, Children or Armed Forces,0,0,0, Nonfiler, Not in universe, Not in universe, Secondary individual, Nonrelative of householder,3694.31, Nonmover, Nonmover, Nonmover, Yes, Not in universe,0, Not in universe, United-States, United-States, United-States, Native- Born in the United States,0, Not in universe,2,0,0,94,-50000
60, Private,33,36, Some college but no degree, Not in universe, Divorced, Retail trade, Machine operators assmblrs & inspctrs, White, All other, Male, Not in universe, Not in universe, Full-time schedules,0,0,0, Single, Not in universe, Not in universe, Nonfamily householder, Householder,2142.62,,,, Not in universe under 1 year old,,2, Not in universe, Outlying-U S (Guam USVI etc),,, Native- Born abroad of American Parent(s),0, Not in universe,2,12,0,95,-50000
4, Not in universe,0,0, Children, Not in universe, Never married, Not in universe or children, Not in universe, White, All other, Female, Not in universe, Not in universe, Children or Armed Forces,0,0,0, Nonfiler, Not in universe, Not in universe, Child <18 never marr not in subfamily, Child under 18 never married,850.46, Nonmover, Nonmover, Nonmover, Yes, Not in universe,0, Both parents present, United-States,, United-States, Native- Born in the United States,0, Not in universe,0,0,0,94,-50000
7, Not in universe,0,0, Children, Not in universe, Never married, Not in universe or children, Not in universe, Black, All other, Male, Not in universe, Not in universe, Children or Armed Forces,0,0,0, Nonfiler, Midwest, Minnesota, Child <18 never marr not in subfamily, Child under 18 never married,1649.09, MSA to MSA, Same county, Same county, No, No,0, Mother only present, United-States, United-States, United-States, Native- Born in the United States,0, Not in universe,0,0,0,94,-50000
52, Not in universe,0,0, Associates degree-occup /vocational, Not in universe, Widowed, Not in universe or children, Not in universe, White, All other, Female, Not in universe, Not in universe, Children or Armed Forces,0,0,0, Nonfiler, Not in universe, Not in universe, Nonfamily householder, Householder,1659.6, Nonmover, Nonmover, Nonmover, Yes, Not in universe,0, Not in universe, United-States, United-States, United-States, Native- Born in the United States,0, Not in universe,2,0,0,94,-50000
32, Private,22,36, 7th and 8th grade, Not in universe, Married-spouse absent, Manufacturing-nondurable goods, Machine operators assmblrs & inspctrs, White, Mexican (Mexicano), Male, Not in universe, Not in universe, Full-time schedules,0,0,0, Single, Not in universe, Not in universe, Other Rel 18+ ever marr not in subfamily, Other relative of householder,2137.29,,,, Not in universe under 1 year old,,3, Not in universe, Mexico, Mexico, Mexico, Foreign born- Not a citizen of U S ,0, Not in universe,2,50,0,95,-50000
15, Not in universe,0,0, 9th grade, Not in universe, Never married, Not in universe or children, Not in universe, White, All other, Female, Not in universe, Not in universe, Not in labor force,0,0,0, Nonfiler, Not in universe, Not in universe, Child <18 never marr not in subfamily, Child under 18 never married,310.98,,,, Not in universe under 1 year old,,0, Both parents present, United-States, United-States, United-States, Native- Born in the United States,0, Not in universe,2,0,0,95,-50000
17, Not in universe,0,0, 10th grade, High school, Never married, Not in universe or children, Not in universe, White, All other, Female, Not in universe, Not in universe, Children or Armed Forces,0,0,0, Nonfiler, Not in universe, Not in universe, Child <18 never marr not in subfamily, Child under 18 never married,3268.41, Nonmover, Nonmover, Nonmover, Yes, Not in universe,0, Mother only present, United-States, United-States, United-States, Native- Born in the United States,0, Not in universe,2,0,0,94,-50000
23, Private,33,29, Some college but no degree, College or university, Never married, Retail trade, Other service, White, All other, Female, Not in universe, Not in universe, Full-time schedules,0,0,0, Single, Not in universe, Not in universe, Secondary individual, Nonrelative of householder,1078.04,,,, Not in universe under 1 year old,,5, Not in universe, United-States, United-States, United-States, Native- Born in the United States,2, Not in universe,2,13,0,95,-50000
37, Self-employed-not incorporated,33,16, High school graduate, Not in universe, Divorced, Retail trade, Sales, White, All other, Female, Not in universe, Not in universe, Children or Armed Forces,0,0,0, Single, Not in universe, Not in universe, Child 18+ ever marr Not in a subfamily, Child 18 or older,1827.1, Nonmover, Nonmover, Nonmover, Yes, Not in universe,1, Not in universe, United-States, United-States, United-States, Native- Born in the United States,0, Not in universe,2,52,0,94,-50000
37, Not in universe,0,0, High school graduate, Not in universe, Divorced, Not in universe or children, Not in universe, White, Mexican-American, Male, Not in universe, Not in universe, Children or Armed Forces,0,0,0, Nonfiler, Not in universe, Not in universe, Child 18+ ever marr Not in a subfamily, Child 18 or older,3325.72, Nonmover, Nonmover, Nonmover, Yes, Not in universe,0, Not in universe, United-States, United-States, United-States, Native- Born in the United States,0, Not in universe,2,0,0,94,-50000
27, Private,41,23, High school graduate, Not in universe, Married-civilian spouse present, Hospital services, Adm support including clerical, White, All other, Female, Not in universe, Not in universe, Full-time schedules,0,0,0, Joint both under 65, Not in universe, Not in universe, Spouse of householder, Spouse of householder,1580.74,,,, Not in universe under 1 year old,,1, Not in universe, United-States, United-States, United-States, Native- Born in the United States,0, Not in universe,2,52,0,95,-50000
16, Private,33,29, 10th grade, High school, Never married, Retail trade, Other service, White, All other, Male, Not in universe, Not in universe, Children or Armed Forces,0,0,0, Nonfiler, Not in universe, Not in universe, Child <18 never marr not in subfamily, Child under 18 never married,1682.7, Nonmover, Nonmover, Nonmover, Yes, Not in universe,3, Both parents present, United-States, United-States, United-States, Native- Born in the United States,0, Not in universe,2,6,0,94,-50000
12, Not in universe,0,0, Children, Not in universe, Never married, Not in universe or children, Not in universe, White, All other, Female, Not in universe, Not in universe, Children or Armed Forces,0,0,0, Nonfiler, Not in universe, Not in universe, Child <18 never marr not in subfamily, Child under 18 never married,1190.7, Nonmover, Nonmover, Nonmover, Yes, Not in universe,0, Both parents present, United-States, United-States, United-States, Native- Born in the United States,0, Not in universe,0,0,0,94,-50000
29, Private,30,33, High school graduate, Not in universe, Never married, Communications, Precision production craft & repair, White, All other, Male, Not in universe, Not in universe, Full-time schedules,0,0,0, Single, Not in universe, Not in universe, Child 18+ never marr Not in a subfamily, Child 18 or older,2366.11,,,, Not in universe under 1 year old,,6, Not in universe, United-States, United-States, United-States, Native- Born in the United States,0, Not in universe,2,52,0,95,-50000
35, Private,45,3, Bachelors degree(BA AB BS), Not in universe, Married-civilian spouse present, Other professional services, Executive admin and managerial, White, All other, Male, No, Not in universe, Full-time schedules,0,0,30, Joint both under 65, Not in universe, Not in universe, Householder, Householder,1968.84,,,, Not in universe under 1 year old,,3, Not in universe, United-States, United-States, United-States, Native- Born in the United States,2, Not in universe,2,52,0,95, 50000+.
86, Not in universe,0,0, 1st 2nd 3rd or 4th grade, Not in universe, Widowed, Not in universe or children, Not in universe, White, All other, Female, Not in universe, Not in universe, Children or Armed Forces,0,0,0, Nonfiler, Not in universe, Not in universe, Other Rel 18+ ever marr not in subfamily, Other relative of householder,2142.48, Nonmover, Nonmover, Nonmover, Yes, Not in universe,1, Not in universe, England, England, England, Foreign born- U S citizen by naturalization,0, Not in universe,2,1,0,94,-50000
8, Not in universe,0,0, Children, Not in universe, Never married, Not in universe or children, Not in universe, Black, All other, Male, Not in universe, Not in universe, Children or Armed Forces,0,0,0, Nonfiler, West, Alaska, Child <18 never marr not in subfamily, Child under 18 never married,243.64, NonMSA to nonMSA, Same county, Same county, No, No,0, Both parents present, United-States, United-States, Italy, Native- Born abroad of American Parent(s),0, Not in universe,0,0,0,94,-50000
66, Not in universe,0,0, 10th grade, Not in universe, Married-civilian spouse present, Not in universe or children, Not in universe, White, All other, Female, Not in universe, Not in universe, Not in labor force,0,0,0, Joint both 65+, Not in universe, Not in universe, Householder, Householder,2019.61,,,, Not in universe under 1 year old,,0, Not in universe, United-States, United-States, United-States, Native- Born in the United States,0, Not in universe,2,0,0,95,-50000
4, Not in universe,0,0, Children, Not in universe, Never married, Not in universe or children, Not in universe, White, All other, Female, Not in universe, Not in universe, Children or Armed Forces,0,0,0, Nonfiler, Not in universe, Not in universe, Child <18 never marr not in subfamily, Child under 18 never married,1688.35, Nonmover, Nonmover, Nonmover, Yes, Not in universe,0, Both parents present, United-States, United-States, United-States, Native- Born in the United States,0, Not in universe,0,0,0,94,-50000
60, Not in universe,0,0, High school graduate, Not in universe, Married-civilian spouse present, Not in universe or children, Not in universe, White, All other, Female, Not in universe, Not in universe, Not in labor force,3103,0,0, Joint both under 65, Not in universe, Not in universe, Householder, Householder,1802.16,,,, Not in universe under 1 year old,,0, Not in universe, Italy, Italy, United-States, Native- Born in the United States,0, Not in universe,2,0,0,95,-50000
83, Not in universe,0,0, 9th grade, Not in universe, Widowed, Not in universe or children, Not in universe, White, All other, Female, Not in universe, Not in universe, Not in labor force,0,0,0, Nonfiler, Not in universe, Not in universe, Nonfamily householder, Householder,1268.98,,,, Not in universe under 1 year old,,0, Not in universe, United-States, United-States, United-States, Native- Born in the United States,0, Not in universe,2,0,0,95,-50000
33, Not in universe,0,0, 9th grade, Not in universe, Never married, Not in universe or children, Not in universe, White, Mexican (Mexicano), Female, Not in universe, Not in universe, Children or Armed Forces,0,0,0, Nonfiler, Not in universe, Not in universe, Householder, Householder,1201.86, Nonmover, Nonmover, Nonmover, Yes, Not in universe,0, Not in universe, United-States, United-States, United-States, Native- Born in the United States,0, Not in universe,2,0,0,94,-50000
61, Not in universe,0,0, Some college but no degree, Not in universe, Divorced, Not in universe or children, Not in universe, Black, All other, Male, Not in universe, Not in universe, Children or Armed Forces,0,0,0, Nonfiler, Not in universe, Not in universe, Nonfamily householder, Householder,548.02, Nonmover, Nonmover, Nonmover, Yes, Not in universe,0, Not in universe, United-States, United-States, United-States, Native- Born in the United States,0, Yes,1,0,0,94,-50000
38, Private,42,8, Associates degree-occup /vocational, Not in universe, Married-civilian spouse present, Medical except hospital, Professional specialty, White, All other, Female, Not in universe, Not in universe, Children or Armed Forces,0,0,0, Joint both under 65, Not in universe, Not in universe, Spouse of householder, Spouse of householder,577.41, Nonmover, Nonmover, Nonmover, Yes, Not in universe,2, Not in universe, United-States, United-States, United-States, Native- Born in the United States,0, Not in universe,2,52,0,94,-50000
8, Not in universe,0,0, Children, Not in universe, Never married, Not in universe or children, Not in universe, White, All other, Male, Not in universe, Not in universe, Children or Armed Forces,0,0,0, Nonfiler, Not in universe, Not in universe, Child <18 never marr not in subfamily, Child under 18 never married,4027.84, Nonmover, Nonmover, Nonmover, Yes, Not in universe,0, Both parents present, United-States, United-States, United-States, Native- Born in the United States,0, Not in universe,0,0,0,94,-50000
13, Not in universe,0,0, Children, Not in universe, Never married, Not in universe or children, Not in universe, White, All other, Male, Not in universe, Not in universe, Children or Armed Forces,0,0,0, Nonfiler, South, Texas, Child <18 never marr not in subfamily, Child under 18 never married,2751.64, MSA to MSA, Same county, Same county, No, Yes,0, Both parents present, United-States, United-States, United-States, Native- Born in the United States,0, Not in universe,0,0,0,94,-50000
36, Self-employed-not incorporated,37,17, Associates degree-occup /vocational, Not in universe, Married-civilian spouse present, Business and repair services, Sales, White, All other, Male, Not in universe, Not in universe, Full-time schedules,0,0,0, Joint both under 65, Not in universe, Not in universe, Householder, Householder,1578.65,,,, Not in universe under 1 year old,,1, Not in universe, United-States, United-States, United-States, Native- Born in the United States,0, Not in universe,2,52,0,95, 50000+.
35, Private,4,34, Some college but no degree, Not in universe, Married-civilian spouse present, Construction, Precision production craft & repair, White, All other, Male, Not in universe, Not in universe, Full-time schedules,0,0,0, Joint both under 65, Not in universe, Not in universe, Householder, Householder,1895.1,,,, Not in universe under 1 year old,,3, Not in universe, United-States, United-States, United-States, Native- Born in the United States,0, Not in universe,2,26,0,95,-50000
73, Not in universe,0,0, 9th grade, Not in universe, Married-civilian spouse present, Not in universe or children, Not in universe, White, All other, Female, Not in universe, Not in universe, Not in labor force,0,0,0, Joint both 65+, Not in universe, Not in universe, Spouse of householder, Spouse of householder,3107.32,,,, Not in universe under 1 year old,,0, Not in universe, United-States, United-States, United-States, Native- Born in the United States,0, Not in universe,2,0,0,95,-50000
12, Not in universe,0,0, Children, Not in universe, Never married, Not in universe or children, Not in universe, White, All other, Female, Not in universe, Not in universe, Children or Armed Forces,0,0,0, Nonfiler, Not in universe, Not in universe, Child <18 never marr not in subfamily, Child under 18 never married,1487.45, Nonmover, Nonmover, Nonmover, Yes, Not in universe,0, Both parents present, United-States, United-States, United-States, Native- Born in the United States,0, Not in universe,0,0,0,94,-50000
36, Not in universe,0,0, High school graduate, Not in universe, Married-A F spouse present, Not in universe or children, Not in universe, White, All other, Female, Not in universe, Not in universe, Not in labor force,0,0,0, Joint both under 65, Not in universe, Not in universe, Spouse of householder, Spouse of householder,1766.62,,,, Not in universe under 1 year old,,0, Not in universe, United-States, United-States, United-States, Native- Born in the United States,0, Not in universe,2,0,0,95,-50000
45, Private,45,3, Associates degree-academic program, Not in universe, Married-civilian spouse present, Other professional services, Executive admin and managerial, White, All other, Female, Not in universe, Not in universe, Children or Armed Forces,0,0,0, Joint both under 65, Not in universe, Not in universe, Spouse of householder, Spouse of householder,488.4, Nonmover, Nonmover, Nonmover, Yes, Not in universe,1, Not in universe, United-States, United-States, United-States, Native- Born in the United States,0, Not in universe,2,52,0,94,-50000
32, Local government,43,10, Bachelors degree(BA AB BS), Not in universe, Divorced, Education, Professional specialty, White, All other, Female, Not in universe, Not in universe, Children or Armed Forces,0,0,0, Head of household, Not in universe, Not in universe, Householder, Householder,1153.16, Nonmover, Nonmover, Nonmover, Yes, Not in universe,4, Not in universe, United-States, United-States, United-States, Native- Born in the United States,0, Not in universe,2,52,0,94,-50000
16, Private,34,42, 9th grade, High school, Never married, Finance insurance and real estate, Handlers equip cleaners etc , White, All other, Male, Not in universe, Not in universe, Full-time schedules,0,0,0, Nonfiler, Not in universe, Not in universe, Child <18 never marr not in subfamily, Child under 18 never married,418.25,,,, Not in universe under 1 year old,,1, Both parents present, United-States, United-States, United-States, Native- Born in the United States,0, Not in universe,2,26,0,95,-50000
37, Private,33,24, High school graduate, Not in universe, Divorced, Retail trade, Adm support including clerical, White, All other, Female, Not in universe, Not in universe, Children or Armed Forces,0,0,0, Head of household, Not in universe, Not in universe, Householder, Householder,2223.92, Nonmover, Nonmover, Nonmover, Yes, Not in universe,6, Not in universe, United-States, United-States, United-States, Native- Born in the United States,0, Not in universe,2,52,0,94,-50000
61, Not in universe,0,0, Some college but no degree, Not in universe, Widowed, Not in universe or children, Not in universe, White, Mexican (Mexicano), Female, Not in universe, Not in universe, Not in labor force,0,0,0, Nonfiler, Not in universe, Not in universe, Other Rel 18+ ever marr not in subfamily, Other relative of householder,1704.76,,,, Not in universe under 1 year old,,0, Not in universe, Mexico, Mexico, Mexico, Foreign born- Not a citizen of U S ,0, Not in universe,2,0,0,95,-50000
67, Self-employed-not incorporated,4,34, Some college but no degree, Not in universe, Divorced, Construction, Precision production craft & repair, White, All other, Male, Not in universe, Not in universe, Full-time schedules,0,0,0, Single, Not in universe, Not in universe, Secondary individual, Nonrelative of householder,995.14,,,, Not in universe under 1 year old,,6, Not in universe, United-States, United-States, Canada, Native- Born abroad of American Parent(s),0, Not in universe,2,5,0,95,-50000
23, Not in universe,0,0, Less than 1st grade, Not in universe, Never married, Not in universe or children, Not in universe, White, All other, Male, Not in universe, Not in universe, Not in labor force,0,0,0, Nonfiler, Not in universe, Not in universe, Nonfamily householder, Householder,1678.83,,,, Not in universe under 1 year old,,0, Not in universe, United-States, United-States, United-States, Native- Born in the United States,0, Not in universe,2,0,0,95,-50000
68, Not in universe,0,0, High school graduate, Not in universe, Separated, Not in universe or children, Not in universe, White, All other, Female, Not in universe, Not in universe, Children or Armed Forces,0,0,0, Single, Midwest, Kansas, Nonfamily householder, Householder,924.87, NonMSA to MSA, Different region, Different state in Midwest, No, No,0, Not in universe, United-States, United-States, United-States, Native- Born in the United States,0, Not in universe,2,0,0,94,-50000
60, Not in universe,0,0, High school graduate, Not in universe, Married-civilian spouse present, Not in universe or children, Not in universe, White, All other, Female, Not in universe, Not in universe, Children or Armed Forces,0,0,0, Joint one under 65 & one 65+, Not in universe, Not in universe, Spouse of householder, Spouse of householder,2611.22, Nonmover, Nonmover, Nonmover, Yes, Not in universe,0, Not in universe, United-States, United-States, United-States, Native- Born in the United States,0, Not in universe,2,0,0,94,-50000
7, Not in universe,0,0, Children, Not in universe, Never married, Not in universe or children, Not in universe, White, All other, Female, Not in universe, Not in universe, Children or Armed Forces,0,0,0, Nonfiler, Not in universe, Not in universe, Child <18 never marr not in subfamily, Child under 18 never married,1154.24,,,, Not in universe under 1 year old,,0, Both parents present, United-States, United-States, United-States, Native- Born in the United States,0, Not in universe,0,0,0,95,-50000
6, Not in universe,0,0, Children, Not in universe, Never married, Not in universe or children, Not in universe, White, All other, Male, Not in universe, Not in universe, Children or Armed Forces,0,0,0, Nonfiler, Not in universe, Not in universe, Child <18 never marr not in subfamily, Child under 18 never married,2094.13, Nonmover, Nonmover, Nonmover, Yes, Not in universe,0, Both parents present, United-States, United-States, United-States, Native- Born in the United States,0, Not in universe,0,0,0,94,-50000
2, Not in universe,0,0, Children, Not in universe, Never married, Not in universe or children, Not in universe, White, Mexican-American, Female, Not in universe, Not in universe, Children or Armed Forces,0,0,0, Nonfiler, Not in universe, Not in universe, Grandchild <18 never marr not in subfamily, Other relative of householder,2112.24, Nonmover, Nonmover, Nonmover, Yes, Not in universe,0, Neither parent present, United-States, United-States, United-States, Native- Born in the United States,0, Not in universe,0,0,0,94,-50000
26, Not in universe,0,0, High school graduate, Not in universe, Married-civilian spouse present, Not in universe or children, Not in universe, White, All other, Female, Not in universe, Not in universe, Not in labor force,0,0,0, Joint both under 65, Not in universe, Not in universe, Householder, Householder,1474.56,,,, Not in universe under 1 year old,,0, Not in universe, United-States, United-States, United-States, Native- Born in the United States,0, Not in universe,2,0,0,95,-50000
41, State government,47,35, Some college but no degree, Not in universe, Married-civilian spouse present, Public administration, Precision production craft & repair, White, All other, Male, Not in universe, Not in universe, Full-time schedules,0,0,0, Joint both under 65, Not in universe, Not in universe, Householder, Householder,1088.37,,,, Not in universe under 1 year old,,6, Not in universe, United-States, United-States, United-States, Native- Born in the United States,2, Not in universe,2,52,0,95,-50000
60, Local government,43,31, High school graduate, Not in universe, Married-civilian spouse present, Education, Other service, White, All other, Male, Not in universe, Not in universe, Full-time schedules,0,0,0, Joint both under 65, Not in universe, Not in universe, Householder, Householder,1828.74,,,, Not in universe under 1 year old,,1, Not in universe, United-States, United-States, United-States, Native- Born in the United States,0, Not in universe,2,32,0,95,-50000
36, Private,24,38, Associates degree-academic program, Not in universe, Never married, Manufacturing-nondurable goods, Transportation and material moving, White, All other, Male, Not in universe, Not in universe, Full-time schedules,0,0,0, Single, Not in universe, Not in universe, Nonfamily householder, Householder,1398.16,,,, Not in universe under 1 year old,,3, Not in universe, United-States, United-States, United-States, Native- Born in the United States,0, Not in universe,2,52,0,95,-50000
3, Not in universe,0,0, Children, Not in universe, Never married, Not in universe or children, Not in universe, White, All other, Male, Not in universe, Not in universe, Children or Armed Forces,0,0,0, Nonfiler, Not in universe, Not in universe, Child <18 never marr not in subfamily, Child under 18 never married,1387.18, Nonmover, Nonmover, Nonmover, Yes, Not in universe,0, Both parents present, United-States, United-States, United-States, Native- Born in the United States,0, Not in universe,0,0,0,94,-50000
29, Private,33,38, High school graduate, Not in universe, Never married, Retail trade, Transportation and material moving, Other, Other Spanish, Male, Not in universe, Not in universe, Children or Armed Forces,0,0,0, Single, Northeast, New Mexico, Other Rel 18+ never marr not in subfamily, Other relative of householder,1694.64, MSA to MSA, Same county, Same county, No, No,3, Not in universe, Dominican-Republic, Dominican-Republic, Dominican-Republic, Foreign born- Not a citizen of U S ,0, Not in universe,2,52,0,94,-50000
0, Not in universe,0,0, Children, Not in universe, Never married, Not in universe or children, Not in universe, White, All other, Male, Not in universe, Not in universe, Children or Armed Forces,0,0,0, Nonfiler, Not in universe, Not in universe, Child <18 never marr not in subfamily, Child under 18 never married,1475.95, Not in universe, Not in universe, Not in universe, Not in universe under 1 year old, Not in universe,0, Both parents present, United-States, United-States, United-States, Native- Born in the United States,0, Not in universe,0,0,0,94,-50000
5, Not in universe,0,0, Children, Not in universe, Never married, Not in universe or children, Not in universe, Black, All other, Male, Not in universe, Not in universe, Children or Armed Forces,0,0,0, Nonfiler, Not in universe, Not in universe, Child <18 never marr not in subfamily, Child under 18 never married,2396.08, Nonmover, Nonmover, Nonmover, Yes, Not in universe,0, Both parents present, United-States, United-States, United-States, Native- Born in the United States,0, Not in universe,0,0,0,94,-50000
30, Private,29,26, Associates degree-occup /vocational, Not in universe, Divorced, Transportation, Adm support including clerical, White, All other, Female, Not in universe, Not in universe, Children or Armed Forces,0,0,0, Single, Not in universe, Not in universe, Secondary individual, Nonrelative of householder,1485.35, Nonmover, Nonmover, Nonmover, Yes, Not in universe,6, Not in universe, United-States, United-States, United-States, Native- Born in the United States,0, Not in universe,2,52,0,94,-50000
58, Private,39,34, 11th grade, Not in universe, Married-civilian spouse present, Personal services except private HH, Precision production craft & repair, White, All other, Male, Not in universe, Not in universe, Children or Armed Forces,0,0,0, Joint both under 65, Not in universe, Not in universe, Householder, Householder,1869.3, Nonmover, Nonmover, Nonmover, Yes, Not in universe,6, Not in universe, United-States, United-States, United-States, Native- Born in the United States,0, Not in universe,2,46,0,94,-50000
76, Not in universe,0,0, 10th grade, Not in universe, Widowed, Not in universe or children, Not in universe, White, All other, Male, Not in universe, Not in universe, Not in labor force,0,0,0, Nonfiler, Not in universe, Not in universe, Nonfamily householder, Householder,432.86,,,, Not in universe under 1 year old,,0, Not in universe, United-States, United-States, United-States, Native- Born in the United States,0, Not in universe,2,0,0,95,-50000
23, State government,43,29, Some college but no degree, College or university, Married-civilian spouse present, Education, Other service, Asian or Pacific Islander, All other, Female, Not in universe, Not in universe, Children or Armed Forces,0,0,0, Joint both under 65, Not in universe, Not in universe, Spouse of householder, Spouse of householder,288.33, Nonmover, Nonmover, Nonmover, Yes, Not in universe,0, Not in universe,, China,, Foreign born- Not a citizen of U S ,0, Not in universe,2,0,0,94,-50000
32, Private,41,2, Bachelors degree(BA AB BS), Not in universe, Married-civilian spouse present, Hospital services, Executive admin and managerial, White, All other, Male, Not in universe, Not in universe, Children or Armed Forces,0,0,0, Joint both under 65, Not in universe, Not in universe, Householder, Householder,370.97, Nonmover, Nonmover, Nonmover, Yes, Not in universe,6, Not in universe, United-States, United-States, United-States, Native- Born in the United States,0, Not in universe,2,52,0,94,-50000
37, Self-employed-incorporated,35,17, Some college but no degree, Not in universe, Married-civilian spouse present, Finance insurance and real estate, Sales, White, All other, Female, Not in universe, Not in universe, Full-time schedules,0,0,0, Joint both under 65, Not in universe, Not in universe, Spouse of householder, Spouse of householder,1854.21,,,, Not in universe under 1 year old,,0, Not in universe, United-States, United-States, United-States, Native- Born in the United States,0, Not in universe,2,0,0,95,-50000
51, Private,27,37, Less than 1st grade, Not in universe, Separated, Manufacturing-nondurable goods, Machine operators assmblrs & inspctrs, Asian or Pacific Islander, All other, Female, No, Not in universe, Full-time schedules,0,0,0, Single, Not in universe, Not in universe, Nonfamily householder, Householder,1801.4,,,, Not in universe under 1 year old,,5, Not in universe, South Korea, South Korea, South Korea, Foreign born- U S citizen by naturalization,0, Not in universe,2,52,600,95,-50000
5, Not in universe,0,0, Children, Not in universe, Never married, Not in universe or children, Not in universe, White, All other, Female, Not in universe, Not in universe, Children or Armed Forces,0,0,0, Nonfiler, Not in universe, Not in universe, Child <18 never marr not in subfamily, Child under 18 never married,864.34,,,, Not in universe under 1 year old,,0, Both parents present, United-States, Guatemala, United-States, Native- Born in the United States,0, Not in universe,0,0,0,95,-50000
23, Private,33,29, High school graduate, Not in universe, Never married, Retail trade, Other service, Black, All other, Female, Not in universe, Re-entrant, Unemployed part- time,0,0,0, Single, Not in universe, Not in universe, Nonfamily householder, Householder,2709.28,,,, Not in universe under 1 year old,,2, Not in universe, United-States, United-States, United-States, Native- Born in the United States,0, Not in universe,2,24,0,95,-50000
59, Self-employed-not incorporated,33,16, High school graduate, Not in universe, Married-civilian spouse present, Retail trade, Sales, White, All other, Male, Not in universe, Not in universe, Full-time schedules,0,1977,0, Joint both under 65, Not in universe, Not in universe, Householder, Householder,1681.04,,,, Not in universe under 1 year old,,1, Not in universe, United-States, United-States, United-States, Native- Born in the United States,0, Not in universe,2,52,0,95, 50000+.
57, Not in universe,0,0, 9th grade, Not in universe, Married-civilian spouse present, Not in universe or children, Not in universe, White, All other, Female, Not in universe, Not in universe, Children or Armed Forces,0,0,0, Joint one under 65 & one 65+, Not in universe, Not in universe, Spouse of householder, Spouse of householder,1836.86, Nonmover, Nonmover, Nonmover, Yes, Not in universe,0, Not in universe, United-States, United-States, United-States, Native- Born in the United States,0, Not in universe,2,0,0,94,-50000
72, Not in universe,0,0, 7th and 8th grade, Not in universe, Divorced, Not in universe or children, Not in universe, White, All other, Female, Not in universe, Not in universe, Not in labor force,0,0,0, Nonfiler, Not in universe, Not in universe, Other Rel 18+ ever marr not in subfamily, Other relative of householder,1171.42,,,, Not in universe under 1 year old,,0, Not in universe, Italy, Italy, United-States, Native- Born in the United States,0, Not in universe,2,0,0,95,-50000
43, Private,33,3, High school graduate, Not in universe, Married-civilian spouse present, Retail trade, Executive admin and managerial, White, All other, Male, Not in universe, Not in universe, Children or Armed Forces,0,0,0, Joint both under 65, Not in universe, Not in universe, Householder, Householder,1883.24, Nonmover, Nonmover, Nonmover, Yes, Not in universe,6, Not in universe, United-States, United-States, United-States, Native- Born in the United States,0, Not in universe,2,52,0,94,-50000
20, Not in universe,0,0, 9th grade, Not in universe, Never married, Not in universe or children, Not in universe, White, Other Spanish, Female, Not in universe, Not in universe, Not in labor force,0,0,0, Nonfiler, Not in universe, Not in universe, Child 18+ never marr Not in a subfamily, Child 18 or older,857.41,,,, Not in universe under 1 year old,,0, Not in universe, Dominican-Republic, Dominican-Republic, Dominican-Republic, Foreign born- Not a citizen of U S ,0, Not in universe,2,0,0,95,-50000
31, Federal government,29,25, Bachelors degree(BA AB BS), Not in universe, Never married, Transportation, Adm support including clerical, White, All other, Male, Not in universe, Not in universe, Full-time schedules,0,0,0, Single, Not in universe, Not in universe, Nonfamily householder, Householder,2120.61,,,, Not in universe under 1 year old,,6, Not in universe, United-States, United-States, United-States, Native- Born in the United States,2, Not in universe,2,52,0,95,-50000
19, Local government,43,26, Some college but no degree, College or university, Never married, Education, Adm support including clerical, White, All other, Female, Not in universe, Not in universe, Children or Armed Forces,0,0,0, Single, Not in universe, Not in universe, Child 18+ never marr Not in a subfamily, Child 18 or older,905.88, Nonmover, Nonmover, Nonmover, Yes, Not in universe,6, Not in universe, United-States, United-States, United-States, Native- Born in the United States,2, Not in universe,2,14,0,94,-50000
83, Not in universe,0,0, High school graduate, Not in universe, Widowed, Not in universe or children, Not in universe, White, All other, Female, Not in universe, Not in universe, Not in labor force,0,0,0, Nonfiler, Not in universe, Not in universe, Nonfamily householder, Householder,1791.05,,,, Not in universe under 1 year old,,0, Not in universe, United-States, United-States, United-States, Native- Born in the United States,0, Not in universe,2,0,0,95,-50000
45, Self-employed-incorporated,4,34, High school graduate, Not in universe, Married-civilian spouse present, Construction, Precision production craft & repair, White, All other, Male, Not in universe, Not in universe, Children or Armed Forces,0,0,0, Joint both under 65, Not in universe, Not in universe, Householder, Householder,1851.53, Nonmover, Nonmover, Nonmover, Yes, Not in universe,1, Not in universe, United-States, United-States, United-States, Native- Born in the United States,0, Not in universe,2,52,0,94,-50000
63, Not in universe,0,0, High school graduate, Not in universe, Divorced, Not in universe or children, Not in universe, White, All other, Female, Not in universe, Not in universe, Children or Armed Forces,0,0,3000, Single, Not in universe, Not in universe, Nonfamily householder, Householder,2154.46, Nonmover, Nonmover, Nonmover, Yes, Not in universe,0, Not in universe, United-States, United-States, United-States, Native- Born in the United States,0, Not in universe,2,0,0,94,-50000
38, Private,37,2, Masters degree(MA MS MEng MEd MSW MBA), Not in universe, Married-civilian spouse present, Business and repair services, Executive admin and managerial, White, Cuban, Male, No, Not in universe, Children or Armed Forces,0,0,10, Joint both under 65, Not in universe, Not in universe, Householder, Householder,952.66, Nonmover, Nonmover, Nonmover, Yes, Not in universe,5, Not in universe, Cuba, Haiti, Cuba, Foreign born- U S citizen by naturalization,0, Not in universe,2,52,0,94, 50000+.
58, Self-employed-not incorporated,2,43, Bachelors degree(BA AB BS), Not in universe, Married-civilian spouse present, Agriculture, Farming forestry and fishing, White, All other, Male, Not in universe, Not in universe, Full-time schedules,0,0,250, Joint both under 65, Not in universe, Not in universe, Householder, Householder,2819.44,,,, Not in universe under 1 year old,,1, Not in universe, United-States, United-States, United-States, Native- Born in the United States,2, Not in universe,2,52,0,95,-50000
55, Private,45,12, Associates degree-academic program, Not in universe, Married-civilian spouse present, Other professional services, Professional specialty, White, All other, Female, Not in universe, Not in universe, Full-time schedules,0,0,45, Joint both under 65, Not in universe, Not in universe, Spouse of householder, Spouse of householder,1739.67,,,, Not in universe under 1 year old,,3, Not in universe, United-States, United-States, United-States, Native- Born in the United States,0, Not in universe,2,52,0,95,-50000
77, Not in universe,0,0, 10th grade, Not in universe, Widowed, Not in universe or children, Not in universe, White, All other, Female, Not in universe, Not in universe, Children or Armed Forces,0,0,0, Nonfiler, Not in universe, Not in universe, Nonfamily householder, Householder,2293.71, Nonmover, Nonmover, Nonmover, Yes, Not in universe,0, Not in universe,,, United-States, Native- Born in the United States,0, Not in universe,2,0,0,94,-50000
17, Private,40,28, 11th grade, High school, Never married, Entertainment, Protective services, White, All other, Female, Not in universe, Not in universe, Full-time schedules,0,0,0, Single, Not in universe, Not in universe, Child <18 never marr not in subfamily, Child under 18 never married,723.38,,,, Not in universe under 1 year old,,3, Mother only present, United-States, United-States, United-States, Native- Born in the United States,0, Not in universe,2,52,0,95,-50000
63, Private,4,40, 10th grade, Not in universe, Married-civilian spouse present, Construction, Handlers equip cleaners etc , White, All other, Male, Not in universe, Not in universe, Children or Armed Forces,0,0,0, Joint both under 65, Not in universe, Not in universe, Householder, Householder,2344.89, Nonmover, Nonmover, Nonmover, Yes, Not in universe,1, Not in universe, United-States, United-States, United-States, Native- Born in the United States,0, Not in universe,2,52,0,94,-50000
59, Local government,50,12, 11th grade, Not in universe, Married-civilian spouse present, Public administration, Professional specialty, Amer Indian Aleut or Eskimo, All other, Female, No, Not in universe, Children or Armed Forces,0,0,0, Joint both under 65, Not in universe, Not in universe, Householder, Householder,2229.69, Nonmover, Nonmover, Nonmover, Yes, Not in universe,5, Not in universe, United-States, United-States, United-States, Native- Born in the United States,0, Not in universe,2,52,0,94,-50000
82, Not in universe,0,0, 11th grade, Not in universe, Widowed, Not in universe or children, Not in universe, White, All other, Female, Not in universe, Not in universe, Children or Armed Forces,0,0,0, Nonfiler, Not in universe, Not in universe, Nonfamily householder, Householder,1834.57, Nonmover, Nonmover, Nonmover, Yes, Not in universe,0, Not in universe, United-States, United-States, United-States, Native- Born in the United States,0, Not in universe,2,0,0,94,-50000
14, Not in universe,0,0, Children, Not in universe, Never married, Not in universe or children, Not in universe, White, All other, Male, Not in universe, Not in universe, Children or Armed Forces,0,0,0, Nonfiler, Not in universe, Not in universe, Child <18 never marr not in subfamily, Child under 18 never married,1148.45, Nonmover, Nonmover, Nonmover, Yes, Not in universe,0, Both parents present, United-States, United-States, United-States, Native- Born in the United States,0, Not in universe,0,0,0,94,-50000
66, Not in universe,0,0, Some college but no degree, Not in universe, Married-civilian spouse present, Not in universe or children, Not in universe, White, All other, Male, Not in universe, Not in universe, Not in labor force,0,0,0, Joint one under 65 & one 65+, Not in universe, Not in universe, Householder, Householder,1898.96,,,, Not in universe under 1 year old,,0, Not in universe, United-States,, United-States, Native- Born in the United States,0, No,1,0,0,95,-50000
24, Private,42,30, Some college but no degree, Not in universe, Married-civilian spouse present, Medical except hospital, Other service, White, Mexican-American, Female, Not in universe, Not in universe, Full-time schedules,0,0,0, Joint both under 65, Not in universe, Not in universe, Spouse of householder, Spouse of householder,2067.95,,,, Not in universe under 1 year old,,3, Not in universe, Mexico, Mexico, Mexico, Foreign born- Not a citizen of U S ,2, Not in universe,2,52,0,95,-50000
6, Not in universe,0,0, Children, Not in universe, Never married, Not in universe or children, Not in universe, Other, Mexican (Mexicano), Male, Not in universe, Not in universe, Children or Armed Forces,0,0,0, Nonfiler, Not in universe, Not in universe, Child <18 never marr not in subfamily, Child under 18 never married,938.83,,,, Not in universe under 1 year old,,0, Both parents present, United-States, United-States, United-States, Native- Born in the United States,0, Not in universe,0,0,0,95,-50000
32, Private,33,29, 11th grade, Not in universe, Divorced, Retail trade, Other service, White, All other, Female, Not in universe, Re-entrant, Unemployed full-time,0,0,0, Nonfiler, Not in universe, Not in universe, Householder, Householder,1789.84,,,, Not in universe under 1 year old,,6, Not in universe, United-States, United-States, United-States, Native- Born in the United States,0, Not in universe,2,8,0,95,-50000
73, Not in universe,0,0, High school graduate, Not in universe, Married-civilian spouse present, Not in universe or children, Not in universe, White, All other, Female, Not in universe, Not in universe, Not in labor force,0,0,0, Nonfiler, Not in universe, Not in universe, Spouse of householder, Spouse of householder,964.18,,,, Not in universe under 1 year old,,0, Not in universe, United-States, United-States, United-States, Native- Born in the United States,0, Not in universe,2,0,0,95,-50000
7, Not in universe,0,0, Children, Not in universe, Never married, Not in universe or children, Not in universe, Asian or Pacific Islander, All other, Male, Not in universe, Not in universe, Children or Armed Forces,0,0,0, Nonfiler, Not in universe, Not in universe, Child <18 never marr not in subfamily, Child under 18 never married,1312.55, Nonmover, Nonmover, Nonmover, Yes, Not in universe,0, Both parents present, South Korea, South Korea, United-States, Native- Born in the United States,0, Not in universe,0,0,0,94,-50000
52, State government,43,9, Doctorate degree(PhD EdD), Not in universe, Married-spouse absent, Education, Professional specialty, White, All other, Male, Not in universe, Not in universe, Full-time schedules,0,0,500, Single, Not in universe, Not in universe, Nonfamily householder, Householder,2046.09,,,, Not in universe under 1 year old,,6, Not in universe, United-States, United-States, United-States, Native- Born in the United States,1, Not in universe,2,52,0,95, 50000+.
42, Not in universe,0,0, High school graduate, Not in universe, Married-civilian spouse present, Not in universe or children, Not in universe, White, Mexican (Mexicano), Female, Not in universe, Not in universe, Children or Armed Forces,0,0,0, Nonfiler, Not in universe, Not in universe, Householder, Householder,986.76, Nonmover, Nonmover, Nonmover, Yes, Not in universe,0, Not in universe, Mexico, Mexico, Mexico, Foreign born- U S citizen by naturalization,0, Not in universe,2,0,0,94,-50000
70, Not in universe,0,0, High school graduate, Not in universe, Married-civilian spouse present, Not in universe or children, Not in universe, White, All other, Male, Not in universe, Not in universe, Not in labor force,0,0,0, Joint both 65+, Not in universe, Not in universe, Spouse of householder, Spouse of householder,1580.79,,,, Not in universe under 1 year old,,0, Not in universe, United-States, United-States, United-States, Native- Born in the United States,0, Not in universe,2,0,0,95,-50000
40, Private,33,29, High school graduate, Not in universe, Married-civilian spouse present, Retail trade, Other service, White, All other, Female, No, Not in universe, Children or Armed Forces,0,0,0, Joint both under 65, Not in universe, Not in universe, Spouse of householder, Spouse of householder,1877.53, Nonmover, Nonmover, Nonmover, Yes, Not in universe,6, Not in universe, United-States, United-States, United-States, Native- Born in the United States,0, Not in universe,2,8,575,94,-50000
21, Never worked,0,0, Bachelors degree(BA AB BS), Not in universe, Never married, Not in universe or children, Not in universe, White, All other, Female, Not in universe, New entrant, Unemployed full-time,0,0,0, Nonfiler, Not in universe, Not in universe, Child 18+ never marr Not in a subfamily, Child 18 or older,2441.63,,,, Not in universe under 1 year old,,0, Not in universe, United-States,, United-States, Native- Born in the United States,0, Not in universe,2,0,0,95,-50000
52, Private,24,34, Associates degree-occup /vocational, Not in universe, Married-civilian spouse present, Manufacturing-nondurable goods, Precision production craft & repair, White, All other, Male, No, Not in universe, Children or Armed Forces,0,0,1000, Joint both under 65, Not in universe, Not in universe, Householder, Householder,1771.12, Nonmover, Nonmover, Nonmover, Yes, Not in universe,4, Not in universe, Poland, Poland, Poland, Foreign born- U S citizen by naturalization,0, Not in universe,2,52,1575,94,-50000
10, Not in universe,0,0, Children, Not in universe, Never married, Not in universe or children, Not in universe, White, All other, Male, Not in universe, Not in universe, Children or Armed Forces,0,0,0, Nonfiler, Not in universe, Not in universe, Child <18 never marr not in subfamily, Child under 18 never married,3665.59,,,, Not in universe under 1 year old,,0, Mother only present, United-States, United-States, United-States, Native- Born in the United States,0, Not in universe,0,0,0,95,-50000
48, Private,30,24, High school graduate, Not in universe, Married-civilian spouse present, Communications, Adm support including clerical, White, All other, Female, Not in universe, Not in universe, Full-time schedules,0,0,25, Joint both under 65, Not in universe, Not in universe, Spouse of householder, Spouse of householder,1961.54,,,, Not in universe under 1 year old,,6, Not in universe, United-States, United-States, United-States, Native- Born in the United States,0, Not in universe,2,52,0,95,-50000
51, Not in universe,0,0, Associates degree-academic program, Not in universe, Married-civilian spouse present, Not in universe or children, Not in universe, White, All other, Female, Not in universe, Not in universe, Not in labor force,0,0,1000, Joint one under 65 & one 65+, Not in universe, Not in universe, Spouse of householder, Spouse of householder,1002.61,,,, Not in universe under 1 year old,,0, Not in universe, England, England, England, Foreign born- Not a citizen of U S ,0, Not in universe,2,0,0,95,-50000
75, Not in universe,0,0, Some college but no degree, Not in universe, Married-civilian spouse present, Not in universe or children, Not in universe, Black, All other, Male, Not in universe, Not in universe, Children or Armed Forces,0,0,0, Joint one under 65 & one 65+, Not in universe, Not in universe, Householder, Householder,2082.43, Nonmover, Nonmover, Nonmover, Yes, Not in universe,0, Not in universe, United-States, United-States, United-States, Native- Born in the United States,0, Not in universe,2,0,0,94,-50000
80, Not in universe,0,0, 12th grade no diploma, Not in universe, Married-civilian spouse present, Not in universe or children, Not in universe, White, All other, Female, Not in universe, Not in universe, Children or Armed Forces,0,0,0, Joint both 65+, Not in universe, Not in universe, Spouse of householder, Spouse of householder,1577.12, Nonmover, Nonmover, Nonmover, Yes, Not in universe,0, Not in universe, United-States, United-States, United-States, Native- Born in the United States,0, Not in universe,2,0,0,94,-50000
62, Not in universe,0,0, Less than 1st grade, Not in universe, Married-spouse absent, Not in universe or children, Not in universe, Other, Mexican (Mexicano), Female, Not in universe, Not in universe, Not in labor force,0,0,0, Nonfiler, Not in universe, Not in universe, Householder, Householder,632.04,,,, Not in universe under 1 year old,,0, Not in universe, Mexico, Mexico, Mexico, Foreign born- Not a citizen of U S ,0, Not in universe,2,0,0,95,-50000
6, Not in universe,0,0, Children, Not in universe, Never married, Not in universe or children, Not in universe, White, All other, Male, Not in universe, Not in universe, Children or Armed Forces,0,0,0, Nonfiler, Not in universe, Not in universe, Child <18 never marr not in subfamily, Child under 18 never married,1725.89, Nonmover, Nonmover, Nonmover, Yes, Not in universe,0, Both parents present, United-States, United-States, United-States, Native- Born in the United States,0, Not in universe,0,0,0,94,-50000
9, Not in universe,0,0, Children, Not in universe, Never married, Not in universe or children, Not in universe, Black, All other, Male, Not in universe, Not in universe, Children or Armed Forces,0,0,0, Nonfiler, Not in universe, Not in universe, Child <18 never marr not in subfamily, Child under 18 never married,1358.38,,,, Not in universe under 1 year old,,0, Mother only present, United-States, United-States, United-States, Native- Born in the United States,0, Not in universe,0,0,0,95,-50000
8, Not in universe,0,0, Children, Not in universe, Never married, Not in universe or children, Not in universe, White, All other, Male, Not in universe, Not in universe, Children or Armed Forces,0,0,0, Nonfiler, Not in universe, Not in universe, Child <18 never marr not in subfamily, Child under 18 never married,842.41, Nonmover, Nonmover, Nonmover, Yes, Not in universe,0, Both parents present, England, England, United-States, Native- Born in the United States,0, Not in universe,0,0,0,94,-50000
35, Private,33,26, High school graduate, Not in universe, Married-civilian spouse present, Retail trade, Adm support including clerical, White, All other, Female, No, Not in universe, Full-time schedules,0,0,0, Joint both under 65, Not in universe, Not in universe, Spouse of householder, Spouse of householder,1914.82,,,, Not in universe under 1 year old,,3, Not in universe, United-States, United-States, United-States, Native- Born in the United States,0, Not in universe,2,52,765,95,-50000
31, Private,37,37, High school graduate, Not in universe, Never married, Business and repair services, Machine operators assmblrs & inspctrs, White, All other, Male, No, Not in universe, Full-time schedules,0,0,0, Single, Not in universe, Not in universe, Secondary individual, Nonrelative of householder,2461.7,,,, Not in universe under 1 year old,,6, Not in universe, United-States, United-States, United-States, Native- Born in the United States,0, Not in universe,2,52,865,95,-50000
46, Self-employed-incorporated,45,2, Bachelors degree(BA AB BS), Not in universe, Married-civilian spouse present, Other professional services, Executive admin and managerial, White, All other, Male, Not in universe, Not in universe, Full-time schedules,0,0,0, Joint both under 65, Not in universe, Not in universe, Spouse of householder, Spouse of householder,1009.39,,,, Not in universe under 1 year old,,2, Not in universe, United-States, United-States, United-States, Native- Born in the United States,0, Not in universe,2,52,0,95, 50000+.
86, Not in universe,0,0, 7th and 8th grade, Not in universe, Widowed, Not in universe or children, Not in universe, White, All other, Female, Not in universe, Not in universe, Not in labor force,0,0,700, Single, Not in universe, Not in universe, Nonfamily householder, Householder,2138.7,,,, Not in universe under 1 year old,,0, Not in universe, Greece,, United-States, Native- Born in the United States,0, Not in universe,2,0,0,95,-50000
90, Not in universe,0,0, Some college but no degree, Not in universe, Widowed, Not in universe or children, Not in universe, White, All other, Male, Not in universe, Not in universe, Not in labor force,0,0,0, Single, Not in universe, Not in universe, Nonfamily householder, Householder,2354.06,,,, Not in universe under 1 year old,,0, Not in universe, United-States, United-States, United-States, Native- Born in the United States,0, Not in universe,2,0,0,95,-50000
40, Not in universe,0,0, Less than 1st grade, Not in universe, Never married, Not in universe or children, Not in universe, White, All other, Female, Not in universe, Not in universe, Children or Armed Forces,0,0,0, Nonfiler, Not in universe, Not in universe, Child 18+ never marr Not in a subfamily, Child 18 or older,2956.3, Nonmover, Nonmover, Nonmover, Yes, Not in universe,0, Not in universe, United-States, United-States, United-States, Native- Born in the United States,0, Not in universe,2,0,0,94,-50000
68, Private,42,21, Masters degree(MA MS MEng MEd MSW MBA), Not in universe, Never married, Medical except hospital, Adm support including clerical, White, All other, Female, No, Not in universe, Children or Armed Forces,6360,0,0, Single, Not in universe, Not in universe, Nonfamily householder, Householder,496.55, Nonmover, Nonmover, Nonmover, Yes, Not in universe,5, Not in universe, United-States, United-States, United-States, Native- Born in the United States,0, Not in universe,2,52,1061,94,-50000
12, Not in universe,0,0, Children, Not in universe, Never married, Not in universe or children, Not in universe, White, Mexican-American, Male, Not in universe, Not in universe, Children or Armed Forces,0,0,0, Nonfiler, Not in universe, Not in universe, Child <18 never marr not in subfamily, Child under 18 never married,1091.41,,,, Not in universe under 1 year old,,0, Mother only present, Mexico, El-Salvador, United-States, Native- Born in the United States,0, Not in universe,0,0,0,95,-50000
62, State government,42,36, 9th grade, Not in universe, Married-civilian spouse present, Medical except hospital, Machine operators assmblrs & inspctrs, White, All other, Female, No, Not in universe, Children or Armed Forces,0,0,0, Joint one under 65 & one 65+, Not in universe, Not in universe, Spouse of householder, Spouse of householder,807.06, Nonmover, Nonmover, Nonmover, Yes, Not in universe,4, Not in universe, United-States, United-States, United-States, Native- Born in the United States,0, Not in universe,2,52,560,94,-50000
47, Federal government,50,5, Bachelors degree(BA AB BS), Not in universe, Married-civilian spouse present, Public administration, Professional specialty, White, All other, Male, Not in universe, Not in universe, PT for non-econ reasons usually FT,0,0,0, Joint both under 65, Not in universe, Not in universe, Householder, Householder,219.5,,,, Not in universe under 1 year old,,6, Not in universe, United-States, United-States, United-States, Native- Born in the United States,1, Not in universe,2,52,0,95, 50000+.
31, Private,33,33, Bachelors degree(BA AB BS), Not in universe, Never married, Retail trade, Precision production craft & repair, White, All other, Male, No, Not in universe, Children or Armed Forces,0,0,0, Single, Not in universe, Not in universe, Nonfamily householder, Householder,847.14, Nonmover, Nonmover, Nonmover, Yes, Not in universe,2, Not in universe, United-States, United-States, United-States, Native- Born in the United States,0, Not in universe,2,52,975,94,-50000
15, Not in universe,0,0, 9th grade, Not in universe, Never married, Not in universe or children, Not in universe, White, All other, Male, Not in universe, Not in universe, Not in labor force,0,0,0, Nonfiler, Not in universe, Not in universe, Child <18 never marr not in subfamily, Child under 18 never married,334.29,,,, Not in universe under 1 year old,,2, Both parents present, United-States, United-States, United-States, Native- Born in the United States,0, Not in universe,2,20,0,95,-50000
50, Not in universe,0,0, High school graduate, Not in universe, Married-civilian spouse present, Not in universe or children, Not in universe, Black, All other, Female, Not in universe, Not in universe, Children or Armed Forces,0,0,0, Joint both under 65, Not in universe, Not in universe, Spouse of householder, Spouse of householder,1160.65, Nonmover, Nonmover, Nonmover, Yes, Not in universe,6, Not in universe, United-States, United-States, United-States, Native- Born in the United States,0, Not in universe,2,12,0,94,-50000
40, Private,31,14, Some college but no degree, Not in universe, Married-civilian spouse present, Utilities and sanitary services, Technicians and related support, White, All other, Male, No, Not in universe, Children or Armed Forces,0,0,0, Joint both under 65, Not in universe, Not in universe, Spouse of householder, Spouse of householder,2959.15, Nonmover, Nonmover, Nonmover, Yes, Not in universe,6, Not in universe, United-States, United-States, United-States, Native- Born in the United States,0, Not in universe,2,52,0,94,-50000
34, Private,39,2, Associates degree-academic program, Not in universe, Married-civilian spouse present, Personal services except private HH, Executive admin and managerial, White, All other, Female, No, Not in universe, Full-time schedules,0,0,0, Joint both under 65, Not in universe, Not in universe, Spouse of householder, Spouse of householder,3867.11,,,, Not in universe under 1 year old,,2, Not in universe, United-States, United-States, United-States, Native- Born in the United States,0, Not in universe,2,12,0,95,-50000
4, Not in universe,0,0, Children, Not in universe, Never married, Not in universe or children, Not in universe, White, Mexican-American, Female, Not in universe, Not in universe, Children or Armed Forces,0,0,0, Nonfiler, Not in universe, Not in universe, Child <18 never marr not in subfamily, Child under 18 never married,1172.71,,,, Not in universe under 1 year old,,0, Mother only present, United-States, United-States, United-States, Native- Born in the United States,0, Not in universe,0,0,0,95,-50000
57, Local government,41,12, Masters degree(MA MS MEng MEd MSW MBA), Not in universe, Married-civilian spouse present, Hospital services, Professional specialty, White, All other, Male, Not in universe, Not in universe, Full-time schedules,0,0,150, Joint both under 65, Not in universe, Not in universe, Householder, Householder,2874.52,,,, Not in universe under 1 year old,,6, Not in universe, United-States, United-States, United-States, Native- Born in the United States,1, Not in universe,2,52,0,95,-50000
6, Not in universe,0,0, Children, Not in universe, Never married, Not in universe or children, Not in universe, Amer Indian Aleut or Eskimo, All other, Male, Not in universe, Not in universe, Children or Armed Forces,0,0,0, Nonfiler, Not in universe, Not in universe, Child <18 never marr not in subfamily, Child under 18 never married,1125.37,,,, Not in universe under 1 year old,,0, Mother only present, Puerto-Rico, United-States, United-States, Native- Born in the United States,0, Not in universe,0,0,0,95,-50000
30, Private,25,26, Some college but no degree, Not in universe, Married-civilian spouse present, Manufacturing-nondurable goods, Adm support including clerical, White, All other, Female, Not in universe, Not in universe, Full-time schedules,0,0,0, Joint both under 65, Not in universe, Not in universe, Spouse of householder, Spouse of householder,2840.19,,,, Not in universe under 1 year old,,6, Not in universe, United-States, United-States, United-States, Native- Born in the United States,2, Not in universe,2,42,0,95,-50000
16, Private,40,26, 10th grade, High school, Never married, Entertainment, Adm support including clerical, White, All other, Male, Not in universe, Not in universe, Full-time schedules,0,0,0, Single, Not in universe, Not in universe, Child <18 never marr not in subfamily, Child under 18 never married,1480.99,,,, Not in universe under 1 year old,,1, Both parents present, United-States, United-States, United-States, Native- Born in the United States,0, Not in universe,2,52,0,95,-50000
11, Not in universe,0,0, Children, Not in universe, Never married, Not in universe or children, Not in universe, Asian or Pacific Islander, All other, Male, Not in universe, Not in universe, Children or Armed Forces,0,0,0, Nonfiler, Abroad, Abroad, Child <18 never marr not in subfamily, Child under 18 never married,1047.37, Abroad to nonMSA, Abroad, Abroad, No, No,0, Both parents present, Vietnam, Vietnam, Vietnam, Foreign born- Not a citizen of U S ,0, Not in universe,0,0,0,94,-50000
7, Not in universe,0,0, Children, Not in universe, Never married, Not in universe or children, Not in universe, White, All other, Female, Not in universe, Not in universe, Children or Armed Forces,0,0,0, Nonfiler, Not in universe, Not in universe, Child <18 never marr not in subfamily, Child under 18 never married,2313.47,,,, Not in universe under 1 year old,,0, Mother only present, United-States, United-States, United-States, Native- Born in the United States,0, Not in universe,0,0,0,95,-50000
37, Private,37,26, Bachelors degree(BA AB BS), Not in universe, Never married, Business and repair services, Adm support including clerical, Black, All other, Female, Not in universe, Other job loser, Children or Armed Forces,0,0,0, Single, Not in universe, Not in universe, Child 18+ never marr Not in a subfamily, Child 18 or older,6565.4, Nonmover, Nonmover, Nonmover, Yes, Not in universe,1, Not in universe, United-States, United-States, United-States, Native- Born in the United States,0, Not in universe,2,26,0,94,-50000
35, Private,29,26, Associates degree-academic program, Not in universe, Never married, Transportation, Adm support including clerical, White, All other, Female, Yes, Not in universe, Children or Armed Forces,14344,0,0, Single, Not in universe, Not in universe, Nonfamily householder, Householder,2520.1, Nonmover, Nonmover, Nonmover, Yes, Not in universe,6, Not in universe, United-States, United-States, United-States, Native- Born in the United States,0, Not in universe,2,52,1625,94,-50000
0, Not in universe,0,0, Children, Not in universe, Never married, Not in universe or children, Not in universe, White, All other, Female, Not in universe, Not in universe, Children or Armed Forces,0,0,0, Nonfiler, Not in universe, Not in universe, Grandchild <18 never marr child of subfamily RP, Other relative of householder,3784.62,,,, Not in universe under 1 year old,,0, Mother only present, United-States, United-States, United-States, Native- Born in the United States,0, Not in universe,0,0,0,95,-50000
63, Not in universe,0,0, Some college but no degree, Not in universe, Married-civilian spouse present, Not in universe or children, Not in universe, White, All other, Female, Not in universe, Not in universe, Not in labor force,0,0,0, Joint one under 65 & one 65+, Not in universe, Not in universe, Spouse of householder, Spouse of householder,1751.61,,,, Not in universe under 1 year old,,0, Not in universe, Poland, Poland, United-States, Native- Born in the United States,0, Not in universe,2,0,0,95,-50000
25, Not in universe,0,0, 10th grade, Not in universe, Married-civilian spouse present, Not in universe or children, Not in universe, Amer Indian Aleut or Eskimo, All other, Female, Not in universe, Not in universe, Children or Armed Forces,0,0,0, Joint both under 65, South, Florida, Spouse of householder, Spouse of householder,579.21, MSA to MSA, Same county, Same county, No, Yes,6, Not in universe, United-States, United-States, United-States, Native- Born in the United States,1, Not in universe,2,3,0,94,-50000
25, Not in universe,0,0, High school graduate, Not in universe, Married-civilian spouse present, Not in universe or children, Not in universe, White, All other, Female, Not in universe, Not in universe, Not in labor force,0,0,0, Joint both under 65, Not in universe, Not in universe, Spouse of householder, Spouse of householder,1523.8,,,, Not in universe under 1 year old,,3, Not in universe, United-States, United-States, United-States, Native- Born in the United States,0, Not in universe,2,46,0,95,-50000
52, Private,33,31, High school graduate, Not in universe, Married-civilian spouse present, Retail trade, Other service, White, All other, Female, Not in universe, Not in universe, Full-time schedules,0,0,0, Joint both under 65, Not in universe, Not in universe, Spouse of householder, Spouse of householder,1342.92,,,, Not in universe under 1 year old,,1, Not in universe, United-States, United-States, United-States, Native- Born in the United States,0, Not in universe,2,52,0,95,-50000
37, Not in universe,0,0, Bachelors degree(BA AB BS), Not in universe, Divorced, Not in universe or children, Not in universe, White, All other, Female, Not in universe, Not in universe, Not in labor force,0,0,0, Head of household, Not in universe, Not in universe, RP of unrelated subfamily, Nonrelative of householder,189.59,,,, Not in universe under 1 year old,,0, Not in universe, United-States, United-States, United-States, Native- Born in the United States,0, Not in universe,2,0,0,95,-50000
38, Private,35,26, Some college but no degree, Not in universe, Divorced, Finance insurance and real estate, Adm support including clerical, White, All other, Male, Not in universe, Not in universe, Children or Armed Forces,0,0,0, Single, Midwest, Ohio, Child 18+ ever marr Not in a subfamily, Child 18 or older,401.81, MSA to MSA, Same county, Same county, No, No,6, Not in universe, United-States, United-States, United-States, Native- Born in the United States,0, Not in universe,2,52,0,94,-50000
30, Local government,41,31, High school graduate, Not in universe, Married-civilian spouse present, Hospital services, Other service, White, All other, Male, Not in universe, Not in universe, Children or Armed Forces,0,0,0, Joint both under 65, South, Maine, Householder, Householder,3126.34, NonMSA to nonMSA, Same county, Same county, No, Yes,4, Not in universe, United-States, United-States, United-States, Native- Born in the United States,0, Not in universe,2,30,0,94,-50000
6, Not in universe,0,0, Children, Not in universe, Never married, Not in universe or children, Not in universe, White, All other, Male, Not in universe, Not in universe, Children or Armed Forces,0,0,0, Nonfiler, Not in universe, Not in universe, Child <18 never marr not in subfamily, Child under 18 never married,1396.86, Nonmover, Nonmover, Nonmover, Yes, Not in universe,0, Both parents present, United-States, United-States, United-States, Native- Born in the United States,0, Not in universe,0,0,0,94,-50000
1, Not in universe,0,0, Children, Not in universe, Never married, Not in universe or children, Not in universe, White, Central or South American, Male, Not in universe, Not in universe, Children or Armed Forces,0,0,0, Nonfiler, Not in universe, Not in universe, Child <18 never marr not in subfamily, Child under 18 never married,1743.8,,,, Not in universe under 1 year old,,0, Both parents present, Mexico, Mexico, United-States, Native- Born in the United States,0, Not in universe,0,0,0,95,-50000
75, Not in universe,0,0, Bachelors degree(BA AB BS), Not in universe, Married-civilian spouse present, Not in universe or children, Not in universe, White, All other, Male, Not in universe, Not in universe, Not in labor force,0,0,8500, Joint both 65+, Not in universe, Not in universe, Householder, Householder,1699.4,,,, Not in universe under 1 year old,,0, Not in universe, United-States, United-States, United-States, Native- Born in the United States,0, Not in universe,2,0,0,95,-50000
55, Private,37,35, High school graduate, Not in universe, Married-civilian spouse present, Business and repair services, Precision production craft & repair, White, All other, Female, Not in universe, Not in universe, Full-time schedules,0,0,0, Joint both under 65, Not in universe, Not in universe, Spouse of householder, Spouse of householder,1501.56,,,, Not in universe under 1 year old,,4, Not in universe, United-States, United-States, United-States, Native- Born in the United States,2, Not in universe,2,41,0,95,-50000
24, Self-employed-not incorporated,4,34, Associates degree-occup /vocational, Not in universe, Never married, Construction, Precision production craft & repair, White, All other, Male, Not in universe, Not in universe, Full-time schedules,0,0,0, Single, Not in universe, Not in universe, Secondary individual, Nonrelative of householder,2255.29,,,, Not in universe under 1 year old,,6, Not in universe, United-States, United-States, United-States, Native- Born in the United States,2, Not in universe,2,51,0,95,-50000
90, Not in universe,0,0, High school graduate, Not in universe, Widowed, Not in universe or children, Not in universe, White, All other, Female, Not in universe, Not in universe, Children or Armed Forces,0,0,0, Nonfiler, Not in universe, Not in universe, Nonfamily householder, Householder,3254.38, Nonmover, Nonmover, Nonmover, Yes, Not in universe,0, Not in universe, United-States, United-States, United-States, Native- Born in the United States,0, Not in universe,2,0,0,94,-50000
65, Not in universe,0,0, Some college but no degree, Not in universe, Married-civilian spouse present, Not in universe or children, Not in universe, White, All other, Male, Not in universe, Not in universe, Not in labor force,0,0,0, Nonfiler, Not in universe, Not in universe, Householder, Householder,1428.41,,,, Not in universe under 1 year old,,0, Not in universe, Trinadad&Tobago, Trinadad&Tobago, Trinadad&Tobago, Foreign born- U S citizen by naturalization,0, Not in universe,2,0,0,95,-50000
17, Private,33,29, 9th grade, High school, Never married, Retail trade, Other service, White, All other, Female, Not in universe, Re-entrant, Unemployed part- time,0,0,0, Nonfiler, Not in universe, Not in universe, Child <18 never marr not in subfamily, Child under 18 never married,970.89,,,, Not in universe under 1 year old,,0, Mother only present, United-States, United-States, United-States, Native- Born in the United States,0, Not in universe,2,0,0,95,-50000
10, Not in universe,0,0, Children, Not in universe, Never married, Not in universe or children, Not in universe, White, All other, Male, Not in universe, Not in universe, Children or Armed Forces,0,0,0, Nonfiler, Not in universe, Not in universe, Child <18 never marr not in subfamily, Child under 18 never married,460.07, Nonmover, Nonmover, Nonmover, Yes, Not in universe,0, Both parents present, United-States, United-States, United-States, Native- Born in the United States,0, Not in universe,0,0,0,94,-50000
7, Not in universe,0,0, Children, Not in universe, Never married, Not in universe or children, Not in universe, White, All other, Male, Not in universe, Not in universe, Children or Armed Forces,0,0,0, Nonfiler, Not in universe, Not in universe, Child <18 never marr not in subfamily, Child under 18 never married,1973.11,,,, Not in universe under 1 year old,,0, Both parents present, United-States, United-States, United-States, Native- Born in the United States,0, Not in universe,0,0,0,95,-50000
40, Federal government,50,15, Some college but no degree, Not in universe, Married-civilian spouse present, Public administration, Technicians and related support, White, All other, Male, Not in universe, Not in universe, Children or Armed Forces,0,0,0, Joint both under 65, Not in universe, Not in universe, Householder, Householder,713.92, Nonmover, Nonmover, Nonmover, Yes, Not in universe,3, Not in universe, United-States, United-States, United-States, Native- Born in the United States,0, Not in universe,2,52,0,94, 50000+.
12, Not in universe,0,0, Children, Not in universe, Never married, Not in universe or children, Not in universe, White, All other, Male, Not in universe, Not in universe, Children or Armed Forces,0,0,0, Nonfiler, Not in universe, Not in universe, Child <18 never marr not in subfamily, Child under 18 never married,2526.23, Nonmover, Nonmover, Nonmover, Yes, Not in universe,0, Both parents present, United-States, United-States, United-States, Native- Born in the United States,0, Not in universe,0,0,0,94,-50000
39, Private,42,13, High school graduate, Not in universe, Married-civilian spouse present, Medical except hospital, Technicians and related support, White, Mexican-American, Female, No, Not in universe, Full-time schedules,0,0,0, Joint both under 65, Not in universe, Not in universe, Spouse of householder, Spouse of householder,914.63,,,, Not in universe under 1 year old,,2, Not in universe, United-States, United-States, United-States, Native- Born in the United States,0, Not in universe,2,16,650,95,-50000
79, Not in universe,0,0, 5th or 6th grade, Not in universe, Widowed, Not in universe or children, Not in universe, Black, All other, Female, Not in universe, Not in universe, Children or Armed Forces,0,0,0, Nonfiler, Not in universe, Not in universe, Nonfamily householder, Householder,1840.01, Nonmover, Nonmover, Nonmover, Yes, Not in universe,0, Not in universe, United-States, United-States, United-States, Native- Born in the United States,0, Not in universe,2,0,0,94,-50000
