age,workclass,fnlwgt,education,education-num,marital-status,occupation,relationship,race,sex,capital-gain,capital-loss,hours-per-week,native-country,income
23,Private,33423,HS-grad,9,Never-married,Sales,Not-in-family,White,Female,0,0,23,United-States,<=50K
30,Private,198270,Some-college,12,Divorced,Prof-specialty,Not-in-family,White,Female,0,0,40,United-States,<=50K
19,Private,214236,Some-college,10,Never-married,Adm-clerical,Not-in-family,White,Male,0,0,40,Vietnam,<=50K.
46,Private,149949,7th-8th,4,Married-civ-spouse,Transport-moving,Husband,White,Male,0,0,40,United-States,<=50K
38,Private,249409,Doctorate,14,Married-civ-spouse,Prof-specialty,Husband,Black,Male,0,0,35,China,<=50K.
52,Private,254146,HS-grad,9,Married-civ-spouse,Craft-repair,Husband,White,Male,0,0,50,United-States,>50K
35,Private,186720,Bachelors,13,Never-married,Other-service,Own-child,White,Female,0,0,40,United-States,<=50K
19,Private,286560,Some-college,10,Never-married,Adm-clerical,Own-child,White,Female,594,0,20,United-States,<=50K
22,Local-gov,44064,11th,11,Never-married,Handlers-cleaners,Own-child,White,Male,0,0,35,United-States,<=50K
32,State-gov,93415,HS-grad,9,Widowed,Adm-clerical,Unmarried,Asian-Pac-Islander,Male,2407,0,40,United-States,<=50K
38,Private,289653,Bachelors,13,Divorced,Sales,Unmarried,White,Male,0,0,45,United-States,<=50K
40,Private,214236,5th-6th,3,Married-civ-spouse,Transport-moving,Husband,White,Male,0,0,40,United-States,<=50K
34,Private,15140,Some-college,10,Divorced,Adm-clerical,Own-child,White,Male,0,0,40,United-States,<=50K
41,Private,99374,10th,6,Never-married,Transport-moving,Husband,White,Male,0,0,50,United-States,<=50K
22,Private,190137,10th,9,Never-married,Sales,Own-child,White,Female,0,0,40,United-States,<=50K
23,Private,423594,11th,11,Married-civ-spouse,Craft-repair,Husband,White,Male,0,0,15,United-States,<=50K
84,Private,279461,Some-college,13,Married-civ-spouse,Farming-fishing,Husband,White,Male,0,0,20,United-States,>50K
47,State-gov,4106,Doctorate,16,Separated,Exec-managerial,Own-child,Asian-Pac-Islander,Male,0,0,40,United-States,<=50K.
22,Private,195212,Bachelors,13,Married-civ-spouse,Exec-managerial,Wife,Black,Female,0,0,40,United-States,<=50K
41,Private,171351,Bachelors,10,Married-civ-spouse,Prof-specialty,Husband,White,Male,15024,0,40,Puerto-Rico,>50K.
31,Private,238816,HS-grad,9,Married-civ-spouse,Transport-moving,Husband,White,Male,0,0,65,United-States,<=50K
22,Federal-gov,294466,Bachelors,13,Divorced,Prof-specialty,Not-in-family,Black,Male,0,0,40,United-States,<=50K
38,Private,214236,HS-grad,9,Never-married,Handlers-cleaners,Not-in-family,White,Female,0,2042,40,United-States,<=50K.
22,Private,275691,11th,7,Never-married,Transport-moving,Own-child,White,Male,0,0,40,United-States,<=50K
30,Self-emp-not-inc,108933,HS-grad,12,Married-civ-spouse,Craft-repair,Husband,White,Male,0,0,40,United-States,>50K
57,Private,178154,10th,6,Widowed,Transport-moving,Not-in-family,White,Male,0,0,40,United-States,<=50K
53,Private,29658,HS-grad,9,Married-civ-spouse,Craft-repair,Husband,White,Male,0,0,65,United-States,<=50K.
56,Private,1g26z4,Some-college,10,Married-civ-spouse,Craft-repair,Husband,White,Male,0,0,34,United-States,<=50K.
33,Local-gov,175509,HS-grad,9,Married-civ-spouse,Protective-serv,Wife,White,Female,0,0,40,United-States,<=50K
36,Private,259363,HS-grad,9,Separated,Craft-repair,Unmarried,White,Female,0,0,40,United-States,<=50K
60,Private,99200,HS-grad,9,Divorced,Other-service,Not-in-family,Black,Female,0,0,40,United-States,<=50K.
32,Private,178449,HS-grad,13,Married-civ-spouse,Tech-support,Not-in-family,White,Male,15024,0,50,United-States,<=50K.
24,Private,259363,HS-grad,9,Married-civ-spouse,Craft-repair,Own-child,White,Male,0,0,50,United-States,<=50K
38,Private,49231,HS-grad,11,Married-civ-spouse,Transport-moving,Husband,White,Female,0,0,36,United-States,<=50K
32,Self-emp-inc,343872,Some-college,10,Married-civ-spouse,Transport-moving,Husband,White,Male,0,0,40,Haiti,<=50K
28,Private,311288,Bachelors,7,Married-civ-spouse,Exec-managerial,Own-child,White,Female,0,0,50,United-States,<=50K.
25,Private,126094,Assoc-acdm,9,Married-civ-spouse,Handlers-cleaners,Own-child,White,Male,0,0,40,United-States,<=50K
37,Private,568490,HS-grad,9,Married-civ-spouse,Sales,Husband,White,Male,0,0,60,United-States,<=50K
36,Private,143123,HS-grad,13,Married-civ-spouse,Transport-moving,Husband,White,Male,0,0,40,United-States,>50K.
25,Private,222853,Some-college,10,Never-married,Craft-repair,Unmarried,White,Male,0,0,40,United-States,<=50K
25,Private,99146,HS-grad,9,Married-civ-spouse,Craft-repair,Husband,White,Male,0,0,40,United-States,<=50K
28,Private,192257,Some-college,10,Never-married,Handlers-cleaners,Own-child,White,Male,0,0,5,United-States,<=50K
21,Private,278254,HS-grad,9,Married-civ-spouse,Transport-moving,Husband,White,Male,0,0,40,United-States,<=50K
27,Private,99146,HS-grad,9,Never-married,Transport-moving,Own-child,White,Female,0,0,40,United-States,<=50K
50,Private,279461,Some-college,10,Never-married,Other-service,Own-child,White,Female,0,0,40,United-States,<=50K.
23,Private,257509,Some-college,10,Never-married,Sales,Not-in-family,White,Male,0,0,35,United-States,<=50K
19,Private,82049,HS-grad,10,Married-civ-spouse,Craft-repair,Own-child,White,Female,594,0,20,United-States,>50K
49,Private,32184,HS-grad,9,Married-civ-spouse,Sales,Husband,White,Female,0,0,40,United-States,<=50K.
20,Private,25139,Some-college,10,Never-married,Adm-clerical,Own-child,White,Female,0,0,40,United-States,<=50K
20,Private,230824,HS-grad,9,Never-married,Handlers-cleaners,Own-child,White,Male,0,0,40,United-States,>50K
30,Private,36820,Bachelors,13,Never-married,Prof-specialty,Not-in-family,White,Male,0,0,45,United-States,>50K
33,Private,96635,Some-college,10,Never-married,Sales,Husband,White,Male,0,0,40,United-States,<=50K.
79,Private,124744,Some-college,10,Married-civ-spouse,Prof-specialty,Husband,White,Male,0,0,48,United-States,<=50K
24,Private,154165,9th,9,Divorced,Exec-managerial,Not-in-family,White,Male,0,0,24,United-States,<=50K
33,State-gov,212143,Some-college,10,Married-civ-spouse,Adm-clerical,Not-in-family,Asian-Pac-Islander,Female,0,0,20,South,>50K
32,Private,65624,HS-grad,9,Married-civ-spouse,Prof-specialty,Not-in-family,White,Male,2407,0,40,United-States,<=50K.
54,Private,279452,HS-grad,9,Married-civ-spouse,Farming-fishing,Husband,White,Male,0,0,50,United-States,<=50K
34,Private,28551,HS-grad,12,Married-civ-spouse,Handlers-cleaners,Husband,White,Male,7688,0,40,United-States,>50K
61,Private,97030,HS-grad,9,Never-married,Other-service,Not-in-family,White,Female,0,0,40,United-States,<=50K
35,Private,152909,Some-college,13,Widowed,Sales,Unmarried,White,Female,0,0,45,United-States,>50K
39,Self-emp-not-inc,126569,Some-college,15,Married-civ-spouse,Prof-specialty,Husband,White,Male,0,0,60,United-States,>50K
09,Private,000000,Some-college,11,Married-civ-spouse,Craft-repair,Husband,White,Male,0,0,40,United-States,<=50K
26,Private,99146,HS-grad,9,Never-married,Transport-moving,Husband,White,Male,0,0,50,United-States,<=50K
57,Self-emp-inc,146103,Some-college,10,Never-married,Sales,Husband,White,Male,0,0,26,South,>50K
34,Private,156745,Some-college,10,Married-civ-spouse,Transport-moving,Husband,Amer-Indian-Eskimo,Male,0,0,45,Mexico,<=50K
27,Private,236246,Assoc-acdm,10,Married-civ-spouse,Exec-managerial,Own-child,White,Male,0,0,35,United-States,<=50K
03,Private,161309,Some-college,12,Married-civ-spouse,Sales,Husband,White,Male,15,0,40,United-States,<=50K
35,Private,214236,Some-college,10,Divorced,Exec-managerial,Not-in-family,White,Female,0,0,40,United-States,<=50K
33,Private,134566,Doctorate,10,Never-married,Sales,Not-in-family,Asian-Pac-Islander,Male,0,0,26,United-States,>50K
90,Private,141758,9th,5,Never-married,Other-service,Not-in-family,White,Female,0,0,40,United-States,<=50K
63,State-gov,51744,HS-grad,9,Never-married,Protective-serv,Not-in-family,Black,Male,0,2206,40,United-States,<=50K
42,Private,204729,Some-college,12,Separated,Transport-moving,Unmarried,Black,Female,0,0,25,United-States,<=50K
45,Private,99146,12th,12,Married-civ-spouse,Craft-repair,Husband,White,Male,0,0,40,United-States,<=50K
41,Private,174395,Masters,14,Married-civ-spouse,Exec-managerial,Husband,White,Male,0,0,40,United-States,>50K
31,Private,259363,HS-grad,9,Married-civ-spouse,Craft-repair,Husband,White,Male,0,0,50,United-States,<=50K
55,Private,97197,Some-college,10,Divorced,Sales,Not-in-family,White,Female,0,0,35,United-States,<=50K.
62,State-gov,99146,Bachelors,11,Married-civ-spouse,Transport-moving,Husband,White,Male,0,0,45,United-States,<=50K
35,Private,152909,HS-grad,13,Married-civ-spouse,Exec-managerial,Not-in-family,White,Male,0,0,39,United-States,>50K
00,Private,000000,7th-8th,4,Divorced,Other-service,Not-in-family,White,Male,0,0,04,United-States,<=50K
41,Private,32627,HS-grad,9,Divorced,Machine-op-inspct,Not-in-family,Black,Male,0,0,50,United-States,<=50K.
26,Private,249409,Masters,14,Never-married,Prof-specialty,Husband,White,Female,0,0,35,United-States,<=50K.
29,Private,186934,HS-grad,12,Married-civ-spouse,Craft-repair,Husband,White,Male,0,0,40,United-States,<=50K
52,Private,176240,Bachelors,13,Married-civ-spouse,Adm-clerical,Wife,White,Female,0,0,40,United-States,>50K
23,Private,257509,Some-college,10,Never-married,Craft-repair,Not-in-family,White,Male,0,0,40,United-States,<=50K.
23,Private,214236,HS-grad,9,Never-married,Adm-clerical,Not-in-family,White,Female,0,0,40,United-States,<=50K.
52,Self-emp-not-inc,344624,HS-grad,9,Never-married,Prof-specialty,Not-in-family,White,Male,0,0,40,United-States,>50K.
25,Private,99146,HS-grad,9,Never-married,Adm-clerical,Not-in-family,White,Male,0,0,50,United-States,<=50K
34,Private,386370,Some-college,10,Married-civ-spouse,Handlers-cleaners,Husband,White,Male,0,0,40,United-States,<=50K
34,Private,261023,Bachelors,13,Married-civ-spouse,Exec-managerial,Husband,White,Male,0,0,38,United-States,<=50K
36,Self-emp-inc,82488,Bachelors,13,Married-civ-spouse,Exec-managerial,Wife,Asian-Pac-Islander,Female,7298,0,40,Philippines,>50K.
32,Local-gov,16800,Some-college,12,Divorced,Exec-managerial,Not-in-family,White,Female,0,0,40,United-States,<=50K
49,Private,259363,HS-grad,9,Married-civ-spouse,Farming-fishing,Husband,White,Male,0,0,50,United-States,<=50K
25,Private,12654,Some-college,10,Never-married,Sales,Not-in-family,White,Female,0,0,40,United-States,<=50K.
20,State-gov,199915,HS-grad,9,Never-married,Adm-clerical,Own-child,White,Female,0,0,21,United-States,<=50K.
41,Private,121468,Bachelors,13,Married-civ-spouse,Exec-managerial,Wife,Asian-Pac-Islander,Female,0,0,40,Philippines,<=50K
54,Private,188136,Bachelors,13,Divorced,Sales,Not-in-family,White,Female,0,1408,40,United-States,<=50K
25,Private,190137,HS-grad,13,Married-civ-spouse,Transport-moving,Husband,White,Male,0,0,40,United-States,<=50K
02,Private,68678,HS-grad,12,Married-civ-spouse,Other-service,Husband,Black,Male,0,0,40,United-States,<=50K
33,Private,217235,HS-grad,9,Married-civ-spouse,Exec-managerial,Husband,White,Male,0,0,20,United-States,<=50K
33,Private,46743,Some-college,9,Married-civ-spouse,Prof-specialty,Wife,White,Female,0,0,40,Columbia,<=50K.
43,Private,249409,Assoc-voc,11,Never-married,Tech-support,Not-in-family,Black,Male,0,0,40,United-States,<=50K.
36,Private,89508,Some-college,10,Divorced,Prof-specialty,Husband,White,Male,0,0,40,United-States,>50K
29,Private,17630,Some-college,10,Divorced,Tech-support,Not-in-family,White,Male,14344,0,40,United-States,>50K
39,Private,199816,HS-grad,9,Married-civ-spouse,Other-service,Not-in-family,White,Male,0,0,30,United-States,<=50K
52,Private,35032,HS-grad,9,Married-civ-spouse,Craft-repair,Husband,White,Male,0,0,40,United-States,>50K
50,Private,69477,10th,6,Married-civ-spouse,Farming-fishing,Husband,White,Male,0,0,50,United-States,<=50K.
20,Private,142519,HS-grad,10,Never-married,Handlers-cleaners,Own-child,White,Female,0,0,40,United-States,<=50K
44,Private,721161,HS-grad,9,Married-civ-spouse,Transport-moving,Not-in-family,White,Male,0,0,40,United-States,<=50K
18,Private,134935,HS-grad,8,Never-married,Protective-serv,Own-child,White,Male,0,0,40,United-States,<=50K
19,Private,130389,Some-college,10,Never-married,Adm-clerical,Own-child,White,Female,594,0,20,Scotland,<=50K
63,Private,298699,Assoc-acdm,13,Married-civ-spouse,Exec-managerial,Husband,White,Male,0,0,40,United-States,>50K.
17,Private,249409,Masters,7,Never-married,Prof-specialty,Husband,Black,Male,0,0,35,United-States,<=50K.
39,Private,199816,HS-grad,9,Married-civ-spouse,Transport-moving,Husband,White,Male,0,0,40,United-States,>50K.
21,State-gov,104509,HS-grad,9,Divorced,Other-service,Not-in-family,White,Male,0,0,40,United-States,<=50K
33,Private,278736,Some-college,10,Married-civ-spouse,Craft-repair,Husband,White,Male,594,0,40,Mexico,<=50K
56,Self-emp-inc,76534,Some-college,10,Married-civ-spouse,Exec-managerial,Husband,Asian-Pac-Islander,Male,0,0,21,United-States,<=50K
17,Self-emp-inc,181608,Some-college,6,Never-married,Sales,Own-child,White,Male,0,0,12,United-States,<=50K
32,Private,178449,HS-grad,10,Never-married,Craft-repair,Not-in-family,White,Male,0,0,30,United-States,<=50K.
31,Private,25216,Bachelors,10,Divorced,Sales,Unmarried,White,Female,0,0,40,United-States,<=50K
20,Private,181370,HS-grad,10,Never-married,Other-service,Own-child,White,Male,0,0,40,United-States,<=50K
40,Private,325596,HS-grad,10,Never-married,Sales,Not-in-family,White,Male,4064,0,40,United-States,<=50K.
41,Private,161880,HS-grad,9,Separated,Machine-op-inspct,Not-in-family,Black,Male,0,0,50,United-States,<=50K
58,Private,215190,11th,10,Married-civ-spouse,Other-service,Husband,White,Male,0,0,20,United-States,<=50K
39,Self-emp-not-inc,169542,Some-college,10,Married-civ-spouse,Craft-repair,Husband,White,Male,5178,0,40,United-States,>50K.
43,Private,152569,Assoc-voc,11,Widowed,Exec-managerial,Not-in-family,White,Female,0,2339,40,United-States,<=50K
20,Private,164441,HS-grad,13,Never-married,Other-service,Own-child,Black,Male,0,0,40,United-States,<=50K
02,Private,478315,Bachelors,13,Never-married,Prof-specialty,Own-child,Black,Female,0,0,40,United-States,<=50K
64,Private,104973,HS-grad,9,Married-civ-spouse,Adm-clerical,Husband,White,Male,0,0,40,United-States,>50K.
62,Private,190273,HS-grad,12,Widowed,Protective-serv,Not-in-family,White,Female,0,0,40,United-States,<=50K.
52,Self-emp-not-inc,73134,Bachelors,13,Married-civ-spouse,Sales,Husband,White,Male,0,0,40,United-States,>50K
33,Private,121468,Bachelors,13,Married-civ-spouse,Exec-managerial,Husband,Asian-Pac-Islander,Male,0,0,55,United-States,<=50K
30,Private,360814,9th,5,Divorced,Craft-repair,Not-in-family,White,Male,0,0,40,United-States,<=50K
33,Private,324568,11th,10,Married-civ-spouse,Transport-moving,Husband,White,Male,0,0,40,United-States,<=50K
37,Private,188571,10th,6,Never-married,Transport-moving,Not-in-family,White,Male,0,0,40,United-States,<=50K
64,Private,205479,Bachelors,13,Married-civ-spouse,Prof-specialty,Husband,White,Male,0,0,50,United-States,>50K
52,Private,103634,HS-grad,9,Married-civ-spouse,Craft-repair,Not-in-family,White,Male,0,0,38,United-States,>50K
30,Private,28273,HS-grad,9,Married-civ-spouse,Craft-repair,Husband,White,Male,0,0,40,Mexico,<=50K.
08,Private,16650,HS-grad,12,Married-civ-spouse,Machine-op-inspct,Husband,White,Male,0,0,40,United-States,<=50K
34,Private,221603,Some-college,10,Widowed,Sales,Not-in-family,White,Female,0,0,34,United-States,<=50K
57,Private,249409,Masters,3,Married-civ-spouse,Transport-moving,Husband,Black,Male,0,0,35,United-States,<=50K
54,Private,181165,HS-grad,9,Divorced,Other-service,Not-in-family,White,Female,0,0,40,United-States,<=50K
52,Private,377701,HS-grad,9,Married-civ-spouse,Craft-repair,Husband,White,Male,0,0,32,Mexico,>50K
23,Private,326936,HS-grad,9,Married-civ-spouse,Sales,Not-in-family,White,Female,0,0,40,United-States,<=50K.
22,Private,190137,HS-grad,9,Never-married,Sales,Own-child,White,Female,0,0,24,United-States,<=50K
40,Private,235786,Some-college,10,Married-civ-spouse,Craft-repair,Husband,White,Male,0,0,44,United-States,>50K
62,Private,28000,Masters,14,Married-civ-spouse,Exec-managerial,Husband,White,Male,0,0,48,United-States,>50K
21,State-gov,206354,HS-grad,9,Never-married,Adm-clerical,Unmarried,Black,Female,0,0,35,United-States,<=50K
35,Private,244500,11th,11,Divorced,Other-service,Not-in-family,Black,Male,0,0,40,United-States,<=50K
77,Private,133126,Some-college,10,Never-married,Craft-repair,Not-in-family,White,Female,0,0,40,United-States,<=50K
20,Private,104052,HS-grad,9,Never-married,Adm-clerical,Not-in-family,White,Female,0,1741,42,United-States,<=50K
30,Private,238192,HS-grad,9,Married-civ-spouse,Tech-support,Husband,White,Male,0,1887,40,United-States,>50K
35,Private,152909,Bachelors,13,Married-civ-spouse,Exec-managerial,Husband,White,Male,0,0,45,United-States,>50K
34,Private,386370,Some-college,10,Married-civ-spouse,Sales,Own-child,White,Male,0,0,35,United-States,<=50K
41,Private,190823,Bachelors,10,Married-civ-spouse,Prof-specialty,Own-child,White,Male,0,0,50,United-States,<=50K
28,Private,386370,Some-college,13,Married-civ-spouse,Adm-clerical,Husband,White,Male,0,0,55,United-States,<=50K
52,Private,182757,HS-grad,9,Married-civ-spouse,Craft-repair,Husband,White,Male,0,0,40,United-States,>50K
02,Private,193701,HS-grad,9,Never-married,Craft-repair,Own-child,White,Female,0,0,45,United-States,<=50K
35,Private,214236,Assoc-acdm,12,Never-married,Adm-clerical,Unmarried,White,Female,0,0,40,United-States,<=50K.
32,Private,33975,Bachelors,9,Married-civ-spouse,Tech-support,Husband,White,Male,2407,0,45,United-States,<=50K
45,Self-emp-not-inc,305474,10th,10,Married-civ-spouse,Craft-repair,Husband,White,Male,0,0,40,United-States,<=50K.
30,Private,415266,HS-grad,9,Married-civ-spouse,Transport-moving,Husband,White,Male,0,0,40,United-States,<=50K
09,Federal-gov,075000,HS-grad,12,Married-civ-spouse,Craft-repair,Husband,White,Male,0,0,50,United-States,>50K.
47,Private,386370,Some-college,13,Married-civ-spouse,Farming-fishing,Husband,White,Male,0,0,60,United-States,<=50K
49,Private,99179,11th,12,Married-civ-spouse,Sales,Unmarried,White,Female,0,0,40,United-States,>50K
32,Private,163530,HS-grad,9,Divorced,Other-service,Unmarried,White,Female,0,0,40,United-States,<=50K
22,Private,259363,HS-grad,9,Married-civ-spouse,Craft-repair,Own-child,White,Male,0,0,50,United-States,>50K
50,Local-gov,141637,Masters,9,Married-civ-spouse,Transport-moving,Husband,White,Male,0,0,40,United-States,>50K
36,Private,152307,HS-grad,9,Married-civ-spouse,Tech-support,Husband,White,Male,7298,0,55,United-States,>50K.
30,Private,80927,Some-college,4,Married-civ-spouse,Transport-moving,Husband,White,Male,0,0,40,United-States,>50K
34,Private,107302,Masters,14,Married-civ-spouse,Sales,Husband,White,Male,0,0,40,United-States,<=50K
19,Private,152909,10th,13,Married-civ-spouse,Handlers-cleaners,Own-child,White,Male,0,0,45,United-States,>50K
40,Private,91000,HS-grad,9,Divorced,Craft-repair,Not-in-family,White,Male,0,0,45,United-States,<=50K
63,Private,277471,Assoc-voc,11,Married-civ-spouse,Exec-managerial,Husband,White,Male,0,0,40,United-States,>50K.
56,Private,99146,HS-grad,9,Married-civ-spouse,Transport-moving,Husband,White,Male,0,0,65,United-States,<=50K.
22,Private,172893,Some-college,10,Never-married,Exec-managerial,Own-child,White,Female,0,0,40,United-States,<=50K
23,Private,181165,HS-grad,9,Divorced,Sales,Not-in-family,White,Female,0,0,40,United-States,<=50K.
50,Private,279461,Bachelors,13,Married-civ-spouse,Sales,Husband,White,Male,0,0,90,United-States,>50K
33,Private,144778,HS-grad,9,Married-civ-spouse,Craft-repair,Husband,White,Male,0,0,50,United-States,<=50K
27,Private,249409,Masters,10,Married-civ-spouse,Adm-clerical,Husband,Black,Female,0,0,35,United-States,<=50K.
22,Private,190137,HS-grad,9,Divorced,Transport-moving,Other-relative,White,Male,0,0,60,United-States,<=50K.
34,Self-emp-not-inc,245487,HS-grad,9,Married-civ-spouse,Transport-moving,Husband,White,Male,0,0,40,Mexico,>50K
36,Private,240810,12th,13,Never-married,Craft-repair,Own-child,White,Male,0,0,40,United-States,<=50K
23,Private,214236,HS-grad,9,Never-married,Adm-clerical,Not-in-family,White,Female,0,0,30,United-States,<=50K
43,Private,99146,HS-grad,9,Married-civ-spouse,Farming-fishing,Husband,White,Male,0,0,70,Mexico,<=50K.
23,Private,114357,HS-grad,10,Divorced,Craft-repair,Not-in-family,White,Male,0,0,45,United-States,<=50K
33,Private,99146,HS-grad,9,Married-civ-spouse,Transport-moving,Husband,White,Male,0,0,40,Columbia,<=50K.
53,Private,99146,HS-grad,9,Married-civ-spouse,Adm-clerical,Husband,White,Male,0,0,40,United-States,>50K
22,Private,190137,HS-grad,10,Never-married,Farming-fishing,Own-child,White,Male,0,0,40,United-States,<=50K.
34,Private,386370,Some-college,9,Married-civ-spouse,Adm-clerical,Husband,White,Male,0,0,35,United-States,<=50K
18,Local-gov,283342,10th,6,Never-married,Craft-repair,Not-in-family,Black,Male,0,0,40,United-States,<=50K.
34,Private,245487,HS-grad,4,Married-civ-spouse,Transport-moving,Not-in-family,Amer-Indian-Eskimo,Male,0,0,45,Mexico,<=50K
20,Private,95918,9th,5,Never-married,Transport-moving,Own-child,White,Male,0,0,40,United-States,<=50K
65,Private,143554,Some-college,10,Separated,Adm-clerical,Not-in-family,White,Female,0,0,38,United-States,<=50K
34,Private,259363,HS-grad,9,Married-civ-spouse,Craft-repair,Not-in-family,White,Male,0,0,40,United-States,>50K
38,Private,279461,Some-college,9,Never-married,Other-service,Husband,White,Male,114,0,40,United-States,>50K
34,Private,259363,HS-grad,9,Married-civ-spouse,Handlers-cleaners,Husband,White,Male,0,0,50,United-States,<=50K.
20,Private,266467,HS-grad,9,Married-civ-spouse,Craft-repair,Husband,White,Male,0,0,40,United-States,<=50K
41,State-gov,137613,Bachelors,14,Married-civ-spouse,Prof-specialty,Husband,Asian-Pac-Islander,Male,0,0,20,Taiwan,<=50K
39,Private,318918,Bachelors,5,Never-married,Exec-managerial,Other-relative,White,Male,0,0,39,Mexico,<=50K
24,Private,382499,9th,9,Divorced,Other-service,Unmarried,White,Female,0,0,50,United-States,<=50K
33,Private,171635,Bachelors,10,Never-married,Sales,Not-in-family,White,Male,0,0,26,United-States,<=50K
44,Private,118059,HS-grad,9,Married-civ-spouse,Other-service,Not-in-family,White,Male,0,0,55,United-States,<=50K
34,Private,245487,11th,4,Never-married,Sales,Own-child,White,Male,0,0,45,Mexico,<=50K
36,Self-emp-not-inc,147629,12th,9,Never-married,Craft-repair,Own-child,White,Male,0,0,40,United-States,<=50K.
20,Private,130010,Masters,10,Married-civ-spouse,Exec-managerial,Husband,White,Male,0,0,40,United-States,>50K.
50,Private,69477,10th,5,Never-married,Farming-fishing,Other-relative,White,Male,0,0,39,Mexico,<=50K.
22,Private,43535,HS-grad,10,Married-civ-spouse,Exec-managerial,Wife,White,Female,0,0,40,United-States,<=50K
42,Private,184837,HS-grad,9,Married-civ-spouse,Craft-repair,Wife,White,Male,7298,0,50,United-States,>50K
61,Federal-gov,28291,11th,13,Married-civ-spouse,Other-service,Husband,White,Female,0,0,40,United-States,<=50K
33,State-gov,58913,HS-grad,9,Married-civ-spouse,Protective-serv,Husband,White,Male,0,0,42,United-States,<=50K
29,Private,99146,HS-grad,9,Never-married,Exec-managerial,Not-in-family,White,Male,0,0,50,Mexico,<=50K
23,Private,214236,11th,7,Never-married,Craft-repair,Not-in-family,White,Female,0,0,40,United-States,<=50K
37,Private,249409,Masters,14,Married-civ-spouse,Tech-support,Husband,White,Male,0,0,39,United-States,<=50K.
22,Private,92028,Masters,14,Never-married,Sales,Own-child,White,Male,0,0,50,United-States,>50K
32,Private,237582,Masters,14,Never-married,Prof-specialty,Husband,White,Female,0,0,38,United-States,<=50K.
25,Private,1882,11th,11,Never-married,Handlers-cleaners,Own-child,White,Female,0,0,40,United-States,<=50K
33,Private,96635,1st-4th,10,Never-married,Priv-house-serv,Not-in-family,Asian-Pac-Islander,Female,0,0,26,United-States,<=50K
52,Private,259363,HS-grad,7,Married-civ-spouse,Other-service,Other-relative,White,Male,0,0,50,United-States,<=50K
72,Self-emp-not-inc,245487,7th-8th,4,Married-civ-spouse,Farming-fishing,Husband,White,Male,0,0,50,United-States,<=50K.
19,Private,186982,Some-college,10,Separated,Exec-managerial,Not-in-family,White,Female,594,0,45,United-States,<=50K
39,Private,168539,HS-grad,9,Married-civ-spouse,Craft-repair,Husband,White,Male,0,0,40,United-States,>50K
46,Private,180505,HS-grad,9,Married-civ-spouse,Machine-op-inspct,Husband,Black,Male,0,0,40,United-States,<=50K
28,Private,257055,5th-6th,6,Never-married,Farming-fishing,Unmarried,Black,Male,0,0,40,United-States,<=50K
44,Private,153489,HS-grad,9,Never-married,Other-service,Unmarried,White,Male,0,0,40,United-States,<=50K
30,Self-emp-inc,109282,Some-college,13,Married-civ-spouse,Sales,Husband,White,Male,0,0,40,United-States,>50K
32,Private,56651,HS-grad,9,Married-civ-spouse,Farming-fishing,Husband,White,Male,2407,0,40,United-States,<=50K.
41,Private,161880,HS-grad,9,Separated,Prof-specialty,Not-in-family,Black,Male,0,1902,50,United-States,<=50K
41,Private,356934,HS-grad,9,Married-civ-spouse,Craft-repair,Husband,White,Male,0,0,50,United-States,>50K
52,Private,259363,HS-grad,9,Married-civ-spouse,Craft-repair,Husband,White,Male,0,0,50,United-States,>50K
24,Private,309055,Some-college,4,Never-married,Sales,Not-in-family,White,Female,0,0,40,United-States,<=50K
62,Private,370881,Assoc-acdm,12,Widowed,Craft-repair,Not-in-family,White,Female,0,0,40,United-States,<=50K
45,Private,96635,Some-college,10,Never-married,Sales,Not-in-family,Asian-Pac-Islander,Male,0,0,50,United-States,<=50K.
37,Self-emp-inc,86459,HS-grad,12,Never-married,Exec-managerial,Unmarried,White,Male,0,0,50,United-States,<=50K
38,Private,99146,Bachelors,13,Married-civ-spouse,Transport-moving,Husband,White,Male,0,0,65,United-States,<=50K.
45,Private,47082,7th-8th,8,Widowed,Other-service,Unmarried,White,Female,0,0,21,United-States,<=50K
33,Private,184568,Some-college,9,Never-married,Sales,Not-in-family,White,Male,0,0,40,United-States,<=50K
36,Self-emp-not-inc,240810,12th,12,Never-married,Craft-repair,Own-child,White,Male,0,0,40,United-States,<=50K.
33,Private,220595,HS-grad,10,Married-civ-spouse,Craft-repair,Not-in-family,White,Male,0,0,26,United-States,<=50K
52,Private,210844,Assoc-acdm,12,Married-civ-spouse,Sales,Husband,White,Male,0,0,40,United-States,>50K
25,Private,334267,Some-college,10,Never-married,Sales,Own-child,White,Male,0,0,45,United-States,<=50K
52,Private,172165,10th,6,Divorced,Other-service,Other-relative,White,Female,0,0,20,United-States,<=50K
20,Private,262749,HS-grad,10,Never-married,Handlers-cleaners,Own-child,White,Male,0,0,35,United-States,<=50K
32,Private,285775,HS-grad,9,Never-married,Protective-serv,Other-relative,White,Male,0,0,42,United-States,<=50K.
27,Private,282313,HS-grad,12,Married-civ-spouse,Transport-moving,Husband,Black,Male,0,0,40,United-States,<=50K
30,Self-emp-not-inc,93208,HS-grad,12,Never-married,Other-service,Not-in-family,White,Male,0,0,40,Italy,>50K
35,Private,108140,Bachelors,13,Married-civ-spouse,Exec-managerial,Husband,White,Male,0,0,45,United-States,>50K
25,Private,96862,HS-grad,12,Never-married,Adm-clerical,Own-child,White,Female,0,0,40,United-States,<=50K.
27,Private,236246,Assoc-acdm,3,Married-civ-spouse,Exec-managerial,Own-child,White,Male,0,0,40,United-States,<=50K
20,Private,157541,Some-college,10,Never-married,Other-service,Unmarried,White,Female,594,0,20,United-States,<=50K
41,State-gov,33474,Bachelors,13,Married-civ-spouse,Prof-specialty,Husband,White,Male,0,0,50,United-States,<=50K.
35,Self-emp-not-inc,370881,Bachelors,13,Married-civ-spouse,Sales,Husband,White,Male,0,0,60,Japan,<=50K
29,Private,176240,Bachelors,13,Never-married,Sales,Not-in-family,White,Male,0,0,40,United-States,<=50K.
22,Private,257043,HS-grad,9,Never-married,Adm-clerical,Not-in-family,White,Female,0,0,42,United-States,<=50K
32,Local-gov,312232,HS-grad,9,Married-civ-spouse,Protective-serv,Husband,White,Male,2407,0,40,United-States,<=50K.
39,Self-emp-not-inc,169542,Some-college,10,Married-civ-spouse,Sales,Husband,White,Male,99999,0,40,United-States,>50K.
66,Private,357750,11th,7,Widowed,Other-service,Not-in-family,Black,Female,0,0,40,United-States,<=50K
63,Private,298699,Assoc-acdm,9,Married-civ-spouse,Exec-managerial,Husband,White,Male,0,0,46,United-States,>50K.
52,Private,249409,Masters,14,Married-civ-spouse,Prof-specialty,Husband,Black,Male,0,0,35,United-States,<=50K.
41,Private,172891,Bachelors,9,Married-civ-spouse,Farming-fishing,Husband,White,Male,0,0,50,United-States,<=50K.
23,Private,214236,HS-grad,9,Never-married,Transport-moving,Not-in-family,White,Male,0,0,40,United-States,<=50K.
22,Private,180599,HS-grad,9,Never-married,Sales,Own-child,White,Male,0,0,55,United-States,<=50K
22,Private,252570,Some-college,10,Married-civ-spouse,Exec-managerial,Wife,White,Female,0,0,40,United-States,<=50K
19,Private,99146,HS-grad,9,Never-married,Handlers-cleaners,Own-child,White,Male,0,0,40,United-States,<=50K.
28,Private,159623,HS-grad,9,Married-civ-spouse,Craft-repair,Husband,White,Male,0,0,40,United-States,<=50K
33,Private,96635,Some-college,10,Never-married,Sales,Own-child,Asian-Pac-Islander,Female,0,0,40,United-States,<=50K
52,Private,176240,Bachelors,13,Married-civ-spouse,Exec-managerial,Husband,White,Male,0,0,40,United-States,>50K.
34,Private,449354,Some-college,10,Married-civ-spouse,Adm-clerical,Husband,White,Male,0,0,45,United-States,<=50K
50,Private,268553,Some-college,9,Married-civ-spouse,Transport-moving,Husband,White,Male,0,0,40,United-States,>50K
50,Private,155574,Masters,12,Married-civ-spouse,Prof-specialty,Husband,White,Male,7298,0,50,United-States,>50K
25,Local-gov,190027,HS-grad,9,Never-married,Other-service,Not-in-family,Black,Female,0,0,40,United-States,<=50K
47,Private,99146,HS-grad,10,Married-civ-spouse,Prof-specialty,Husband,White,Male,0,0,55,United-States,<=50K.
19,Private,249409,Some-college,9,Never-married,Adm-clerical,Own-child,Black,Female,0,0,20,United-States,<=50K
36,Self-emp-not-inc,240810,HS-grad,9,Never-married,Sales,Own-child,White,Male,0,0,40,United-States,<=50K
39,Private,185053,HS-grad,9,Married-civ-spouse,Machine-op-inspct,Not-in-family,White,Female,0,0,40,United-States,<=50K
59,State-gov,49230,HS-grad,10,Widowed,Adm-clerical,Own-child,White,Female,0,0,40,United-States,<=50K
37,Private,99374,10th,9,Married-civ-spouse,Transport-moving,Husband,White,Male,0,0,40,United-States,<=50K
34,Private,394860,Some-college,10,Married-civ-spouse,Other-service,Husband,White,Male,0,0,40,United-States,<=50K
57,Private,157741,HS-grad,9,Never-married,Other-service,Not-in-family,Black,Male,0,0,48,United-States,<=50K
56,Self-emp-not-inc,84774,Bachelors,13,Married-civ-spouse,Farming-fishing,Wife,White,Male,2829,0,60,United-States,<=50K
64,Private,99146,HS-grad,9,Divorced,Transport-moving,Husband,White,Male,0,0,24,United-States,<=50K.
20,Private,234640,Assoc-voc,10,Never-married,Craft-repair,Own-child,White,Male,0,0,40,United-States,<=50K
34,Private,386370,Some-college,10,Married-civ-spouse,Adm-clerical,Other-relative,White,Female,0,0,35,United-States,>50K
44,Private,259363,HS-grad,9,Married-civ-spouse,Exec-managerial,Husband,White,Male,7688,0,50,United-States,>50K
20,Private,172232,HS-grad,10,Never-married,Sales,Own-child,Asian-Pac-Islander,Male,0,0,26,United-States,<=50K.
22,Private,190137,HS-grad,9,Never-married,Sales,Own-child,White,Male,0,0,40,United-States,<=50K
35,Private,152909,Bachelors,13,Married-civ-spouse,Adm-clerical,Not-in-family,White,Female,0,0,45,United-States,>50K
66,Private,98837,HS-grad,9,Never-married,Adm-clerical,Own-child,White,Male,0,0,40,United-States,<=50K
32,Private,496743,Bachelors,10,Married-civ-spouse,Prof-specialty,Own-child,White,Female,2597,0,40,Japan,<=50K
33,Private,557359,HS-grad,9,Married-civ-spouse,Handlers-cleaners,Husband,Black,Male,0,0,40,United-States,<=50K.
61,Private,143837,HS-grad,9,Married-civ-spouse,Machine-op-inspct,Not-in-family,White,Male,0,0,40,United-States,<=50K
20,Private,51744,HS-grad,9,Never-married,Other-service,Not-in-family,Black,Male,0,0,40,United-States,<=50K
33,Private,173504,Some-college,9,Married-civ-spouse,Transport-moving,Husband,White,Male,0,0,50,Columbia,>50K.
41,Private,52131,HS-grad,9,Married-civ-spouse,Prof-specialty,Own-child,White,Male,0,0,40,United-States,<=50K.
35,Private,113044,Bachelors,13,Married-civ-spouse,Exec-managerial,Not-in-family,White,Male,0,0,45,United-States,>50K
34,Private,49160,Masters,14,Married-civ-spouse,Craft-repair,Husband,White,Male,0,0,40,Mexico,<=50K
25,Private,397962,HS-grad,12,Never-married,Adm-clerical,Other-relative,Black,Female,0,0,40,United-States,<=50K
41,Private,259688,Bachelors,7,Married-civ-spouse,Prof-specialty,Husband,White,Male,0,0,50,United-States,<=50K
21,Private,99146,HS-grad,9,Never-married,Exec-managerial,Not-in-family,White,Female,0,0,40,United-States,<=50K
43,Private,170721,Some-college,10,Never-married,Craft-repair,Not-in-family,White,Male,0,0,26,South,>50K.
32,Self-emp-not-inc,195744,HS-grad,9,Married-civ-spouse,Craft-repair,Not-in-family,White,Male,0,0,50,United-States,<=50K
22,Private,89991,Some-college,10,Never-married,Other-service,Own-child,White,Female,0,0,11,United-States,<=50K
28,Private,107812,HS-grad,5,Never-married,Transport-moving,Not-in-family,White,Male,0,0,40,United-States,<=50K
24,Private,214236,HS-grad,9,Divorced,Adm-clerical,Not-in-family,White,Male,0,0,40,United-States,<=50K
35,Private,152909,Bachelors,13,Married-civ-spouse,Exec-managerial,Husband,White,Male,0,0,40,United-States,>50K.
30,Private,238192,HS-grad,9,Divorced,Machine-op-inspct,Not-in-family,White,Male,0,0,40,United-States,<=50K.
30,Private,338409,Bachelors,13,Married-civ-spouse,Prof-specialty,Wife,White,Female,0,0,40,United-States,<=50K
25,Private,174063,Some-college,10,Never-married,Other-service,Own-child,White,Male,0,0,40,United-States,<=50K
61,Private,149620,Some-college,10,Divorced,Other-service,Not-in-family,Black,Male,0,0,40,United-States,<=50K
41,Private,214236,9th,5,Divorced,Other-service,Not-in-family,White,Male,0,0,40,United-States,<=50K
22,Private,190137,Some-college,9,Never-married,Other-service,Own-child,White,Male,0,0,10,United-States,<=50K
36,Private,29702,Bachelors,11,Never-married,Adm-clerical,Not-in-family,Asian-Pac-Islander,Female,0,0,40,Philippines,<=50K
37,Private,99146,HS-grad,9,Married-civ-spouse,Transport-moving,Husband,White,Male,0,0,40,United-States,<=50K
28,Federal-gov,53147,Bachelors,3,Never-married,Sales,Not-in-family,Black,Male,0,0,40,United-States,<=50K
36,Private,168730,Some-college,10,Married-civ-spouse,Sales,Husband,White,Male,0,0,50,United-States,>50K
58,Private,99146,Bachelors,13,Married-civ-spouse,Transport-moving,Husband,White,Male,0,0,65,United-States,<=50K.
23,Private,257509,Bachelors,10,Never-married,Prof-specialty,Not-in-family,White,Male,0,0,35,United-States,<=50K.
19,Self-emp-not-inc,241306,HS-grad,10,Divorced,Craft-repair,Own-child,White,Female,594,0,20,United-States,<=50K
34,Self-emp-not-inc,162970,Some-college,10,Married-civ-spouse,Craft-repair,Husband,White,Male,0,0,40,United-States,<=50K.
33,Private,96635,Some-college,10,Never-married,Sales,Not-in-family,Asian-Pac-Islander,Female,0,0,20,United-States,<=50K
20,Private,198270,HS-grad,9,Never-married,Other-service,Own-child,White,Female,0,0,20,United-States,<=50K
30,Private,15695,HS-grad,9,Never-married,Adm-clerical,Own-child,White,Male,0,0,35,United-States,<=50K
51,Private,152909,Bachelors,13,Married-civ-spouse,Farming-fishing,Husband,White,Male,0,0,45,United-States,>50K
36,Private,178341,Bachelors,13,Married-civ-spouse,Craft-repair,Husband,White,Male,0,0,60,United-States,<=50K
36,Private,240810,12th,3,Married-civ-spouse,Exec-managerial,Husband,White,Male,0,0,40,United-States,<=50K
22,Private,51744,HS-grad,9,Never-married,Other-service,Not-in-family,Black,Male,0,2206,40,United-States,<=50K
33,Private,159303,HS-grad,10,Divorced,Other-service,Not-in-family,White,Female,0,0,35,United-States,<=50K
47,Private,21906,HS-grad,9,Divorced,Adm-clerical,Not-in-family,White,Female,0,0,25,United-States,<=50K
20,Private,189759,HS-grad,10,Never-married,Craft-repair,Not-in-family,White,Male,0,0,40,United-States,<=50K.
52,Private,252903,HS-grad,9,Married-civ-spouse,Craft-repair,Not-in-family,White,Male,0,0,50,United-States,>50K
50,Private,279461,Some-college,10,Married-civ-spouse,Transport-moving,Husband,White,Male,0,0,36,United-States,>50K.
69,Private,259363,HS-grad,9,Married-civ-spouse,Craft-repair,Not-in-family,White,Male,0,0,50,United-States,>50K
52,Private,833000,Bachelors,13,Married-civ-spouse,Sales,Husband,White,Male,0,0,4,United-States,>50K.
24,Private,107882,HS-grad,9,Never-married,Sales,Not-in-family,White,Male,0,0,40,United-States,<=50K
37,Private,143058,HS-grad,9,Married-civ-spouse,Other-service,Husband,Black,Male,0,0,40,United-States,<=50K
36,Private,213008,Assoc-voc,11,Married-civ-spouse,Prof-specialty,Husband,White,Male,0,0,40,United-States,<=50K
32,Self-emp-not-inc,182177,HS-grad,9,Married-civ-spouse,Craft-repair,Husband,White,Male,0,0,40,United-States,<=50K.
29,Private,259363,HS-grad,9,Divorced,Craft-repair,Not-in-family,White,Male,0,0,50,United-States,<=50K.
33,Private,165050,10th,6,Married-civ-spouse,Sales,Husband,White,Male,0,0,40,United-States,>50K
64,Private,298699,Assoc-acdm,7,Married-civ-spouse,Exec-managerial,Husband,White,Male,0,0,40,United-States,<=50K
19,Private,169605,Some-college,10,Separated,Other-service,Unmarried,White,Female,0,0,36,United-States,<=50K
29,Private,118503,HS-grad,10,Divorced,Machine-op-inspct,Own-child,White,Male,0,0,40,United-States,<=50K.
34,Private,335005,Some-college,10,Married-civ-spouse,Protective-serv,Husband,White,Male,0,0,40,United-States,<=50K
26,Private,29658,HS-grad,9,Never-married,Craft-repair,Unmarried,White,Male,0,0,30,United-States,<=50K
23,Private,70919,Some-college,13,Never-married,Sales,Not-in-family,White,Male,0,0,40,United-States,<=50K
39,Private,215419,HS-grad,9,Married-civ-spouse,Adm-clerical,Husband,White,Female,0,0,36,United-States,>50K
35,Self-emp-inc,152909,Bachelors,13,Married-civ-spouse,Exec-managerial,Husband,White,Male,0,0,55,United-States,>50K.
53,Private,51744,Bachelors,13,Never-married,Other-service,Not-in-family,White,Male,0,2206,40,Cuba,<=50K
59,Private,259363,HS-grad,9,Divorced,Exec-managerial,Not-in-family,White,Male,0,0,40,United-States,>50K
20,Federal-gov,215190,Some-college,15,Never-married,Prof-specialty,Not-in-family,Black,Female,0,0,36,United-States,<=50K
27,Private,207611,Bachelors,10,Never-married,Adm-clerical,Own-child,White,Female,0,0,40,United-States,<=50K
39,Private,1788215,Some-college,9,Never-married,Sales,Not-in-family,White,Male,0,0,55,United-States,<=50K
34,Private,386370,Some-college,10,Married-civ-spouse,Transport-moving,Husband,White,Male,0,0,45,United-States,<=50K
38,State-gov,210452,Masters,10,Married-civ-spouse,Exec-managerial,Husband,White,Male,0,0,38,United-States,<=50K
38,Private,99146,HS-grad,9,Married-civ-spouse,Transport-moving,Husband,White,Male,0,0,38,United-States,<=50K
25,Private,177423,HS-grad,9,Never-married,Other-service,Not-in-family,Asian-Pac-Islander,Male,4416,0,45,Philippines,<=50K
33,Private,272669,HS-grad,9,Never-married,Adm-clerical,Unmarried,White,Male,0,0,40,Hong,<=50K
33,Private,82676,HS-grad,9,Divorced,Transport-moving,Not-in-family,White,Male,0,0,40,United-States,<=50K.
34,Self-emp-not-inc,259363,Some-college,10,Married-civ-spouse,Craft-repair,Husband,White,Male,3137,0,50,United-States,<=50K
23,Private,214236,Masters,14,Never-married,Prof-specialty,Not-in-family,White,Female,0,0,40,United-States,<=50K.
41,Private,33474,Bachelors,13,Married-civ-spouse,Prof-specialty,Husband,White,Male,0,0,50,United-States,<=50K.
44,Local-gov,314375,10th,6,Married-civ-spouse,Protective-serv,Husband,White,Male,0,0,70,United-States,<=50K.
33,Private,163003,HS-grad,9,Married-civ-spouse,Craft-repair,Not-in-family,Asian-Pac-Islander,Male,0,0,41,United-States,>50K
20,Private,234640,Some-college,10,Never-married,Adm-clerical,Own-child,White,Male,0,0,40,United-States,<=50K
40,Private,163215,Bachelors,13,Divorced,Exec-managerial,Not-in-family,White,Female,10520,0,40,United-States,>50K
50,Federal-gov,279461,Some-college,14,Married-civ-spouse,Exec-managerial,Husband,Asian-Pac-Islander,Male,0,0,40,United-States,>50K
34,Private,118947,Some-college,10,Married-civ-spouse,Sales,Husband,White,Male,0,0,44,United-States,>50K.
36,Private,143486,Bachelors,13,Married-civ-spouse,Prof-specialty,Husband,White,Male,0,0,40,United-States,<=50K
36,Private,215190,HS-grad,9,Married-civ-spouse,Other-service,Husband,White,Male,0,0,20,United-States,<=50K.
34,Private,386370,Some-college,10,Married-civ-spouse,Exec-managerial,Husband,White,Male,0,0,50,United-States,<=50K
51,Private,96635,Some-college,10,Divorced,Sales,Not-in-family,White,Female,0,0,45,United-States,>50K
30,Self-emp-not-inc,123456,7th-8th,9,Married-civ-spouse,Exec-managerial,Husband,White,Male,5000,0,40,Greece,>50K
33,Private,151399,12th,8,Married-civ-spouse,Transport-moving,Husband,Black,Male,0,0,40,United-States,<=50K.
29,Private,278637,Assoc-voc,12,Married-civ-spouse,Adm-clerical,Husband,White,Male,0,0,40,United-States,<=50K
23,Private,202558,Assoc-voc,11,Married-civ-spouse,Tech-support,Other-relative,White,Female,0,0,40,United-States,<=50K
20,Private,234640,Some-college,10,Never-married,Adm-clerical,Own-child,White,Female,0,0,40,United-States,<=50K
34,Private,375980,Some-college,10,Married-civ-spouse,Adm-clerical,Unmarried,Black,Female,0,0,40,United-States,<=50K
23,Private,223811,Bachelors,13,Never-married,Prof-specialty,Not-in-family,White,Male,0,0,30,United-States,<=50K
27,Private,234640,HS-grad,10,Never-married,Adm-clerical,Own-child,White,Female,0,0,40,United-States,<=50K
41,Private,145175,Some-college,10,Married-civ-spouse,Adm-clerical,Husband,White,Male,0,0,40,United-States,<=50K
47,Private,15888,Masters,14,Married-civ-spouse,Exec-managerial,Husband,White,Male,0,0,50,United-States,<=50K
39,Private,121468,Some-college,10,Never-married,Exec-managerial,Own-child,Asian-Pac-Islander,Female,0,0,35,United-States,<=50K
33,Private,249150,HS-grad,10,Never-married,Sales,Not-in-family,White,Female,0,0,24,United-States,<=50K.
22,Private,312767,HS-grad,9,Never-married,Sales,Own-child,Black,Female,0,0,40,United-States,<=50K
03,Private,123456,HS-grad,12,Married-civ-spouse,Handlers-cleaners,Husband,White,Male,0,0,40,United-States,>50K
47,Private,51579,Some-college,10,Married-civ-spouse,Protective-serv,Husband,White,Male,0,0,50,United-States,<=50K
23,Private,214236,Some-college,10,Never-married,Sales,Not-in-family,White,Female,0,0,40,United-States,<=50K
45,Private,119835,HS-grad,9,Divorced,Sales,Husband,Amer-Indian-Eskimo,Male,0,0,48,United-States,<=50K
41,Private,181659,HS-grad,9,Married-civ-spouse,Machine-op-inspct,Not-in-family,White,Male,0,0,40,United-States,<=50K
53,Private,263729,Some-college,10,Separated,Adm-clerical,Not-in-family,White,Female,594,0,40,United-States,<=50K
34,Private,386370,Some-college,10,Married-civ-spouse,Sales,Husband,White,Male,0,0,24,United-States,<=50K
35,Private,328466,HS-grad,5,Married-civ-spouse,Other-service,Husband,White,Male,0,0,40,Mexico,<=50K
52,Private,48413,HS-grad,9,Married-civ-spouse,Craft-repair,Husband,White,Male,0,0,50,United-States,<=50K
20,State-gov,25139,Some-college,10,Never-married,Other-service,Own-child,White,Female,0,0,40,United-States,<=50K
41,Self-emp-inc,161880,HS-grad,9,Married-civ-spouse,Machine-op-inspct,Not-in-family,Black,Male,0,0,48,United-States,>50K
36,Self-emp-not-inc,240810,12th,10,Never-married,Craft-repair,Own-child,White,Male,0,0,40,United-States,<=50K.
54,Private,172281,HS-grad,9,Married-civ-spouse,Farming-fishing,Husband,White,Male,0,2051,50,United-States,<=50K
34,Private,245487,Preschool,4,Never-married,Other-service,Not-in-family,White,Female,0,0,45,United-States,<=50K
32,Private,32174,HS-grad,9,Married-civ-spouse,Other-service,Wife,White,Female,0,0,40,United-States,<=50K.
25,Private,250000,HS-grad,6,Never-married,Transport-moving,Own-child,White,Male,0,0,40,United-States,<=50K
56,Self-emp-not-inc,157486,10th,6,Divorced,Sales,Not-in-family,White,Male,0,0,40,United-States,<=50K
37,Private,83880,Some-college,10,Never-married,Craft-repair,Not-in-family,White,Male,0,0,40,United-States,<=50K
33,Private,96635,Some-college,10,Never-married,Transport-moving,Not-in-family,Asian-Pac-Islander,Male,0,0,26,South,<=50K
35,Private,99156,Bachelors,13,Never-married,Sales,Not-in-family,White,Male,0,0,50,United-States,<=50K
45,Private,96635,12th,12,Divorced,Farming-fishing,Not-in-family,White,Male,0,0,26,United-States,<=50K.
37,Private,99374,Some-college,10,Never-married,Transport-moving,Own-child,White,Male,0,0,30,United-States,<=50K
50,Private,109532,Some-college,8,Never-married,Craft-repair,Own-child,White,Female,0,0,40,United-States,<=50K
45,Private,24712,HS-grad,9,Never-married,Machine-op-inspct,Unmarried,Black,Female,0,0,35,United-States,<=50K
19,Private,139127,HS-grad,10,Divorced,Adm-clerical,Own-child,White,Female,594,0,20,United-States,<=50K.
30,Private,24410,Some-college,10,Never-married,Other-service,Own-child,White,Male,0,0,40,United-States,<=50K
22,Private,190137,HS-grad,9,Divorced,Sales,Unmarried,White,Female,0,0,40,United-States,<=50K
52,Private,259363,HS-grad,9,Married-civ-spouse,Tech-support,Husband,Asian-Pac-Islander,Male,0,0,50,Philippines,>50K
31,Private,34572,HS-grad,11,Never-married,Sales,Unmarried,Black,Male,0,0,40,United-States,<=50K
35,Private,341204,Bachelors,13,Married-civ-spouse,Adm-clerical,Wife,White,Male,0,0,45,United-States,>50K
44,Self-emp-not-inc,99146,HS-grad,9,Married-civ-spouse,Transport-moving,Husband,White,Male,0,0,84,United-States,<=50K
45,Private,99146,HS-grad,9,Never-married,Transport-moving,Husband,White,Male,0,0,65,United-States,<=50K
37,Private,240837,HS-grad,9,Married-civ-spouse,Other-service,Not-in-family,White,Male,0,0,60,United-States,<=50K
25,Private,163396,Some-college,10,Never-married,Tech-support,Not-in-family,White,Female,0,0,40,United-States,<=50K
24,Private,176389,Bachelors,13,Never-married,Sales,Not-in-family,White,Male,0,0,40,United-States,<=50K
50,Private,69477,10th,6,Widowed,Farming-fishing,Not-in-family,White,Male,0,0,32,United-States,<=50K.
32,Private,178449,HS-grad,10,Never-married,Other-service,Not-in-family,White,Male,0,0,50,United-States,<=50K.
53,Private,275691,Bachelors,11,Never-married,Transport-moving,Own-child,White,Male,0,0,40,United-States,<=50K
35,Private,152909,Bachelors,13,Married-civ-spouse,Exec-managerial,Not-in-family,White,Female,0,0,45,United-States,>50K
33,Private,96635,Some-college,10,Never-married,Sales,Not-in-family,White,Male,0,0,40,United-States,>50K
44,Private,340543,Some-college,10,Never-married,Tech-support,Not-in-family,White,Female,0,0,40,United-States,>50K.
26,Private,109564,HS-grad,12,Never-married,Other-service,Own-child,White,Female,0,0,40,United-States,<=50K
33,Local-gov,175509,HS-grad,9,Married-civ-spouse,Prof-specialty,Husband,White,Male,0,0,35,United-States,<=50K
45,Private,202496,Some-college,10,Married-civ-spouse,Sales,Own-child,White,Male,0,0,37,United-States,<=50K
50,Private,173944,Some-college,13,Never-married,Prof-specialty,Not-in-family,White,Male,0,0,40,United-States,<=50K.
52,Private,259363,Some-college,10,Married-civ-spouse,Craft-repair,Husband,White,Male,0,0,50,United-States,>50K
22,Private,212793,HS-grad,9,Never-married,Machine-op-inspct,Not-in-family,White,Male,0,0,40,United-States,<=50K
43,Self-emp-inc,105892,HS-grad,9,Married-civ-spouse,Farming-fishing,Husband,White,Male,0,0,40,United-States,<=50K
50,Private,145409,HS-grad,9,Married-civ-spouse,Transport-moving,Husband,White,Male,0,0,50,United-States,>50K
24,Private,196388,Some-college,12,Never-married,Sales,Not-in-family,White,Male,0,0,12,United-States,<=50K
33,Private,361497,HS-grad,9,Married-civ-spouse,Craft-repair,Husband,White,Male,0,0,40,United-States,<=50K
61,Self-emp-inc,66000,HS-grad,9,Divorced,Sales,Not-in-family,White,Male,0,0,40,United-States,<=50K
43,Private,343591,Masters,10,Divorced,Adm-clerical,Not-in-family,White,Female,0,0,50,United-States,<=50K.
42,Private,249409,HS-grad,9,Married-civ-spouse,Exec-managerial,Husband,White,Male,5178,0,40,United-States,>50K.
22,Private,169496,HS-grad,9,Married-civ-spouse,Sales,Own-child,White,Male,0,0,15,United-States,>50K
52,Private,259363,HS-grad,9,Married-civ-spouse,Craft-repair,Husband,White,Male,3818,0,50,United-States,>50K
30,Private,158420,Bachelors,13,Never-married,Machine-op-inspct,Not-in-family,White,Male,0,0,25,United-States,<=50K
41,Private,19914,Some-college,9,Married-civ-spouse,Other-service,Wife,Asian-Pac-Islander,Female,0,0,40,Philippines,<=50K
40,Private,95639,HS-grad,9,Separated,Transport-moving,Husband,White,Male,0,0,45,United-States,<=50K
41,Private,132057,Bachelors,13,Married-civ-spouse,Prof-specialty,Husband,White,Male,0,0,50,United-States,<=50K.
02,Private,231003,Some-college,10,Never-married,Machine-op-inspct,Not-in-family,White,Male,0,0,40,United-States,<=50K
56,Private,172364,HS-grad,9,Married-civ-spouse,Transport-moving,Husband,White,Male,0,0,60,United-States,<=50K.
41,State-gov,33474,Bachelors,13,Married-civ-spouse,Prof-specialty,Husband,White,Male,4931,0,50,United-States,<=50K.
23,Self-emp-not-inc,184046,Bachelors,13,Widowed,Prof-specialty,Not-in-family,White,Female,0,0,20,United-States,<=50K.
19,Private,239284,HS-grad,10,Never-married,Adm-clerical,Unmarried,White,Female,0,0,40,United-States,<=50K
31,Local-gov,813,Some-college,10,Married-civ-spouse,Protective-serv,Husband,White,Male,0,0,40,United-States,>50K
30,Private,177775,HS-grad,9,Divorced,Machine-op-inspct,Not-in-family,White,Female,0,0,40,United-States,<=50K
57,Private,99146,10th,6,Never-married,Tech-support,Not-in-family,White,Male,0,0,40,United-States,<=50K
29,Private,198270,Bachelors,3,Married-civ-spouse,Other-service,Not-in-family,White,Male,7298,0,42,United-States,>50K
30,Private,380922,HS-grad,12,Married-civ-spouse,Craft-repair,Husband,White,Male,0,0,40,United-States,>50K
64,Private,99146,HS-grad,9,Divorced,Priv-house-serv,Husband,White,Female,0,0,65,United-States,<=50K.
74,Private,192290,10th,10,Married-civ-spouse,Adm-clerical,Husband,White,Male,0,0,20,United-States,<=50K
28,Private,89336,HS-grad,12,Divorced,Craft-repair,Not-in-family,White,Male,0,0,45,United-States,<=50K
39,Private,387430,HS-grad,9,Never-married,Other-service,Not-in-family,White,Male,0,0,40,United-States,<=50K
36,Private,153066,Some-college,9,Married-civ-spouse,Transport-moving,Husband,White,Male,0,0,40,United-States,>50K
09,Self-emp-not-inc,156900,5th-6th,3,Married-civ-spouse,Other-service,Husband,White,Male,0,0,40,United-States,>50K.
43,Private,15840,HS-grad,9,Married-civ-spouse,Transport-moving,Husband,White,Male,0,0,40,United-States,<=50K
03,Federal-gov,33124,Bachelors,13,Married-civ-spouse,Exec-managerial,Husband,White,Male,0,0,40,United-States,<=50K
n>,Private,14867,HS-grad,9,Married-civ-spouse,Craft-repair,Husband,White,Male,0,0,40,United-States,>50K
38,Private,33397,Some-college,10,Divorced,Sales,Unmarried,White,Female,0,0,20,United-States,<=50K
36,Private,126568,HS-grad,9,Never-married,Craft-repair,Not-in-family,White,Male,0,0,40,United-States,<=50K.
26,Private,140649,HS-grad,12,Married-civ-spouse,Exec-managerial,Husband,White,Male,0,0,40,United-States,<=50K.
25,Private,178313,HS-grad,9,Never-married,Craft-repair,Own-child,White,Male,0,0,60,United-States,<=50K
30,Private,367251,Some-college,10,Married-civ-spouse,Craft-repair,Wife,Black,Female,0,0,40,United-States,>50K
57,Private,47857,HS-grad,9,Married-civ-spouse,Transport-moving,Husband,White,Male,0,0,65,United-States,<=50K
22,Private,190137,HS-grad,9,Never-married,Sales,Own-child,White,Male,0,0,40,United-States,<=50K
56,Private,201344,Some-college,10,Never-married,Craft-repair,Unmarried,White,Female,0,0,38,United-States,<=50K
37,Private,215190,10th,6,Married-civ-spouse,Craft-repair,Husband,White,Male,0,0,50,United-States,<=50K
23,Private,151888,Some-college,10,Never-married,Sales,Own-child,White,Male,0,0,35,United-States,<=50K
08,Private,264017,Some-college,10,Never-married,Other-service,Own-child,White,Male,0,0,16,Canada,<=50K
30,Self-emp-inc,119422,Some-college,10,Married-civ-spouse,Exec-managerial,Not-in-family,White,Male,0,0,40,United-States,<=50K
43,Private,54611,HS-grad,9,Married-civ-spouse,Machine-op-inspct,Husband,White,Male,0,0,40,United-States,<=50K
23,Private,69640,Some-college,13,Never-married,Sales,Own-child,White,Male,0,0,40,United-States,<=50K
05,Private,170328,5th-6th,5,Married-civ-spouse,Craft-repair,Husband,Black,Male,0,0,40,Trinadad&Tobago,<=50K
35,Private,152909,Bachelors,13,Never-married,Adm-clerical,Not-in-family,White,Female,0,0,45,United-States,>50K
22,Private,214236,Bachelors,13,Never-married,Prof-specialty,Not-in-family,White,Male,0,0,40,United-States,<=50K
64,Self-emp-not-inc,167000,HS-grad,9,Married-civ-spouse,Prof-specialty,Husband,White,Male,0,0,60,United-States,<=50K
57,Private,115945,Doctorate,9,Married-civ-spouse,Adm-clerical,Husband,White,Male,0,0,18,United-States,<=50K
58,Local-gov,314375,5th-6th,3,Married-civ-spouse,Protective-serv,Husband,Black,Male,0,0,30,United-States,<=50K.
29,Private,115945,Doctorate,13,Never-married,Adm-clerical,Own-child,White,Female,0,0,40,United-States,<=50K
50,Private,69477,HS-grad,9,Separated,Farming-fishing,Not-in-family,White,Male,0,0,60,United-States,<=50K.
20,Private,262749,Some-college,10,Never-married,Sales,Own-child,White,Male,0,0,20,United-States,<=50K
20,Private,444554,Some-college,10,Never-married,Other-service,Own-child,White,Male,0,0,25,United-States,<=50K
49,Private,246183,Some-college,10,Married-civ-spouse,Sales,Husband,White,Male,0,0,40,United-States,>50K
29,Private,279461,Some-college,13,Never-married,Prof-specialty,Not-in-family,White,Male,0,0,40,United-States,>50K
33,Private,200992,Some-college,10,Never-married,Other-service,Not-in-family,Asian-Pac-Islander,Female,0,0,26,South,<=50K
06,Self-emp-not-inc,538099,HS-grad,9,Married-civ-spouse,Craft-repair,Husband,White,Male,0,0,03,United-States,<=50K.
33,Private,158416,HS-grad,9,Never-married,Exec-managerial,Not-in-family,White,Male,0,0,50,United-States,<=50K
41,Private,396745,Bachelors,13,Married-civ-spouse,Prof-specialty,Husband,White,Male,0,0,48,United-States,<=50K.
34,Private,135525,Some-college,10,Never-married,Adm-clerical,Unmarried,White,Female,0,0,40,United-States,>50K.
25,Private,123456,Bachelors,13,Never-married,Sales,Not-in-family,White,Female,0,0,40,United-States,<=50K
33,Private,167919,HS-grad,9,Married-civ-spouse,Sales,Husband,White,Male,0,0,40,United-States,<=50K
31,Private,132626,Some-college,10,Married-civ-spouse,Craft-repair,Husband,White,Male,0,0,6,United-States,<=50K
30,Private,21698,Some-college,9,Never-married,Adm-clerical,Not-in-family,White,Female,0,0,40,United-States,<=50K
50,Private,279461,Some-college,9,Married-civ-spouse,Adm-clerical,Husband,White,Male,2580,0,40,United-States,>50K
44,Private,61500,Some-college,10,Married-civ-spouse,Prof-specialty,Husband,White,Male,0,0,40,United-States,>50K.
33,Self-emp-not-inc,175509,HS-grad,9,Married-civ-spouse,Protective-serv,Husband,White,Female,0,0,45,United-States,<=50K
54,Private,259363,Preschool,1,Married-civ-spouse,Craft-repair,Husband,White,Male,0,0,50,United-States,>50K
42,Self-emp-not-inc,279452,Some-college,9,Married-civ-spouse,Farming-fishing,Husband,White,Male,0,0,66,United-States,<=50K
25,Private,85650,Some-college,10,Never-married,Prof-specialty,Not-in-family,White,Male,0,0,40,United-States,<=50K
05,Private,226885,HS-grad,9,Never-married,Transport-moving,Not-in-family,White,Male,0,0,40,United-States,<=50K
20,Private,233923,Assoc-voc,10,Never-married,Sales,Own-child,White,Female,0,0,40,United-States,<=50K.
36,State-gov,82488,HS-grad,9,Married-civ-spouse,Adm-clerical,Unmarried,Asian-Pac-Islander,Female,0,0,40,Philippines,<=50K
30,Private,18286,HS-grad,9,Married-civ-spouse,Sales,Husband,White,Male,0,0,40,United-States,>50K.
33,Private,96635,Some-college,9,Never-married,Other-service,Not-in-family,Asian-Pac-Islander,Female,0,0,26,El-Salvador,<=50K.
34,Private,261023,HS-grad,9,Married-civ-spouse,Craft-repair,Husband,White,Male,0,1651,38,United-States,<=50K
19,Private,199419,Some-college,10,Never-married,Adm-clerical,Own-child,White,Female,594,0,20,United-States,<=50K.
33,Private,96635,Some-college,10,Married-civ-spouse,Sales,Husband,White,Male,0,0,26,United-States,>50K
41,Local-gov,103614,Bachelors,9,Never-married,Other-service,Not-in-family,Black,Male,0,2206,40,United-States,>50K.
52,Private,276087,HS-grad,9,Married-civ-spouse,Prof-specialty,Husband,White,Male,0,0,50,United-States,>50K
57,Private,178154,10th,6,Widowed,Transport-moving,Not-in-family,White,Male,0,0,40,United-States,<=50K.
30,Private,180019,HS-grad,9,Married-spouse-absent,Adm-clerical,Unmarried,White,Female,0,0,40,United-States,<=50K.
25,Private,123456,Bachelors,13,Never-married,Other-service,Not-in-family,White,Male,0,0,40,United-States,<=50K
34,Private,245487,9th,4,Married-civ-spouse,Other-service,Unmarried,Amer-Indian-Eskimo,Male,0,0,45,Mexico,<=50K
23,Private,315065,10th,6,Never-married,Other-service,Unmarried,White,Male,0,0,60,United-States,<=50K
25,Private,214236,HS-grad,9,Never-married,Other-service,Not-in-family,White,Female,0,0,40,United-States,<=50K.
62,Self-emp-inc,234738,Bachelors,4,Married-civ-spouse,Exec-managerial,Husband,White,Male,0,0,45,United-States,<=50K
33,Private,175509,Bachelors,9,Never-married,Handlers-cleaners,Not-in-family,White,Male,0,0,40,United-States,<=50K
23,Private,46645,Bachelors,13,Never-married,Prof-specialty,Not-in-family,White,Male,0,0,40,United-States,>50K
46,Self-emp-not-inc,366089,Bachelors,13,Married-civ-spouse,Sales,Husband,White,Male,0,0,40,United-States,>50K.
34,Private,168660,Some-college,10,Married-civ-spouse,Exec-managerial,Husband,White,Male,0,0,50,United-States,<=50K
25,Private,236977,HS-grad,9,Never-married,Craft-repair,Own-child,White,Male,0,0,40,Mexico,<=50K
63,Private,97855,Masters,14,Married-civ-spouse,Exec-managerial,Husband,White,Male,0,0,50,United-States,>50K
25,Private,71900,Bachelors,13,Never-married,Prof-specialty,Not-in-family,White,Female,0,0,40,United-States,<=50K
52,Private,214236,Assoc-acdm,12,Never-married,Tech-support,Not-in-family,White,Female,0,0,40,United-States,>50K
32,Private,496743,Assoc-voc,11,Married-spouse-absent,Prof-specialty,Not-in-family,White,Female,0,0,40,United-States,<=50K
30,Federal-gov,90533,Some-college,13,Never-married,Exec-managerial,Not-in-family,White,Female,0,0,44,United-States,<=50K.
49,Private,133729,HS-grad,9,Married-civ-spouse,Other-service,Husband,White,Male,0,0,40,United-States,<=50K
31,Private,168782,HS-grad,9,Married-civ-spouse,Transport-moving,Not-in-family,White,Male,0,0,65,United-States,<=50K.
58,Private,161880,HS-grad,9,Separated,Protective-serv,Not-in-family,Black,Male,0,0,50,United-States,<=50K.
19,Private,145246,Some-college,10,Married-civ-spouse,Adm-clerical,Own-child,White,Female,594,0,44,United-States,<=50K
60,Private,247483,Some-college,10,Divorced,Exec-managerial,Not-in-family,White,Male,0,0,40,United-States,<=50K.
33,Private,99146,HS-grad,9,Married-civ-spouse,Transport-moving,Husband,White,Male,0,0,65,United-States,<=50K.
52,Private,259363,HS-grad,9,Married-civ-spouse,Craft-repair,Own-child,White,Male,0,0,50,United-States,<=50K
40,Private,181659,Some-college,10,Married-civ-spouse,Handlers-cleaners,Not-in-family,Amer-Indian-Eskimo,Male,0,0,84,United-States,<=50K
43,Private,111483,Some-college,10,Married-civ-spouse,Transport-moving,Husband,White,Male,0,0,40,United-States,>50K
47,Private,132912,Some-college,10,Married-civ-spouse,Exec-managerial,Husband,White,Male,594,0,20,United-States,>50K.
41,Private,180000,Bachelors,13,Married-civ-spouse,Exec-managerial,Husband,White,Male,7298,0,40,United-States,>50K
24,Private,99146,HS-grad,11,Married-civ-spouse,Sales,Husband,White,Male,0,0,65,United-States,<=50K.
42,Private,134400,Some-college,10,Married-civ-spouse,Craft-repair,Husband,White,Male,0,0,40,United-States,<=50K
52,Private,259363,HS-grad,9,Separated,Craft-repair,Unmarried,White,Female,0,0,50,United-States,<=50K
34,Private,386370,Some-college,10,Married-civ-spouse,Farming-fishing,Wife,White,Male,0,0,15,United-States,<=50K
50,Private,168212,HS-grad,9,Married-civ-spouse,Prof-specialty,Husband,White,Male,0,1902,50,United-States,>50K
33,Private,96635,Some-college,9,Never-married,Exec-managerial,Not-in-family,Asian-Pac-Islander,Female,0,0,26,United-States,>50K
29,Private,51744,Some-college,9,Never-married,Other-service,Not-in-family,Black,Male,0,2206,55,Outlying-US(Guam-USVI-etc),<=50K
30,Private,233681,Some-college,12,Married-civ-spouse,Tech-support,Husband,White,Male,0,0,40,United-States,<=50K
25,Private,123456,Bachelors,12,Divorced,Protective-serv,Not-in-family,White,Female,0,0,56,United-States,>50K
33,Private,269373,Some-college,10,Never-married,Sales,Not-in-family,White,Female,0,0,26,South,<=50K.
06,Self-emp-inc,76212,HS-grad,9,Married-civ-spouse,Transport-moving,Husband,White,Male,0,0,50,United-States,<=50K
52,Private,259363,HS-grad,9,Married-civ-spouse,Prof-specialty,Wife,White,Female,0,0,50,United-States,>50K
34,Self-emp-inc,214974,HS-grad,4,Married-civ-spouse,Transport-moving,Husband,Amer-Indian-Eskimo,Male,0,0,45,Mexico,<=50K
40,Private,164000,Assoc-acdm,12,Married-civ-spouse,Prof-specialty,Husband,White,Male,0,0,40,United-States,<=50K
28,Private,243190,Bachelors,13,Never-married,Transport-moving,Not-in-family,White,Male,0,0,3,United-States,<=50K
41,Private,33474,Some-college,10,Married-civ-spouse,Prof-specialty,Husband,White,Male,0,0,70,United-States,<=50K.
49,Local-gov,34021,Bachelors,13,Never-married,Prof-specialty,Own-child,White,Female,0,0,50,United-States,>50K
22,Private,238917,HS-grad,9,Never-married,Handlers-cleaners,Own-child,White,Male,0,0,40,United-States,<=50K.
33,Private,152373,Some-college,10,Divorced,Sales,Not-in-family,White,Male,0,0,26,South,>50K
SR5,Private,122747,Bachelors,13,Married-civ-spouse,Prof-specialty,Husband,White,Male,0,0,50,United-States,>50K.
35,Private,291300,Bachelors,13,Married-civ-spouse,Exec-managerial,Husband,White,Male,0,0,45,United-States,>50K
38,Self-emp-inc,225860,Some-college,10,Divorced,Exec-managerial,Unmarried,White,Male,0,0,35,United-States,<=50K
30,Private,190137,HS-grad,9,Married-civ-spouse,Sales,Husband,Black,Male,0,0,40,United-States,<=50K
27,Private,140525,Bachelors,13,Married-civ-spouse,Exec-managerial,Husband,White,Male,0,0,55,United-States,<=50K
22,Private,190137,HS-grad,9,Never-married,Craft-repair,Own-child,White,Male,0,0,40,United-States,<=50K
24,Private,36058,Bachelors,13,Never-married,Other-service,Not-in-family,White,Male,0,0,50,United-States,<=50K
40,Private,277507,HS-grad,9,Married-spouse-absent,Handlers-cleaners,Not-in-family,White,Male,0,1669,40,United-States,<=50K
37,Private,426431,10th,10,Divorced,Transport-moving,Husband,White,Male,0,0,40,United-States,<=50K
56,Self-emp-not-inc,261056,HS-grad,9,Never-married,Prof-specialty,Own-child,White,Female,2174,0,40,United-States,<=50K
25,Private,174063,Assoc-acdm,10,Never-married,Handlers-cleaners,Own-child,White,Male,0,0,40,United-States,<=50K
34,Private,386370,Some-college,10,Married-civ-spouse,Exec-managerial,Husband,White,Male,0,0,50,United-States,<=50K
50,Self-emp-inc,181498,HS-grad,9,Married-civ-spouse,Other-service,Husband,Black,Male,0,0,40,United-States,<=50K
23,Private,381679,Some-college,10,Never-married,Tech-support,Not-in-family,White,Female,0,0,40,United-States,<=50K.
52,Private,259363,HS-grad,9,Married-civ-spouse,Machine-op-inspct,Unmarried,White,Male,0,1726,40,United-States,>50K
20,Private,46857,Some-college,10,Divorced,Adm-clerical,Not-in-family,White,Male,0,0,40,United-States,<=50K
54,Local-gov,287821,HS-grad,9,Married-civ-spouse,Transport-moving,Husband,White,Male,0,0,40,United-States,>50K.
34,Private,245487,Some-college,4,Married-civ-spouse,Transport-moving,Husband,Amer-Indian-Eskimo,Male,0,0,45,Mexico,<=50K
25,Private,40915,Bachelors,13,Never-married,Prof-specialty,Not-in-family,White,Female,0,0,40,United-States,<=50K.
31,Private,34572,10th,10,Never-married,Other-service,Not-in-family,White,Female,0,0,40,United-States,<=50K
25,Private,117618,Some-college,10,Never-married,Handlers-cleaners,Own-child,White,Male,0,0,40,United-States,<=50K
35,Private,259363,HS-grad,9,Married-civ-spouse,Craft-repair,Husband,White,Male,0,0,50,United-States,>50K
36,Private,82488,Bachelors,9,Never-married,Sales,Own-child,White,Female,0,0,40,Philippines,<=50K.
33,Private,389932,HS-grad,9,Divorced,Transport-moving,Not-in-family,White,Male,0,0,55,United-States,<=50K
19,Private,210794,Some-college,10,Never-married,Prof-specialty,Own-child,White,Female,594,0,20,United-States,<=50K
22,Private,434710,Some-college,10,Never-married,Sales,Not-in-family,White,Female,0,0,15,United-States,<=50K
26,Private,150000,Some-college,12,Married-civ-spouse,Machine-op-inspct,Husband,Black,Male,0,0,40,United-States,<=50K
40,Private,99146,Bachelors,9,Never-married,Transport-moving,Not-in-family,White,Male,0,0,30,Canada,<=50K
43,Federal-gov,175669,Some-college,10,Married-civ-spouse,Craft-repair,Wife,White,Female,0,0,40,United-States,<=50K
37,Private,34572,5th-6th,11,Never-married,Handlers-cleaners,Husband,White,Female,0,0,45,United-States,<=50K
33,Local-gov,175509,HS-grad,9,Married-civ-spouse,Protective-serv,Husband,White,Male,0,0,40,United-States,<=50K
39,Private,2151508,9th,5,Divorced,Handlers-cleaners,Not-in-family,White,Male,0,0,50,United-States,<=50K
33,Private,96635,Some-college,10,Never-married,Sales,Not-in-family,Asian-Pac-Islander,Male,0,0,26,South,<=50K
37,Private,143058,10th,10,Married-civ-spouse,Craft-repair,Husband,White,Male,0,0,50,United-States,<=50K
49,Private,99146,HS-grad,9,Married-civ-spouse,Transport-moving,Husband,White,Male,0,0,65,United-States,<=50K.
33,Private,96635,Some-college,10,Divorced,Sales,Not-in-family,White,Female,0,0,26,United-States,<=50K
41,Local-gov,27834,Bachelors,13,Married-civ-spouse,Prof-specialty,Husband,White,Male,0,0,40,United-States,<=50K.
30,Self-emp-not-inc,193489,Prof-school,14,Married-civ-spouse,Prof-specialty,Husband,White,Male,0,0,40,United-States,>50K
77,Self-emp-not-inc,99146,HS-grad,9,Married-civ-spouse,Other-service,Husband,White,Female,0,0,65,England,<=50K.
22,Private,190137,HS-grad,14,Never-married,Sales,Not-in-family,White,Male,0,0,40,United-States,<=50K
09,Private,21849,Bachelors,13,Married-civ-spouse,Sales,Husband,White,Male,0,1848,40,United-States,>50K
22,Private,190137,HS-grad,9,Never-married,Sales,Own-child,White,Female,0,0,30,United-States,<=50K
23,Private,214236,10th,6,Divorced,Other-service,Unmarried,White,Female,0,0,40,United-States,<=50K.
42,Private,259363,HS-grad,9,Divorced,Craft-repair,Unmarried,White,Male,1506,0,50,Mexico,<=50K
24,Private,185450,Bachelors,13,Never-married,Tech-support,Not-in-family,White,Female,0,0,50,United-States,<=50K
23,Private,214236,Some-college,10,Never-married,Adm-clerical,Not-in-family,White,Male,0,0,40,United-States,<=50K.
53,Private,386370,Bachelors,10,Married-civ-spouse,Prof-specialty,Husband,White,Male,0,0,80,United-States,<=50K
23,Private,99146,Some-college,10,Never-married,Sales,Not-in-family,White,Male,0,0,45,United-States,<=50K.
25,Private,168303,Bachelors,13,Married-civ-spouse,Exec-managerial,Husband,White,Male,0,0,30,United-States,>50K
34,Private,354923,Bachelors,10,Never-married,Exec-managerial,Not-in-family,White,Male,0,0,35,United-States,<=50K
30,Private,214236,Some-college,10,Never-married,Adm-clerical,Not-in-family,Black,Female,0,0,40,United-States,<=50K
47,Self-emp-not-inc,215190,Bachelors,13,Never-married,Exec-managerial,Not-in-family,Black,Male,0,0,45,United-States,>50K
41,Private,171351,Some-college,10,Married-civ-spouse,Craft-repair,Husband,White,Male,0,0,40,United-States,<=50K
33,Private,386370,Some-college,10,Married-civ-spouse,Craft-repair,Husband,White,Male,0,0,40,United-States,<=50K
30,Private,190385,Bachelors,12,Married-civ-spouse,Sales,Wife,White,Female,0,0,40,United-States,>50K
57,Private,291232,Some-college,10,Married-civ-spouse,Other-service,Husband,White,Male,0,0,45,United-States,<=50K.
30,Private,229744,1st-4th,2,Married-civ-spouse,Machine-op-inspct,Not-in-family,White,Male,3942,0,40,Mexico,<=50K
41,Private,227644,Some-college,10,Married-civ-spouse,Craft-repair,Husband,White,Male,0,0,40,United-States,<=50K
22,Private,116626,HS-grad,9,Never-married,Handlers-cleaners,Own-child,White,Male,0,1719,18,United-States,<=50K
74,Private,298699,HS-grad,10,Widowed,Transport-moving,Unmarried,White,Male,0,0,40,United-States,>50K.
25,Private,265628,Assoc-voc,12,Never-married,Handlers-cleaners,Not-in-family,White,Female,0,0,40,United-States,<=50K
53,Private,249409,Masters,14,Married-civ-spouse,Prof-specialty,Husband,Black,Male,0,0,35,United-States,<=50K
17,Self-emp-not-inc,240810,12th,6,Never-married,Craft-repair,Own-child,White,Male,0,0,40,United-States,<=50K
35,Private,99146,HS-grad,9,Married-civ-spouse,Transport-moving,Husband,White,Male,0,0,70,United-States,<=50K
58,Private,102701,HS-grad,9,Divorced,Transport-moving,Own-child,White,Male,0,0,40,United-States,<=50K.
19,Private,109108,Some-college,10,Divorced,Adm-clerical,Not-in-family,White,Female,0,0,20,United-States,<=50K
03,Private,100000,Masters,16,Married-civ-spouse,Prof-specialty,Husband,White,Male,0,0,37,United-States,>50K
20,Private,334032,Some-college,10,Never-married,Adm-clerical,Own-child,White,Female,0,0,40,United-States,<=50K.
52,Private,259363,HS-grad,9,Widowed,Craft-repair,Not-in-family,White,Male,0,0,50,United-States,<=50K
33,Private,138970,Some-college,10,Married-civ-spouse,Exec-managerial,Not-in-family,White,Male,0,0,40,United-States,>50K
23,Private,214236,Some-college,10,Never-married,Adm-clerical,Own-child,White,Female,0,0,24,United-States,<=50K
34,Private,137978,Bachelors,4,Married-civ-spouse,Transport-moving,Husband,White,Male,0,0,40,Mexico,<=50K
39,Private,129573,HS-grad,12,Married-civ-spouse,Craft-repair,Husband,White,Male,0,0,45,United-States,<=50K.
26,Private,36201,Bachelors,13,Married-civ-spouse,Sales,Not-in-family,White,Male,0,0,50,United-States,>50K
48,Private,247685,Some-college,10,Divorced,Sales,Own-child,White,Male,3325,0,35,United-States,<=50K
09,Private,142712,HS-grad,9,Never-married,Handlers-cleaners,Own-child,White,Male,0,0,40,United-States,<=50K
52,Private,259363,HS-grad,9,Married-civ-spouse,Exec-managerial,Husband,White,Male,0,0,50,United-States,>50K
52,Self-emp-inc,259363,HS-grad,9,Married-civ-spouse,Craft-repair,Husband,White,Male,2885,0,40,United-States,<=50K
30,Private,37215,Bachelors,13,Married-civ-spouse,Exec-managerial,Husband,White,Male,0,0,40,United-States,<=50K
06,Self-emp-not-inc,81941,Some-college,10,Married-civ-spouse,Exec-managerial,Husband,Asian-Pac-Islander,Male,0,0,40,Japan,>50K
48,Federal-gov,105670,Some-college,10,Married-spouse-absent,Exec-managerial,Not-in-family,White,Female,0,0,40,United-States,<=50K.
34,Private,386370,Some-college,10,Married-civ-spouse,Exec-managerial,Husband,White,Male,0,0,45,United-States,<=50K
20,Private,234640,Some-college,10,Never-married,Craft-repair,Own-child,White,Male,0,0,40,United-States,<=50K.
20,Private,95918,10th,6,Married-civ-spouse,Sales,Unmarried,White,Male,0,0,40,United-States,<=50K
32,Federal-gov,83413,Bachelors,13,Married-civ-spouse,Adm-clerical,Husband,White,Male,0,0,35,United-States,>50K
29,Private,257509,Some-college,10,Never-married,Sales,Not-in-family,White,Male,0,0,41,United-States,<=50K.
47,Private,159075,HS-grad,9,Divorced,Craft-repair,Not-in-family,White,Male,0,0,40,United-States,<=50K.
26,Private,233461,HS-grad,9,Married-civ-spouse,Transport-moving,Husband,White,Male,0,0,40,Mexico,<=50K
30,Private,325596,Bachelors,13,Never-married,Tech-support,Not-in-family,White,Male,0,0,55,United-States,>50K
25,Private,21424,Bachelors,13,Never-married,Other-service,Own-child,White,Male,0,0,40,United-States,<=50K
23,Private,214236,Some-college,10,Separated,Exec-managerial,Not-in-family,Amer-Indian-Eskimo,Female,0,0,40,United-States,<=50K.
59,Private,102193,HS-grad,9,Married-civ-spouse,Transport-moving,Husband,White,Male,0,0,65,United-States,<=50K
20,Local-gov,234640,Bachelors,10,Never-married,Exec-managerial,Own-child,White,Female,0,0,40,United-States,>50K
33,Private,168817,HS-grad,10,Never-married,Sales,Not-in-family,Asian-Pac-Islander,Male,0,0,40,South,<=50K.
33,Private,459189,Some-college,10,Married-civ-spouse,Sales,Not-in-family,Asian-Pac-Islander,Male,0,0,26,United-States,>50K
50,Private,279461,Some-college,16,Married-civ-spouse,Prof-specialty,Husband,White,Male,0,0,40,United-States,>50K
60,Private,69477,10th,6,Divorced,Farming-fishing,Not-in-family,White,Female,0,0,40,United-States,<=50K
57,Self-emp-not-inc,240810,12th,9,Never-married,Craft-repair,Own-child,White,Male,0,0,40,United-States,<=50K
23,Private,142528,Some-college,10,Never-married,Sales,Not-in-family,White,Male,0,0,20,United-States,<=50K
36,Federal-gov,131534,HS-grad,9,Never-married,Exec-managerial,Not-in-family,Black,Female,0,0,40,United-States,<=50K
25,Private,259363,Bachelors,13,Never-married,Craft-repair,Own-child,White,Male,0,0,50,United-States,>50K
27,Private,190391,HS-grad,9,Married-civ-spouse,Exec-managerial,Husband,White,Male,0,0,40,United-States,<=50K
28,Private,194472,Some-college,10,Married-civ-spouse,Adm-clerical,Own-child,White,Female,0,0,20,United-States,<=50K
42,Private,70037,Some-college,10,Never-married,Prof-specialty,Not-in-family,White,Male,0,0,50,United-States,<=50K.
52,Private,259363,12th,9,Never-married,Adm-clerical,Own-child,White,Male,0,0,50,United-States,>50K
49,Private,279461,Some-college,12,Married-civ-spouse,Sales,Husband,White,Female,0,0,40,United-States,>50K
34,Private,263339,HS-grad,10,Married-civ-spouse,Transport-moving,Husband,White,Male,0,0,40,United-States,<=50K
27,Private,180758,Some-college,10,Married-civ-spouse,Handlers-cleaners,Husband,White,Male,0,0,40,United-States,<=50K
45,Private,234640,HS-grad,9,Never-married,Adm-clerical,Own-child,White,Female,0,0,40,United-States,<=50K
32,Private,496743,Bachelors,13,Never-married,Prof-specialty,Own-child,White,Male,0,0,40,United-States,<=50K
32,Private,99146,HS-grad,9,Married-civ-spouse,Transport-moving,Husband,White,Male,2407,0,65,United-States,<=50K.
60,State-gov,113544,Bachelors,10,Married-civ-spouse,Exec-managerial,Husband,White,Male,0,0,50,United-States,<=50K
17,Private,275691,10th,11,Never-married,Transport-moving,Own-child,White,Male,0,0,35,United-States,<=50K
55,Private,96635,Some-college,10,Never-married,Adm-clerical,Not-in-family,Black,Male,0,0,40,United-States,<=50K.
47,Self-emp-not-inc,250097,HS-grad,9,Separated,Transport-moving,Not-in-family,Black,Male,0,0,50,United-States,>50K
34,Federal-gov,343052,HS-grad,4,Married-civ-spouse,Adm-clerical,Wife,White,Female,0,0,40,Mexico,<=50K
30,Private,110607,HS-grad,9,Divorced,Other-service,Not-in-family,White,Male,0,0,32,United-States,<=50K
36,Private,225172,HS-grad,9,Married-civ-spouse,Craft-repair,Husband,White,Male,0,0,40,United-States,>50K
43,Private,99146,HS-grad,9,Married-civ-spouse,Prof-specialty,Husband,White,Male,0,0,65,United-States,<=50K.
52,Private,50490,HS-grad,9,Married-civ-spouse,Sales,Husband,White,Male,0,0,45,United-States,>50K
22,Private,259363,HS-grad,9,Married-civ-spouse,Craft-repair,Wife,White,Female,0,0,40,United-States,<=50K.
28,Private,285294,Bachelors,13,Married-civ-spouse,Sales,Husband,White,Female,15024,0,40,United-States,>50K
25,Private,198813,Bachelors,13,Never-married,Exec-managerial,Husband,White,Male,0,1590,40,United-States,>50K.
47,Private,386136,HS-grad,12,Married-civ-spouse,Prof-specialty,Husband,White,Male,0,0,40,United-States,>50K
63,Private,376483,Assoc-acdm,13,Married-civ-spouse,Exec-managerial,Husband,White,Male,0,0,40,United-States,<=50K
28,Private,405793,Assoc-acdm,12,Married-civ-spouse,Tech-support,Husband,White,Male,0,0,45,United-States,>50K
52,Private,46442,HS-grad,9,Married-civ-spouse,Prof-specialty,Wife,White,Female,0,0,50,United-States,>50K
30,Local-gov,102926,HS-grad,9,Divorced,Sales,Unmarried,White,Female,0,0,40,Mexico,<=50K
30,Private,137367,11th,11,Married-civ-spouse,Handlers-cleaners,Not-in-family,Asian-Pac-Islander,Male,0,0,40,India,<=50K
25,Private,259363,HS-grad,9,Married-civ-spouse,Craft-repair,Husband,White,Male,0,0,50,United-States,>50K
34,Private,257509,Some-college,10,Divorced,Sales,Not-in-family,White,Female,0,0,48,Iran,<=50K
23,Private,257509,Some-college,10,Never-married,Adm-clerical,Own-child,White,Male,0,0,25,United-States,<=50K
24,Private,154165,9th,9,Divorced,Other-service,Own-child,White,Female,0,0,20,United-States,<=50K
25,Private,33427,Some-college,10,Never-married,Farming-fishing,Own-child,White,Male,0,0,40,United-States,<=50K
36,Private,178449,HS-grad,13,Never-married,Prof-specialty,Not-in-family,White,Female,0,0,50,United-States,<=50K
33,Private,96635,Some-college,10,Never-married,Sales,Not-in-family,Asian-Pac-Islander,Male,0,0,26,South,<=50K
36,Federal-gov,316582,HS-grad,9,Married-civ-spouse,Machine-op-inspct,Wife,White,Female,7298,0,45,United-States,>50K.
33,Private,214236,Some-college,10,Never-married,Other-service,Not-in-family,White,Female,0,0,40,United-States,<=50K
35,Private,397307,Masters,14,Married-civ-spouse,Exec-managerial,Not-in-family,White,Female,0,0,40,United-States,<=50K
41,Private,99146,HS-grad,9,Separated,Exec-managerial,Husband,White,Male,0,0,65,United-States,<=50K
21,Private,243000,HS-grad,9,Married-spouse-absent,Sales,Own-child,White,Female,0,0,40,United-States,<=50K
29,Private,249409,Masters,14,Married-civ-spouse,Prof-specialty,Wife,Asian-Pac-Islander,Female,0,0,35,United-States,>50K
33,Private,217235,HS-grad,9,Married-civ-spouse,Transport-moving,Husband,White,Male,0,0,20,United-States,<=50K
37,Private,198216,Assoc-acdm,12,Divorced,Other-service,Not-in-family,White,Male,0,0,40,United-States,<=50K
01,Private,334026,11th,11,Never-married,Craft-repair,Not-in-family,White,Male,0,0,25,United-States,<=50K
71,Private,283889,HS-grad,9,Married-spouse-absent,Sales,Not-in-family,White,Male,0,1816,35,United-States,<=50K
40,Private,259363,HS-grad,9,Married-civ-spouse,Craft-repair,Husband,White,Male,0,0,40,United-States,>50K
25,Private,127003,9th,5,Never-married,Handlers-cleaners,Own-child,Black,Male,0,0,40,United-States,<=50K
40,Private,89226,Bachelors,13,Married-civ-spouse,Sales,Husband,White,Male,0,0,40,United-States,>50K
37,Private,34173,HS-grad,9,Married-civ-spouse,Other-service,Wife,White,Male,2407,0,25,United-States,<=50K
20,Private,176486,Assoc-voc,10,Never-married,Adm-clerical,Own-child,White,Female,0,0,36,United-States,<=50K
19,Private,94366,10th,10,Never-married,Adm-clerical,Own-child,White,Female,594,0,20,United-States,<=50K
40,Local-gov,104235,Bachelors,13,Married-civ-spouse,Prof-specialty,Husband,White,Male,0,2051,40,United-States,<=50K
30,Private,325596,Bachelors,13,Never-married,Tech-support,Not-in-family,White,Male,0,0,55,United-States,>50K
36,Private,298699,Prof-school,15,Married-civ-spouse,Exec-managerial,Husband,White,Male,0,0,50,United-States,>50K.
30,Private,198270,7th-8th,12,Widowed,Prof-specialty,Not-in-family,White,Female,0,0,44,United-States,<=50K
59,Private,147989,HS-grad,9,Married-civ-spouse,Other-service,Husband,White,Male,0,0,40,United-States,<=50K
38,State-gov,172893,Some-college,10,Separated,Exec-managerial,Not-in-family,White,Female,0,0,45,United-States,<=50K
44,Self-emp-not-inc,456236,Some-college,10,Divorced,Other-service,Own-child,White,Male,0,0,45,United-States,>50K
34,Private,386370,Some-college,10,Married-civ-spouse,Craft-repair,Husband,White,Male,0,0,40,United-States,<=50K
18,Private,19117,HS-grad,7,Never-married,Sales,Own-child,White,Male,0,0,25,United-States,<=50K
20,State-gov,31380,HS-grad,12,Never-married,Adm-clerical,Not-in-family,White,Male,0,0,40,United-States,<=50K.
60,Private,134570,5th-6th,3,Married-civ-spouse,Transport-moving,Husband,White,Male,0,0,65,Mexico,<=50K
34,Private,84535,Some-college,10,Divorced,Sales,Not-in-family,White,Female,0,0,48,United-States,<=50K
37,Private,152909,HS-grad,13,Married-civ-spouse,Craft-repair,Husband,White,Male,0,0,40,United-States,>50K
50,Private,199419,Some-college,10,Never-married,Machine-op-inspct,Not-in-family,White,Female,0,0,40,United-States,<=50K
31,Local-gov,284086,Masters,11,Married-civ-spouse,Prof-specialty,Husband,White,Male,0,0,45,United-States,<=50K
52,Private,259363,HS-grad,9,Married-civ-spouse,Craft-repair,Not-in-family,White,Male,0,0,50,United-States,>50K
59,Private,298699,Assoc-acdm,5,Married-civ-spouse,Exec-managerial,Husband,White,Male,0,0,40,United-States,<=50K.
54,Private,194580,Assoc-voc,12,Married-civ-spouse,Sales,Husband,White,Male,0,0,40,United-States,>50K
60,Private,201965,HS-grad,9,Separated,Machine-op-inspct,Not-in-family,Black,Male,0,0,50,United-States,>50K
36,Private,109133,HS-grad,12,Married-civ-spouse,Craft-repair,Husband,White,Male,0,0,40,United-States,>50K
25,Private,163396,Some-college,10,Married-civ-spouse,Tech-support,Not-in-family,White,Male,0,0,50,United-States,<=50K
22,Private,190137,HS-grad,9,Married-civ-spouse,Sales,Own-child,White,Male,0,0,40,United-States,>50K.
60,Private,53707,Some-college,10,Married-civ-spouse,Prof-specialty,Husband,White,Male,0,0,40,United-States,<=50K
52,Private,173004,HS-grad,9,Married-civ-spouse,Craft-repair,Other-relative,Black,Male,0,0,50,United-States,>50K
41,Private,171615,9th,12,Separated,Machine-op-inspct,Husband,White,Female,0,0,45,United-States,>50K
33,Private,158416,Bachelors,13,Never-married,Exec-managerial,Not-in-family,White,Male,0,0,40,United-States,<=50K
50,Private,279461,Some-college,3,Married-civ-spouse,Craft-repair,Husband,White,Male,0,0,40,United-States,<=50K
42,Private,135056,HS-grad,9,Married-civ-spouse,Transport-moving,Husband,White,Male,0,0,65,United-States,<=50K
28,Self-emp-not-inc,215190,11th,7,Never-married,Sales,Own-child,White,Male,0,0,40,United-States,<=50K
25,Self-emp-inc,120126,Some-college,10,Married-civ-spouse,Exec-managerial,Husband,White,Male,0,0,40,United-States,<=50K
50,Private,97863,Some-college,11,Married-civ-spouse,Adm-clerical,Husband,White,Male,5178,0,40,United-States,>50K
48,Private,183610,HS-grad,11,Divorced,Tech-support,Not-in-family,White,Female,0,0,45,United-States,<=50K.
39,Private,99146,Bachelors,13,Married-civ-spouse,Transport-moving,Husband,White,Male,0,0,65,United-States,<=50K.
28,Local-gov,304960,Assoc-acdm,10,Never-married,Adm-clerical,Not-in-family,White,Female,0,1980,40,United-States,<=50K
25,Private,129766,Some-college,10,Never-married,Other-service,Own-child,White,Male,0,0,40,United-States,<=50K
36,Private,35945,Some-college,4,Married-civ-spouse,Machine-op-inspct,Husband,White,Male,0,0,45,United-States,<=50K
43,Self-emp-inc,48087,HS-grad,9,Married-civ-spouse,Craft-repair,Husband,White,Male,0,0,40,United-States,<=50K
23,Private,214236,Some-college,10,Never-married,Craft-repair,Not-in-family,White,Male,0,0,40,United-States,<=50K.
57,Private,239284,HS-grad,9,Divorced,Adm-clerical,Unmarried,White,Female,0,0,40,United-States,<=50K
32,Private,207415,Assoc-acdm,12,Married-civ-spouse,Sales,Wife,White,Female,0,0,25,United-States,<=50K
32,Private,167848,HS-grad,9,Never-married,Craft-repair,Not-in-family,Black,Male,0,0,50,United-States,<=50K
36,Private,82488,Bachelors,13,Married-civ-spouse,Adm-clerical,Husband,Asian-Pac-Islander,Female,0,0,40,Philippines,>50K
52,Private,254230,9th,9,Married-civ-spouse,Transport-moving,Husband,White,Male,0,0,45,United-States,>50K.
20,Private,234640,Masters,14,Never-married,Adm-clerical,Own-child,White,Female,0,0,45,United-States,>50K
20,Private,183802,HS-grad,10,Never-married,Transport-moving,Own-child,White,Male,0,0,35,United-States,<=50K
48,Private,70668,10th,10,Never-married,Priv-house-serv,Other-relative,White,Female,0,0,40,United-States,<=50K
32,Private,137606,HS-grad,9,Married-civ-spouse,Transport-moving,Husband,White,Male,0,0,40,United-States,<=50K
38,Private,180220,HS-grad,9,Married-civ-spouse,Craft-repair,Husband,White,Male,0,0,60,United-States,<=50K
42,Private,191196,Some-college,10,Divorced,Adm-clerical,Not-in-family,White,Male,0,60,40,United-States,<=50K
30,Private,123456,HS-grad,9,Never-married,Tech-support,Not-in-family,Black,Male,0,0,40,United-States,<=50K.
41,Private,171615,HS-grad,12,Married-civ-spouse,Tech-support,Husband,White,Male,0,0,45,United-States,>50K
33,Private,1731,Assoc-voc,11,Married-civ-spouse,Craft-repair,Husband,Black,Male,0,0,40,United-States,<=50K
25,Private,95902,Assoc-acdm,12,Married-civ-spouse,Sales,Wife,Black,Female,0,0,40,United-States,<=50K
21,Private,314182,Some-college,12,Never-married,Other-service,Not-in-family,White,Male,0,0,40,United-States,<=50K
33,Private,96635,Some-college,10,Never-married,Exec-managerial,Not-in-family,Asian-Pac-Islander,Male,0,0,40,South,<=50K
33,Private,133963,HS-grad,10,Never-married,Sales,Not-in-family,Asian-Pac-Islander,Female,0,0,26,United-States,<=50K
23,Private,214236,Masters,14,Never-married,Sales,Not-in-family,White,Female,27828,0,40,United-States,>50K
34,Private,386370,Some-college,10,Married-civ-spouse,Craft-repair,Husband,Black,Male,1471,0,40,United-States,<=50K
19,Private,201393,Some-college,10,Divorced,Adm-clerical,Own-child,White,Male,594,0,20,United-States,<=50K
29,Private,568490,HS-grad,9,Married-civ-spouse,Craft-repair,Husband,White,Male,0,0,50,United-States,<=50K
53,Private,298699,Assoc-acdm,14,Divorced,Exec-managerial,Husband,White,Male,0,0,40,United-States,<=50K
52,Local-gov,296537,HS-grad,9,Married-civ-spouse,Craft-repair,Husband,White,Male,0,0,50,United-States,>50K
50,Self-emp-inc,191540,Bachelors,13,Married-civ-spouse,Sales,Husband,White,Male,0,0,50,United-States,>50K
58,Private,222248,11th,9,Married-civ-spouse,Craft-repair,Husband,White,Male,0,0,50,United-States,<=50K
20,Private,234640,HS-grad,10,Never-married,Adm-clerical,Own-child,Asian-Pac-Islander,Male,0,0,40,United-States,<=50K.
31,Private,99146,HS-grad,9,Separated,Transport-moving,Husband,White,Female,0,2238,65,United-States,<=50K.
29,Private,169544,HS-grad,9,Married-civ-spouse,Transport-moving,Husband,White,Male,5178,0,40,United-States,<=50K
20,Private,19176,Some-college,12,Married-civ-spouse,Sales,Wife,White,Female,0,0,40,United-States,<=50K
52,Self-emp-inc,259363,Bachelors,13,Married-civ-spouse,Exec-managerial,Husband,White,Male,0,0,50,Germany,>50K
57,Private,109638,Some-college,10,Married-civ-spouse,Exec-managerial,Husband,White,Male,0,1672,45,United-States,>50K
33,Private,158416,HS-grad,9,Never-married,Handlers-cleaners,Husband,White,Male,0,0,30,United-States,<=50K.
46,Self-emp-inc,101200,Bachelors,13,Married-civ-spouse,Sales,Husband,White,Male,0,0,50,United-States,>50K
44,Private,138077,Bachelors,13,Divorced,Adm-clerical,Unmarried,White,Female,0,0,40,United-States,<=50K
34,Self-emp-inc,249409,Masters,14,Married-civ-spouse,Craft-repair,Husband,White,Male,0,0,35,United-States,<=50K.
19,Private,50171,HS-grad,10,Married-civ-spouse,Adm-clerical,Own-child,White,Female,594,0,20,United-States,<=50K
63,Private,99146,HS-grad,9,Married-civ-spouse,Prof-specialty,Wife,White,Female,0,0,50,United-States,<=50K.
40,Private,249409,Masters,14,Married-spouse-absent,Prof-specialty,Husband,Other,Male,0,0,35,United-States,<=50K
01,Private,13476,HS-grad,12,Never-married,Sales,Own-child,White,Female,0,0,20,United-States,<=50K.
63,Private,186809,Bachelors,13,Never-married,Sales,Not-in-family,White,Male,30,0,40,United-States,>50K
19,Private,403121,HS-grad,10,Divorced,Adm-clerical,Own-child,White,Female,0,0,20,United-States,<=50K
34,Private,99146,HS-grad,9,Married-civ-spouse,Sales,Husband,White,Male,0,0,65,United-States,<=50K
39,Self-emp-inc,135500,HS-grad,9,Married-civ-spouse,Exec-managerial,Husband,White,Male,0,1977,50,United-States,>50K
25,Private,334267,Masters,14,Never-married,Prof-specialty,Not-in-family,White,Male,0,0,45,United-States,<=50K.
52,Self-emp-inc,259363,HS-grad,9,Married-civ-spouse,Craft-repair,Husband,Asian-Pac-Islander,Male,7688,0,40,United-States,>50K
33,Private,158416,HS-grad,9,Never-married,Craft-repair,Not-in-family,White,Male,0,0,40,United-States,<=50K
28,Private,245487,10th,9,Married-civ-spouse,Transport-moving,Unmarried,White,Male,0,0,40,Mexico,<=50K
24,Private,215797,HS-grad,9,Married-civ-spouse,Tech-support,Not-in-family,White,Male,0,0,50,United-States,<=50K
34,Private,66500,Bachelors,13,Married-civ-spouse,Prof-specialty,Husband,White,Male,0,0,40,United-States,<=50K.
59,Private,99131,HS-grad,9,Widowed,Exec-managerial,Husband,White,Female,0,0,40,United-States,>50K
61,Private,259363,HS-grad,9,Married-civ-spouse,Craft-repair,Other-relative,White,Female,0,0,50,United-States,<=50K.
28,Private,99146,Bachelors,9,Married-civ-spouse,Transport-moving,Husband,White,Male,0,0,50,United-States,<=50K
23,Private,123456,HS-grad,9,Never-married,Exec-managerial,Own-child,White,Male,0,0,75,United-States,<=50K
50,Private,279461,Some-college,9,Married-civ-spouse,Transport-moving,Husband,White,Male,0,0,40,United-States,>50K
36,Private,259363,HS-grad,9,Never-married,Craft-repair,Own-child,White,Female,0,0,40,United-States,<=50K
72,Private,205343,11th,7,Widowed,Adm-clerical,Unmarried,White,Female,0,0,40,United-States,<=50K
33,Private,96635,HS-grad,10,Never-married,Sales,Not-in-family,Asian-Pac-Islander,Female,0,0,40,South,<=50K
32,Private,178449,HS-grad,9,Never-married,Craft-repair,Not-in-family,White,Male,0,0,50,United-States,<=50K.
40,Private,234640,HS-grad,9,Married-civ-spouse,Prof-specialty,Wife,White,Female,0,0,40,United-States,>50K
32,Private,121468,Assoc-voc,11,Never-married,Exec-managerial,Other-relative,Asian-Pac-Islander,Female,0,0,40,United-States,<=50K
25,Private,660870,Assoc-acdm,13,Never-married,Handlers-cleaners,Not-in-family,White,Female,0,0,60,United-States,<=50K
08,Private,184693,Some-college,10,Never-married,Other-service,Own-child,White,Female,0,0,20,United-States,<=50K
20,Private,95918,HS-grad,5,Married-civ-spouse,Adm-clerical,Unmarried,White,Male,0,0,40,United-States,<=50K
21,Private,99146,Assoc-voc,11,Never-married,Transport-moving,Own-child,White,Male,0,0,40,United-States,<=50K
37,Private,179731,HS-grad,9,Never-married,Other-service,Unmarried,White,Female,0,0,35,United-States,<=50K
46,Private,257509,Some-college,10,Never-married,Transport-moving,Not-in-family,White,Male,0,0,50,United-States,<=50K
34,State-gov,245487,HS-grad,4,Married-civ-spouse,Transport-moving,Not-in-family,White,Male,0,0,40,Mexico,>50K
36,Local-gov,217414,Some-college,10,Divorced,Protective-serv,Own-child,White,Male,0,0,35,United-States,<=50K
38,Private,107164,Some-college,9,Married-civ-spouse,Craft-repair,Husband,White,Male,0,0,50,United-States,>50K.
34,Private,386370,HS-grad,10,Divorced,Craft-repair,Not-in-family,White,Male,0,0,40,United-States,<=50K.
44,Private,50490,Doctorate,9,Married-civ-spouse,Sales,Husband,White,Male,0,0,50,United-States,>50K.
36,Private,154165,12th,12,Divorced,Exec-managerial,Own-child,White,Female,0,0,40,United-States,<=50K
50,Private,279461,Some-college,3,Married-civ-spouse,Machine-op-inspct,Husband,White,Male,0,0,40,United-States,>50K
48,Private,440706,HS-grad,4,Divorced,Machine-op-inspct,Not-in-family,White,Male,0,0,40,United-States,>50K
48,Private,152909,Bachelors,13,Married-civ-spouse,Exec-managerial,Husband,White,Male,0,0,45,United-States,>50K
28,Private,459463,Bachelors,8,Married-civ-spouse,Other-service,Unmarried,Black,Female,0,0,50,United-States,<=50K
27,Private,298699,Assoc-acdm,13,Married-civ-spouse,Exec-managerial,Husband,White,Male,0,0,40,United-States,>50K.
19,Private,98436,Masters,10,Married-civ-spouse,Adm-clerical,Own-child,White,Male,594,0,20,United-States,<=50K
33,Private,96635,Some-college,10,Never-married,Machine-op-inspct,Other-relative,Asian-Pac-Islander,Male,0,0,1,United-States,<=50K
22,Private,99146,9th,5,Married-civ-spouse,Transport-moving,Husband,White,Male,0,0,65,United-States,<=50K.
49,Private,99146,Masters,14,Married-civ-spouse,Adm-clerical,Husband,White,Male,0,0,40,Italy,<=50K
47,Self-emp-not-inc,171968,Assoc-voc,13,Never-married,Sales,Own-child,Asian-Pac-Islander,Female,0,0,60,Thailand,<=50K.
25,Private,168223,Assoc-acdm,10,Never-married,Handlers-cleaners,Unmarried,White,Male,0,0,40,United-States,<=50K
20,Private,262749,Some-college,10,Never-married,Adm-clerical,Own-child,White,Male,594,0,35,United-States,<=50K
22,Private,98675,HS-grad,9,Never-married,Other-service,Own-child,White,Female,0,0,20,United-States,<=50K
37,Private,152909,Bachelors,13,Divorced,Machine-op-inspct,Unmarried,White,Male,0,0,45,United-States,>50K
40,Private,53800,12th,12,Never-married,Prof-specialty,Unmarried,White,Female,0,0,40,United-States,<=50K
25,Private,82699,Assoc-acdm,15,Never-married,Handlers-cleaners,Own-child,Black,Female,13550,0,70,United-States,<=50K
51,Private,259363,HS-grad,9,Married-civ-spouse,Prof-specialty,Not-in-family,White,Male,0,0,50,United-States,>50K
20,Private,380560,HS-grad,9,Never-married,Farming-fishing,Other-relative,White,Female,0,0,40,Mexico,<=50K
35,Private,117779,HS-grad,9,Married-civ-spouse,Machine-op-inspct,Wife,White,Female,0,0,40,United-States,>50K
52,Private,259363,Some-college,10,Never-married,Craft-repair,Unmarried,White,Male,0,0,50,United-States,<=50K
34,Private,386370,Some-college,10,Never-married,Other-service,Not-in-family,White,Female,0,0,40,United-States,<=50K
52,Private,259363,7th-8th,9,Married-civ-spouse,Craft-repair,Husband,White,Male,0,0,50,United-States,<=50K.
22,Private,510072,Some-college,10,Married-civ-spouse,Adm-clerical,Own-child,White,Female,0,0,40,United-States,>50K
36,Private,81259,HS-grad,12,Divorced,Craft-repair,Not-in-family,White,Male,0,0,45,United-States,<=50K.
38,Private,123456,HS-grad,12,Separated,Transport-moving,Unmarried,Black,Female,0,0,30,United-States,>50K
33,Private,91996,Some-college,10,Divorced,Adm-clerical,Not-in-family,White,Female,0,0,40,United-States,<=50K
73,Self-emp-not-inc,130391,HS-grad,9,Never-married,Other-service,Not-in-family,White,Female,0,0,36,United-States,<=50K
34,Private,82566,Assoc-acdm,10,Married-civ-spouse,Sales,Husband,White,Male,0,0,45,United-States,<=50K
33,Private,32372,Bachelors,12,Married-civ-spouse,Sales,Husband,White,Male,0,1672,40,United-States,<=50K
23,Private,115945,Bachelors,13,Never-married,Tech-support,Own-child,White,Female,0,0,40,United-States,<=50K.
38,Private,166585,HS-grad,9,Never-married,Exec-managerial,Not-in-family,White,Female,0,0,40,United-States,<=50K.
34,State-gov,239256,Some-college,10,Married-civ-spouse,Adm-clerical,Husband,White,Male,0,0,40,United-States,<=50K
25,Private,278553,Bachelors,13,Married-civ-spouse,Prof-specialty,Husband,Black,Male,0,0,38,United-States,<=50K
34,Private,245487,HS-grad,4,Never-married,Handlers-cleaners,Own-child,White,Male,0,0,45,United-States,<=50K
25,Private,174063,Some-college,10,Never-married,Adm-clerical,Own-child,White,Male,0,0,40,United-States,<=50K
32,Private,178449,HS-grad,9,Never-married,Craft-repair,Not-in-family,White,Male,2407,0,50,United-States,<=50K.
34,Private,249409,Masters,9,Married-civ-spouse,Tech-support,Not-in-family,Black,Male,0,0,40,United-States,<=50K.
20,Self-emp-not-inc,285575,Some-college,10,Married-civ-spouse,Exec-managerial,Husband,White,Male,0,0,40,China,<=50K
41,Local-gov,168539,HS-grad,9,Married-civ-spouse,Protective-serv,Husband,White,Male,0,0,40,United-States,<=50K.
32,Private,32174,9th,5,Married-spouse-absent,Other-service,Wife,White,Female,0,0,54,United-States,<=50K.
40,Private,188942,Some-college,10,Married-civ-spouse,Adm-clerical,Wife,Black,Female,594,0,40,Puerto-Rico,<=50K
21,Private,259363,HS-grad,9,Never-married,Adm-clerical,Not-in-family,White,Female,0,0,40,United-States,<=50K
34,State-gov,297551,Some-college,10,Married-civ-spouse,Prof-specialty,Husband,White,Male,0,0,52,United-States,<=50K
04,Private,206833,Some-college,9,Separated,Handlers-cleaners,Unmarried,White,Female,0,0,20,United-States,<=50K
22,Private,386370,Some-college,10,Never-married,Adm-clerical,Own-child,White,Male,0,0,38,United-States,<=50K
32,Private,86723,HS-grad,9,Never-married,Other-service,Not-in-family,White,Male,0,0,40,United-States,<=50K
33,Private,96635,Some-college,9,Never-married,Machine-op-inspct,Not-in-family,Asian-Pac-Islander,Male,0,0,26,South,<=50K
52,Private,259363,HS-grad,9,Married-civ-spouse,Sales,Wife,White,Male,0,0,15,United-States,>50K
20,Local-gov,95918,9th,5,Married-civ-spouse,Transport-moving,Husband,White,Male,0,0,40,United-States,<=50K
31,Private,163516,Some-college,10,Widowed,Adm-clerical,Own-child,White,Female,0,0,20,United-States,<=50K
25,Private,17676,HS-grad,12,Never-married,Farming-fishing,Not-in-family,White,Male,0,0,40,United-States,<=50K
04,Private,23381,Assoc-voc,10,Married-civ-spouse,Adm-clerical,Husband,White,Male,0,0,40,United-States,<=50K
25,Private,168539,HS-grad,9,Never-married,Craft-repair,Own-child,White,Male,0,0,40,United-States,<=50K
20,Private,117747,Bachelors,10,Divorced,Other-service,Own-child,Asian-Pac-Islander,Female,0,0,40,United-States,<=50K
36,Self-emp-not-inc,119272,Some-college,9,Married-civ-spouse,Sales,Husband,Asian-Pac-Islander,Male,0,0,40,Philippines,<=50K.
29,Private,103634,HS-grad,9,Never-married,Sales,Unmarried,White,Male,0,0,35,United-States,<=50K.
40,Private,95639,Bachelors,9,Separated,Craft-repair,Husband,White,Male,0,0,45,United-States,>50K
50,Private,343014,Some-college,10,Married-civ-spouse,Exec-managerial,Husband,Black,Male,0,0,40,United-States,<=50K
46,Private,180505,HS-grad,9,Married-civ-spouse,Exec-managerial,Wife,White,Female,0,0,40,United-States,>50K
34,Private,386370,9th,5,Married-civ-spouse,Craft-repair,Husband,Other,Male,0,0,40,United-States,<=50K
50,Private,29235,10th,6,Never-married,Farming-fishing,Other-relative,White,Female,0,0,20,United-States,<=50K.
33,Private,234328,Bachelors,9,Divorced,Sales,Not-in-family,White,Male,0,0,40,Columbia,<=50K.
30,Private,262749,HS-grad,10,Married-civ-spouse,Machine-op-inspct,Own-child,White,Male,0,0,35,United-States,<=50K
24,Private,154165,9th,9,Divorced,Prof-specialty,Own-child,White,Male,0,0,40,Mexico,<=50K
03,Private,38000,HS-grad,9,Never-married,Adm-clerical,Not-in-family,White,Male,0,0,40,United-States,<=50K
31,Private,34572,Some-college,11,Married-civ-spouse,Handlers-cleaners,Husband,White,Male,0,0,45,United-States,<=50K
25,Private,243190,Assoc-acdm,10,Never-married,Handlers-cleaners,Own-child,Asian-Pac-Islander,Male,0,0,20,United-States,<=50K
20,Federal-gov,72338,Assoc-voc,11,Never-married,Adm-clerical,Other-relative,White,Male,0,0,40,United-States,<=50K
22,Private,190137,HS-grad,9,Never-married,Sales,Own-child,White,Male,0,0,40,United-States,<=50K
33,Private,105821,Some-college,10,Married-civ-spouse,Sales,Husband,Asian-Pac-Islander,Male,5178,0,26,United-States,>50K
37,Private,188571,HS-grad,9,Married-civ-spouse,Transport-moving,Husband,White,Male,0,0,40,United-States,<=50K.
50,Self-emp-not-inc,259363,HS-grad,9,Married-civ-spouse,Craft-repair,Husband,White,Male,99999,0,50,United-States,>50K
33,Private,198660,HS-grad,9,Married-civ-spouse,Machine-op-inspct,Husband,White,Male,99999,0,56,United-States,>50K
50,Private,279461,Some-college,9,Married-civ-spouse,Craft-repair,Husband,White,Male,0,0,40,United-States,<=50K.
58,Private,317479,HS-grad,9,Divorced,Sales,Not-in-family,Black,Female,0,0,40,United-States,<=50K
52,Private,144172,HS-grad,12,Married-civ-spouse,Craft-repair,Wife,White,Female,0,0,50,United-States,<=50K
34,Private,309620,Some-college,10,Married-civ-spouse,Sales,Husband,Other,Male,0,0,60,United-States,<=50K
34,Private,245487,10th,4,Married-civ-spouse,Transport-moving,Other-relative,White,Male,0,0,45,Mexico,<=50K
25,Local-gov,236977,Masters,9,Divorced,Prof-specialty,Unmarried,White,Female,0,0,40,United-States,<=50K
44,Private,259363,HS-grad,10,Married-civ-spouse,Craft-repair,Husband,White,Male,0,0,60,United-States,>50K
36,Private,89508,Some-college,10,Married-civ-spouse,Prof-specialty,Husband,White,Male,0,0,48,United-States,>50K.
34,Private,386370,Doctorate,10,Never-married,Prof-specialty,Not-in-family,White,Male,0,0,40,Taiwan,<=50K
44,Private,176240,Masters,14,Married-civ-spouse,Exec-managerial,Husband,White,Male,0,0,40,United-States,<=50K.
65,Private,71075,Some-college,10,Divorced,Sales,Not-in-family,White,Female,0,0,20,United-States,<=50K
25,Private,259336,Assoc-acdm,9,Never-married,Other-service,Own-child,White,Male,0,0,40,Peru,<=50K
25,Private,197757,Bachelors,13,Never-married,Prof-specialty,Not-in-family,Asian-Pac-Islander,Female,0,0,40,Philippines,<=50K
52,Private,259363,HS-grad,9,Married-civ-spouse,Craft-repair,Husband,White,Male,0,0,50,United-States,<=50K.
34,Private,269722,Bachelors,10,Married-civ-spouse,Exec-managerial,Husband,White,Male,0,0,70,United-States,>50K
39,Private,163392,HS-grad,9,Married-civ-spouse,Sales,Husband,Asian-Pac-Islander,Male,0,0,40,United-States,>50K
55,Private,202558,Assoc-voc,11,Married-civ-spouse,Tech-support,Other-relative,White,Female,0,0,40,United-States,>50K.
20,Private,95918,HS-grad,9,Married-civ-spouse,Craft-repair,Husband,White,Male,0,0,40,United-States,<=50K
47,Private,202558,Assoc-voc,11,Married-civ-spouse,Adm-clerical,Other-relative,White,Female,2174,0,40,United-States,<=50K
59,Self-emp-not-inc,190997,10th,6,Married-civ-spouse,Exec-managerial,Husband,White,Male,0,0,40,United-States,<=50K.
22,Private,190137,HS-grad,9,Never-married,Sales,Not-in-family,White,Male,0,0,24,United-States,<=50K
36,Private,133278,Some-college,8,Separated,Sales,Not-in-family,Black,Female,0,0,26,United-States,<=50K
34,Self-emp-not-inc,89508,Some-college,4,Married-civ-spouse,Transport-moving,Husband,Amer-Indian-Eskimo,Male,3908,0,45,United-States,<=50K
26,Private,214236,Some-college,10,Married-civ-spouse,Handlers-cleaners,Husband,White,Male,0,0,40,United-States,>50K
32,Local-gov,314375,HS-grad,9,Married-civ-spouse,Protective-serv,Husband,White,Male,0,0,30,United-States,<=50K.
25,Private,96244,Some-college,10,Never-married,Adm-clerical,Own-child,White,Male,0,0,45,United-States,<=50K
43,Private,152629,HS-grad,9,Married-civ-spouse,Craft-repair,Husband,White,Male,0,0,40,United-States,<=50K
19,Private,187570,HS-grad,9,Never-married,Transport-moving,Own-child,White,Male,0,0,20,United-States,<=50K
33,Private,96635,Some-college,10,Never-married,Sales,Not-in-family,Asian-Pac-Islander,Male,0,0,26,South,<=50K
09,Private,157569,HS-grad,9,Married-civ-spouse,Other-service,Husband,White,Male,0,0,40,United-States,<=50K.
33,Private,214236,HS-grad,9,Never-married,Other-service,Not-in-family,White,Female,0,0,40,United-States,<=50K.
33,Private,96635,Some-college,10,Divorced,Craft-repair,Not-in-family,White,Female,0,0,26,South,<=50K
20,Private,234640,HS-grad,9,Never-married,Adm-clerical,Not-in-family,White,Female,0,0,40,United-States,<=50K
95,Self-emp-not-inc,343631,HS-grad,9,Married-civ-spouse,Craft-repair,Husband,Asian-Pac-Islander,Male,0,0,40,United-States,<=50K.
58,Private,215190,Bachelors,13,Married-civ-spouse,Prof-specialty,Husband,White,Male,0,0,55,United-States,<=50K
25,Private,131463,Some-college,10,Married-civ-spouse,Sales,Own-child,White,Male,0,0,40,United-States,<=50K
23,Private,207621,HS-grad,9,Never-married,Adm-clerical,Own-child,White,Female,0,0,40,United-States,<=50K.
45,Private,154165,HS-grad,9,Divorced,Other-service,Own-child,White,Female,0,0,60,United-States,<=50K
52,Private,259363,HS-grad,9,Married-civ-spouse,Craft-repair,Husband,White,Male,0,0,50,United-States,>50K
20,Private,142616,HS-grad,10,Never-married,Adm-clerical,Own-child,White,Female,0,0,40,United-States,<=50K
44,Federal-gov,786418,HS-grad,9,Married-civ-spouse,Transport-moving,Husband,White,Male,0,0,50,United-States,<=50K.
30,Private,49278,Bachelors,13,Never-married,Adm-clerical,Unmarried,White,Female,0,0,40,United-States,>50K
32,Private,259363,HS-grad,9,Married-civ-spouse,Sales,Own-child,White,Male,0,0,40,United-States,<=50K.
45,Private,54611,HS-grad,9,Married-civ-spouse,Machine-op-inspct,Unmarried,Black,Female,0,0,40,United-States,<=50K
33,Local-gov,286967,Some-college,10,Married-civ-spouse,Sales,Not-in-family,White,Male,0,0,45,United-States,<=50K
36,Private,99146,HS-grad,9,Married-civ-spouse,Handlers-cleaners,Husband,White,Male,0,0,50,Italy,<=50K
41,Self-emp-not-inc,33474,Bachelors,13,Married-civ-spouse,Prof-specialty,Husband,White,Male,2829,0,60,United-States,<=50K.
24,Self-emp-not-inc,31606,HS-grad,9,Married-civ-spouse,Craft-repair,Other-relative,White,Female,0,0,20,United-States,>50K
51,Self-emp-not-inc,136708,HS-grad,9,Never-married,Craft-repair,Own-child,White,Male,3103,0,40,Vietnam,<=50K
23,Private,212803,Some-college,10,Never-married,Prof-specialty,Not-in-family,White,Male,0,0,35,United-States,<=50K
53,Private,47151,HS-grad,9,Never-married,Other-service,Not-in-family,White,Female,0,0,40,United-States,<=50K
30,Private,99146,HS-grad,9,Married-civ-spouse,Transport-moving,Husband,White,Male,0,2002,65,United-States,<=50K.
39,Private,11738,HS-grad,12,Never-married,Tech-support,Not-in-family,White,Male,0,0,40,England,<=50K
33,Private,96635,HS-grad,10,Divorced,Exec-managerial,Unmarried,Asian-Pac-Islander,Female,0,0,26,United-States,<=50K
69,Private,269499,HS-grad,9,Widowed,Other-service,Not-in-family,White,Female,0,0,40,United-States,<=50K
43,Private,184105,HS-grad,9,Married-civ-spouse,Handlers-cleaners,Husband,White,Male,0,0,40,United-States,<=50K
06,Private,321403,HS-grad,9,Widowed,Other-service,Other-relative,Black,Male,0,0,40,United-States,<=50K
34,Private,386370,Assoc-acdm,12,Married-civ-spouse,Craft-repair,Husband,White,Male,0,0,52,United-States,<=50K
53,Private,259363,HS-grad,9,Divorced,Craft-repair,Not-in-family,White,Female,0,0,50,United-States,>50K
47,Private,162236,Bachelors,13,Divorced,Craft-repair,Not-in-family,White,Female,0,0,40,United-States,>50K.
19,Local-gov,51744,HS-grad,9,Never-married,Other-service,Not-in-family,Black,Male,0,0,40,United-States,<=50K
47,Private,249409,Assoc-acdm,14,Married-civ-spouse,Prof-specialty,Husband,Black,Female,0,0,40,United-States,<=50K.
19,Private,75435,Some-college,10,Divorced,Craft-repair,Own-child,White,Male,594,0,20,United-States,<=50K
18,Private,174926,9th,9,Never-married,Other-service,Not-in-family,White,Male,0,0,15,United-States,<=50K
45,Private,102771,HS-grad,9,Married-civ-spouse,Craft-repair,Husband,White,Male,0,0,40,United-States,>50K
19,Private,111900,Some-college,10,Never-married,Prof-specialty,Not-in-family,White,Male,0,0,40,United-States,<=50K
36,Self-emp-not-inc,240810,12th,10,Never-married,Adm-clerical,Own-child,White,Female,0,0,40,United-States,<=50K.
37,Private,143058,10th,10,Married-civ-spouse,Craft-repair,Husband,White,Male,0,0,50,United-States,<=50K
35,Private,152909,Bachelors,13,Married-civ-spouse,Exec-managerial,Husband,White,Male,0,0,45,United-States,<=50K.
33,Private,174626,HS-grad,9,Never-married,Handlers-cleaners,Own-child,White,Male,0,0,40,United-States,<=50K.
53,Private,279461,Some-college,10,Married-civ-spouse,Craft-repair,Husband,White,Male,0,0,40,United-States,>50K
33,Private,171041,Some-college,10,Never-married,Sales,Own-child,White,Male,0,0,26,South,<=50K.
63,Private,189897,HS-grad,9,Never-married,Exec-managerial,Husband,White,Male,0,0,40,United-States,>50K.
49,Private,185385,Masters,14,Married-civ-spouse,Prof-specialty,Husband,White,Male,0,0,50,United-States,>50K
22,Private,61777,HS-grad,9,Married-civ-spouse,Craft-repair,Husband,White,Male,0,0,30,United-States,<=50K
30,State-gov,206051,Some-college,10,Married-spouse-absent,Farming-fishing,Own-child,White,Male,0,0,40,United-States,>50K
34,Private,386370,Some-college,9,Divorced,Farming-fishing,Not-in-family,White,Male,0,0,40,United-States,<=50K
20,Private,95918,9th,5,Married-civ-spouse,Exec-managerial,Husband,White,Male,0,0,40,United-States,<=50K
27,Self-emp-not-inc,238192,HS-grad,9,Married-civ-spouse,Other-service,Husband,White,Male,3464,0,40,United-States,>50K
35,Private,152909,Bachelors,13,Married-civ-spouse,Exec-managerial,Husband,White,Male,0,0,35,United-States,>50K
29,Private,214706,HS-grad,9,Married-civ-spouse,Transport-moving,Unmarried,White,Male,0,0,65,United-States,<=50K.
42,Private,144002,HS-grad,10,Married-civ-spouse,Exec-managerial,Husband,White,Male,0,0,40,United-States,>50K.
44,Federal-gov,33474,Bachelors,13,Married-civ-spouse,Prof-specialty,Husband,White,Male,0,0,50,United-States,>50K.
20,Private,115945,Doctorate,10,Never-married,Adm-clerical,Own-child,White,Female,0,0,18,United-States,<=50K
36,Local-gov,187505,Masters,14,Married-civ-spouse,Adm-clerical,Husband,White,Male,0,0,40,United-States,<=50K.
52,Private,259363,HS-grad,9,Married-civ-spouse,Tech-support,Husband,White,Male,0,0,50,United-States,>50K
21,Private,175800,Assoc-voc,11,Never-married,Prof-specialty,Unmarried,White,Female,0,0,40,United-States,<=50K
17,Private,205954,12th,8,Never-married,Other-service,Own-child,White,Female,0,0,40,United-States,<=50K
33,Private,40113,Some-college,10,Never-married,Adm-clerical,Not-in-family,White,Male,0,0,50,United-States,<=50K
33,Private,192251,Some-college,10,Never-married,Sales,Own-child,White,Female,0,0,26,United-States,>50K
33,Self-emp-not-inc,96635,Some-college,10,Married-civ-spouse,Sales,Not-in-family,Asian-Pac-Islander,Male,0,0,40,United-States,>50K
41,Private,161880,HS-grad,9,Separated,Other-service,Not-in-family,Black,Male,0,0,50,United-States,<=50K
38,Private,249409,Masters,15,Married-civ-spouse,Prof-specialty,Husband,Black,Male,0,2415,90,United-States,>50K
33,Private,183746,HS-grad,10,Never-married,Adm-clerical,Not-in-family,Black,Female,594,0,40,United-States,<=50K
50,Private,104501,HS-grad,9,Married-civ-spouse,Craft-repair,Husband,White,Male,0,0,40,United-States,>50K
28,Private,37359,Some-college,13,Married-civ-spouse,Transport-moving,Husband,White,Male,0,0,60,United-States,<=50K
55,Private,76860,HS-grad,9,Married-civ-spouse,Other-service,Other-relative,Asian-Pac-Islander,Male,0,0,40,United-States,<=50K
39,Private,115289,Assoc-acdm,9,Married-civ-spouse,Transport-moving,Husband,White,Male,0,0,40,France,>50K.
41,Private,201908,HS-grad,9,Married-civ-spouse,Craft-repair,Husband,White,Male,0,0,50,United-States,>50K
45,Private,99146,HS-grad,9,Married-civ-spouse,Transport-moving,Husband,White,Male,0,0,65,United-States,<=50K.
47,Local-gov,154033,Some-college,11,Divorced,Prof-specialty,Not-in-family,White,Female,0,1876,40,United-States,<=50K
25,Private,569761,Assoc-voc,11,Never-married,Sales,Not-in-family,Black,Male,0,0,40,United-States,<=50K
32,Private,285060,Bachelors,9,Married-civ-spouse,Exec-managerial,Husband,White,Male,0,0,50,United-States,<=50K.
22,Private,190137,HS-grad,9,Never-married,Handlers-cleaners,Husband,White,Male,0,0,52,United-States,>50K.
