AAGE,ACLSWKR,ADTINK,ADTOCC,AHGA,AHSCOL,AMARITL,AMJIND,AMJOCC,ARACE,AREORGN,ASEX,AUNMEM,AUNTYPE,AWKSTAT,CAPGAIN,GAPLOSS,DIVVAL,FILESTAT,GRINREG,GRINST,HHDFMX,HHDREL,MARSUPWRT,MIGMTR1,MIGMTR3,MIGMTR4,MIGSAME,MIGSUN,NOEMP,PARENT,PEFNTVTY,PEMNTVTY,PENATVTY,PRCITSHP,SEOTR,VETQVA,VETYN,WKSWORK,AHRSPAY,year,income
11, Private,31,3, High school graduate, Not in universe, Married-civilian spouse present, Finance insurance and real estate, Executive admin and managerial, White, All other, Female, No, Not in universe, Children or Armed Forces,?,,0, Joint both under 65, Not in universe, Not in universe, Spouse of householder, Spouse of householder,2138.7, Nonmover, Nonmover, Nonmover, Yes, Not in universe,6, Not in universe, United-States, United-States, United-States, Native- Born in the United States,0, Not in universe,0,52,0,94,-50000
3, Not in universe,3,3, Children, Not in universe, Never married, Not in universe or children, Not in universe, White, All other, Female, Not in universe, Not in universe, Children or Armed Forces,,0,0, Nonfiler, Not in universe, Not in universe, Child <18 never marr not in subfamily, Child under 18 never married,443.51, Nonmover, Not in universe, Not in universe, Not in universe under 1 year old, Not in universe,0, Both parents present, United-States, United-States, United-States, Native- Born in the United States,0, Not in universe,0,0,0,95,-50000
11, Not in universe,4,3, 9th grade, Not in universe, Never married, Not in universe or children, Not in universe, Black, All other, Male, Not in universe, Not in universe, Children or Armed Forces,,0,0, Nonfiler, Midwest, Minnesota, Secondary individual, Other relative of householder,4423.61, MSA to MSA, Same county, Same county, No, No,0, Not in universe, United-States, United-States, United-States, Native- Born in the United States,0, Not in universe,1,0,0,94,-50000
6, Not in universe,4,3, Children, Not in universe, Never married, Not in universe or children, Not in universe, White, Mexican (Mexicano), Female, Not in universe, Not in universe, Children or Armed Forces,0,0,0, Nonfiler, Not in universe, Not in universe, Child <18 never marr not in subfamily, Child under 18 never married,1391.12, Nonmover, Abroad, Not in universe, Not in universe under 1 year old, Not in universe,0, Both parents present, Mexico, Mexico, United-States, Native- Born in the United States,0, Not in universe,0,8,2,94,-50000
0, Not in universe,3,3, Some college but no degree, Not in universe, Widowed, Not in universe or children, Not in universe, Black, All other, Female, Not in universe, Not in universe, Children or Armed Forces,,0,0, Single, Not in universe, Not in universe, Nonfamily householder, Householder,2210.1, Nonmover, Nonmover, Nonmover, No, Not in universe,0, Not in universe, United-States, United-States, United-States, Native- Born in the United States,0, Not in universe,2,0,0,94,-50000
1, Not in universe,0,2, Children, Not in universe, Never married, Not in universe or children, Not in universe, White, Mexican (Mexicano), Female, Not in universe, Not in universe, Children or Armed Forces,,,0, Nonfiler, Not in universe, Not in universe, Child <18 never marr not in subfamily, Child under 18 never married,1975.77, Nonmover, Nonmover, Nonmover, Yes, Not in universe,0, Both parents present, Puerto-Rico, Mexico, Mexico, Foreign born- Not a citizen of U S ,0, Not in universe,0,0,0,94,-50000
4, Not in universe,3,3, High school graduate, Not in universe, Widowed, Not in universe or children, Not in universe, White, All other, Female, Not in universe, Not in universe, Not in labor force,0,,0, Nonfiler, Not in universe, Not in universe, Nonfamily householder, Householder,803.59, Nonmover, Abroad, Abroad, Not in universe under 1 year old, Not in universe,1, Not in universe, United-States, United-States, United-States, Native- Born in the United States,0, Not in universe,1,26,0,94,-50000
3, Not in universe,4,2, Children, Not in universe, Never married, Not in universe or children, Not in universe, Other, All other, Male, Not in universe, Not in universe, Children or Armed Forces,,0,0, Nonfiler, Not in universe, Not in universe, Child <18 never marr not in subfamily, Child under 18 never married,797.74, Nonmover, Not in universe, Not in universe, Not in universe under 1 year old, Not in universe,0, Both parents present, United-States, United-States, United-States, Native- Born in the United States,0, Not in universe,0,0,0,94,-50000
3, Not in universe,0,3, Children, Not in universe, Never married, Not in universe or children, Not in universe, Black, All other, Male, Not in universe, Not in universe, Children or Armed Forces,0,,0, Nonfiler, Not in universe, Not in universe, Child <18 never marr not in subfamily, Child under 18 never married,1743.8, Nonmover, Not in universe, Not in universe, Not in universe under 1 year old, Not in universe,0, Father only present, United-States, United-States, United-States, Native- Born in the United States,0, Not in universe,0,0,0,95,-50000
58, Self-employed-not incorporated,17,3, 9th grade, Not in universe, Married-spouse absent, Agriculture, Farming forestry and fishing, White, All other, Male, Not in universe, Not in universe, Full-time schedules,0,0,0, Single, Not in universe, Not in universe, Nonfamily householder, Householder,407.24, Nonmover, Abroad, Not in universe, Not in universe under 1 year old, Not in universe,1, Not in universe, United-States, United-States, United-States, Native- Born in the United States,0, Not in universe,1,0,0,95,-50000
3, Private,4,3, High school graduate, Not in universe, Divorced, Construction, Executive admin and managerial, White, All other, Female, No, Not in universe, Children or Armed Forces,0,0,0, Head of household, Not in universe, Not in universe, Householder, Householder,1433.34, Nonmover, Nonmover, Nonmover, Yes, Not in universe,0, Not in universe, United-States, United-States, United-States, Native- Born in the United States,0, Not in universe,1,20,0,94,-50000
3, Private,4,20, High school graduate, Not in universe, Married-civilian spouse present, Personal services except private HH, Other service, Black, All other, Male, Not in universe, Not in universe, Full-time schedules,0,0,15, Joint both under 65, Not in universe, Not in universe, Spouse of householder, Spouse of householder,1013.08, Nonmover, Abroad, Abroad, Not in universe under 1 year old, Not in universe,6, Not in universe, United-States, United-States, United-States, Native- Born in the United States,0, Not in universe,0,52,0,94,-50000
41, Private,4,3, Bachelors degree(BA AB BS), Not in universe, Married-civilian spouse present, Manufacturing-durable goods, Professional specialty, White, All other, Male, No, Not in universe, Children or Armed Forces,0,323,5, Joint both under 65, Not in universe, Not in universe, Householder, Householder,1722.58, Nonmover, Nonmover, Nonmover, Yes, Not in universe,0, Not in universe, United-States, United-States, United-States, Native- Born in the United States,0, Not in universe,0,50,438,94, 50000+.
90, Private,4,3, 1st 2nd 3rd or 4th grade, Not in universe, Married-civilian spouse present, Agriculture, Professional specialty, White, Mexican (Mexicano), Female, Not in universe, Job loser - on layoff, Unemployed full-time,0,0,0, Joint both under 65, Not in universe, Not in universe, Spouse of householder, Spouse of householder,2520.1, Nonmover, Abroad, Not in universe, Not in universe under 1 year old, Not in universe,0, Not in universe, Mexico, Mexico, Mexico, Foreign born- Not a citizen of U S ,0, Not in universe,0,0,0,95,-50000
3, Private,41,3, Bachelors degree(BA AB BS), Not in universe, Married-civilian spouse present, Manufacturing-durable goods, Professional specialty, White, All other, Male, Not in universe, Not in universe, Full-time schedules,,0,0, Joint both under 65, Not in universe, Not in universe, Spouse of householder, Spouse of householder,803.49, Nonmover, Abroad, Not in universe, Not in universe under 1 year old, Not in universe,1, Not in universe, United-States, United-States, United-States, Native- Born in the United States,0, Not in universe,2,52,0,95, 50000+.
3, Self-employed-not incorporated,4,3, 11th grade, Not in universe, Married-civilian spouse present, Transportation, Transportation and material moving, White, All other, Male, Not in universe, Not in universe, Full-time schedules,7298,0,0, Joint both under 65, Not in universe, Not in universe, Householder, Householder,1788.4, MSA to MSA, Abroad, Not in universe, Not in universe under 1 year old, Not in universe,0, Not in universe, United-States, United-States, United-States, Native- Born in the United States,0, Not in universe,0,20,0,95,-50000
2, Private,17,10, High school graduate, Not in universe, Married-civilian spouse present, Manufacturing-nondurable goods, Adm support including clerical, White, All other, Male, Not in universe, Other job loser, Children or Armed Forces,0,2051,0, Joint both under 65, Not in universe, Not in universe, Householder, Householder,1034.16, Nonmover, Nonmover, Nonmover, No, Not in universe,0, Not in universe, United-States, United-States, United-States, Native- Born in the United States,0, Not in universe,0,0,2,94,-50000
3, Not in universe,1,0, Children, Not in universe, Never married, Not in universe or children, Not in universe, White, All other, Female, Not in universe, Not in universe, Children or Armed Forces,,0,0, Nonfiler, Not in universe, Not in universe, Child <18 never marr not in subfamily, Child under 18 never married,1848.2, Nonmover, Nonmover, Nonmover, Yes, Not in universe,0, Both parents present, United-States, United-States, United-States, Native- Born in the United States,0, Not in universe,0,0,0,94,-50000
4, Private,32,3, High school graduate, Not in universe, Married-civilian spouse present, Wholesale trade, Sales, White, Mexican-American, Male, Not in universe, Not in universe, Full-time schedules,0,0,0, Joint both under 65, Not in universe, Not in universe, Householder, Householder,1000.33, MSA to MSA, Abroad, Not in universe, Not in universe under 1 year old, Not in universe,0, Not in universe, United-States, United-States, United-States, Native- Born in the United States,0, Not in universe,0,25,0,94,-50000
6, Not in universe,4,3, Children, Not in universe, Never married, Not in universe or children, Not in universe, White, Mexican-American, Male, Not in universe, Not in universe, Children or Armed Forces,0,,0, Nonfiler, Not in universe, Not in universe, Child <18 never marr not in subfamily, Child under 18 never married,1339.61, Nonmover, Not in universe, Not in universe, Not in universe under 1 year old, Not in universe,0, Both parents present, Mexico, United-States, United-States, Native- Born in the United States,0, Not in universe,0,1,0,94,-50000
12, Not in universe,4,1, Some college but no degree, College or university, Never married, Not in universe or children, Not in universe, White, All other, Male, Not in universe, Not in universe, Children or Armed Forces,0,,0, Single, Not in universe, Not in universe, Child 18+ never marr Not in a subfamily, Child 18 or older,2738.79, Nonmover, Nonmover, Nonmover, No, Not in universe,0, Not in universe, United-States, United-States, United-States, Native- Born in the United States,0, Not in universe,0,0,0,94,-50000
20, Not in universe,4,7, Some college but no degree, College or university, Never married, Not in universe or children, Not in universe, Asian or Pacific Islander, All other, Male, Not in universe, Not in universe, Children or Armed Forces,0,1902,0, Single, Not in universe, Not in universe, Child 18+ never marr Not in a subfamily, Child 18 or older,1682.7, Nonmover, Nonmover, Nonmover, No, Not in universe,0, Not in universe, United-States, Italy, Taiwan, Foreign born- U S citizen by naturalization,0, Not in universe,0,0,0,94,-50000
3, Not in universe,4,3, Children, Not in universe, Never married, Not in universe or children, Not in universe, White, All other, Female, Not in universe, Not in universe, Children or Armed Forces,,0,0, Nonfiler, Not in universe, Not in universe, Child <18 never marr not in subfamily, Child under 18 never married,1239.35, Nonmover, Not in universe, Not in universe, Not in universe under 1 year old, Not in universe,0, Both parents present, United-States, United-States, United-States, Native- Born in the United States,0, Not in universe,0,0,0,94,-50000
5, Local government,4,23, High school graduate, Not in universe, Married-civilian spouse present, Education, Adm support including clerical, White, All other, Female, Not in universe, Not in universe, PT for non-econ reasons usually FT,0,,0, Joint both under 65, Not in universe, Not in universe, Spouse of householder, Spouse of householder,420.65, Nonmover, Abroad, Not in universe, Not in universe under 1 year old, Not in universe,1, Not in universe, United-States, United-States, United-States, Native- Born in the United States,0, Not in universe,0,34,0,95,-50000
20, Private,17,10, High school graduate, Not in universe, Married-civilian spouse present, Retail trade, Adm support including clerical, White, All other, Male, Not in universe, Not in universe, Children or Armed Forces,0,0,2, Joint both under 65, Not in universe, Not in universe, Nonfamily householder, Householder,1827.04, Nonmover, Nonmover, Nonmover, Yes, Not in universe,3, Not in universe, United-States, United-States, United-States, Native- Born in the United States,0, Not in universe,0,0,2,94,-50000
3, Not in universe,4,3, Children, Not in universe, Never married, Not in universe or children, Not in universe, White, All other, Male, Not in universe, Not in universe, Children or Armed Forces,0,0,0, Nonfiler, Midwest, Wyoming, Child <18 never marr not in subfamily, Child under 18 never married,2075.7, NonMSA to nonMSA, Same county, Same county, No, No,0, Both parents present, United-States, United-States, United-States, Native- Born in the United States,0, Not in universe,0,0,0,94,-50000
3, Not in universe,17,3, Children, Not in universe, Never married, Not in universe or children, Not in universe, Black, All other, Female, Not in universe, Not in universe, Children or Armed Forces,0,0,2, Nonfiler, Not in universe, Not in universe, Child <18 never marr not in subfamily, Child under 18 never married,2075.7, Nonmover, Not in universe, Not in universe, Not in universe under 1 year old, Not in universe,0, Mother only present, United-States, United-States, United-States, Native- Born in the United States,0, Not in universe,0,1,0,94,-50000
3, Not in universe,3,3, 10th grade, Not in universe, Divorced, Not in universe or children, Not in universe, White, All other, Male, Not in universe, Not in universe, Not in labor force,0,0,0, Nonfiler, Not in universe, Not in universe, Nonfamily householder, Householder,1184.87, Nonmover, Abroad, Not in universe, Not in universe under 1 year old, Not in universe,0, Not in universe, United-States, United-States, United-States, Native- Born in the United States,0, Not in universe,0,0,0,94,-50000
3, Not in universe,4,0, Children, Not in universe, Never married, Not in universe or children, Not in universe, White, All other, Male, Not in universe, Not in universe, Children or Armed Forces,0,0,0, Nonfiler, Not in universe, Not in universe, Child <18 never marr not in subfamily, Child under 18 never married,2138.7, Nonmover, Not in universe, Not in universe, Not in universe under 1 year old, Not in universe,0, Mother only present, United-States, United-States, United-States, Native- Born in the United States,0, Not in universe,0,0,0,94,-50000
7, Not in universe,4,4, 10th grade, Not in universe, Married-civilian spouse present, Not in universe or children, Not in universe, White, All other, Female, Not in universe, Not in universe, Children or Armed Forces,0,0,0, Joint both 65+, Not in universe, Not in universe, Spouse of householder, Spouse of householder,1747.59, Nonmover, Nonmover, Nonmover, Yes, Not in universe,0, Not in universe, United-States, United-States, United-States, Native- Born in the United States,0, Not in universe,2,0,0,94,-50000
3, Private,42,26, High school graduate, Not in universe, Married-civilian spouse present, Medical except hospital, Adm support including clerical, White, All other, Female, Not in universe, Not in universe, Full-time schedules,0,,15, Joint both under 65, Not in universe, Not in universe, Spouse of householder, Spouse of householder,1743.8, Nonmover, Abroad, Not in universe, Not in universe under 1 year old, Not in universe,0, Not in universe, United-States, United-States, United-States, Native- Born in the United States,0, Not in universe,0,0,0,94,-50000
77, Not in universe,4,3, High school graduate, Not in universe, Married-civilian spouse present, Not in universe or children, Not in universe, White, All other, Female, Not in universe, Not in universe, Children or Armed Forces,,,100, Joint both 65+, Not in universe, Not in universe, Spouse of householder, Spouse of householder,2037.18, Nonmover, Nonmover, Nonmover, Yes, Not in universe,1, Not in universe, United-States, United-States, United-States, Native- Born in the United States,0, Not in universe,0,0,0,94,-50000
24, Not in universe,3,3, Some college but no degree, College or university, Never married, Not in universe or children, Not in universe, White, All other, Female, Not in universe, Not in universe, Not in labor force,,0,0, Nonfiler, Not in universe, Not in universe, Nonfamily householder, Householder,1743.8, Nonmover, Abroad, Not in universe, Not in universe under 1 year old, Not in universe,0, Not in universe, United-States, United-States, United-States, Native- Born in the United States,0, Not in universe,0,0,0,94,-50000
8, Not in universe,4,3, Children, Not in universe, Never married, Not in universe or children, Not in universe, White, All other, Male, Not in universe, Not in universe, Children or Armed Forces,0,0,2, Nonfiler, Not in universe, Not in universe, Child <18 never marr not in subfamily, Child under 18 never married,2138.7, MSA to MSA, Not in universe, Not in universe, Not in universe under 1 year old, Not in universe,0, Both parents present, United-States, United-States, United-States, Native- Born in the United States,0, Not in universe,0,1,0,94,-50000
3, Not in universe,4,3, 9th grade, Not in universe, Never married, Not in universe or children, Not in universe, White, Mexican-American, Male, Not in universe, Not in universe, Children or Armed Forces,,0,0, Nonfiler, Not in universe, Not in universe, Householder, Householder,1682.7, Nonmover, Nonmover, Nonmover, No, Not in universe,0, Not in universe, Mexico, United-States, United-States, Native- Born in the United States,0, Not in universe,0,0,0,94,-50000
33, Not in universe,4,0, High school graduate, Not in universe, Married-civilian spouse present, Not in universe or children, Not in universe, White, All other, Female, Not in universe, Not in universe, Not in labor force,401,0,0, Joint both under 65, Not in universe, Not in universe, Spouse of householder, Spouse of householder,1848.2, Nonmover, Abroad, Not in universe, Not in universe under 1 year old, Not in universe,3, Not in universe, United-States, United-States, United-States, Native- Born in the United States,0, Not in universe,1,50,0,95,-50000
6, Not in universe,0,3, Children, Not in universe, Never married, Not in universe or children, Not in universe, White, All other, Female, Not in universe, Not in universe, Children or Armed Forces,0,0,0, Nonfiler, West, West Virginia, Child under 18 of RP of unrel subfamily, Nonrelative of householder,1848.2, MSA to MSA, Different county same state, Different county same state, No, No,0, Mother only present, United-States, United-States, United-States, Native- Born in the United States,0, Not in universe,0,0,0,94,-50000
3, Not in universe,4,0, Children, Not in universe, Never married, Not in universe or children, Not in universe, White, All other, Male, Not in universe, Not in universe, Children or Armed Forces,0,0,0, Nonfiler, Not in universe, Not in universe, Child <18 never marr not in subfamily, Child under 18 never married,2075.7, Nonmover, Nonmover, Nonmover, Yes, Not in universe,0, Both parents present, United-States, United-States, United-States, Native- Born in the United States,0, Not in universe,0,0,2,94,-50000
3, Not in universe,4,0, Children, Not in universe, Never married, Not in universe or children, Not in universe, White, All other, Male, Not in universe, Not in universe, Children or Armed Forces,0,0,2, Nonfiler, Not in universe, Not in universe, Child <18 never marr not in subfamily, Child under 18 never married,2520.1, MSA to MSA, Not in universe, Not in universe, Not in universe under 1 year old, Not in universe,0, Both parents present, United-States, United-States, United-States, Native- Born in the United States,0, Not in universe,0,0,2,95,-50000
0, Not in universe,3,2, Some college but no degree, College or university, Never married, Not in universe or children, Not in universe, White, All other, Male, Not in universe, Not in universe, Children or Armed Forces,0,0,0, Nonfiler, Not in universe, Not in universe, Child 18+ never marr Not in a subfamily, Child 18 or older,951.66, Nonmover, Nonmover, Nonmover, Yes, Not in universe,0, Not in universe, Portugal, Portugal, Portugal, Foreign born- Not a citizen of U S ,0, Not in universe,0,10,0,94,-50000
6, Not in universe,0,0, High school graduate, Not in universe, Married-civilian spouse present, Not in universe or children, Not in universe, White, All other, Male, Not in universe, Not in universe, Children or Armed Forces,0,0,1700, Joint both 65+, Not in universe, Not in universe, Householder, Householder,2075.7, Nonmover, Nonmover, Nonmover, No, Not in universe,0, Not in universe, United-States, United-States, United-States, Native- Born in the United States,0, Not in universe,0,1,0,94,-50000
13, Not in universe,4,2, Children, Not in universe, Never married, Not in universe or children, Not in universe, White, All other, Male, Not in universe, Not in universe, Children or Armed Forces,,0,0, Nonfiler, Not in universe, Not in universe, Child <18 never marr not in subfamily, Child under 18 never married,1571.0, Nonmover, Not in universe, Not in universe, Not in universe under 1 year old, Not in universe,0, Both parents present, United-States, United-States, United-States, Native- Born in the United States,0, Not in universe,0,0,0,95,-50000
77, Not in universe,4,0, Some college but no degree, Not in universe, Widowed, Not in universe or children, Not in universe, White, All other, Female, Not in universe, Not in universe, Children or Armed Forces,,1944,0, Single, Not in universe, Not in universe, Nonfamily householder, Householder,288.69, Nonmover, Nonmover, Nonmover, Yes, Not in universe,0, Not in universe, United-States, United-States, United-States, Native- Born in the United States,0, Not in universe,2,0,0,94,-50000
5, Private,9,2, Bachelors degree(BA AB BS), Not in universe, Married-civilian spouse present, Personal services except private HH, Professional specialty, White, All other, Male, Not in universe, Not in universe, Children or Armed Forces,0,0,2, Joint both under 65, Not in universe, Not in universe, Householder, Householder,288.69, Nonmover, Nonmover, Nonmover, Yes, Not in universe,0, Not in universe, United-States, United-States, United-States, Native- Born in the United States,0, Not in universe,1,0,0,94,-50000
3, Not in universe,4,0, Children, Not in universe, Never married, Not in universe or children, Not in universe, Other, All other, Male, Not in universe, Not in universe, Children or Armed Forces,0,0,2, Nonfiler, Not in universe, Not in universe, Child <18 never marr not in subfamily, Child under 18 never married,624.21, Nonmover, Not in universe, Not in universe, Not in universe under 1 year old, Not in universe,0, Both parents present, United-States, United-States, United-States, Native- Born in the United States,0, Not in universe,0,0,0,94,-50000
3, Not in universe,4,2, Children, Not in universe, Never married, Not in universe or children, Not in universe, Black, All other, Male, Not in universe, Not in universe, Children or Armed Forces,0,,0, Nonfiler, Not in universe, Not in universe, Child <18 never marr not in subfamily, Child under 18 never married,1138.09, Nonmover, Abroad, Not in universe, Not in universe under 1 year old, Not in universe,0, Both parents present, Jamaica, United-States, United-States, Native- Born in the United States,0, Not in universe,0,1,0,94,-50000
1, Not in universe,3,3, Children, Not in universe, Never married, Not in universe or children, Not in universe, Black, All other, Male, Not in universe, Not in universe, Children or Armed Forces,0,,2, Nonfiler, Not in universe, Not in universe, Child <18 never marr not in subfamily, Child under 18 never married,253.62, Nonmover, Not in universe, Not in universe, Not in universe under 1 year old, Not in universe,0, Both parents present, United-States, United-States, United-States, Native- Born in the United States,0, Not in universe,0,1,2,95,-50000
3, Not in universe,4,3, Children, Not in universe, Never married, Not in universe or children, Not in universe, Other, Other Spanish, Male, Not in universe, Not in universe, Children or Armed Forces,0,0,0, Nonfiler, Not in universe, Not in universe, Child <18 never marr not in subfamily, Child under 18 never married,391.08, Nonmover, Not in universe, Not in universe, Not in universe under 1 year old, Not in universe,0, Both parents present, Columbia, United-States, United-States, Native- Born in the United States,0, Not in universe,0,0,0,94,-50000
5, Not in universe,0,10, 10th grade, Not in universe, Never married, Not in universe or children, Not in universe, White, All other, Female, Not in universe, Not in universe, Children or Armed Forces,,,0, Nonfiler, Not in universe, Not in universe, Child <18 never marr not in subfamily, Child under 18 never married,1225.38, Nonmover, Nonmover, Nonmover, Yes, Not in universe,0, Both parents present, United-States, United-States, United-States, Native- Born in the United States,0, Not in universe,0,1,0,94,-50000
3, Private,4,3, High school graduate, Not in universe, Married-civilian spouse present, Manufacturing-durable goods, Precision production craft & repair, White, All other, Male, Yes, Not in universe, Full-time schedules,0,0,2, Joint both under 65, Not in universe, Not in universe, Householder, Householder,2002.87, Nonmover, Abroad, Abroad, Not in universe under 1 year old, Not in universe,5, Not in universe, United-States, United-States, United-States, Native- Born in the United States,0, Not in universe,0,25,0,95,-50000
1, Not in universe,3,3, High school graduate, Not in universe, Widowed, Not in universe or children, Not in universe, White, All other, Female, Not in universe, Not in universe, Not in labor force,0,0,2, Single, Not in universe, Not in universe, Other Rel 18+ ever marr not in subfamily, Other relative of householder,1788.4, Nonmover, Abroad, Not in universe, Not in universe under 1 year old, Not in universe,0, Not in universe, United-States, United-States, United-States, Native- Born in the United States,0, Not in universe,0,1,0,94,-50000
74, Not in universe,4,0, Masters degree(MA MS MEng MEd MSW MBA), Not in universe, Married-civilian spouse present, Not in universe or children, Not in universe, White, NA, Male, Not in universe, Not in universe, Not in labor force,0,0,0, Nonfiler, Not in universe, Not in universe, Householder, Householder,1990.46, NonMSA to nonMSA, Abroad, Not in universe, Not in universe under 1 year old, Not in universe,0, Not in universe, United-States, Italy, United-States, Native- Born in the United States,0, Not in universe,0,0,2,94,-50000
11, Self-employed-incorporated,4,6, 11th grade, Not in universe, Never married, Education, Professional specialty, White, All other, Female, Not in universe, Not in universe, Full-time schedules,,0,0, Single, Not in universe, Not in universe, Child <18 never marr not in subfamily, Child under 18 never married,803.49, Nonmover, Abroad, Not in universe, Not in universe under 1 year old, Not in universe,0, Both parents present, United-States, United-States, United-States, Native- Born in the United States,0, Not in universe,0,25,0,95,-50000
12, Private,20,4, Prof school degree (MD DDS DVM LLB JD), Not in universe, Never married, Medical except hospital, Professional specialty, Asian or Pacific Islander, All other, Female, Not in universe, Not in universe, Full-time schedules,0,0,0, Single, Not in universe, Not in universe, Other Rel 18+ never marr not in subfamily, Other relative of householder,1682.7, Nonmover, Abroad, Not in universe, Not in universe under 1 year old, Not in universe,1, Not in universe, Philippines, Philippines, Philippines, Foreign born- Not a citizen of U S ,0, Not in universe,0,0,0,95,-50000
0, Not in universe,4,2, High school graduate, Not in universe, Married-civilian spouse present, Not in universe or children, Not in universe, White, All other, Male, Not in universe, Not in universe, Not in labor force,0,0,0, Joint both 65+, Not in universe, Not in universe, Spouse of householder, Spouse of householder,634.16, Nonmover, Abroad, Not in universe, Not in universe under 1 year old, Not in universe,4, Not in universe, Italy, United-States, United-States, Native- Born in the United States,0, Not in universe,0,26,2,94,-50000
6, Private,4,2, Bachelors degree(BA AB BS), Not in universe, Never married, Social services, Professional specialty, White, All other, Female, Not in universe, Not in universe, Full-time schedules,0,0,2, Single, Not in universe, Not in universe, Secondary individual, Nonrelative of householder,2075.7, Nonmover, Abroad, Not in universe, Not in universe under 1 year old, Not in universe,0, Not in universe, Ireland, United-States, United-States, Native- Born in the United States,0, Not in universe,0,25,0,95,-50000
3, Private,41,3, Some college but no degree, Not in universe, Divorced, Hospital services, Technicians and related support, White, All other, Female, No, Not in universe, Children or Armed Forces,,0,0, Single, Not in universe, Not in universe, Householder, Householder,1380.37, Nonmover, Nonmover, Nonmover, Yes, Not in universe,0, Not in universe, United-States, United-States, United-States, Native- Born in the United States,0, Not in universe,0,0,0,94,-50000
7, Private,4,17, High school graduate, Not in universe, Married-civilian spouse present, Manufacturing-nondurable goods, Sales, White, All other, Female, No, Not in universe, Children or Armed Forces,0,0,0, Joint both under 65, Not in universe, Not in universe, Spouse of householder, Spouse of householder,2138.7, Nonmover, Nonmover, Nonmover, Yes, Not in universe,0, Not in universe, Scotland, Scotland, Scotland, Foreign born- Not a citizen of U S ,0, Not in universe,0,0,0,94,-50000
3, Private,4,2, Masters degree(MA MS MEng MEd MSW MBA), Not in universe, Married-civilian spouse present, Entertainment, Professional specialty, White, All other, Male, Not in universe, Not in universe, Children or Armed Forces,,0,0, Joint both under 65, Not in universe, Not in universe, Householder, Householder,3382.69, Nonmover, Nonmover, Nonmover, Yes, Not in universe,1, Not in universe, United-States, United-States, United-States, Native- Born in the United States,0, Not in universe,0,0,0,94,-50000
6, Not in universe,4,2, Children, Not in universe, Never married, Not in universe or children, Not in universe, White, All other, Male, Not in universe, Not in universe, Children or Armed Forces,0,0,2, Nonfiler, Not in universe, Not in universe, Child <18 never marr not in subfamily, Child under 18 never married,1237.55, Nonmover, Nonmover, Nonmover, Yes, Not in universe,0, Both parents present, United-States, United-States, United-States, Native- Born in the United States,0, Not in universe,0,0,0,94,-50000
2, Not in universe,4,0, Children, Not in universe, Never married, Not in universe or children, Not in universe, White, All other, Male, Not in universe, Not in universe, Children or Armed Forces,0,0,2, Nonfiler, Not in universe, Not in universe, Child <18 never marr not in subfamily, Child under 18 never married,1433.34, Nonmover, Nonmover, Nonmover, No, Not in universe,0, Both parents present, United-States, United-States, United-States, Native- Born in the United States,0, Not in universe,0,10,0,94,-50000
45, Private,4,2, Masters degree(MA MS MEng MEd MSW MBA), Not in universe, Married-civilian spouse present, Retail trade, Professional specialty, Asian or Pacific Islander, All other, Male, Not in universe, Not in universe, Full-time schedules,0,0,0, Joint both under 65, Not in universe, Not in universe, Spouse of householder, Spouse of householder,253.62, Nonmover, Abroad, Not in universe, Not in universe under 1 year old, Not in universe,1, Not in universe, Taiwan, Taiwan, Taiwan, Foreign born- U S citizen by naturalization,0, Not in universe,0,34,0,94,-50000
3, State government,43,9, Masters degree(MA MS MEng MEd MSW MBA), Not in universe, Married-civilian spouse present, Education, Professional specialty, White, All other, Female, No, Not in universe, Children or Armed Forces,,0,0, Joint both under 65, Not in universe, Not in universe, Spouse of householder, Spouse of householder,1605.47, Nonmover, Nonmover, Nonmover, Yes, Not in universe,0, Not in universe, United-States, United-States, United-States, Native- Born in the United States,0, Not in universe,0,0,0,94,-50000
6, Not in universe,4,0, Children, Not in universe, Never married, Not in universe or children, Not in universe, White, All other, Female, Not in universe, Not in universe, Children or Armed Forces,0,0,0, Nonfiler, Not in universe, Not in universe, Child <18 never marr not in subfamily, Child under 18 never married,868.55, Nonmover, Not in universe, Not in universe, Not in universe under 1 year old, Not in universe,0, Both parents present, United-States, United-States, United-States, Native- Born in the United States,0, Not in universe,0,1,0,94,-50000
11, Not in universe,4,3, High school graduate, Not in universe, Married-civilian spouse present, Not in universe or children, Not in universe, Black, All other, Female, Not in universe, Not in universe, Not in labor force,0,0,0, Joint both under 65, Not in universe, Not in universe, Spouse of householder, Spouse of householder,842.41, MSA to MSA, Abroad, Not in universe, Not in universe under 1 year old, Not in universe,2, Not in universe, United-States, United-States, United-States, Native- Born in the United States,0, Not in universe,2,0,0,95,-50000
40, Private,17,10, Associates degree-occup /vocational, Not in universe, Married-civilian spouse present, Personal services except private HH, Other service, White, All other, Female, Not in universe, Not in universe, Children or Armed Forces,,0,2, Joint both under 65, South, Indiana, Child 18+ spouse of subfamily RP, Child 18 or older,1645.81, NonMSA to MSA, Different county same state, Different county same state, No, No,1, Not in universe, United-States, United-States, United-States, Native- Born in the United States,0, Not in universe,1,0,0,94,-50000
40, Not in universe,4,3, Some college but no degree, Not in universe, Widowed, Not in universe or children, Not in universe, White, All other, Male, Not in universe, Not in universe, Not in labor force,0,0,0, Nonfiler, Not in universe, Not in universe, Nonfamily householder, Householder,310.98, Nonmover, Abroad, Abroad, Not in universe under 1 year old, Not in universe,1, Not in universe, United-States, United-States, United-States, Native- Born in the United States,0, Not in universe,0,6,0,94,-50000
1, Private,43,3, 10th grade, High school, Never married, Retail trade, Professional specialty, White, All other, Male, Not in universe, Not in universe, Children or Armed Forces,,0,0, Single, Not in universe, Not in universe, Child <18 never marr not in subfamily, Child under 18 never married,1571.0, Nonmover, Nonmover, Nonmover, Yes, Not in universe,0, Both parents present, United-States, United-States, United-States, Native- Born in the United States,0, Not in universe,0,0,0,94,-50000
4, Not in universe,3,0, Children, Not in universe, Never married, Not in universe or children, Not in universe, White, All other, Male, Not in universe, Not in universe, Children or Armed Forces,,0,0, Nonfiler, Not in universe, Not in universe, Child <18 never marr not in subfamily, Child under 18 never married,1682.7, Nonmover, Not in universe, Not in universe, Not in universe under 1 year old, Not in universe,0, Both parents present, United-States, United-States, United-States, Native- Born in the United States,0, Not in universe,0,0,0,94,-50000
17, Not in universe,4,2, High school graduate, Not in universe, Married-civilian spouse present, Not in universe or children, Not in universe, White, All other, Male, Not in universe, Not in universe, Not in labor force,,0,100, Joint both 65+, Not in universe, Not in universe, Householder, Householder,1566.66, Nonmover, Abroad, Not in universe, Not in universe under 1 year old, Not in universe,0, Not in universe, United-States, United-States, United-States, Native- Born in the United States,0, No,0,0,0,94,-50000
4, Not in universe,7,0, Children, Not in universe, Never married, Not in universe or children, Not in universe, White, Mexican-American, Male, Not in universe, Not in universe, Children or Armed Forces,0,0,0, Nonfiler, Not in universe, Not in universe, Child <18 never marr not in subfamily, Child under 18 never married,1357.57, Nonmover, Nonmover, Nonmover, No, Not in universe,0, Both parents present, United-States, United-States, United-States, Native- Born in the United States,0, Not in universe,0,0,0,94,-50000
3, Not in universe,0,0, Children, Not in universe, Never married, Not in universe or children, Not in universe, White, All other, Male, Not in universe, Not in universe, Children or Armed Forces,0,0,0, Nonfiler, Not in universe, Not in universe, Child <18 never marr not in subfamily, Child under 18 never married,634.16, Nonmover, Abroad, Abroad, Not in universe under 1 year old, Not in universe,0, Both parents present, United-States, United-States, United-States, Native- Born in the United States,0, Not in universe,0,0,2,95,-50000
11, Private,37,30, High school graduate, Not in universe, Never married, Retail trade, Handlers equip cleaners etc , White, All other, Female, Not in universe, Not in universe, Full-time schedules,0,0,0, Nonfiler, Not in universe, Not in universe, Secondary individual, Nonrelative of householder,1051.04, Nonmover, Abroad, Abroad, Not in universe under 1 year old, Not in universe,0, Not in universe, United-States, United-States, United-States, Native- Born in the United States,0, Not in universe,1,0,0,95,-50000
11, Not in universe,4,3, Children, Not in universe, Never married, Not in universe or children, Not in universe, White, Mexican (Mexicano), Female, Not in universe, Not in universe, Children or Armed Forces,0,,0, Nonfiler, Not in universe, Not in universe, Child <18 never marr not in subfamily, Child under 18 never married,2075.7, Nonmover, Abroad, Not in universe, Not in universe under 1 year old, Not in universe,0, Both parents present, Mexico, Mexico, Mexico, Foreign born- Not a citizen of U S ,0, Not in universe,0,0,0,94,-50000
12, Not in universe,4,2, High school graduate, Not in universe, Married-spouse absent, Not in universe or children, Not in universe, White, NA, Female, Not in universe, Not in universe, Children or Armed Forces,0,0,0, Nonfiler, Not in universe, Not in universe, Householder, Householder,803.59, Nonmover, Nonmover, Nonmover, Yes, Not in universe,0, Not in universe, United-States, United-States, United-States, Native- Born in the United States,0, Not in universe,1,1,2,94,-50000
6, Not in universe,0,3, High school graduate, Not in universe, Married-civilian spouse present, Not in universe or children, Not in universe, Black, All other, Female, Not in universe, Not in universe, Children or Armed Forces,0,0,0, Joint both 65+, Not in universe, Not in universe, Spouse of householder, Spouse of householder,2002.87, Nonmover, Nonmover, Nonmover, No, Not in universe,0, Not in universe, United-States, United-States, United-States, Native- Born in the United States,0, Not in universe,2,0,0,95,-50000
34, Private,45,10, Masters degree(MA MS MEng MEd MSW MBA), Not in universe, Married-civilian spouse present, Finance insurance and real estate, Precision production craft & repair, White, Mexican (Mexicano), Male, No, Not in universe, Children or Armed Forces,,0,0, Joint both under 65, Not in universe, Not in universe, Householder, Householder,1682.7, Nonmover, Nonmover, Nonmover, Yes, Not in universe,0, Not in universe, Mexico, Mexico, Mexico, Foreign born- Not a citizen of U S ,0, Not in universe,0,0,900,95,-50000
3, Private,17,28, High school graduate, Not in universe, Married-civilian spouse present, Utilities and sanitary services, Protective services, White, All other, Male, Not in universe, Not in universe, Children or Armed Forces,0,0,0, Joint both under 65, Not in universe, Not in universe, Householder, Householder,1297.31, Nonmover, Nonmover, Nonmover, No, Not in universe,0, Not in universe, United-States, United-States, United-States, Native- Born in the United States,0, Not in universe,0,52,0,94,-50000
3, Private,23,2, Bachelors degree(BA AB BS), Not in universe, Married-civilian spouse present, Retail trade, Professional specialty, White, All other, Male, Not in universe, Not in universe, Full-time schedules,,0,2, Joint both under 65, Not in universe, Not in universe, Householder, Householder,2520.1, Nonmover, Abroad, Not in universe, Not in universe under 1 year old, Not in universe,0, Not in universe, United-States, United-States, United-States, Native- Born in the United States,0, Not in universe,0,50,2,95, 50000+.
2, Private,4,30, High school graduate, Not in universe, Married-civilian spouse present, Medical except hospital, Other service, White, All other, Female, No, Not in universe, Full-time schedules,0,0,2, Joint one under 65 & one 65+, Not in universe, Not in universe, Householder, Householder,1571.0, Nonmover, Abroad, Not in universe, Not in universe under 1 year old, Not in universe,0, Not in universe, United-States, United-States, United-States, Native- Born in the United States,0, Not in universe,2,50,0,94,-50000
17, Private,31,35, 10th grade, High school, Never married, Retail trade, Other service, White, All other, Male, Not in universe, Not in universe, Children or Armed Forces,0,0,0, Nonfiler, Not in universe, Not in universe, Child <18 never marr not in subfamily, Child under 18 never married,2000.27, Nonmover, Nonmover, Nonmover, Yes, Not in universe,0, Both parents present, United-States, United-States, United-States, Native- Born in the United States,0, Not in universe,0,20,0,94,-50000
90, Not in universe,4,3, 10th grade, Not in universe, Widowed, Not in universe or children, Not in universe, White, All other, Male, Not in universe, Not in universe, Children or Armed Forces,,0,2, Nonfiler, Not in universe, Not in universe, Nonfamily householder, Householder,803.59, Nonmover, Nonmover, Nonmover, Yes, Not in universe,4, Not in universe, Ireland, Iran, United-States, Native- Born in the United States,2, Not in universe,1,0,0,94,-50000
0, Private,33,3, High school graduate, Not in universe, Widowed, Retail trade, Sales, White, All other, Female, Not in universe, Not in universe, PT for non-econ reasons usually FT,0,0,0, Single, Not in universe, Not in universe, Nonfamily householder, Householder,1746.17, Nonmover, Abroad, Not in universe, Not in universe under 1 year old, Not in universe,0, Not in universe, United-States, United-States, United-States, Native- Born in the United States,0, Not in universe,2,0,0,95,-50000
3, Private,9,3, 7th and 8th grade, Not in universe, Married-civilian spouse present, Transportation, Transportation and material moving, White, All other, Male, No, Not in universe, Children or Armed Forces,0,0,0, Joint both under 65, Not in universe, Not in universe, Householder, Householder,2075.7, Nonmover, Nonmover, Nonmover, Yes, Not in universe,0, Not in universe, United-States, United-States, United-States, Native- Born in the United States,0, Not in universe,0,0,438,94,-50000
1, Private,41,30, High school graduate, Not in universe, Separated, Retail trade, Other service, Other, Mexican (Mexicano), Female, Not in universe, Not in universe, Children or Armed Forces,,0,0, Head of household, Not in universe, Not in universe, Householder, Householder,1206.22, Nonmover, Nonmover, Nonmover, No, Not in universe,0, Not in universe, Mexico, Mexico, Mexico, Foreign born- Not a citizen of U S ,0, Not in universe,0,0,0,94,-50000
8, Not in universe,1,0, Children, Not in universe, Never married, Not in universe or children, Not in universe, Other, All other, Male, Not in universe, Not in universe, Children or Armed Forces,,0,0, Nonfiler, Not in universe, Not in universe, Secondary individual, Householder,1788.4, Not in universe, Not in universe, Not in universe, Not in universe under 1 year old, Not in universe,0, Both parents present, United-States, United-States, United-States, Native- Born in the United States,0, Not in universe,0,0,0,94,-50000
74, Not in universe,4,3, 11th grade, Not in universe, Married-civilian spouse present, Not in universe or children, Not in universe, White, All other, Male, Not in universe, Not in universe, Not in labor force,0,,0, Joint both 65+, Not in universe, Not in universe, Householder, Householder,888.28, Nonmover, Abroad, Not in universe, Not in universe under 1 year old, Not in universe,0, Not in universe, United-States, United-States, United-States, Native- Born in the United States,0, Not in universe,1,1,0,94,-50000
5, Private,35,1, Bachelors degree(BA AB BS), Not in universe, Married-civilian spouse present, Retail trade, Sales, White, All other, Female, Not in universe, Not in universe, Full-time schedules,0,0,250, Joint both under 65, Not in universe, Not in universe, Spouse of householder, Spouse of householder,1875.01, Nonmover, Abroad, Not in universe, Not in universe under 1 year old, Not in universe,6, Not in universe, United-States, United-States, United-States, Native- Born in the United States,0, Not in universe,2,0,0,94, 50000+.
2, Federal government,4,3, High school graduate, Not in universe, Never married, Public administration, Professional specialty, White, All other, Male, Not in universe, Not in universe, Children or Armed Forces,,,0, Single, Not in universe, Not in universe, RP of unrelated subfamily, Nonrelative of householder,459.98, Nonmover, Nonmover, Nonmover, Yes, Not in universe,0, Not in universe, United-States, United-States, United-States, Native- Born in the United States,0, Not in universe,0,34,0,94,-50000
43, Private,45,10, Bachelors degree(BA AB BS), Not in universe, Married-civilian spouse present, Retail trade, Executive admin and managerial, White, All other, Male, Not in universe, Not in universe, Full-time schedules,0,0,200, Joint both under 65, Not in universe, Not in universe, Spouse of householder, Spouse of householder,1152.22, Nonmover, Abroad, Not in universe, Not in universe under 1 year old, Not in universe,4, Not in universe, United-States, United-States, United-States, Native- Born in the United States,0, Not in universe,2,50,2,94, 50000+.
6, Private,31,10, 5th or 6th grade, Not in universe, Married-civilian spouse present, Private household services, Private household services, White, Mexican (Mexicano), Female, Not in universe, Not in universe, Children or Armed Forces,0,0,0, Joint both 65+, Not in universe, Not in universe, Spouse of householder, Spouse of householder,1571.0, Nonmover, Nonmover, Nonmover, Yes, Not in universe,0, Not in universe, Mexico, Mexico, United-States, Native- Born in the United States,0, Not in universe,0,52,2,94,-50000
5, Not in universe,4,2, Children, Not in universe, Never married, Not in universe or children, Not in universe, White, All other, Male, Not in universe, Not in universe, Children or Armed Forces,0,0,2, Nonfiler, Not in universe, Not in universe, Child <18 never marr not in subfamily, Child under 18 never married,1926.19, Nonmover, Nonmover, Nonmover, Yes, Not in universe,0, Both parents present, United-States, Canada, United-States, Native- Born in the United States,0, Not in universe,0,0,0,94,-50000
13, Not in universe,3,0, 7th and 8th grade, Not in universe, Never married, Not in universe or children, Not in universe, White, All other, Female, Not in universe, Not in universe, Not in labor force,,0,2, Nonfiler, Not in universe, Not in universe, Secondary individual, Nonrelative of householder,1743.8, Nonmover, Abroad, Not in universe, Not in universe under 1 year old, Not in universe,0, Mother only present, United-States, United-States, United-States, Native- Born in the United States,0, Not in universe,0,0,0,94,-50000
8, Private,4,3, High school graduate, Not in universe, Married-civilian spouse present, Hospital services, Technicians and related support, Black, All other, Male, Yes, Not in universe, Children or Armed Forces,0,0,0, Joint both under 65, Not in universe, Not in universe, Spouse of householder, Spouse of householder,1438.09, Nonmover, Nonmover, Nonmover, Yes, Not in universe,0, Not in universe, United-States, United-States, United-States, Native- Born in the United States,0, Not in universe,0,52,0,94,-50000
3, Self-employed-not incorporated,43,17, High school graduate, Not in universe, Divorced, Finance insurance and real estate, Sales, White, All other, Male, Not in universe, Not in universe, Full-time schedules,,0,0, Head of household, Not in universe, Not in universe, Householder, Householder,236.93, Nonmover, Abroad, Not in universe, Not in universe under 1 year old, Not in universe,1, Not in universe, United-States, United-States, United-States, Native- Born in the United States,0, Not in universe,0,0,2,94,-50000
30, Self-employed-not incorporated,4,6, Masters degree(MA MS MEng MEd MSW MBA), Not in universe, Married-civilian spouse present, Retail trade, Sales, White, All other, Male, Not in universe, Not in universe, Full-time schedules,0,0,0, Joint both under 65, Not in universe, Not in universe, Householder, Householder,1848.2, Nonmover, Abroad, Not in universe, Not in universe under 1 year old, Not in universe,6, Not in universe, United-States, United-States, United-States, Native- Born in the United States,0, Not in universe,0,0,0,95, 50000+.
11, Private,11,3, 7th and 8th grade, High school, Never married, Manufacturing-durable goods, Machine operators assmblrs & inspctrs, White, Mexican-American, Male, Not in universe, Not in universe, Full-time schedules,0,,0, Single, Not in universe, Not in universe, Child 18+ never marr Not in a subfamily, Child 18 or older,1078.04, Nonmover, Abroad, Not in universe, Not in universe under 1 year old, Not in universe,0, Not in universe, United-States, United-States, United-States, Native- Born in the United States,0, Not in universe,1,0,2,94,-50000
0, Private,4,4, High school graduate, Not in universe, Never married, Retail trade, Handlers equip cleaners etc , White, All other, Male, Not in universe, Not in universe, Full-time schedules,0,0,0, Single, Not in universe, Not in universe, Child 18+ never marr Not in a subfamily, Child 18 or older,391.08, Nonmover, Abroad, Abroad, Not in universe under 1 year old, Not in universe,0, Not in universe, United-States, United-States, United-States, Native- Born in the United States,0, Not in universe,2,40,2,94,-50000
3, Private,17,10, High school graduate, Not in universe, Never married, Retail trade, Precision production craft & repair, White, All other, Male, No, Not in universe, Children or Armed Forces,0,,2, Head of household, Not in universe, Not in universe, Householder, Householder,1391.12, Nonmover, Nonmover, Nonmover, Yes, Not in universe,0, Not in universe, United-States, United-States, United-States, Native- Born in the United States,0, Not in universe,2,52,700,94,-50000
23, Private,23,3, Bachelors degree(BA AB BS), Not in universe, Married-civilian spouse present, Retail trade, Professional specialty, White, All other, Female, Not in universe, Not in universe, Full-time schedules,0,0,0, Joint both under 65, Not in universe, Not in universe, Spouse of householder, Spouse of householder,895.83, Nonmover, Abroad, Not in universe, Not in universe under 1 year old, Not in universe,0, Not in universe, Canada, Canada, Mexico, Foreign born- U S citizen by naturalization,0, Not in universe,2,50,0,95,-50000
3, State government,4,3, Masters degree(MA MS MEng MEd MSW MBA), Not in universe, Married-civilian spouse present, Education, Professional specialty, White, All other, Female, No, Not in universe, Full-time schedules,0,0,0, Joint both under 65, Not in universe, Not in universe, Spouse of householder, Spouse of householder,1933.47, Nonmover, Abroad, Not in universe, Not in universe under 1 year old, Not in universe,6, Not in universe, United-States, United-States, United-States, Native- Born in the United States,0, Not in universe,2,6,0,95,-50000
8, Not in universe,4,2, Children, Not in universe, Never married, Not in universe or children, Not in universe, White, All other, Female, Not in universe, Not in universe, Children or Armed Forces,0,0,2, Nonfiler, Not in universe, Not in universe, Child <18 never marr not in subfamily, Child under 18 never married,1571.0, Nonmover, Nonmover, Nonmover, Yes, Not in universe,0, Mother only present, United-States, United-States, United-States, Native- Born in the United States,0, Not in universe,0,0,0,94,-50000
6, Not in universe,4,3, High school graduate, Not in universe, Married-civilian spouse present, Not in universe or children, Not in universe, Other, All other, Female, Not in universe, Not in universe, Not in labor force,0,0,0, Joint both 65+, Not in universe, Not in universe, Spouse of householder, Spouse of householder,1433.34, MSA to MSA, Abroad, Abroad, Not in universe under 1 year old, No,0, Not in universe, United-States, United-States, United-States, Native- Born in the United States,0, Not in universe,0,0,2,94,-50000
6, Self-employed-not incorporated,4,1, Bachelors degree(BA AB BS), Not in universe, Married-civilian spouse present, Education, Professional specialty, White, All other, Female, Not in universe, Not in universe, Full-time schedules,0,0,250, Joint both under 65, Not in universe, Not in universe, Spouse of householder, Spouse of householder,1297.31, Nonmover, Abroad, Not in universe, Not in universe under 1 year old, Not in universe,0, Not in universe, United-States, United-States, United-States, Native- Born in the United States,0, Not in universe,2,52,0,94,-50000
11, Private,4,3, High school graduate, Not in universe, Never married, Retail trade, Precision production craft & repair, White, All other, Female, Not in universe, Not in universe, Full-time schedules,0,0,0, Single, Not in universe, Not in universe, Nonfamily householder, Householder,1848.2, Nonmover, Abroad, Not in universe, Not in universe under 1 year old, Not in universe,2, Not in universe, United-States, United-States, United-States, Native- Born in the United States,0, Not in universe,1,25,2,95,-50000
3, Private,41,8, Bachelors degree(BA AB BS), Not in universe, Married-civilian spouse present, Retail trade, Sales, White, All other, Male, Not in universe, Not in universe, Full-time schedules,0,0,2, Joint both under 65, Not in universe, Not in universe, Householder, Householder,288.69, Nonmover, Abroad, Not in universe, Not in universe under 1 year old, Not in universe,4, Not in universe, United-States, United-States, United-States, Native- Born in the United States,0, Not in universe,2,52,0,95,-50000
3, Not in universe,4,3, Children, Not in universe, Never married, Not in universe or children, Not in universe, White, All other, Male, Not in universe, Not in universe, Children or Armed Forces,0,0,2, Nonfiler, Not in universe, Not in universe, Child <18 never marr not in subfamily, Child under 18 never married,842.41, Nonmover, Nonmover, Nonmover, No, Not in universe,0, Both parents present, United-States, United-States, United-States, Native- Born in the United States,0, Not in universe,0,0,0,94,-50000
34, Not in universe,3,2, Some college but no degree, College or university, Never married, Not in universe or children, Not in universe, White, All other, Male, Not in universe, Not in universe, Children or Armed Forces,0,0,0, Nonfiler, South, Utah, Nonfamily householder, Householder,1391.12, MSA to MSA, Different state same division, Different state in South, No, No,0, Not in universe, United-States, United-States, United-States, Native- Born in the United States,0, Not in universe,0,0,2,94,-50000
3, Not in universe,0,0, Some college but no degree, Not in universe, Married-civilian spouse present, Not in universe or children, Not in universe, White, All other, Female, Not in universe, Not in universe, Not in labor force,,0,0, Joint both under 65, Not in universe, Not in universe, Spouse of householder, Spouse of householder,1280.74, Nonmover, Abroad, Not in universe, Not in universe under 1 year old, Not in universe,0, Not in universe, United-States, United-States, United-States, Native- Born in the United States,0, Not in universe,0,0,0,95,-50000
3, Not in universe,4,4, High school graduate, Not in universe, Married-civilian spouse present, Not in universe or children, Not in universe, White, All other, Female, Not in universe, Not in universe, Children or Armed Forces,0,0,15, Joint both under 65, Not in universe, Not in universe, Spouse of householder, Spouse of householder,1438.09, Nonmover, Nonmover, Nonmover, Yes, Not in universe,0, Not in universe, United-States, United-States, United-States, Native- Born in the United States,0, Not in universe,0,0,0,94,-50000
28, Private,4,0, Some college but no degree, College or university, Never married, Education, Professional specialty, White, Cuban, Male, Not in universe, Not in universe, Children or Armed Forces,,0,0, Single, Not in universe, Not in universe, Child 18+ never marr Not in a subfamily, Child 18 or older,490.06, Nonmover, Nonmover, Nonmover, Yes, Not in universe,0, Not in universe, Cuba, Cuba, United-States, Native- Born in the United States,0, Not in universe,0,20,0,94,-50000
3, Not in universe,3,3, Children, Not in universe, Never married, Not in universe or children, Not in universe, Amer Indian Aleut or Eskimo, All other, Male, Not in universe, Not in universe, Children or Armed Forces,0,0,2, Nonfiler, Not in universe, Not in universe, Child <18 never marr not in subfamily, Child under 18 never married,407.24, Nonmover, Not in universe, Not in universe, Not in universe under 1 year old, Not in universe,0, Both parents present, United-States, United-States, United-States, Native- Born in the United States,0, Not in universe,0,0,0,95,-50000
1, Not in universe,4,3, Children, Not in universe, Never married, Not in universe or children, Not in universe, White, Puerto Rican, Male, Not in universe, Not in universe, Children or Armed Forces,0,0,0, Single, Not in universe, Not in universe, Grandchild <18 never marr not in subfamily, Other relative of householder,827.47, Nonmover, Nonmover, Nonmover, Yes, Not in universe,0, Neither parent present, Iran, Puerto-Rico, United-States, Native- Born in the United States,0, Not in universe,0,0,0,94,-50000
3, Private,31,10, High school graduate, Not in universe, Never married, Personal services except private HH, Other service, White, Mexican (Mexicano), Female, Not in universe, Not in universe, Full-time schedules,0,0,0, Head of household, Not in universe, Not in universe, Householder, Householder,864.34, Nonmover, Abroad, Not in universe, Not in universe under 1 year old, Not in universe,1, Not in universe, Mexico, Mexico, Mexico, Foreign born- Not a citizen of U S ,0, Not in universe,0,0,0,94,-50000
0, Not in universe,4,3, Children, Not in universe, Never married, Not in universe or children, Not in universe, White, Mexican (Mexicano), Male, Not in universe, Not in universe, Children or Armed Forces,0,0,0, Nonfiler, Not in universe, Not in universe, Secondary individual, Householder,1827.04, Nonmover, Not in universe, Not in universe, Not in universe under 1 year old, Not in universe,0, Mother only present, United-States, United-States, United-States, Native- Born in the United States,0, Not in universe,0,0,2,95,-50000
3, Private,41,4, Bachelors degree(BA AB BS), Not in universe, Married-civilian spouse present, Manufacturing-durable goods, Professional specialty, White, All other, Male, Not in universe, Not in universe, Children or Armed Forces,0,0,0, Joint both under 65, Northeast, Kentucky, Householder, Householder,3306.22, MSA to MSA, Same county, Same county, No, No,0, Not in universe, Germany, Germany, Canada, Foreign born- Not a citizen of U S ,0, Not in universe,2,0,0,94,-50000
14, Private,42,3, Bachelors degree(BA AB BS), Not in universe, Married-civilian spouse present, Manufacturing-durable goods, Executive admin and managerial, White, All other, Male, Not in universe, Not in universe, Full-time schedules,0,0,0, Joint both under 65, Not in universe, Not in universe, Householder, Householder,1848.2, Nonmover, Abroad, Not in universe, Not in universe under 1 year old, Not in universe,0, Not in universe, United-States, United-States, United-States, Native- Born in the United States,0, Not in universe,2,52,0,94, 50000+.
6, Not in universe,4,3, 7th and 8th grade, Not in universe, Widowed, Not in universe or children, Not in universe, White, All other, Female, Not in universe, Not in universe, Children or Armed Forces,0,0,0, Single, Not in universe, Not in universe, Nonfamily householder, Householder,868.55, Nonmover, Nonmover, Nonmover, Yes, Not in universe,0, Not in universe, United-States, Poland, United-States, Native- Born in the United States,0, Not in universe,2,0,0,94,-50000
0, Not in universe,3,2, Children, Not in universe, Never married, Not in universe or children, Not in universe, White, All other, Male, Not in universe, Not in universe, Children or Armed Forces,0,,0, Nonfiler, Not in universe, Not in universe, Child <18 never marr not in subfamily, Child under 18 never married,1743.8, Nonmover, Nonmover, Nonmover, Yes, Not in universe,0, Both parents present, United-States, United-States, United-States, Native- Born in the United States,0, Not in universe,0,0,0,94,-50000
3, Private,4,3, Some college but no degree, Not in universe, Married-civilian spouse present, Hospital services, Adm support including clerical, Other, All other, Male, Not in universe, Not in universe, Full-time schedules,0,,2, Joint both under 65, Not in universe, Not in universe, Householder, Householder,2520.1, Nonmover, Abroad, Not in universe, Not in universe under 1 year old, Not in universe,0, Not in universe, United-States, United-States, United-States, Native- Born in the United States,0, Not in universe,2,0,2,95,-50000
11, State government,4,3, Bachelors degree(BA AB BS), Not in universe, Married-civilian spouse present, Public administration, Professional specialty, White, All other, Female, Not in universe, Not in universe, Full-time schedules,,0,0, Joint both under 65, Not in universe, Not in universe, Spouse of householder, Spouse of householder,2520.1, Nonmover, Abroad, Not in universe, Not in universe under 1 year old, Not in universe,0, Not in universe, United-States, United-States, United-States, Native- Born in the United States,0, Not in universe,2,25,0,95,-50000
39, Local government,4,1, Bachelors degree(BA AB BS), Not in universe, Married-civilian spouse present, Education, Professional specialty, White, All other, Female, Not in universe, Not in universe, Full-time schedules,0,,20, Joint both under 65, Not in universe, Not in universe, Householder, Householder,1848.2, Nonmover, Abroad, Not in universe, Not in universe under 1 year old, Not in universe,0, Not in universe, United-States, United-States, United-States, Native- Born in the United States,1, Not in universe,0,25,0,94,-50000
53, Local government,31,3, 9th grade, Not in universe, Married-civilian spouse present, Utilities and sanitary services, Executive admin and managerial, White, All other, Male, Not in universe, Not in universe, Children or Armed Forces,0,0,0, Joint both under 65, Not in universe, Not in universe, Householder, Householder,459.98, Nonmover, Nonmover, Nonmover, No, Not in universe,0, Not in universe, United-States, United-States, United-States, Native- Born in the United States,0, Not in universe,0,52,0,94,-50000
50, Not in universe,3,3, 9th grade, Not in universe, Never married, Not in universe or children, Not in universe, White, All other, Female, Not in universe, Not in universe, Not in labor force,,,0, Nonfiler, Not in universe, Not in universe, Child <18 never marr not in subfamily, Child under 18 never married,288.69, Nonmover, Abroad, Not in universe, Not in universe under 1 year old, Not in universe,0, Both parents present, United-States, United-States, United-States, Native- Born in the United States,0, Not in universe,0,0,0,95,-50000
8, Not in universe,4,0, Children, Not in universe, Never married, Not in universe or children, Not in universe, Black, All other, Male, Not in universe, Not in universe, Children or Armed Forces,0,0,0, Nonfiler, Not in universe, Not in universe, Child <18 never marr not in subfamily, Child under 18 never married,2001.29, Nonmover, Not in universe, Abroad, Not in universe under 1 year old, Not in universe,0, Mother only present, United-States, United-States, United-States, Native- Born in the United States,2, Not in universe,0,0,0,95,-50000
6, Not in universe,4,3, High school graduate, Not in universe, Widowed, Not in universe or children, Not in universe, White, All other, Female, Not in universe, Not in universe, Not in labor force,0,0,0, Nonfiler, Not in universe, Not in universe, Nonfamily householder, Householder,1571.0, Nonmover, Abroad, Not in universe, Not in universe under 1 year old, Not in universe,2, Not in universe, United-States, United-States, United-States, Native- Born in the United States,0, Not in universe,2,0,2,94,-50000
11, Private,43,23, 7th and 8th grade, Not in universe, Married-civilian spouse present, Retail trade, Professional specialty, White, Mexican (Mexicano), Female, Not in universe, Not in universe, Full-time schedules,0,0,0, Joint one under 65 & one 65+, Not in universe, Not in universe, Spouse of householder, Spouse of householder,2571.66, MSA to MSA, Abroad, Not in universe, Not in universe under 1 year old, Not in universe,0, Not in universe, Mexico, United-States, United-States, Native- Born in the United States,0, Not in universe,2,25,0,95,-50000
3, Not in universe,4,2, Children, Not in universe, Never married, Not in universe or children, Not in universe, White, All other, Female, Not in universe, Not in universe, Children or Armed Forces,0,0,0, Nonfiler, Not in universe, Not in universe, Secondary individual, Householder,1743.8, Nonmover, Nonmover, Nonmover, Yes, Not in universe,0, Both parents present, United-States, United-States, United-States, Native- Born in the United States,0, Not in universe,0,0,0,94,-50000
17, Private,4,3, 10th grade, High school, Never married, Retail trade, Other service, White, All other, Male, Not in universe, Not in universe, Full-time schedules,,0,0, Single, Not in universe, Not in universe, Child <18 never marr not in subfamily, Child under 18 never married,253.62, Nonmover, Abroad, Not in universe, Not in universe under 1 year old, Not in universe,2, Both parents present, United-States, United-States, United-States, Native- Born in the United States,0, Not in universe,0,0,0,94,-50000
3, Not in universe,3,0, Children, Not in universe, Never married, Not in universe or children, Not in universe, White, All other, Male, Not in universe, Not in universe, Children or Armed Forces,0,0,2, Nonfiler, Not in universe, Not in universe, Child <18 never marr not in subfamily, Child under 18 never married,1746.17, Nonmover, Nonmover, Nonmover, Yes, Not in universe,0, Both parents present, United-States, United-States, United-States, Native- Born in the United States,0, Not in universe,1,0,2,94,-50000
0, Not in universe,0,3, 1st 2nd 3rd or 4th grade, Not in universe, Never married, Not in universe or children, Not in universe, White, All other, Male, Not in universe, Not in universe, Children or Armed Forces,0,,0, Nonfiler, Not in universe, Not in universe, Child 18+ never marr Not in a subfamily, Child 18 or older,288.69, Nonmover, Nonmover, Nonmover, Yes, Not in universe,0, Not in universe, United-States, United-States, United-States, Native- Born in the United States,0, Not in universe,2,0,0,94,-50000
3, Not in universe,0,35, Children, Not in universe, Never married, Not in universe or children, Not in universe, Asian or Pacific Islander, All other, Female, Not in universe, Not in universe, Children or Armed Forces,0,0,0, Nonfiler, Not in universe, Not in universe, Child <18 never marr not in subfamily, Child under 18 never married,1743.8, Nonmover, Not in universe, Not in universe, Not in universe under 1 year old, Not in universe,0, Mother only present, Iran, Vietnam, United-States, Native- Born in the United States,0, Not in universe,0,0,0,95,-50000
29, Private,33,9, High school graduate, Not in universe, Separated, Retail trade, Sales, Black, All other, Female, Not in universe, Other job loser, Unemployed full-time,,0,2, Head of household, Not in universe, Not in universe, Householder, Householder,2253.87, Nonmover, Abroad, Not in universe, Not in universe under 1 year old, Not in universe,2, Not in universe, United-States, United-States, United-States, Native- Born in the United States,0, Not in universe,0,0,0,94,-50000
11, Not in universe,3,3, Associates degree-occup /vocational, Not in universe, Married-civilian spouse present, Not in universe or children, Not in universe, White, All other, Male, Not in universe, Not in universe, Children or Armed Forces,0,0,0, Joint one under 65 & one 65+, Not in universe, Not in universe, Householder, Householder,492.44, Nonmover, Nonmover, Nonmover, Yes, Not in universe,0, Not in universe, United-States, United-States, United-States, Native- Born in the United States,0, Not in universe,2,0,0,94,-50000
66, Not in universe,4,0, High school graduate, Not in universe, Married-civilian spouse present, Not in universe or children, Not in universe, White, All other, Male, Not in universe, Not in universe, Children or Armed Forces,,0,0, Joint both 65+, Not in universe, Not in universe, Householder, Householder,1743.8, Nonmover, Nonmover, Nonmover, No, Not in universe,0, Not in universe, United-States, United-States, United-States, Native- Born in the United States,0, Not in universe,2,0,0,94,-50000
1, Private,17,10, High school graduate, Not in universe, Married-civilian spouse present, Finance insurance and real estate, Adm support including clerical, White, All other, Female, No, Not in universe, Full-time schedules,0,0,0, Joint both under 65, Not in universe, Not in universe, Spouse of householder, Spouse of householder,1990.46, Nonmover, Abroad, Not in universe, Not in universe under 1 year old, Not in universe,0, Not in universe, United-States, United-States, United-States, Native- Born in the United States,0, Not in universe,0,0,0,95,-50000
1, Not in universe,0,3, 7th and 8th grade, Not in universe, Widowed, Not in universe or children, Not in universe, White, All other, Female, Not in universe, Not in universe, Children or Armed Forces,0,0,0, Single, Not in universe, Not in universe, Nonfamily householder, Householder,234.92, Nonmover, Nonmover, Nonmover, Yes, Not in universe,0, Not in universe, United-States, United-States, United-States, Native- Born in the United States,0, Not in universe,0,0,2,94,-50000
1, Not in universe,3,2, 10th grade, High school, Never married, Not in universe or children, Not in universe, White, All other, Male, Not in universe, Not in universe, Children or Armed Forces,0,0,0, Nonfiler, Not in universe, Not in universe, Child <18 never marr not in subfamily, Child under 18 never married,1419.89, Nonmover, Nonmover, Abroad, Yes, Not in universe,2, Both parents present, United-States, United-States, United-States, Native- Born in the United States,0, Not in universe,0,0,0,94,-50000
19, Not in universe,0,3, High school graduate, Not in universe, Married-civilian spouse present, Not in universe or children, Not in universe, White, All other, Male, Not in universe, Not in universe, Children or Armed Forces,,0,250, Joint both 65+, Not in universe, Not in universe, Householder, Householder,1743.8, Nonmover, Nonmover, Nonmover, Yes, Not in universe,0, Not in universe, Germany, Germany, United-States, Native- Born in the United States,0, Not in universe,0,0,0,94,-50000
6, Not in universe,0,2, Some college but no degree, Not in universe, Married-civilian spouse present, Not in universe or children, Not in universe, White, All other, Male, Not in universe, Not in universe, Not in labor force,0,0,0, Joint both 65+, Not in universe, Not in universe, Householder, Householder,859.51, Nonmover, Abroad, Not in universe, Not in universe under 1 year old, Not in universe,0, Not in universe, United-States, United-States, United-States, Native- Born in the United States,0, Not in universe,0,0,0,94,-50000
3, Not in universe,4,3, Children, Not in universe, Never married, Not in universe or children, Not in universe, White, All other, Male, Not in universe, Not in universe, Children or Armed Forces,,,0, Nonfiler, Not in universe, Not in universe, Child <18 never marr not in subfamily, Child under 18 never married,1682.7, Nonmover, Not in universe, Not in universe, Not in universe under 1 year old, Not in universe,0, Father only present, United-States, United-States, United-States, Native- Born in the United States,0, Not in universe,0,50,0,95,-50000
8, Private,31,3, 11th grade, High school, Never married, Personal services except private HH, Adm support including clerical, White, All other, Male, Not in universe, Not in universe, Children or Armed Forces,0,0,0, Single, Not in universe, Not in universe, Child 18+ never marr Not in a subfamily, Child 18 or older,1242.94, Nonmover, Nonmover, Nonmover, Yes, Not in universe,0, Not in universe, United-States, United-States, United-States, Native- Born in the United States,0, Not in universe,2,0,2,94,-50000
39, Not in universe,4,3, Children, Not in universe, Never married, Not in universe or children, Not in universe, White, All other, Male, Not in universe, Not in universe, Children or Armed Forces,0,0,2, Nonfiler, Not in universe, Not in universe, Child <18 never marr not in subfamily, Child under 18 never married,1788.4, Nonmover, Not in universe, Not in universe, Not in universe under 1 year old, Not in universe,0, Both parents present, United-States, United-States, United-States, Native- Born in the United States,0, Not in universe,0,51,2,94,-50000
3, Not in universe,4,2, Children, Not in universe, Never married, Not in universe or children, Not in universe, White, All other, Male, Not in universe, Not in universe, Children or Armed Forces,,0,0, Nonfiler, Not in universe, Not in universe, Child <18 never marr not in subfamily, Child under 18 never married,407.24, Nonmover, Nonmover, Nonmover, Yes, Not in universe,0, Mother only present, United-States, United-States, United-States, Native- Born in the United States,0, Not in universe,0,1,0,94,-50000
5, Not in universe,4,2, High school graduate, Not in universe, Never married, Not in universe or children, Not in universe, White, All other, Male, Not in universe, Not in universe, Children or Armed Forces,2228,,0, Nonfiler, Not in universe, Not in universe, Grandchild <18 never marr not in subfamily, Other relative of householder,888.28, Nonmover, Abroad, Not in universe, Not in universe under 1 year old, Not in universe,0, Not in universe, United-States, United-States, United-States, Native- Born in the United States,0, Not in universe,0,1,2,94,-50000
26, Private,43,3, Some college but no degree, Not in universe, Divorced, Personal services except private HH, Other service, Other, All other, Male, Not in universe, Not in universe, PT for non-econ reasons usually FT,,0,0, Nonfiler, Not in universe, Not in universe, Householder, Householder,1848.2, Nonmover, Abroad, Not in universe, Not in universe under 1 year old, Not in universe,0, Not in universe, United-States, United-States, United-States, Native- Born in the United States,2, Not in universe,0,0,0,94,-50000
11, Private,17,26, Some college but no degree, Not in universe, Married-civilian spouse present, Wholesale trade, Adm support including clerical, Black, All other, Male, Not in universe, Not in universe, Children or Armed Forces,0,0,0, Joint both under 65, Not in universe, Not in universe, Householder, Householder,1743.8, Nonmover, Nonmover, Nonmover, Yes, Not in universe,0, Not in universe, United-States, United-States, United-States, Native- Born in the United States,0, Not in universe,2,52,2,94,-50000
4, Not in universe,4,3, Children, Not in universe, Never married, Not in universe or children, Not in universe, Black, All other, Male, Not in universe, Not in universe, Children or Armed Forces,,0,4, Nonfiler, Not in universe, Not in universe, Child <18 never marr not in subfamily, Child under 18 never married,1078.04, Nonmover, Not in universe, Not in universe, Not in universe under 1 year old, Not in universe,0, Both parents present, United-States, Italy, United-States, Foreign born- U S citizen by naturalization,0, Not in universe,0,8,0,95,-50000
15, Not in universe,4,4, Children, Not in universe, Never married, Not in universe or children, Not in universe, White, All other, Female, Not in universe, Not in universe, Children or Armed Forces,0,0,2, Nonfiler, Not in universe, Not in universe, Child <18 never marr not in subfamily, Child under 18 never married,868.55, Nonmover, Nonmover, Nonmover, No, Not in universe,0, Both parents present, United-States, United-States, United-States, Native- Born in the United States,0, Not in universe,0,0,0,94,-50000
29, Not in universe,9,1, High school graduate, Not in universe, Married-civilian spouse present, Not in universe or children, Not in universe, White, All other, Male, Not in universe, Not in universe, Children or Armed Forces,0,0,0, Joint both under 65, South, Georgia, Householder, Householder,1484.87, Not identifiable, Different state same division, Different state in South, No, Yes,0, Not in universe, United-States, United-States, United-States, Native- Born in the United States,0, Not in universe,0,25,2,94,-50000
3, Not in universe,4,8, Children, Not in universe, Never married, Not in universe or children, Not in universe, White, All other, Male, Not in universe, Not in universe, Children or Armed Forces,0,,0, Nonfiler, Not in universe, Not in universe, Child <18 never marr not in subfamily, Child under 18 never married,951.66, Nonmover, Nonmover, Nonmover, Yes, Not in universe,0, Both parents present, United-States, United-States, United-States, Native- Born in the United States,0, Not in universe,0,1,0,94,-50000
5, Private,23,19, 9th grade, High school, Never married, Retail trade, Sales, White, All other, Female, Not in universe, Not in universe, Children or Armed Forces,0,,0, Single, Not in universe, Not in universe, Child <18 never marr not in subfamily, Child under 18 never married,1682.7, Nonmover, Nonmover, Nonmover, Yes, Not in universe,0, Both parents present, United-States, United-States, United-States, Native- Born in the United States,0, Not in universe,0,25,2,94,-50000
66, Self-employed-not incorporated,4,3, High school graduate, Not in universe, Married-civilian spouse present, Agriculture, Professional specialty, White, All other, Male, Not in universe, Not in universe, Full-time schedules,0,,0, Joint one under 65 & one 65+, Not in universe, Not in universe, Householder, Householder,1682.7, Nonmover, Abroad, Not in universe, Not in universe under 1 year old, Not in universe,0, Not in universe, United-States, United-States, United-States, Native- Born in the United States,0, Not in universe,1,20,0,95,-50000
3, Not in universe,3,0, 7th and 8th grade, Not in universe, Married-civilian spouse present, Not in universe or children, Not in universe, White, All other, Male, Not in universe, Not in universe, Not in labor force,0,0,2, Joint one under 65 & one 65+, Not in universe, Not in universe, Householder, Householder,2520.1, Nonmover, Abroad, Not in universe, Not in universe under 1 year old, Not in universe,1, Not in universe, United-States, United-States, United-States, Native- Born in the United States,0, Not in universe,0,0,2,94,-50000
8, Private,17,3, Some college but no degree, Not in universe, Widowed, Hospital services, Other service, White, All other, Female, Not in universe, Not in universe, Full-time schedules,,0,0, Single, Not in universe, Not in universe, Householder, Householder,253.62, Nonmover, Abroad, Not in universe, Not in universe under 1 year old, Not in universe,1, Not in universe, United-States, United-States, United-States, Native- Born in the United States,0, Not in universe,2,34,0,95,-50000
30, Private,45,3, Bachelors degree(BA AB BS), Not in universe, Married-civilian spouse present, Finance insurance and real estate, Professional specialty, White, All other, Female, Not in universe, Not in universe, Children or Armed Forces,0,0,0, Joint both under 65, Not in universe, Not in universe, Spouse of householder, Spouse of householder,391.08, Nonmover, Nonmover, Nonmover, Yes, Not in universe,0, Not in universe, United-States, United-States, India, Foreign born- Not a citizen of U S ,0, Not in universe,1,25,0,94,-50000
7, Not in universe,4,4, 7th and 8th grade, High school, Never married, Not in universe or children, Not in universe, Asian or Pacific Islander, All other, Female, Not in universe, Not in universe, Not in labor force,0,0,0, Nonfiler, Not in universe, Not in universe, Child <18 never marr not in subfamily, Child under 18 never married,1743.8, MSA to MSA, Abroad, Not in universe, Not in universe under 1 year old, Not in universe,4, Both parents present, Vietnam, Vietnam, Vietnam, Foreign born- Not a citizen of U S ,0, Not in universe,0,0,0,95,-50000
3, Not in universe,0,2, Children, Not in universe, Never married, Not in universe or children, Not in universe, White, All other, Male, Not in universe, Not in universe, Children or Armed Forces,0,0,0, Nonfiler, Not in universe, Not in universe, Child <18 never marr not in subfamily, Child under 18 never married,1682.7, Nonmover, Nonmover, Nonmover, Yes, Not in universe,0, Father only present, United-States, United-States, United-States, Native- Born in the United States,0, Not in universe,0,0,0,94,-50000
4, Private,4,3, Some college but no degree, Not in universe, Separated, Education, Professional specialty, Black, All other, Female, Not in universe, Not in universe, Children or Armed Forces,0,0,0, Head of household, Not in universe, Not in universe, Householder, Householder,2019.61, Nonmover, Nonmover, Nonmover, No, Not in universe,0, Not in universe, United-States, United-States, United-States, Native- Born in the United States,0, Not in universe,0,0,0,94,-50000
41, Private,43,42, High school graduate, Not in universe, Married-civilian spouse present, Retail trade, Machine operators assmblrs & inspctrs, White, All other, Male, Not in universe, Not in universe, Children or Armed Forces,0,0,2, Joint both under 65, Not in universe, Not in universe, Householder, Householder,2223.92, Nonmover, Nonmover, Nonmover, Yes, Not in universe,3, Not in universe, Guatemala, Guatemala, Guatemala, Foreign born- Not a citizen of U S ,0, Not in universe,2,0,0,94,-50000
29, Private,43,10, High school graduate, Not in universe, Married-civilian spouse present, Education, Other service, Other, All other, Female, Not in universe, Not in universe, PT for econ reasons usually PT,0,,15, Joint both under 65, Not in universe, Not in universe, Spouse of householder, Spouse of householder,253.62, Nonmover, Abroad, Not in universe, Not in universe under 1 year old, Not in universe,0, Not in universe, United-States, United-States, United-States, Native- Born in the United States,1, Not in universe,0,50,2,94,-50000
11, Not in universe,0,3, 7th and 8th grade, Not in universe, Never married, Not in universe or children, Not in universe, Black, All other, Male, Not in universe, Not in universe, Children or Armed Forces,0,0,0, Nonfiler, Not in universe, Not in universe, Secondary individual, Nonrelative of householder,951.66, Nonmover, Nonmover, Nonmover, Yes, Not in universe,0, Not in universe, United-States, United-States, United-States, Native- Born in the United States,0, Not in universe,0,0,0,94,-50000
3, Private,42,10, Associates degree-occup /vocational, Not in universe, Married-civilian spouse present, Transportation, Executive admin and managerial, White, All other, Male, No, Not in universe, Full-time schedules,0,1902,0, Joint both under 65, Not in universe, Not in universe, Householder, Householder,391.08, Nonmover, Abroad, Not in universe, Not in universe under 1 year old, Not in universe,0, Not in universe, United-States, United-States, United-States, Native- Born in the United States,0, Not in universe,0,34,0,94, 50000+.
46, Private,11,3, High school graduate, Not in universe, Divorced, Retail trade, Machine operators assmblrs & inspctrs, White, All other, Female, Yes, Not in universe, Full-time schedules,,1977,2, Head of household, Not in universe, Not in universe, Householder, Householder,1452.22, Nonmover, Abroad, Not in universe, Not in universe under 1 year old, Not in universe,0, Not in universe, United-States, United-States, United-States, Native- Born in the United States,0, Not in universe,0,0,0,95,-50000
3, Not in universe,4,2, Children, Not in universe, Never married, Not in universe or children, Not in universe, White, Puerto Rican, Female, Not in universe, Not in universe, Children or Armed Forces,0,,0, Nonfiler, Midwest, Oklahoma, Child <18 never marr not in subfamily, Child under 18 never married,2075.7, MSA to MSA, Same county, Same county, No, No,0, Mother only present, United-States, Puerto-Rico, United-States, Native- Born in the United States,0, Not in universe,0,0,2,94,-50000
23, Not in universe,3,2, High school graduate, Not in universe, Married-civilian spouse present, Not in universe or children, Not in universe, White, Mexican (Mexicano), Female, Not in universe, Not in universe, Children or Armed Forces,,0,0, Nonfiler, Abroad, Abroad, Spouse of householder, Spouse of householder,868.55, Abroad to MSA, Abroad, Abroad, No, No,0, Not in universe, Mexico, Mexico, Mexico, Foreign born- Not a citizen of U S ,0, Not in universe,0,0,0,94,-50000
42, Private,17,10, High school graduate, Not in universe, Divorced, Manufacturing-durable goods, Adm support including clerical, Other, Central or South American, Female, Not in universe, Not in universe, Full-time schedules,0,0,0, Head of household, Not in universe, Not in universe, Householder, Householder,2075.7, NonMSA to nonMSA, Abroad, Not in universe, Not in universe under 1 year old, Not in universe,0, Not in universe, Puerto-Rico, Mexico, Nicaragua, Foreign born- Not a citizen of U S ,0, Not in universe,0,52,2,95,-50000
6, Not in universe,3,3, Children, Not in universe, Never married, Not in universe or children, Not in universe, Other, All other, Female, Not in universe, Not in universe, Children or Armed Forces,0,0,0, Nonfiler, Not in universe, Not in universe, Child <18 never marr not in subfamily, Child under 18 never married,2900.23, Nonmover, Nonmover, Nonmover, No, Not in universe,0, Both parents present, United-States, United-States, United-States, Native- Born in the United States,0, Not in universe,0,0,0,94,-50000
6, Not in universe,3,3, Children, Not in universe, Never married, Not in universe or children, Not in universe, White, All other, Male, Not in universe, Not in universe, Children or Armed Forces,0,0,0, Nonfiler, Not in universe, Not in universe, Child <18 never marr not in subfamily, Child under 18 never married,1853.52, Nonmover, Nonmover, Nonmover, Yes, Not in universe,0, Both parents present, United-States, United-States, United-States, Native- Born in the United States,0, Not in universe,0,1,0,94,-50000
3, Private,45,44, 12th grade no diploma, Not in universe, Married-civilian spouse present, Finance insurance and real estate, Farming forestry and fishing, White, All other, Male, Not in universe, Not in universe, Children or Armed Forces,0,,2, Joint one under 65 & one 65+, Not in universe, Not in universe, Householder, Householder,888.64, Nonmover, Nonmover, Nonmover, Yes, Not in universe,0, Not in universe, United-States, United-States, United-States, Native- Born in the United States,0, Not in universe,0,8,0,94,-50000
11, Private,4,41, 12th grade no diploma, Not in universe, Never married, Retail trade, Machine operators assmblrs & inspctrs, Black, All other, Male, Not in universe, Not in universe, Full-time schedules,,0,2, Single, Not in universe, Not in universe, Nonfamily householder, Householder,2075.7, Nonmover, Abroad, Not in universe, Not in universe under 1 year old, Not in universe,0, Not in universe, United-States, United-States, Guatemala, Foreign born- Not a citizen of U S ,0, Not in universe,2,0,2,95,-50000
43, Local government,4,3, Some college but no degree, Not in universe, Widowed, Public administration, Protective services, White, All other, Male, Not in universe, Not in universe, Full-time schedules,0,0,2, Head of household, Not in universe, Not in universe, Householder, Householder,2797.74, NonMSA to nonMSA, Abroad, Not in universe, Not in universe under 1 year old, Not in universe,0, Not in universe, United-States, United-States, United-States, Native- Born in the United States,0, Not in universe,0,0,0,95,-50000
3, Not in universe,31,2, Children, Not in universe, Never married, Not in universe or children, Not in universe, White, Mexican-American, Male, Not in universe, Not in universe, Children or Armed Forces,0,0,0, Nonfiler, Not in universe, Not in universe, Child <18 never marr not in subfamily, Child under 18 never married,1373.0, Nonmover, Not in universe, Abroad, Not in universe under 1 year old, Not in universe,0, Mother only present, United-States, United-States, United-States, Native- Born in the United States,0, Not in universe,0,0,0,95,-50000
4, Not in universe,3,0, Children, Not in universe, Never married, Not in universe or children, Not in universe, White, All other, Male, Not in universe, Not in universe, Children or Armed Forces,0,0,0, Nonfiler, Not in universe, Not in universe, Child <18 never marr not in subfamily, Child under 18 never married,1566.66, Nonmover, Nonmover, Nonmover, Yes, Not in universe,1, Both parents present, United-States, United-States, United-States, Native- Born in the United States,0, Not in universe,0,0,0,94,-50000
10, Not in universe,0,3, Children, Not in universe, Never married, Not in universe or children, Not in universe, White, All other, Male, Not in universe, Not in universe, Children or Armed Forces,0,,2, Nonfiler, Not in universe, Not in universe, Child <18 never marr not in subfamily, Child under 18 never married,5664.34, Nonmover, Nonmover, Nonmover, Yes, Not in universe,0, Both parents present, Puerto-Rico, United-States, United-States, Native- Born in the United States,0, Not in universe,0,0,0,94,-50000
3, Not in universe,3,0, Children, Not in universe, Never married, Not in universe or children, Not in universe, Black, All other, Male, Not in universe, Not in universe, Children or Armed Forces,,0,2, Nonfiler, Not in universe, Not in universe, Child <18 never marr not in subfamily, Child under 18 never married,253.62, Nonmover, Not in universe, Not in universe, Not in universe under 1 year old, Not in universe,5, Both parents present, United-States, United-States, United-States, Native- Born in the United States,0, Not in universe,0,0,0,95,-50000
15, Not in universe,4,3, Children, Not in universe, Never married, Not in universe or children, Not in universe, White, All other, Female, Not in universe, Not in universe, Children or Armed Forces,0,0,2, Nonfiler, Not in universe, Not in universe, Child <18 never marr not in subfamily, Child under 18 never married,1571.0, Nonmover, Nonmover, Nonmover, No, Not in universe,0, Both parents present, United-States, United-States, United-States, Native- Born in the United States,0, Not in universe,0,1,0,94,-50000
3, Not in universe,4,2, 7th and 8th grade, Not in universe, Never married, Not in universe or children, Not in universe, Black, All other, Female, Not in universe, Not in universe, Children or Armed Forces,0,,0, Nonfiler, Not in universe, Not in universe, Householder, Householder,1237.55, Nonmover, Nonmover, Nonmover, Yes, Not in universe,0, Not in universe, United-States, United-States, United-States, Native- Born in the United States,0, Not in universe,0,14,0,94,-50000
11, Private,4,35, 11th grade, Not in universe, Married-civilian spouse present, Construction, Transportation and material moving, Black, All other, Male, Not in universe, Not in universe, Children or Armed Forces,0,0,0, Joint both under 65, Not in universe, Not in universe, Householder, Householder,1227.53, Nonmover, Nonmover, Nonmover, No, Not in universe,0, Not in universe, United-States, United-States, United-States, Native- Born in the United States,0, Not in universe,1,50,2,94,-50000
3, Not in universe,0,3, Doctorate degree(PhD EdD), Not in universe, Married-civilian spouse present, Not in universe or children, Not in universe, White, All other, Male, Not in universe, Not in universe, Children or Armed Forces,0,0,100, Joint both under 65, Not in universe, Not in universe, Householder, Householder,842.41, Nonmover, Nonmover, Nonmover, Yes, Not in universe,0, Not in universe, Ireland, United-States, United-States, Native- Born in the United States,0, Not in universe,1,40,2,94, 50000+.
29, Local government,17,3, Bachelors degree(BA AB BS), Not in universe, Married-civilian spouse present, Education, Professional specialty, White, All other, Female, Not in universe, Not in universe, Children or Armed Forces,0,0,0, Joint both under 65, Not in universe, Not in universe, Spouse of householder, Spouse of householder,2253.87, Nonmover, Nonmover, Nonmover, No, Not in universe,4, Not in universe, United-States, United-States, United-States, Native- Born in the United States,0, Not in universe,1,40,0,94,-50000
3, Self-employed-incorporated,4,4, High school graduate, Not in universe, Never married, Agriculture, Farming forestry and fishing, White, All other, Male, Not in universe, Not in universe, Full-time schedules,0,0,0, Single, Not in universe, Not in universe, Child 18+ never marr Not in a subfamily, Child 18 or older,1743.8, Nonmover, Abroad, Not in universe, Not in universe under 1 year old, Not in universe,0, Not in universe, United-States, United-States, United-States, Native- Born in the United States,0, Not in universe,2,0,0,95,-50000
3, Federal government,4,10, Masters degree(MA MS MEng MEd MSW MBA), Not in universe, Married-civilian spouse present, Public administration, Executive admin and managerial, White, All other, Male, Not in universe, Not in universe, Full-time schedules,,0,0, Joint both under 65, Not in universe, Not in universe, Householder, Householder,1827.04, Nonmover, Abroad, Not in universe, Not in universe under 1 year old, Not in universe,0, Not in universe, United-States, United-States, United-States, Native- Born in the United States,0, Not in universe,2,50,2,95,-50000
3, Not in universe,4,2, Some college but no degree, Not in universe, Married-civilian spouse present, Not in universe or children, Not in universe, White, All other, Male, Not in universe, Not in universe, Children or Armed Forces,,0,15, Nonfiler, Not in universe, Not in universe, Spouse of householder, Spouse of householder,2520.1, Nonmover, Nonmover, Nonmover, No, Not in universe,0, Not in universe, United-States, United-States, United-States, Native- Born in the United States,0, Not in universe,0,6,0,94,-50000
31, Private,4,2, Some college but no degree, Not in universe, Married-civilian spouse present, Retail trade, Adm support including clerical, Black, All other, Male, Not in universe, Not in universe, Children or Armed Forces,0,0,0, Joint both under 65, Not in universe, Not in universe, Spouse of householder, Spouse of householder,1989.57, Nonmover, Nonmover, Nonmover, Yes, Not in universe,0, Not in universe, United-States, United-States, United-States, Native- Born in the United States,0, Not in universe,1,25,0,94,-50000
45, Self-employed-incorporated,41,44, 9th grade, Not in universe, Never married, Agriculture, Farming forestry and fishing, Asian or Pacific Islander, All other, Male, Not in universe, Not in universe, Full-time schedules,,0,0, Single, Not in universe, Not in universe, Secondary individual, Nonrelative of householder,3325.38, Nonmover, Abroad, Not in universe, Not in universe under 1 year old, Not in universe,0, Not in universe, United-States, United-States, United-States, Native- Born in the United States,0, Not in universe,2,52,0,94,-50000
8, Not in universe,4,0, Children, Not in universe, Never married, Not in universe or children, Not in universe, White, All other, Female, Not in universe, Not in universe, Children or Armed Forces,0,0,0, Nonfiler, Not in universe, Not in universe, Child <18 never marr not in subfamily, Child under 18 never married,288.69, Nonmover, Nonmover, Nonmover, Yes, Not in universe,0, Mother only present, United-States, United-States, United-States, Native- Born in the United States,0, Not in universe,1,0,0,94,-50000
11, Private,17,42, High school graduate, Not in universe, Never married, Retail trade, Handlers equip cleaners etc , Black, All other, Male, No, Not in universe, Children or Armed Forces,,0,0, Single, South, Arkansas, Other Rel 18+ never marr not in subfamily, Householder,1225.38, MSA to MSA, Same county, Same county, No, No,0, Not in universe, United-States, United-States, United-States, Native- Born in the United States,0, Not in universe,2,52,0,94,-50000
7, Self-employed-not incorporated,4,1, Bachelors degree(BA AB BS), Not in universe, Never married, Other professional services, Professional specialty, White, All other, Female, Not in universe, Not in universe, Full-time schedules,,0,0, Single, Not in universe, Not in universe, Secondary individual, Householder,1743.8, Nonmover, Abroad, Not in universe, Not in universe under 1 year old, Not in universe,0, Not in universe, United-States, United-States, United-States, Native- Born in the United States,0, Not in universe,0,8,0,94,-50000
13, Not in universe,1,0, 7th and 8th grade, Not in universe, Never married, Not in universe or children, Not in universe, Black, All other, Male, Not in universe, Not in universe, Children or Armed Forces,0,,2, Nonfiler, Not in universe, Not in universe, Child <18 never marr not in subfamily, Child under 18 never married,1297.31, Nonmover, Nonmover, Nonmover, Yes, Not in universe,0, Mother only present, United-States, United-States, United-States, Native- Born in the United States,0, Not in universe,0,0,0,94,-50000
45, Private,4,3, 7th and 8th grade, Not in universe, Married-spouse absent, Agriculture, Professional specialty, White, Mexican (Mexicano), Male, Not in universe, Not in universe, Full-time schedules,0,0,0, Single, Not in universe, Not in universe, Other Rel 18+ ever marr not in subfamily, Other relative of householder,1571.0, Nonmover, Abroad, Not in universe, Not in universe under 1 year old, Not in universe,0, Not in universe, Mexico, Mexico, Mexico, Foreign born- Not a citizen of U S ,0, Not in universe,2,52,0,94,-50000
18, Not in universe,3,2, 12th grade no diploma, High school, Never married, Not in universe or children, Not in universe, White, All other, Male, Not in universe, Not in universe, Not in labor force,0,0,0, Nonfiler, Not in universe, Not in universe, Child 18+ never marr Not in a subfamily, Child 18 or older,1571.0, Nonmover, Abroad, Not in universe, Not in universe under 1 year old, Not in universe,0, Not in universe, United-States, United-States, United-States, Native- Born in the United States,0, Not in universe,0,8,0,94,-50000
11, Not in universe,4,3, Masters degree(MA MS MEng MEd MSW MBA), Not in universe, Married-civilian spouse present, Not in universe or children, Not in universe, White, All other, Female, Not in universe, Not in universe, Children or Armed Forces,0,0,100, Joint both under 65, Northeast, New Mexico, Spouse of householder, Spouse of householder,1682.7, MSA to MSA, Different division same region, Different state in Northeast, No, No,0, Not in universe, United-States, United-States, United-States, Native- Born in the United States,0, Not in universe,1,25,117,94,-50000
3, Not in universe,4,3, Children, Not in universe, Never married, Not in universe or children, Not in universe, White, All other, Female, Not in universe, Not in universe, Children or Armed Forces,0,0,2, Nonfiler, Not in universe, Not in universe, Child <18 never marr not in subfamily, Child under 18 never married,1433.34, Nonmover, Not in universe, Not in universe, Not in universe under 1 year old, Not in universe,0, Mother only present, United-States, United-States, United-States, Native- Born in the United States,0, Not in universe,0,1,0,95,-50000
8, Not in universe,3,3, 11th grade, Not in universe, Never married, Not in universe or children, Not in universe, White, All other, Female, Not in universe, Not in universe, Children or Armed Forces,,0,0, Joint both under 65, Not in universe, Not in universe, Spouse of householder, Spouse of householder,857.41, Nonmover, Nonmover, Nonmover, Yes, Not in universe,0, Not in universe, United-States, United-States, United-States, Native- Born in the United States,0, Not in universe,2,0,0,94,-50000
25, Not in universe,4,3, Some college but no degree, College or university, Never married, Not in universe or children, Not in universe, Black, All other, Male, Not in universe, Not in universe, Children or Armed Forces,0,,0, Single, Not in universe, Not in universe, Child 18+ never marr Not in a subfamily, Child 18 or older,253.62, Nonmover, Nonmover, Nonmover, Yes, Not in universe,0, Not in universe, Haiti, Haiti, Haiti, Foreign born- Not a citizen of U S ,0, Not in universe,0,0,0,94,-50000
11, Not in universe,0,3, Children, Not in universe, Never married, Not in universe or children, Not in universe, White, All other, Male, Not in universe, Not in universe, Children or Armed Forces,0,0,2, Nonfiler, Not in universe, Not in universe, Child <18 never marr not in subfamily, Child under 18 never married,2001.29, Nonmover, Nonmover, Nonmover, Yes, Not in universe,0, Mother only present, United-States, United-States, United-States, Native- Born in the United States,0, Not in universe,0,0,0,95,-50000
39, Not in universe,0,2, Children, Not in universe, Never married, Not in universe or children, Not in universe, White, All other, Male, Not in universe, Not in universe, Children or Armed Forces,0,0,0, Nonfiler, Not in universe, Not in universe, Child <18 never marr not in subfamily, Child under 18 never married,1743.8, Nonmover, Nonmover, Nonmover, Yes, Not in universe,0, Mother only present, United-States, United-States, United-States, Native- Born in the United States,0, Not in universe,0,0,0,94,-50000
3, Local government,4,2, High school graduate, Not in universe, Never married, Public administration, Protective services, White, All other, Male, Not in universe, Not in universe, Full-time schedules,0,0,0, Single, Not in universe, Not in universe, Secondary individual, Nonrelative of householder,1743.8, Nonmover, Abroad, Not in universe, Not in universe under 1 year old, Not in universe,6, Not in universe, United-States, United-States, United-States, Native- Born in the United States,0, Not in universe,1,20,2,95,-50000
3, Private,4,3, Some college but no degree, Not in universe, Married-civilian spouse present, Retail trade, Sales, White, All other, Male, Not in universe, Not in universe, Children or Armed Forces,,0,0, Joint both under 65, Not in universe, Not in universe, Householder, Householder,2682.23, Nonmover, Nonmover, Nonmover, Yes, Not in universe,0, Not in universe, United-States, United-States, United-States, Native- Born in the United States,0, Not in universe,0,52,0,94,-50000
5, Not in universe,0,3, 7th and 8th grade, Not in universe, Widowed, Not in universe or children, Not in universe, White, All other, Female, Not in universe, Not in universe, Children or Armed Forces,0,0,0, Nonfiler, Not in universe, Not in universe, Nonfamily householder, Householder,1788.4, Nonmover, Nonmover, Nonmover, No, Not in universe,0, Not in universe, United-States, United-States, United-States, Native- Born in the United States,0, Not in universe,0,0,0,94,-50000
0, Private,0,0, Bachelors degree(BA AB BS), Not in universe, Married-civilian spouse present, Retail trade, Executive admin and managerial, White, All other, Male, Not in universe, Not in universe, Children or Armed Forces,,0,0, Joint both under 65, Not in universe, Not in universe, Householder, Householder,1571.0, Nonmover, Nonmover, Nonmover, Yes, Not in universe,1, Not in universe, United-States, United-States, United-States, Native- Born in the United States,1, Not in universe,1,0,0,94, 50000+.
3, Private,4,3, High school graduate, Not in universe, Married-civilian spouse present, Finance insurance and real estate, Other service, White, All other, Male, Not in universe, Not in universe, Full-time schedules,0,0,0, Joint both under 65, Not in universe, Not in universe, Householder, Householder,1743.8, Nonmover, Abroad, Not in universe, Not in universe under 1 year old, Not in universe,6, Not in universe, United-States, United-States, United-States, Native- Born in the United States,0, Not in universe,0,52,0,94,-50000
3, Private,4,17, High school graduate, Not in universe, Divorced, Finance insurance and real estate, Sales, White, All other, Male, Not in universe, Not in universe, Children or Armed Forces,0,,2, Head of household, Not in universe, Not in universe, Householder, Householder,2075.7, Nonmover, Nonmover, Nonmover, Yes, Not in universe,0, Not in universe, United-States, United-States, United-States, Native- Born in the United States,0, Not in universe,1,25,0,94,-50000
3, State government,4,3, Bachelors degree(BA AB BS), Not in universe, Married-civilian spouse present, Education, Professional specialty, White, All other, Female, Not in universe, Not in universe, Full-time schedules,,,0, Joint both under 65, Not in universe, Not in universe, Spouse of householder, Spouse of householder,2851.03, Nonmover, Abroad, Not in universe, Not in universe under 1 year old, Not in universe,0, Not in universe, United-States, United-States, United-States, Native- Born in the United States,2, Not in universe,0,0,0,95,-50000
3, Not in universe,3,2, Children, Not in universe, Never married, Not in universe or children, Not in universe, Black, All other, Female, Not in universe, Not in universe, Children or Armed Forces,0,0,0, Nonfiler, Not in universe, Not in universe, Child <18 never marr not in subfamily, Child under 18 never married,1105.65, Nonmover, Not in universe, Not in universe, Not in universe under 1 year old, Not in universe,0, Both parents present, United-States, Italy, United-States, Native- Born in the United States,0, Not in universe,0,0,0,95,-50000
38, Private,45,4, High school graduate, Not in universe, Married-civilian spouse present, Other professional services, Professional specialty, White, All other, Male, No, Not in universe, Full-time schedules,,0,0, Joint both under 65, Not in universe, Not in universe, Householder, Householder,1516.79, Nonmover, Abroad, Not in universe, Not in universe under 1 year old, Not in universe,1, Not in universe, United-States, United-States, United-States, Native- Born in the United States,2, Not in universe,0,52,0,94,-50000
29, Private,4,10, High school graduate, Not in universe, Married-civilian spouse present, Construction, Precision production craft & repair, Amer Indian Aleut or Eskimo, All other, Male, Not in universe, Job loser - on layoff, Children or Armed Forces,0,0,2, Joint both under 65, West, Illinois, Householder, Householder,624.21, NonMSA to nonMSA, Different county same state, Different county same state, No, No,0, Not in universe, United-States, United-States, United-States, Native- Born in the United States,0, Not in universe,0,0,140,94,-50000
64, Not in universe,4,2, High school graduate, Not in universe, Married-civilian spouse present, Not in universe or children, Not in universe, Other, All other, Female, Not in universe, Not in universe, Not in labor force,0,0,0, Joint both 65+, Not in universe, Not in universe, Spouse of householder, Spouse of householder,857.41, Nonmover, Abroad, Not in universe, Not in universe under 1 year old, Not in universe,0, Not in universe, United-States, United-States, United-States, Native- Born in the United States,0, Not in universe,0,0,0,94,-50000
4, Local government,43,1, Masters degree(MA MS MEng MEd MSW MBA), Not in universe, Never married, Education, Professional specialty, White, All other, Female, Not in universe, Not in universe, Children or Armed Forces,,0,33, Single, Not in universe, Not in universe, Nonfamily householder, Householder,1788.4, Nonmover, Nonmover, Nonmover, Yes, Not in universe,0, Not in universe, United-States, United-States, United-States, Native- Born in the United States,0, Not in universe,2,25,0,94,-50000
1, Federal government,17,6, Some college but no degree, College or university, Never married, Transportation, Adm support including clerical, White, All other, Male, Not in universe, Not in universe, Full-time schedules,0,0,0, Single, Not in universe, Not in universe, Child 18+ never marr Not in a subfamily, Child 18 or older,1582.37, Nonmover, Abroad, Not in universe, Not in universe under 1 year old, Not in universe,6, Not in universe, United-States, United-States, United-States, Native- Born in the United States,0, Not in universe,1,0,0,94,-50000
64, Not in universe,3,3, High school graduate, Not in universe, Married-civilian spouse present, Not in universe or children, Not in universe, White, All other, Female, Not in universe, Not in universe, Not in labor force,,0,0, Joint one under 65 & one 65+, Not in universe, Not in universe, Spouse of householder, Spouse of householder,834.92, Nonmover, Abroad, Not in universe, Not in universe under 1 year old, Not in universe,0, Not in universe, United-States, United-States, United-States, Native- Born in the United States,0, Not in universe,0,0,0,94,-50000
4, Private,17,38, High school graduate, Not in universe, Separated, Retail trade, Transportation and material moving, Black, All other, Female, Not in universe, Not in universe, Children or Armed Forces,,0,5, Head of household, Not in universe, Not in universe, Householder, Householder,2252.85, Nonmover, Nonmover, Nonmover, Yes, Not in universe,0, Not in universe, United-States, United-States, United-States, Native- Born in the United States,0, Not in universe,1,25,0,94,-50000
3, Not in universe,4,3, 9th grade, High school, Never married, Not in universe or children, Not in universe, Other, Mexican-American, Female, Not in universe, Not in universe, Not in labor force,,,0, Nonfiler, Not in universe, Not in universe, Child <18 never marr not in subfamily, Child under 18 never married,459.98, Nonmover, Abroad, Not in universe, Not in universe under 1 year old, Not in universe,1, Both parents present, United-States, United-States, United-States, Native- Born in the United States,0, Not in universe,0,12,0,95,-50000
3, Not in universe,0,0, Children, Not in universe, Never married, Not in universe or children, Not in universe, White, All other, Male, Not in universe, Not in universe, Children or Armed Forces,0,,0, Nonfiler, Not in universe, Not in universe, Child <18 never marr not in subfamily, Child under 18 never married,1682.7, Nonmover, Not in universe, Not in universe, Not in universe under 1 year old, Not in universe,0, Mother only present, United-States, United-States, United-States, Native- Born in the United States,0, Not in universe,0,0,2,95,-50000
5, Self-employed-not incorporated,31,3, Masters degree(MA MS MEng MEd MSW MBA), Not in universe, Married-civilian spouse present, Finance insurance and real estate, Sales, White, All other, Male, Not in universe, Not in universe, Children or Armed Forces,0,0,0, Joint both under 65, Not in universe, Not in universe, Householder, Householder,1743.8, Nonmover, Nonmover, Nonmover, No, Not in universe,0, Not in universe, United-States, United-States, United-States, Native- Born in the United States,0, Not in universe,2,0,0,94,-50000
3, Not in universe,4,0, High school graduate, Not in universe, Married-civilian spouse present, Not in universe or children, Not in universe, White, All other, Female, Not in universe, Not in universe, Children or Armed Forces,0,0,0, Joint both under 65, Midwest, Minnesota, Spouse of householder, Spouse of householder,2682.23, MSA to MSA, Same county, Same county, No, No,0, Not in universe, United-States, United-States, United-States, Native- Born in the United States,0, Not in universe,0,0,0,94,-50000
4, Not in universe,4,2, Children, Not in universe, Never married, Not in universe or children, Not in universe, Black, All other, Male, Not in universe, Not in universe, Children or Armed Forces,0,0,2, Nonfiler, Not in universe, Not in universe, Child <18 never marr not in subfamily, Child under 18 never married,718.34, Nonmover, Not in universe, Not in universe, Not in universe under 1 year old, Not in universe,0, Mother only present, United-States, United-States, United-States, Native- Born in the United States,0, Not in universe,0,1,2,94,-50000
3, Private,4,26, Associates degree-academic program, Not in universe, Married-civilian spouse present, Hospital services, Adm support including clerical, White, All other, Male, Not in universe, Not in universe, Children or Armed Forces,0,0,0, Joint both under 65, Not in universe, Not in universe, Spouse of householder, Spouse of householder,1410.73, Nonmover, Nonmover, Nonmover, Yes, Not in universe,0, Not in universe, United-States, United-States, United-States, Native- Born in the United States,0, Not in universe,0,52,0,94,-50000
44, Private,4,3, High school graduate, Not in universe, Married-civilian spouse present, Retail trade, Precision production craft & repair, White, All other, Male, No, Not in universe, Children or Armed Forces,0,0,15, Joint both under 65, Not in universe, Not in universe, Spouse of householder, Spouse of householder,895.83, Nonmover, Nonmover, Nonmover, Yes, Not in universe,6, Not in universe, United-States, United-States, United-States, Native- Born in the United States,0, Not in universe,2,50,0,94,-50000
4, Not in universe,1,0, Children, Not in universe, Never married, Not in universe or children, Not in universe, White, All other, Male, Not in universe, Not in universe, Children or Armed Forces,0,0,0, Nonfiler, Not in universe, Not in universe, Child <18 never marr not in subfamily, Child under 18 never married,888.28, Nonmover, Nonmover, Nonmover, Yes, Not in universe,0, Both parents present, United-States, United-States, United-States, Native- Born in the United States,0, Not in universe,0,6,0,94,-50000
3, Not in universe,3,3, Children, Not in universe, Never married, Not in universe or children, Not in universe, White, All other, Female, Not in universe, Not in universe, Children or Armed Forces,0,,0, Nonfiler, Not in universe, Not in universe, Child <18 never marr not in subfamily, Child under 18 never married,1745.09, Nonmover, Not in universe, Not in universe, Not in universe under 1 year old, Not in universe,0, Both parents present, United-States, United-States, United-States, Native- Born in the United States,0, Not in universe,0,0,0,94,-50000
3, Not in universe,4,3, Children, Not in universe, Never married, Not in universe or children, Not in universe, White, All other, Male, Not in universe, Not in universe, Children or Armed Forces,0,0,0, Nonfiler, Not in universe, Not in universe, Child <18 never marr not in subfamily, Child under 18 never married,1571.0, MSA to MSA, Not in universe, Not in universe, Not in universe under 1 year old, Not in universe,0, Both parents present, United-States, United-States, United-States, Native- Born in the United States,0, Not in universe,0,0,0,95,-50000
50, Private,17,3, Associates degree-occup /vocational, Not in universe, Married-civilian spouse present, Manufacturing-durable goods, Professional specialty, Other, All other, Male, Not in universe, Not in universe, Children or Armed Forces,0,,0, Joint both under 65, Not in universe, Not in universe, Householder, Householder,1051.04, Nonmover, Nonmover, Nonmover, No, Not in universe,0, Not in universe, United-States, United-States, United-States, Native- Born in the United States,0, Not in universe,0,25,2,94,-50000
3, Private,4,3, 9th grade, Not in universe, Married-civilian spouse present, Manufacturing-nondurable goods, Machine operators assmblrs & inspctrs, White, All other, Male, Not in universe, Not in universe, Children or Armed Forces,0,,0, Joint both under 65, Not in universe, Not in universe, Spouse of householder, Spouse of householder,490.06, Nonmover, Nonmover, Nonmover, No, Not in universe,0, Not in universe, United-States, United-States, United-States, Native- Born in the United States,0, Not in universe,2,52,0,94,-50000
11, Private,35,23, Some college but no degree, Not in universe, Married-civilian spouse present, Finance insurance and real estate, Adm support including clerical, White, All other, Female, Not in universe, Not in universe, Full-time schedules,0,0,0, Joint both under 65, Not in universe, Not in universe, Spouse of householder, Spouse of householder,803.59, Nonmover, Abroad, Not in universe, Not in universe under 1 year old, Not in universe,0, Not in universe, United-States, United-States, United-States, Native- Born in the United States,0, Not in universe,2,52,2,95,-50000
1, Not in universe,4,3, Children, Not in universe, Never married, Not in universe or children, Not in universe, White, All other, Male, Not in universe, Not in universe, Children or Armed Forces,0,0,2, Nonfiler, Not in universe, Not in universe, Child <18 never marr not in subfamily, Child under 18 never married,3675.77, Nonmover, Nonmover, Nonmover, Yes, Not in universe,0, Both parents present, United-States, United-States, United-States, Native- Born in the United States,0, Not in universe,0,0,2,94,-50000
8, Private,41,29, 10th grade, Not in universe, Married-civilian spouse present, Retail trade, Other service, White, All other, Female, Not in universe, Not in universe, Full-time schedules,0,0,0, Joint both under 65, Not in universe, Not in universe, Spouse of householder, Spouse of householder,1566.66, Nonmover, Abroad, Not in universe, Not in universe under 1 year old, Not in universe,0, Not in universe, United-States, United-States, United-States, Native- Born in the United States,0, Not in universe,0,0,0,95,-50000
77, Not in universe,4,3, High school graduate, Not in universe, Widowed, Not in universe or children, Not in universe, White, All other, Female, Not in universe, Not in universe, Not in labor force,0,0,0, Nonfiler, Not in universe, Not in universe, Other Rel 18+ ever marr not in subfamily, Other relative of householder,1788.4, Nonmover, Abroad, Not in universe, Not in universe under 1 year old, Not in universe,0, Not in universe, United-States, United-States, United-States, Native- Born in the United States,0, Not in universe,0,0,0,95,-50000
3, Not in universe,3,0, Children, Not in universe, Never married, Not in universe or children, Not in universe, White, All other, Female, Not in universe, Not in universe, Children or Armed Forces,0,0,0, Nonfiler, Not in universe, Not in universe, Child <18 never marr not in subfamily, Child under 18 never married,1373.0, Nonmover, Not in universe, Not in universe, Not in universe under 1 year old, Not in universe,0, Both parents present, United-States, United-States, United-States, Native- Born in the United States,0, Not in universe,0,1,0,94,-50000
5, Not in universe,4,3, 10th grade, Not in universe, Never married, Not in universe or children, Not in universe, White, All other, Female, Not in universe, Not in universe, Children or Armed Forces,0,0,0, Nonfiler, Not in universe, Not in universe, Child <18 never marr not in subfamily, Child under 18 never married,2075.7, Nonmover, Nonmover, Nonmover, Yes, Not in universe,0, Both parents present, United-States, United-States, United-States, Native- Born in the United States,0, Not in universe,0,0,0,94,-50000
39, Private,17,2, High school graduate, Not in universe, Married-civilian spouse present, Social services, Other service, White, Mexican-American, Female, Not in universe, Not in universe, Children or Armed Forces,,0,0, Joint both under 65, Not in universe, Not in universe, Spouse of householder, Spouse of householder,2037.18, Nonmover, Nonmover, Nonmover, Yes, Not in universe,0, Not in universe, United-States, United-States, United-States, Native- Born in the United States,0, Not in universe,1,0,0,94,-50000
5, Not in universe,3,0, Children, Not in universe, Never married, Not in universe or children, Not in universe, White, All other, Male, Not in universe, Not in universe, Children or Armed Forces,0,0,0, Nonfiler, Not in universe, Not in universe, Child <18 never marr not in subfamily, Child under 18 never married,1364.29, Nonmover, Not in universe, Not in universe, Not in universe under 1 year old, Not in universe,0, Mother only present, United-States, United-States, United-States, Native- Born in the United States,0, Not in universe,0,0,0,94,-50000
3, Private,4,10, Bachelors degree(BA AB BS), Not in universe, Married-civilian spouse present, Medical except hospital, Adm support including clerical, White, All other, Female, Not in universe, Not in universe, Children or Armed Forces,,,0, Joint both under 65, Not in universe, Not in universe, Spouse of householder, Spouse of householder,864.34, Nonmover, Nonmover, Nonmover, No, Not in universe,1, Not in universe, United-States, United-States, United-States, Native- Born in the United States,0, Not in universe,0,25,0,94,-50000
3, Not in universe,4,3, Less than 1st grade, Not in universe, Widowed, Not in universe or children, Not in universe, White, Mexican-American, Female, Not in universe, Not in universe, Children or Armed Forces,,0,2, Nonfiler, Not in universe, Not in universe, Nonfamily householder, Householder,1013.08, Nonmover, Nonmover, Nonmover, Yes, Not in universe,0, Not in universe, Mexico, India, United-States, Native- Born in the United States,0, Not in universe,2,0,0,94,-50000
3, Not in universe,37,0, High school graduate, Not in universe, Married-civilian spouse present, Not in universe or children, Not in universe, White, All other, Male, Not in universe, Not in universe, Children or Armed Forces,0,,2, Joint both under 65, South, Utah, Householder, Householder,530.25, MSA to MSA, Different division same region, Different state in South, No, Yes,3, Not in universe, United-States, United-States, United-States, Native- Born in the United States,0, Not in universe,0,0,0,94,-50000
2, Not in universe,4,0, Children, Not in universe, Never married, Not in universe or children, Not in universe, Amer Indian Aleut or Eskimo, All other, Male, Not in universe, Not in universe, Children or Armed Forces,0,0,0, Nonfiler, Not in universe, Not in universe, Other Rel <18 never marr not in subfamily, Other relative of householder,1961.54, MSA to MSA, Not in universe, Not in universe, Not in universe under 1 year old, Not in universe,0, Neither parent present, United-States, United-States, United-States, Native- Born in the United States,0, Not in universe,0,0,0,95,-50000
5, Private,4,4, High school graduate, Not in universe, Married-civilian spouse present, Construction, Precision production craft & repair, White, All other, Male, Not in universe, Not in universe, PT for non-econ reasons usually FT,?,,0, Joint both under 65, Not in universe, Not in universe, Householder, Householder,2223.92, Nonmover, Abroad, Not in universe, Not in universe under 1 year old, Not in universe,0, Not in universe, United-States, United-States, United-States, Native- Born in the United States,0, Not in universe,0,20,0,95,-50000
4, Private,41,30, Some college but no degree, Not in universe, Never married, Retail trade, Other service, Black, All other, Female, Not in universe, Not in universe, Children or Armed Forces,0,0,4, Single, Not in universe, Not in universe, Secondary individual, Nonrelative of householder,1788.4, Nonmover, Nonmover, Nonmover, Yes, Not in universe,4, Not in universe, Outlying-U S (Guam USVI etc), Outlying-U S (Guam USVI etc), Outlying-U S (Guam USVI etc), Native- Born in Puerto Rico or U S Outlying,0, Not in universe,0,25,0,94,-50000
31, Not in universe,0,0, Some college but no degree, Not in universe, Married-civilian spouse present, Not in universe or children, Not in universe, White, All other, Male, Not in universe, Not in universe, Children or Armed Forces,0,0,0, Joint both under 65, Not in universe, Not in universe, Spouse of householder, Spouse of householder,4352.81, Nonmover, Nonmover, Nonmover, Yes, Not in universe,1, Not in universe, United-States, United-States, United-States, Native- Born in the United States,0, Not in universe,0,0,0,94,-50000
3, Private,4,2, 10th grade, High school, Never married, Retail trade, Other service, White, All other, Male, Not in universe, Not in universe, Children or Armed Forces,0,,2, Nonfiler, Not in universe, Not in universe, Child <18 never marr not in subfamily, Child under 18 never married,827.47, Nonmover, Nonmover, Nonmover, Yes, Not in universe,0, Both parents present, United-States, United-States, United-States, Native- Born in the United States,0, Not in universe,0,0,0,94,-50000
11, Not in universe,4,3, High school graduate, Not in universe, Widowed, Not in universe or children, Not in universe, White, All other, Male, Not in universe, Not in universe, Children or Armed Forces,0,0,2, Nonfiler, Not in universe, Not in universe, Nonfamily householder, Householder,951.66, Nonmover, Nonmover, Nonmover, Yes, Not in universe,0, Not in universe, United-States, United-States, United-States, Native- Born in the United States,0, Not in universe,2,1,0,94,-50000
24, Self-employed-not incorporated,31,43, High school graduate, Not in universe, Married-civilian spouse present, Business and repair services, Precision production craft & repair, White, All other, Male, Not in universe, Not in universe, Children or Armed Forces,0,,0, Joint both under 65, Not in universe, Not in universe, Householder, Householder,1743.8, Nonmover, Nonmover, Nonmover, Yes, Not in universe,0, Not in universe, United-States, United-States, United-States, Native- Born in the United States,0, Not in universe,1,52,0,94,-50000
3, Not in universe,3,0, Children, Not in universe, Never married, Not in universe or children, Not in universe, White, All other, Female, Not in universe, Not in universe, Children or Armed Forces,0,0,0, Nonfiler, Not in universe, Not in universe, Child <18 never marr not in subfamily, Child under 18 never married,1743.8, Nonmover, Not in universe, Not in universe, Not in universe under 1 year old, Not in universe,0, Both parents present, United-States, United-States, United-States, Native- Born in the United States,0, Not in universe,0,1,0,94,-50000
26, Private,4,0, Some college but no degree, Not in universe, Never married, Retail trade, Professional specialty, White, All other, Male, Not in universe, Re-entrant, Children or Armed Forces,0,1602,0, Single, Not in universe, Not in universe, Secondary individual, Nonrelative of householder,1242.94, Nonmover, Nonmover, Nonmover, No, Not in universe,6, Not in universe, Puerto-Rico, Mexico, India, Foreign born- Not a citizen of U S ,0, Not in universe,0,25,0,94,-50000
5, Not in universe,3,37, 5th or 6th grade, Not in universe, Married-civilian spouse present, Not in universe or children, Not in universe, White, Central or South American, Female, Not in universe, Not in universe, Children or Armed Forces,0,0,0, Joint both under 65, Abroad, Abroad, RP of unrelated subfamily, Nonrelative of householder,310.98, Abroad to MSA, Abroad, Abroad, No, No,0, Not in universe, Guatemala, Guatemala, Guatemala, Foreign born- Not a citizen of U S ,0, Not in universe,2,0,2,94,-50000
3, Private,22,36, 9th grade, Not in universe, Married-civilian spouse present, Manufacturing-nondurable goods, Machine operators assmblrs & inspctrs, Asian or Pacific Islander, All other, Male, Not in universe, Not in universe, Full-time schedules,0,0,15, Joint both under 65, Not in universe, Not in universe, Spouse of householder, Spouse of householder,1282.69, Nonmover, Abroad, Not in universe, Not in universe under 1 year old, Not in universe,0, Not in universe, Cambodia, Vietnam, Cambodia, Foreign born- U S citizen by naturalization,0, Not in universe,0,0,0,95,-50000
3, Self-employed-not incorporated,45,1, Prof school degree (MD DDS DVM LLB JD), Not in universe, Married-civilian spouse present, Education, Professional specialty, White, All other, Male, Not in universe, Not in universe, Children or Armed Forces,7688,0,200, Joint both under 65, Not in universe, Not in universe, Householder, Householder,1000.23, Nonmover, Nonmover, Nonmover, No, Not in universe,0, Not in universe, United-States, United-States, United-States, Native- Born in the United States,1, Not in universe,2,25,0,94, 50000+.
1, Not in universe,31,0, Masters degree(MA MS MEng MEd MSW MBA), Not in universe, Married-civilian spouse present, Not in universe or children, Not in universe, White, Cuban, Male, Not in universe, Not in universe, Children or Armed Forces,0,419,0, Joint both 65+, Not in universe, Not in universe, Householder, Householder,1373.0, Nonmover, Nonmover, Nonmover, No, Not in universe,0, Not in universe, United-States, Cuba, Cuba, Foreign born- Not a citizen of U S ,0, Not in universe,2,0,2,94,-50000
3, Not in universe,3,3, 5th or 6th grade, Not in universe, Never married, Not in universe or children, Not in universe, White, All other, Male, Not in universe, Not in universe, Not in labor force,0,0,2, Nonfiler, Not in universe, Not in universe, Nonfamily householder, Householder,651.04, Nonmover, Abroad, Not in universe, Not in universe under 1 year old, Not in universe,0, Not in universe, United-States, United-States, United-States, Native- Born in the United States,0, Not in universe,0,1,0,95,-50000
11, Local government,17,1, Masters degree(MA MS MEng MEd MSW MBA), Not in universe, Never married, Education, Professional specialty, White, All other, Male, Yes, Not in universe, Children or Armed Forces,0,0,5, Single, Not in universe, Not in universe, Nonfamily householder, Householder,2520.1, Nonmover, Nonmover, Nonmover, No, Not in universe,3, Not in universe, United-States, United-States, United-States, Native- Born in the United States,1, Not in universe,1,25,0,94, 50000+.
0, Private,33,10, High school graduate, Not in universe, Married-civilian spouse present, Retail trade, Sales, Amer Indian Aleut or Eskimo, All other, Female, Not in universe, Not in universe, Full-time schedules,0,0,5, Joint both under 65, Not in universe, Not in universe, Spouse of householder, Spouse of householder,310.98, Nonmover, Abroad, Not in universe, Not in universe under 1 year old, Not in universe,3, Not in universe, United-States, United-States, United-States, Native- Born in the United States,0, Not in universe,2,50,0,94,-50000
3, Not in universe,4,0, Children, Not in universe, Never married, Not in universe or children, Not in universe, White, All other, Male, Not in universe, Not in universe, Children or Armed Forces,,,0, Nonfiler, Not in universe, Not in universe, Child <18 never marr not in subfamily, Child under 18 never married,1743.8, Nonmover, Not in universe, Not in universe, Not in universe under 1 year old, Not in universe,0, Both parents present, United-States, United-States, United-States, Native- Born in the United States,0, Not in universe,0,0,0,94,-50000
11, Private,43,36, High school graduate, Not in universe, Married-civilian spouse present, Manufacturing-durable goods, Machine operators assmblrs & inspctrs, White, All other, Male, Not in universe, Not in universe, Children or Armed Forces,0,0,0, Joint both under 65, Not in universe, Not in universe, Householder, Householder,1452.22, Nonmover, Nonmover, Nonmover, Yes, Not in universe,0, Not in universe, United-States, United-States, United-States, Native- Born in the United States,0, Not in universe,2,25,0,94,-50000
3, Private,11,3, Bachelors degree(BA AB BS), Not in universe, Married-civilian spouse present, Hospital services, Professional specialty, White, All other, Female, Not in universe, Not in universe, Full-time schedules,0,0,0, Joint both under 65, Not in universe, Not in universe, Spouse of householder, Spouse of householder,857.41, Nonmover, Abroad, Not in universe, Not in universe under 1 year old, Not in universe,0, Not in universe, United-States, United-States, United-States, Native- Born in the United States,0, Not in universe,1,52,2,94,-50000
50, Private,43,3, Masters degree(MA MS MEng MEd MSW MBA), Not in universe, Married-civilian spouse present, Education, Professional specialty, White, All other, Male, No, Not in universe, Full-time schedules,0,0,0, Joint both under 65, Not in universe, Not in universe, Spouse of householder, Spouse of householder,459.98, Nonmover, Abroad, Not in universe, Not in universe under 1 year old, Not in universe,0, Not in universe, Canada, Canada, Mexico, Foreign born- U S citizen by naturalization,0, Not in universe,0,52,313,94,-50000
7, Private,45,25, 10th grade, High school, Never married, Other professional services, Adm support including clerical, White, All other, Male, Not in universe, Not in universe, Full-time schedules,0,0,0, Single, Not in universe, Not in universe, Child <18 never marr not in subfamily, Child under 18 never married,803.49, Nonmover, Abroad, Not in universe, Not in universe under 1 year old, Not in universe,3, Both parents present, United-States, United-States, United-States, Native- Born in the United States,0, Not in universe,0,0,2,95,-50000
3, Not in universe,4,3, High school graduate, Not in universe, Widowed, Not in universe or children, Not in universe, White, All other, Female, Not in universe, Not in universe, Not in labor force,,0,0, Nonfiler, Not in universe, Not in universe, Nonfamily householder, Householder,2138.7, Nonmover, Abroad, Abroad, Not in universe under 1 year old, Not in universe,0, Not in universe, United-States, United-States, United-States, Native- Born in the United States,0, Not in universe,2,0,0,94,-50000
0, Private,41,10, 1st 2nd 3rd or 4th grade, Not in universe, Married-civilian spouse present, Agriculture, Farming forestry and fishing, White, Mexican (Mexicano), Male, Not in universe, Not in universe, Children or Armed Forces,,0,5, Joint both under 65, Not in universe, Not in universe, Other Rel 18+ ever marr RP of subfamily, Other relative of householder,1571.0, Nonmover, Nonmover, Nonmover, No, Not in universe,0, Not in universe, Mexico, Mexico, Mexico, Foreign born- U S citizen by naturalization,0, Not in universe,2,0,0,94,-50000
5, Self-employed-not incorporated,45,8, Prof school degree (MD DDS DVM LLB JD), Not in universe, Divorced, Other professional services, Professional specialty, White, All other, Male, Not in universe, Not in universe, Children or Armed Forces,,0,0, Single, West, California, Nonfamily householder, Householder,2075.7, MSA to MSA, Same county, Same county, No, No,0, Not in universe, United-States, United-States, United-States, Native- Born in the United States,0, Not in universe,0,50,0,94,-50000
3, Local government,0,1, High school graduate, Not in universe, Never married, Public administration, Executive admin and managerial, Amer Indian Aleut or Eskimo, All other, Male, Not in universe, Job leaver, Children or Armed Forces,,0,0, Head of household, Not in universe, Not in universe, Child 18+ never marr RP of subfamily, Householder,978.53, Nonmover, Nonmover, Nonmover, Yes, Not in universe,0, Not in universe, United-States, United-States, United-States, Native- Born in the United States,0, Not in universe,1,52,0,94,-50000
7, Private,31,3, Doctorate degree(PhD EdD), Not in universe, Never married, Business and repair services, Adm support including clerical, White, All other, Female, Not in universe, Re-entrant, Children or Armed Forces,0,,0, Single, Not in universe, Not in universe, Child 18+ never marr Not in a subfamily, Child 18 or older,2075.7, Nonmover, Nonmover, Nonmover, Yes, Not in universe,0, Not in universe, United-States, United-States, United-States, Native- Born in the United States,0, Not in universe,1,25,0,94,-50000
3, Private,41,3, Some college but no degree, Not in universe, Married-civilian spouse present, Hospital services, Professional specialty, White, All other, Female, No, Not in universe, Full-time schedules,0,0,15, Joint both under 65, Not in universe, Not in universe, Spouse of householder, Spouse of householder,288.69, Nonmover, Abroad, Not in universe, Not in universe under 1 year old, Not in universe,0, Not in universe, United-States, United-States, United-States, Native- Born in the United States,0, Not in universe,0,52,0,94,-50000
74, Not in universe,3,35, 7th and 8th grade, Not in universe, Married-civilian spouse present, Not in universe or children, Not in universe, White, All other, Male, Not in universe, Not in universe, Not in labor force,0,,0, Nonfiler, Not in universe, Not in universe, Householder, Householder,888.28, Nonmover, Abroad, Not in universe, Not in universe under 1 year old, Not in universe,0, Not in universe, United-States, United-States, Mexico, Foreign born- U S citizen by naturalization,0, Not in universe,0,0,0,94,-50000
3, Private,31,10, High school graduate, Not in universe, Married-civilian spouse present, Retail trade, Other service, White, All other, Female, Not in universe, Not in universe, Not in labor force,,,2, Nonfiler, Not in universe, Not in universe, Spouse of householder, Spouse of householder,2075.7, Nonmover, Abroad, Not in universe, Not in universe under 1 year old, Not in universe,1, Not in universe, United-States, United-States, United-States, Native- Born in the United States,0, Not in universe,0,0,2,94,-50000
5, State government,4,15, High school graduate, Not in universe, Married-civilian spouse present, Public administration, Technicians and related support, White, All other, Male, Not in universe, Not in universe, Full-time schedules,0,0,0, Joint both under 65, Not in universe, Not in universe, Householder, Householder,1747.59, MSA to MSA, Abroad, Not in universe, Not in universe under 1 year old, Not in universe,0, Not in universe, United-States, United-States, United-States, Native- Born in the United States,0, Not in universe,0,52,0,95,-50000
6, Not in universe,3,3, Children, Not in universe, Never married, Not in universe or children, Not in universe, Black, All other, Female, Not in universe, Not in universe, Children or Armed Forces,0,0,2, Nonfiler, Not in universe, Not in universe, Child <18 never marr not in subfamily, Child under 18 never married,1339.61, Nonmover, Not in universe, Not in universe, Not in universe under 1 year old, Not in universe,0, Father only present, United-States, United-States, United-States, Native- Born in the United States,0, Not in universe,0,0,0,95,-50000
7, Not in universe,4,3, High school graduate, Not in universe, Married-civilian spouse present, Not in universe or children, Not in universe, White, All other, Male, Not in universe, Not in universe, Children or Armed Forces,,0,0, Joint one under 65 & one 65+, Not in universe, Not in universe, Householder, Householder,1788.4, Nonmover, Nonmover, Nonmover, No, Not in universe,0, Not in universe, United-States, United-States, United-States, Native- Born in the United States,0, Not in universe,1,0,0,94,-50000
1, Private,42,30, High school graduate, Not in universe, Never married, Medical except hospital, Other service, White, All other, Female, No, Not in universe, Full-time schedules,,0,0, Head of household, Not in universe, Not in universe, Child 18+ never marr RP of subfamily, Householder,1206.22, Nonmover, Abroad, Not in universe, Not in universe under 1 year old, Not in universe,4, Not in universe, United-States, United-States, United-States, Native- Born in the United States,0, Not in universe,0,52,0,95,-50000
11, Private,43,41, Some college but no degree, College or university, Never married, Retail trade, Handlers equip cleaners etc , White, All other, Male, No, Not in universe, Children or Armed Forces,0,,0, Single, Not in universe, Not in universe, Child 18+ never marr Not in a subfamily, Child 18 or older,2520.1, Nonmover, Nonmover, Nonmover, No, Not in universe,4, Not in universe, United-States, United-States, United-States, Native- Born in the United States,0, Not in universe,0,52,700,94,-50000
5, Self-employed-not incorporated,43,3, Some college but no degree, Not in universe, Married-civilian spouse present, Retail trade, Other service, White, All other, Male, Not in universe, Not in universe, Children or Armed Forces,0,0,0, Joint both under 65, Not in universe, Not in universe, Householder, Householder,3200.23, Nonmover, Nonmover, Nonmover, Yes, Not in universe,3, Not in universe, United-States, United-States, United-States, Native- Born in the United States,0, Not in universe,2,25,0,94,-50000
5, Private,4,10, Some college but no degree, Not in universe, Married-civilian spouse present, Retail trade, Adm support including clerical, Other, All other, Female, Not in universe, Other job loser, Unemployed full-time,0,0,0, Joint both under 65, Not in universe, Not in universe, Spouse of householder, Spouse of householder,3600.33, Nonmover, Abroad, Not in universe, Not in universe under 1 year old, Not in universe,1, Not in universe, United-States, United-States, United-States, Native- Born in the United States,0, Not in universe,0,8,2,95,-50000
2, Not in universe,3,0, 1st 2nd 3rd or 4th grade, Not in universe, Widowed, Not in universe or children, Not in universe, White, All other, Male, Not in universe, Not in universe, Children or Armed Forces,,0,0, Nonfiler, Midwest, Ohio, Nonfamily householder, Householder,1571.0, MSA to nonMSA, Different county same state, Different county same state, No, No,1, Not in universe, United-States, United-States, United-States, Native- Born in the United States,0, Not in universe,1,0,0,94,-50000
5, Not in universe,4,0, High school graduate, Not in universe, Married-civilian spouse present, Not in universe or children, Not in universe, White, All other, Male, Not in universe, Not in universe, Not in labor force,0,0,0, Nonfiler, Not in universe, Not in universe, Householder, Householder,1373.0, Nonmover, Abroad, Not in universe, Not in universe under 1 year old, Not in universe,0, Not in universe, United-States, United-States, United-States, Native- Born in the United States,0, Not in universe,0,14,0,94,-50000
47, Private,9,37, High school graduate, Not in universe, Married-civilian spouse present, Manufacturing-durable goods, Machine operators assmblrs & inspctrs, White, Mexican-American, Male, Not in universe, Not in universe, Full-time schedules,7298,0,0, Joint both under 65, Not in universe, Not in universe, Householder, Householder,868.55, NonMSA to nonMSA, Abroad, Not in universe, Not in universe under 1 year old, Not in universe,0, Not in universe, United-States, United-States, United-States, Native- Born in the United States,0, Not in universe,2,0,2,94,-50000
8, Not in universe,4,3, 10th grade, High school, Never married, Not in universe or children, Not in universe, Black, All other, Male, Not in universe, Not in universe, Children or Armed Forces,0,0,0, Nonfiler, Not in universe, Not in universe, Child 18+ never marr Not in a subfamily, Child 18 or older,459.98, Nonmover, Nonmover, Nonmover, No, Not in universe,0, Not in universe, United-States, United-States, United-States, Native- Born in the United States,0, Not in universe,2,20,2,94,-50000
3, Not in universe,4,0, Children, Not in universe, Never married, Not in universe or children, Not in universe, White, All other, Female, Not in universe, Not in universe, Children or Armed Forces,0,,0, Nonfiler, Not in universe, Not in universe, Child <18 never marr not in subfamily, Child under 18 never married,459.98, Nonmover, Abroad, Not in universe, Not in universe under 1 year old, Not in universe,0, Both parents present, United-States, United-States, United-States, Native- Born in the United States,0, Not in universe,0,1,2,94,-50000
1, Not in universe,0,3, High school graduate, Not in universe, Widowed, Not in universe or children, Not in universe, White, All other, Female, Not in universe, Not in universe, Not in labor force,,0,0, Nonfiler, Not in universe, Not in universe, Nonfamily householder, Householder,1373.0, MSA to MSA, Abroad, Not in universe, Not in universe under 1 year old, Not in universe,0, Not in universe, United-States, United-States, United-States, Native- Born in the United States,0, Not in universe,1,1,2,95,-50000
2, Private,23,13, Some college but no degree, College or university, Never married, Retail trade, Professional specialty, White, All other, Female, Not in universe, Not in universe, Children or Armed Forces,,,2, Single, Not in universe, Not in universe, Child 18+ never marr Not in a subfamily, Child 18 or older,2223.92, Nonmover, Nonmover, Nonmover, Yes, Not in universe,1, Not in universe, United-States, United-States, United-States, Native- Born in the United States,0, Not in universe,2,52,0,94,-50000
5, Not in universe,4,3, 7th and 8th grade, Not in universe, Married-spouse absent, Not in universe or children, Not in universe, White, Mexican-American, Male, Not in universe, Not in universe, Not in labor force,0,0,0, Nonfiler, Not in universe, Not in universe, Secondary individual, Nonrelative of householder,2571.66, Nonmover, Abroad, Abroad, Not in universe under 1 year old, Not in universe,0, Not in universe, Puerto-Rico, Mexico, Mexico, Foreign born- U S citizen by naturalization,0, Not in universe,0,0,0,95,-50000
7, Private,17,3, 5th or 6th grade, Not in universe, Married-civilian spouse present, Entertainment, Other service, Other, Mexican (Mexicano), Male, Not in universe, Other job loser, Children or Armed Forces,0,1021,0, Joint both under 65, Not in universe, Not in universe, Householder, Householder,1357.57, Nonmover, Nonmover, Nonmover, No, Not in universe,0, Not in universe, Mexico, Mexico, Mexico, Foreign born- Not a citizen of U S ,0, Not in universe,0,0,0,94,-50000
3, Not in universe,45,3, Children, Not in universe, Never married, Not in universe or children, Not in universe, White, All other, Male, Not in universe, Not in universe, Children or Armed Forces,0,0,0, Nonfiler, Not in universe, Not in universe, Child <18 never marr not in subfamily, Child under 18 never married,2094.11, Nonmover, Nonmover, Nonmover, No, Not in universe,0, Both parents present, United-States, United-States, United-States, Native- Born in the United States,0, Not in universe,0,1,0,94,-50000
3, State government,4,3, High school graduate, Not in universe, Married-civilian spouse present, Hospital services, Professional specialty, Black, All other, Male, Not in universe, Not in universe, Full-time schedules,0,0,0, Joint both under 65, Not in universe, Not in universe, Spouse of householder, Spouse of householder,2934.16, Nonmover, Abroad, Not in universe, Not in universe under 1 year old, Not in universe,0, Not in universe, United-States, United-States, United-States, Native- Born in the United States,0, Not in universe,0,52,0,95,-50000
1, Not in universe,3,3, 10th grade, Not in universe, Widowed, Not in universe or children, Not in universe, White, All other, Female, Not in universe, Not in universe, Not in labor force,,0,0, Nonfiler, Not in universe, Not in universe, Nonfamily householder, Householder,1339.61, Nonmover, Abroad, Not in universe, Not in universe under 1 year old, Not in universe,0, Not in universe, United-States, Italy, Mexico, Foreign born- U S citizen by naturalization,0, Not in universe,0,0,0,94,-50000
24, Not in universe,4,2, High school graduate, Not in universe, Married-civilian spouse present, Not in universe or children, Not in universe, Black, All other, Female, Not in universe, Not in universe, Children or Armed Forces,0,323,2, Nonfiler, Abroad, Abroad, Spouse of householder, Spouse of householder,2951.04, Abroad to MSA, Abroad, Abroad, No, No,0, Not in universe, United-States, Philippines, Philippines, Foreign born- Not a citizen of U S ,0, Not in universe,0,0,0,94,-50000
12, Not in universe,0,3, Children, Not in universe, Never married, Not in universe or children, Not in universe, Black, All other, Male, Not in universe, Not in universe, Children or Armed Forces,,,2, Nonfiler, Not in universe, Not in universe, Child <18 never marr not in subfamily, Child under 18 never married,1788.4, Nonmover, Not in universe, Abroad, Not in universe under 1 year old, Not in universe,0, Mother only present, United-States, United-States, United-States, Native- Born in the United States,0, Not in universe,0,6,0,94,-50000
12, Not in universe,4,3, Children, Not in universe, Never married, Not in universe or children, Not in universe, White, Central or South American, Male, Not in universe, Not in universe, Children or Armed Forces,,0,0, Nonfiler, Not in universe, Not in universe, Child <18 never marr not in subfamily, Child under 18 never married,492.44, Nonmover, Nonmover, Nonmover, No, Not in universe,0, Mother only present, Columbia, Columbia, Columbia, Foreign born- Not a citizen of U S ,0, Not in universe,0,0,0,94,-50000
13, Private,20,0, High school graduate, Not in universe, Never married, Medical except hospital, Other service, Black, All other, Male, Not in universe, Not in universe, Children or Armed Forces,,0,0, Nonfiler, Not in universe, Not in universe, Nonfamily householder, Householder,2138.7, Nonmover, Nonmover, Nonmover, Yes, Not in universe,0, Not in universe, United-States, United-States, United-States, Native- Born in the United States,0, Not in universe,2,0,0,94,-50000
0, Private,4,28, High school graduate, College or university, Never married, Education, Protective services, White, All other, Male, Not in universe, Not in universe, Full-time schedules,,0,100, Single, Not in universe, Not in universe, Child 18+ never marr Not in a subfamily, Child 18 or older,1373.0, Nonmover, Abroad, Not in universe, Not in universe under 1 year old, Not in universe,6, Not in universe, United-States, United-States, United-States, Native- Born in the United States,0, Not in universe,0,0,0,94,-50000
33, Private,9,3, High school graduate, Not in universe, Married-civilian spouse present, Manufacturing-durable goods, Handlers equip cleaners etc , White, All other, Female, Not in universe, Not in universe, Children or Armed Forces,0,,0, Joint both under 65, Not in universe, Not in universe, Spouse of householder, Spouse of householder,1239.35, Nonmover, Nonmover, Nonmover, Yes, Not in universe,0, Not in universe, United-States, United-States, United-States, Native- Born in the United States,0, Not in universe,0,52,0,94,-50000
3, Not in universe,0,3, Some college but no degree, College or university, Never married, Not in universe or children, Not in universe, White, All other, Male, Not in universe, Not in universe, Children or Armed Forces,0,,0, Nonfiler, Not in universe, Not in universe, Child 18+ never marr Not in a subfamily, Child 18 or older,1571.0, Nonmover, Nonmover, Nonmover, Yes, Not in universe,0, Not in universe, United-States, United-States, United-States, Native- Born in the United States,0, Not in universe,2,0,0,94,-50000
6, Not in universe,4,1, High school graduate, Not in universe, Widowed, Not in universe or children, Not in universe, White, All other, Female, Not in universe, Not in universe, Children or Armed Forces,0,,2, Single, Not in universe, Not in universe, Other Rel 18+ ever marr not in subfamily, Other relative of householder,1433.34, Nonmover, Nonmover, Nonmover, Yes, Not in universe,0, Not in universe, United-States, United-States, United-States, Native- Born in the United States,0, Not in universe,1,0,0,94,-50000
3, State government,4,8, Masters degree(MA MS MEng MEd MSW MBA), Not in universe, Married-civilian spouse present, Public administration, Professional specialty, White, All other, Female, No, Not in universe, Children or Armed Forces,0,0,0, Joint both under 65, Midwest, Mississippi, Spouse of householder, Spouse of householder,1682.7, MSA to MSA, Different region, Different state in Midwest, No, No,0, Not in universe, United-States, United-States, United-States, Native- Born in the United States,0, Not in universe,0,50,0,94,-50000
12, Not in universe,9,2, High school graduate, Not in universe, Married-civilian spouse present, Not in universe or children, Not in universe, White, All other, Male, Not in universe, Not in universe, Children or Armed Forces,0,0,0, Nonfiler, Not in universe, Not in universe, Householder, Householder,407.24, Nonmover, Nonmover, Nonmover, Yes, Not in universe,0, Not in universe, United-States, United-States, United-States, Native- Born in the United States,0, Not in universe,2,0,2,94,-50000
8, Not in universe,4,3, Children, Not in universe, Never married, Not in universe or children, Not in universe, White, All other, Male, Not in universe, Not in universe, Children or Armed Forces,0,0,0, Nonfiler, Not in universe, Not in universe, Child <18 never marr not in subfamily, Child under 18 never married,490.06, Nonmover, Not in universe, Not in universe, Not in universe under 1 year old, Not in universe,1, Both parents present, United-States, United-States, United-States, Native- Born in the United States,0, Not in universe,0,0,0,94,-50000
3, Private,37,2, High school graduate, Not in universe, Married-civilian spouse present, Business and repair services, Executive admin and managerial, White, All other, Female, No, Not in universe, Children or Armed Forces,,0,0, Joint both under 65, Not in universe, Not in universe, Spouse of householder, Spouse of householder,2037.18, Nonmover, Nonmover, Nonmover, Yes, Not in universe,0, Not in universe, United-States, United-States, United-States, Native- Born in the United States,0, Not in universe,0,20,0,94,-50000
3, Not in universe,0,2, Some college but no degree, Not in universe, Married-civilian spouse present, Not in universe or children, Not in universe, White, All other, Female, Not in universe, Not in universe, Children or Armed Forces,0,0,0, Joint both under 65, Not in universe, Not in universe, Spouse of householder, Spouse of householder,888.64, Nonmover, Nonmover, Nonmover, No, Not in universe,0, Not in universe, Canada, Canada, Canada, Foreign born- Not a citizen of U S ,0, Not in universe,0,0,2,94,-50000
3, Local government,43,1, Masters degree(MA MS MEng MEd MSW MBA), Not in universe, Married-civilian spouse present, Education, Professional specialty, White, All other, Male, Not in universe, Not in universe, Children or Armed Forces,,,0, Joint both under 65, Not in universe, Not in universe, Householder, Householder,1152.22, Nonmover, Nonmover, Nonmover, Yes, Not in universe,6, Not in universe, United-States, United-States, United-States, Native- Born in the United States,0, Not in universe,2,0,0,94,-50000
3, Not in universe,4,3, Children, Not in universe, Never married, Not in universe or children, Not in universe, White, Mexican-American, Female, Not in universe, Not in universe, Children or Armed Forces,0,0,0, Nonfiler, Not in universe, Not in universe, Child <18 never marr not in subfamily, Child under 18 never married,1206.22, Nonmover, Not in universe, Not in universe, Not in universe under 1 year old, Not in universe,3, Both parents present, United-States, United-States, United-States, Native- Born in the United States,0, Not in universe,0,0,0,95,-50000
3, Not in universe,9,2, Children, Not in universe, Never married, Not in universe or children, Not in universe, White, Mexican-American, Female, Not in universe, Not in universe, Children or Armed Forces,0,0,0, Nonfiler, West, California, Child <18 never marr not in subfamily, Child under 18 never married,1788.4, MSA to MSA, Same county, Same county, No, Yes,5, Both parents present, Mexico, Mexico, United-States, Native- Born in the United States,0, Not in universe,0,4,0,94,-50000
36, Private,9,10, High school graduate, Not in universe, Divorced, Transportation, Precision production craft & repair, White, All other, Male, No, Not in universe, Children or Armed Forces,,,0, Single, Northeast, New Mexico, Nonfamily householder, Householder,1282.69, MSA to MSA, Same county, Same county, No, No,2, Not in universe, United-States, United-States, United-States, Native- Born in the United States,0, Not in universe,2,25,700,94,-50000
6, Not in universe,0,0, Bachelors degree(BA AB BS), Not in universe, Married-civilian spouse present, Not in universe or children, Not in universe, White, All other, Female, Not in universe, Not in universe, Not in labor force,0,419,15, Joint both under 65, Not in universe, Not in universe, Spouse of householder, Spouse of householder,1788.4, Nonmover, Abroad, Not in universe, Not in universe under 1 year old, Not in universe,0, Not in universe, United-States, United-States, United-States, Native- Born in the United States,0, Not in universe,1,0,0,94,-50000
3, Private,4,36, High school graduate, Not in universe, Divorced, Manufacturing-nondurable goods, Machine operators assmblrs & inspctrs, Black, All other, Female, Yes, Not in universe, PT for econ reasons usually PT,0,,2, Single, Not in universe, Not in universe, Householder, Householder,4397.74, Nonmover, Abroad, Abroad, Not in universe under 1 year old, Not in universe,6, Not in universe, United-States, United-States, United-States, Native- Born in the United States,0, Not in universe,2,51,0,95,-50000
3, Not in universe,0,0, Some college but no degree, College or university, Never married, Not in universe or children, Not in universe, White, All other, Male, Not in universe, Not in universe, Children or Armed Forces,0,0,0, Nonfiler, Not in universe, Not in universe, Nonfamily householder, Householder,3337.55, Nonmover, Nonmover, Nonmover, No, Not in universe,3, Not in universe, United-States, United-States, United-States, Native- Born in the United States,0, Not in universe,0,0,0,94,-50000
3, Not in universe,4,3, High school graduate, Not in universe, Married-spouse absent, Not in universe or children, Not in universe, White, All other, Female, Not in universe, Not in universe, Not in labor force,0,0,2, Nonfiler, Not in universe, Not in universe, Householder, Householder,1674.43, Nonmover, Abroad, Not in universe, Not in universe under 1 year old, Not in universe,0, Not in universe, United-States, United-States, United-States, Native- Born in the United States,0, Not in universe,0,0,0,94,-50000
2, Private,17,38, High school graduate, Not in universe, Never married, Retail trade, Transportation and material moving, White, All other, Male, No, Not in universe, Children or Armed Forces,,0,2, Nonfiler, Not in universe, Not in universe, Child 18+ never marr Not in a subfamily, Child 18 or older,530.25, Nonmover, Nonmover, Nonmover, Yes, Not in universe,1, Not in universe, United-States, United-States, United-States, Native- Born in the United States,0, Not in universe,1,6,156,94,-50000
3, Not in universe,4,2, Some college but no degree, Not in universe, Never married, Not in universe or children, Not in universe, Black, All other, Female, Not in universe, Not in universe, Not in labor force,0,0,0, Nonfiler, Not in universe, Not in universe, Nonfamily householder, Householder,1848.2, Nonmover, Abroad, Not in universe, Not in universe under 1 year old, Not in universe,0, Not in universe, United-States, United-States, United-States, Native- Born in the United States,0, Not in universe,0,1,0,95,-50000
39, Private,4,29, Some college but no degree, Not in universe, Married-civilian spouse present, Retail trade, Other service, White, Central or South American, Male, Not in universe, Job leaver, Unemployed full-time,0,0,15, Nonfiler, Not in universe, Not in universe, Spouse of householder, Spouse of householder,2138.7, Nonmover, Abroad, Not in universe, Not in universe under 1 year old, Not in universe,0, Not in universe, Nicaragua, Nicaragua, Nicaragua, Foreign born- Not a citizen of U S ,0, Not in universe,0,6,0,94,-50000
4, Not in universe,42,0, High school graduate, Not in universe, Married-civilian spouse present, Not in universe or children, Not in universe, White, All other, Female, Not in universe, Not in universe, Children or Armed Forces,0,0,0, Joint both 65+, Not in universe, Not in universe, Spouse of householder, Spouse of householder,1364.29, Nonmover, Nonmover, Nonmover, No, Not in universe,0, Not in universe, United-States, United-States, United-States, Native- Born in the United States,0, Not in universe,0,0,0,94,-50000
12, Not in universe,0,2, Children, Not in universe, Never married, Not in universe or children, Not in universe, White, All other, Female, Not in universe, Not in universe, Children or Armed Forces,,,0, Nonfiler, Not in universe, Not in universe, Child <18 never marr not in subfamily, Child under 18 never married,3248.33, Nonmover, Abroad, Not in universe, Not in universe under 1 year old, Not in universe,0, Both parents present, United-States, United-States, United-States, Native- Born in the United States,0, Not in universe,0,1,0,95,-50000
1, Not in universe,4,3, 10th grade, High school, Never married, Not in universe or children, Not in universe, White, Mexican-American, Male, Not in universe, Not in universe, Not in labor force,,0,0, Nonfiler, Not in universe, Not in universe, Child <18 never marr not in subfamily, Child under 18 never married,1745.09, MSA to MSA, Abroad, Not in universe, Not in universe under 1 year old, Not in universe,0, Both parents present, United-States, El-Salvador, United-States, Native- Born in the United States,0, Not in universe,0,0,2,95,-50000
15, Not in universe,4,3, Children, Not in universe, Never married, Not in universe or children, Not in universe, White, All other, Female, Not in universe, Not in universe, Children or Armed Forces,,0,2, Nonfiler, Not in universe, Not in universe, Child <18 never marr not in subfamily, Child under 18 never married,2138.7, Nonmover, Nonmover, Nonmover, No, Not in universe,0, Both parents present, United-States, United-States, United-States, Native- Born in the United States,0, Not in universe,0,1,0,94,-50000
8, Private,4,2, Some college but no degree, Not in universe, Married-civilian spouse present, Education, Adm support including clerical, White, All other, Female, Not in universe, Not in universe, Children or Armed Forces,0,,0, Joint both 65+, Not in universe, Not in universe, Spouse of householder, Spouse of householder,1571.0, Nonmover, Nonmover, Nonmover, No, Not in universe,1, Not in universe, United-States, United-States, United-States, Native- Born in the United States,0, Not in universe,0,52,0,94,-50000
12, Self-employed-not incorporated,4,10, High school graduate, Not in universe, Never married, Agriculture, Farming forestry and fishing, White, All other, Male, Not in universe, Not in universe, Children or Armed Forces,,0,0, Single, Not in universe, Not in universe, Nonfamily householder, Householder,253.62, Nonmover, Nonmover, Nonmover, Yes, Not in universe,2, Not in universe, United-States, United-States, United-States, Native- Born in the United States,0, Not in universe,0,34,0,94,-50000
3, Private,4,8, Bachelors degree(BA AB BS), Not in universe, Married-civilian spouse present, Hospital services, Professional specialty, Other, Puerto Rican, Female, Not in universe, Not in universe, Unemployed part- time,0,,200, Joint both under 65, Not in universe, Not in universe, Spouse of householder, Spouse of householder,4452.22, Nonmover, Abroad, Not in universe, Not in universe under 1 year old, Not in universe,0, Not in universe, Puerto-Rico, Puerto-Rico, Puerto-Rico, Native- Born in Puerto Rico or U S Outlying,0, Not in universe,0,0,2,95,-50000
5, Local government,17,3, Associates degree-academic program, Not in universe, Never married, Education, Protective services, White, Puerto Rican, Male, Not in universe, Not in universe, Full-time schedules,0,,0, Single, Not in universe, Not in universe, Nonfamily householder, Householder,797.74, Nonmover, Abroad, Not in universe, Not in universe under 1 year old, Not in universe,0, Not in universe, Puerto-Rico, Puerto-Rico, United-States, Native- Born in the United States,0, Not in universe,1,20,0,94,-50000
13, Not in universe,4,2, 10th grade, High school, Never married, Not in universe or children, Not in universe, White, All other, Male, Not in universe, Not in universe, Not in labor force,0,0,0, Single, Not in universe, Not in universe, Child <18 never marr not in subfamily, Child under 18 never married,2571.66, Nonmover, Abroad, Not in universe, Not in universe under 1 year old, Not in universe,0, Both parents present, United-States, United-States, United-States, Native- Born in the United States,0, Not in universe,0,6,0,94,-50000
38, Private,42,8, Associates degree-occup /vocational, Not in universe, Married-civilian spouse present, Medical except hospital, Professional specialty, White, All other, Female, Not in universe, Not in universe, Children or Armed Forces,3908,0,0, Joint both under 65, Not in universe, Not in universe, Householder, Householder,2001.29, Nonmover, Nonmover, Nonmover, Yes, Not in universe,6, Not in universe, United-States, United-States, United-States, Native- Born in the United States,0, Not in universe,0,52,2,94,-50000
45, Local government,17,25, Masters degree(MA MS MEng MEd MSW MBA), Not in universe, Married-civilian spouse present, Education, Adm support including clerical, White, All other, Female, Not in universe, Not in universe, Children or Armed Forces,,,0, Joint both under 65, Not in universe, Not in universe, Spouse of householder, Spouse of householder,2075.7, Nonmover, Nonmover, Nonmover, No, Not in universe,0, Not in universe, United-States, United-States, United-States, Native- Born in the United States,0, Not in universe,0,52,0,94,-50000
7, Private,4,3, High school graduate, Not in universe, Married-civilian spouse present, Finance insurance and real estate, Professional specialty, White, All other, Male, Not in universe, Not in universe, Children or Armed Forces,,0,100, Joint both under 65, Not in universe, Not in universe, Spouse of householder, Spouse of householder,459.98, Nonmover, Nonmover, Nonmover, Yes, Not in universe,0, Not in universe, United-States, United-States, United-States, Native- Born in the United States,0, Not in universe,1,52,0,94,-50000
26, Not in universe,9,0, Some college but no degree, Not in universe, Divorced, Not in universe or children, Not in universe, White, All other, Male, Not in universe, Not in universe, Children or Armed Forces,,0,0, Nonfiler, West, California, RP of unrelated subfamily, Nonrelative of householder,459.98, MSA to MSA, Same county, Same county, No, No,0, Not in universe, United-States, United-States, United-States, Native- Born in the United States,0, Not in universe,0,40,0,94,-50000
2, Self-employed-incorporated,42,3, Doctorate degree(PhD EdD), Not in universe, Never married, Medical except hospital, Professional specialty, White, All other, Male, Not in universe, Not in universe, Children or Armed Forces,0,,0, Single, Not in universe, Not in universe, Nonfamily householder, Householder,1989.57, Nonmover, Nonmover, Nonmover, Yes, Not in universe,0, Not in universe, United-States, United-States, United-States, Native- Born in the United States,0, Not in universe,0,52,0,94,-50000
3, Private,41,3, Bachelors degree(BA AB BS), Not in universe, Married-civilian spouse present, Education, Machine operators assmblrs & inspctrs, Black, All other, Male, Not in universe, Not in universe, Full-time schedules,,0,0, Joint both under 65, Not in universe, Not in universe, Spouse of householder, Spouse of householder,1373.0, Nonmover, Abroad, Not in universe, Not in universe under 1 year old, Not in universe,0, Not in universe, United-States, United-States, United-States, Native- Born in the United States,0, Not in universe,0,20,0,94,-50000
3, Private,4,3, Some college but no degree, Not in universe, Divorced, Retail trade, Sales, White, Mexican (Mexicano), Male, Not in universe, Not in universe, Children or Armed Forces,,0,0, Single, South, Utah, Secondary individual, Nonrelative of householder,1433.34, MSA to MSA, Same county, Same county, No, Yes,0, Not in universe, Mexico, United-States, United-States, Native- Born in the United States,0, Not in universe,2,0,0,94,-50000
3, Private,4,3, Some college but no degree, Not in universe, Married-civilian spouse present, Manufacturing-nondurable goods, Executive admin and managerial, White, All other, Female, No, Not in universe, Children or Armed Forces,,0,0, Joint both under 65, Not in universe, Not in universe, Spouse of householder, Spouse of householder,1833.94, Nonmover, Nonmover, Nonmover, Yes, Not in universe,0, Not in universe, United-States, United-States, United-States, Native- Born in the United States,0, Not in universe,0,25,0,94,-50000
3, Private,33,3, 11th grade, Not in universe, Married-civilian spouse present, Retail trade, Sales, White, Mexican-American, Male, Not in universe, Not in universe, Children or Armed Forces,0,0,15, Joint both under 65, Not in universe, Not in universe, Spouse of householder, Spouse of householder,2951.04, Nonmover, Nonmover, Nonmover, Yes, Not in universe,6, Not in universe, Mexico, Mexico, Mexico, Foreign born- U S citizen by naturalization,0, Not in universe,1,52,0,94,-50000
58, Private,4,10, High school graduate, Not in universe, Married-civilian spouse present, Finance insurance and real estate, Adm support including clerical, White, All other, Female, Not in universe, Not in universe, Full-time schedules,0,,200, Joint both under 65, Not in universe, Not in universe, Spouse of householder, Spouse of householder,1722.58, Nonmover, Abroad, Not in universe, Not in universe under 1 year old, Not in universe,0, Not in universe, United-States, United-States, United-States, Native- Born in the United States,0, Not in universe,1,20,0,95,-50000
3, Not in universe,4,3, High school graduate, Not in universe, Married-civilian spouse present, Not in universe or children, Not in universe, Black, All other, Female, Not in universe, Not in universe, Not in labor force,,0,0, Nonfiler, Not in universe, Not in universe, Spouse of householder, Spouse of householder,1788.4, Nonmover, Abroad, Not in universe, Not in universe under 1 year old, Not in universe,0, Not in universe, United-States, United-States, United-States, Native- Born in the United States,0, Not in universe,0,0,0,95,-50000
3, Private,42,10, High school graduate, Not in universe, Married-civilian spouse present, Medical except hospital, Executive admin and managerial, White, All other, Male, Not in universe, Not in universe, Full-time schedules,0,0,2, Joint both under 65, Not in universe, Not in universe, Householder, Householder,1975.77, Nonmover, Abroad, Not in universe, Not in universe under 1 year old, Not in universe,0, Not in universe, United-States, United-States, United-States, Native- Born in the United States,0, Not in universe,0,52,0,95,-50000
7, Private,4,3, 12th grade no diploma, Not in universe, Married-civilian spouse present, Transportation, Executive admin and managerial, White, All other, Male, Not in universe, Not in universe, Children or Armed Forces,,0,100, Joint both 65+, Not in universe, Not in universe, Householder, Householder,1048.33, Nonmover, Nonmover, Nonmover, Yes, Not in universe,0, Not in universe, Ireland, Ireland, United-States, Native- Born in the United States,0, Not in universe,0,0,0,94,-50000
3, Not in universe,3,8, Children, Not in universe, Never married, Not in universe or children, Not in universe, Black, All other, Male, Not in universe, Not in universe, Children or Armed Forces,0,,2, Nonfiler, Not in universe, Not in universe, Child <18 never marr not in subfamily, Child under 18 never married,2282.23, Nonmover, Nonmover, Nonmover, No, Not in universe,0, Mother only present, United-States, United-States, United-States, Native- Born in the United States,0, Not in universe,0,1,0,94,-50000
62, Not in universe,0,4, High school graduate, Not in universe, Married-civilian spouse present, Not in universe or children, Not in universe, Black, All other, Male, Not in universe, Not in universe, Not in labor force,0,0,0, Joint both under 65, Not in universe, Not in universe, Householder, Householder,288.69, NonMSA to nonMSA, Abroad, Not in universe, Not in universe under 1 year old, Not in universe,0, Not in universe, United-States, United-States, United-States, Native- Born in the United States,0, Not in universe,0,1,0,94,-50000
67, Private,17,37, High school graduate, Not in universe, Married-civilian spouse present, Manufacturing-durable goods, Machine operators assmblrs & inspctrs, White, All other, Female, Not in universe, Not in universe, Children or Armed Forces,0,0,0, Joint both 65+, Not in universe, Not in universe, Spouse of householder, Spouse of householder,1080.87, Nonmover, Nonmover, Nonmover, No, Not in universe,0, Not in universe, United-States, United-States, United-States, Native- Born in the United States,0, Not in universe,0,40,0,94,-50000
3, Not in universe,4,0, 10th grade, Not in universe, Married-civilian spouse present, Not in universe or children, Not in universe, Black, All other, Male, Not in universe, Not in universe, Children or Armed Forces,2885,0,0, Joint both under 65, Not in universe, Not in universe, Householder, Householder,420.65, Nonmover, Nonmover, Nonmover, Yes, Not in universe,0, Not in universe, United-States, United-States, United-States, Native- Born in the United States,0, Not in universe,0,0,0,94,-50000
3, Not in universe,4,3, High school graduate, Not in universe, Married-civilian spouse present, Not in universe or children, Not in universe, White, All other, Female, Not in universe, Not in universe, Not in labor force,0,0,0, Joint both 65+, Not in universe, Not in universe, Spouse of householder, Spouse of householder,3325.38, Nonmover, Abroad, Not in universe, Not in universe under 1 year old, Not in universe,0, Not in universe, United-States, United-States, United-States, Native- Born in the United States,0, Not in universe,2,0,0,95,-50000
3, Not in universe,3,3, Children, Not in universe, Never married, Not in universe or children, Not in universe, White, All other, Male, Not in universe, Not in universe, Children or Armed Forces,0,0,0, Nonfiler, Not in universe, Not in universe, Child <18 never marr not in subfamily, Child under 18 never married,3382.69, Nonmover, Not in universe, Not in universe, Not in universe under 1 year old, Not in universe,0, Both parents present, United-States, United-States, United-States, Native- Born in the United States,0, Not in universe,0,0,2,94,-50000
3, State government,4,3, Bachelors degree(BA AB BS), Not in universe, Divorced, Education, Professional specialty, Black, All other, Male, Yes, Not in universe, Full-time schedules,0,,0, Single, Not in universe, Not in universe, Nonfamily householder, Householder,1933.47, Nonmover, Abroad, Not in universe, Not in universe under 1 year old, Not in universe,4, Not in universe, United-States, United-States, United-States, Native- Born in the United States,0, Not in universe,0,50,0,95,-50000
3, Not in universe,3,2, Children, Not in universe, Never married, Not in universe or children, Not in universe, White, All other, Female, Not in universe, Not in universe, Children or Armed Forces,0,0,0, Nonfiler, Not in universe, Not in universe, Child <18 never marr not in subfamily, Child under 18 never married,420.65, Nonmover, Nonmover, Nonmover, Yes, Not in universe,0, Father only present, United-States, United-States, United-States, Native- Born in the United States,0, Not in universe,0,0,0,94,-50000
5, Private,17,4, High school graduate, Not in universe, Married-civilian spouse present, Manufacturing-nondurable goods, Professional specialty, Other, All other, Female, Not in universe, Not in universe, PT for non-econ reasons usually FT,0,0,0, Joint both under 65, Not in universe, Not in universe, Spouse of householder, Spouse of householder,1743.8, MSA to MSA, Abroad, Not in universe, Not in universe under 1 year old, Not in universe,0, Not in universe, United-States, United-States, United-States, Native- Born in the United States,0, Not in universe,0,50,0,94,-50000
3, Local government,43,3, Associates degree-occup /vocational, Not in universe, Married-civilian spouse present, Education, Professional specialty, White, All other, Female, No, Not in universe, Children or Armed Forces,0,,200, Joint both under 65, Not in universe, Not in universe, Spouse of householder, Spouse of householder,1571.0, Nonmover, Nonmover, Nonmover, Yes, Not in universe,0, Not in universe, United-States, United-States, United-States, Native- Born in the United States,0, Not in universe,1,6,438,94,-50000
17, Not in universe,3,0, 11th grade, High school, Never married, Not in universe or children, Not in universe, White, All other, Male, Not in universe, Not in universe, Children or Armed Forces,0,0,0, Nonfiler, Not in universe, Not in universe, Child <18 never marr not in subfamily, Child under 18 never married,1239.35, Nonmover, Nonmover, Nonmover, Yes, Not in universe,0, Both parents present, United-States, United-States, United-States, Native- Born in the United States,0, Not in universe,0,1,2,94,-50000
47, Private,12,3, Bachelors degree(BA AB BS), Not in universe, Married-civilian spouse present, Retail trade, Professional specialty, White, All other, Male, No, Not in universe, Children or Armed Forces,7298,,2, Joint both under 65, Not in universe, Not in universe, Householder, Householder,1746.17, Nonmover, Nonmover, Nonmover, Yes, Not in universe,6, Not in universe, United-States, United-States, United-States, Native- Born in the United States,0, Not in universe,0,0,0,94,-50000
3, Private,33,16, Bachelors degree(BA AB BS), Not in universe, Never married, Retail trade, Professional specialty, White, All other, Male, No, Not in universe, Full-time schedules,0,0,0, Single, Not in universe, Not in universe, Nonfamily householder, Householder,1566.66, Nonmover, Abroad, Not in universe, Not in universe under 1 year old, Not in universe,0, Not in universe, United-States, United-States, United-States, Native- Born in the United States,0, Not in universe,2,52,0,94,-50000
11, Not in universe,0,3, Children, Not in universe, Never married, Not in universe or children, Not in universe, Amer Indian Aleut or Eskimo, NA, Female, Not in universe, Not in universe, Children or Armed Forces,0,0,0, Nonfiler, Not in universe, Not in universe, Child <18 never marr not in subfamily, Child under 18 never married,1280.74, Nonmover, Not in universe, Not in universe, Not in universe under 1 year old, Not in universe,0, Mother only present, United-States, United-States, United-States, Native- Born in the United States,0, Not in universe,0,0,0,95,-50000
4, Self-employed-not incorporated,4,3, Bachelors degree(BA AB BS), Not in universe, Married-civilian spouse present, Construction, Precision production craft & repair, White, All other, Male, Not in universe, Not in universe, Full-time schedules,0,,0, Joint both under 65, Not in universe, Not in universe, Householder, Householder,1433.34, MSA to MSA, Abroad, Abroad, Not in universe under 1 year old, No,0, Not in universe, United-States, United-States, United-States, Native- Born in the United States,0, Not in universe,0,14,0,94,-50000
3, Not in universe,0,3, Children, Not in universe, Never married, Not in universe or children, Not in universe, White, All other, Female, Not in universe, Not in universe, Children or Armed Forces,0,0,2, Nonfiler, Not in universe, Not in universe, Child <18 never marr not in subfamily, Child under 18 never married,1280.74, Nonmover, Nonmover, Nonmover, Yes, Not in universe,0, Both parents present, United-States, United-States, United-States, Native- Born in the United States,0, Not in universe,0,0,2,94,-50000
11, Private,42,3, Some college but no degree, Not in universe, Divorced, Medical except hospital, Professional specialty, White, All other, Female, Not in universe, Not in universe, Children or Armed Forces,,0,2, Single, Not in universe, Not in universe, Nonfamily householder, Householder,978.53, Nonmover, Nonmover, Nonmover, No, Not in universe,0, Not in universe, United-States, Canada, United-States, Native- Born in the United States,0, Not in universe,0,50,0,94,-50000
3, Self-employed-not incorporated,44,2, Some college but no degree, Not in universe, Married-civilian spouse present, Education, Executive admin and managerial, White, All other, Female, Not in universe, Not in universe, Children or Armed Forces,,0,0, Joint both under 65, Not in universe, Not in universe, Spouse of householder, Spouse of householder,2000.27, Nonmover, Nonmover, Nonmover, Yes, Not in universe,0, Not in universe, United-States, United-States, United-States, Native- Born in the United States,0, Not in universe,2,0,2,94,-50000
6, Self-employed-incorporated,4,3, Some college but no degree, Not in universe, Married-civilian spouse present, Wholesale trade, Professional specialty, White, All other, Male, Not in universe, Not in universe, Full-time schedules,0,0,15, Joint one under 65 & one 65+, Not in universe, Not in universe, Spouse of householder, Spouse of householder,2282.23, Nonmover, Abroad, Not in universe, Not in universe under 1 year old, Not in universe,2, Not in universe, United-States, United-States, United-States, Native- Born in the United States,0, Not in universe,2,0,0,94,-50000
3, Private,4,26, Associates degree-occup /vocational, Not in universe, Married-civilian spouse present, Utilities and sanitary services, Adm support including clerical, White, All other, Female, Not in universe, Not in universe, Full-time schedules,0,0,0, Joint both under 65, Not in universe, Not in universe, Spouse of householder, Spouse of householder,2037.18, MSA to MSA, Abroad, Not in universe, Not in universe under 1 year old, Not in universe,0, Not in universe, United-States, United-States, United-States, Native- Born in the United States,0, Not in universe,0,0,2,95,-50000
11, Private,4,4, High school graduate, Not in universe, Divorced, Retail trade, Precision production craft & repair, White, All other, Male, Not in universe, Not in universe, Full-time schedules,0,0,2, Single, Not in universe, Not in universe, Child 18+ ever marr Not in a subfamily, Child 18 or older,803.59, Nonmover, Abroad, Not in universe, Not in universe under 1 year old, Not in universe,3, Not in universe, United-States, United-States, United-States, Native- Born in the United States,0, Not in universe,1,10,0,94,-50000
12, Private,4,9, Some college but no degree, Not in universe, Married-civilian spouse present, Manufacturing-durable goods, Machine operators assmblrs & inspctrs, White, All other, Male, Not in universe, Not in universe, Full-time schedules,,1977,0, Joint both under 65, Not in universe, Not in universe, Householder, Householder,752.81, Nonmover, Abroad, Abroad, Not in universe under 1 year old, Not in universe,0, Not in universe, United-States, United-States, United-States, Native- Born in the United States,0, Not in universe,2,0,0,94, 50000+.
3, Not in universe,4,2, Children, Not in universe, Never married, Not in universe or children, Not in universe, White, Other Spanish, Female, Not in universe, Not in universe, Children or Armed Forces,,0,0, Nonfiler, Not in universe, Not in universe, Child <18 never marr not in subfamily, Child under 18 never married,1206.22, MSA to MSA, Not in universe, Not in universe, Not in universe under 1 year old, Not in universe,0, Mother only present, Dominican-Republic, Dominican-Republic, India, Foreign born- Not a citizen of U S ,0, Not in universe,0,0,0,94,-50000
2, Not in universe,4,2, High school graduate, Not in universe, Married-civilian spouse present, Not in universe or children, Not in universe, White, All other, Male, Not in universe, Not in universe, Not in labor force,0,0,4, Joint both 65+, Not in universe, Not in universe, Householder, Householder,1225.38, Nonmover, Abroad, Not in universe, Not in universe under 1 year old, Not in universe,0, Not in universe, United-States, United-States, United-States, Native- Born in the United States,0, Not in universe,0,0,0,95,-50000
0, Private,4,1, Bachelors degree(BA AB BS), Not in universe, Married-civilian spouse present, Social services, Professional specialty, White, All other, Male, No, Not in universe, Full-time schedules,0,0,4, Joint both under 65, Not in universe, Not in universe, Spouse of householder, Spouse of householder,420.65, MSA to MSA, Abroad, Not in universe, Not in universe under 1 year old, Not in universe,0, Not in universe, United-States, United-States, United-States, Native- Born in the United States,0, Not in universe,0,34,0,94, 50000+.
11, Private,43,3, High school graduate, Not in universe, Never married, Retail trade, Professional specialty, White, All other, Female, Not in universe, Not in universe, Children or Armed Forces,1151,0,0, Head of household, Not in universe, Not in universe, RP of unrelated subfamily, Nonrelative of householder,420.65, Nonmover, Nonmover, Nonmover, Yes, Not in universe,0, Not in universe, United-States, United-States, United-States, Native- Born in the United States,0, Not in universe,0,20,2,94,-50000
3, Private,31,3, High school graduate, Not in universe, Married-civilian spouse present, Utilities and sanitary services, Handlers equip cleaners etc , White, All other, Male, Not in universe, Not in universe, Children or Armed Forces,0,0,2, Joint both under 65, Not in universe, Not in universe, Householder, Householder,1990.46, Nonmover, Nonmover, Nonmover, Yes, Not in universe,0, Not in universe, United-States, United-States, United-States, Native- Born in the United States,0, Not in universe,0,0,0,94,-50000
3, Not in universe,0,3, Children, Not in universe, Never married, Not in universe or children, Not in universe, White, All other, Male, Not in universe, Not in universe, Children or Armed Forces,0,,2, Nonfiler, Not in universe, Not in universe, Child <18 never marr not in subfamily, Child under 18 never married,2584.4, Nonmover, Nonmover, Nonmover, Yes, Not in universe,0, Mother only present, United-States, United-States, United-States, Native- Born in the United States,0, Not in universe,0,0,0,94,-50000
11, Private,37,4, High school graduate, Not in universe, Married-civilian spouse present, Construction, Precision production craft & repair, White, All other, Male, Not in universe, Not in universe, Children or Armed Forces,0,?,2, Joint both under 65, West, California, Householder, Householder,1605.47, MSA to MSA, Same county, Same county, No, No,0, Not in universe, United-States, United-States, United-States, Native- Born in the United States,0, Not in universe,2,0,0,94,-50000
2, Not in universe,0,3, Children, Not in universe, Never married, Not in universe or children, Not in universe, White, Mexican-American, Female, Not in universe, Not in universe, Children or Armed Forces,0,0,0, Nonfiler, Not in universe, Not in universe, Child <18 never marr not in subfamily, Child under 18 never married,1743.8, Nonmover, Nonmover, Nonmover, No, Not in universe,0, Both parents present, United-States, United-States, United-States, Native- Born in the United States,0, Not in universe,0,0,0,94,-50000
12, Not in universe,3,2, 10th grade, Not in universe, Married-civilian spouse present, Not in universe or children, Not in universe, White, All other, Female, Not in universe, Not in universe, Children or Armed Forces,0,,0, Nonfiler, Not in universe, Not in universe, Spouse of householder, Spouse of householder,1743.8, Nonmover, Nonmover, Nonmover, Yes, Not in universe,0, Not in universe, United-States, United-States, United-States, Native- Born in the United States,0, Not in universe,0,0,0,94,-50000
5, Local government,4,26, High school graduate, Not in universe, Married-civilian spouse present, Education, Adm support including clerical, White, All other, Female, Not in universe, Not in universe, Full-time schedules,,0,250, Joint both under 65, Not in universe, Not in universe, Spouse of householder, Spouse of householder,1788.4, Nonmover, Abroad, Abroad, Not in universe under 1 year old, Not in universe,1, Not in universe, United-States, United-States, United-States, Native- Born in the United States,0, Not in universe,0,20,0,95,-50000
5, Private,43,3, Doctorate degree(PhD EdD), Not in universe, Married-civilian spouse present, Education, Professional specialty, White, All other, Male, Not in universe, Not in universe, Full-time schedules,99999,0,200, Joint both under 65, Not in universe, Not in universe, Householder, Householder,1743.8, Nonmover, Abroad, Not in universe, Not in universe under 1 year old, Not in universe,1, Not in universe, United-States, United-States, United-States, Native- Born in the United States,0, Not in universe,1,52,0,95, 50000+.
11, Not in universe,3,3, High school graduate, Not in universe, Widowed, Not in universe or children, Not in universe, White, All other, Male, Not in universe, Not in universe, Not in labor force,0,0,2, Single, Not in universe, Not in universe, Nonfamily householder, Householder,868.55, Nonmover, Abroad, Not in universe, Not in universe under 1 year old, Not in universe,0, Not in universe, United-States, United-States, United-States, Native- Born in the United States,0, Not in universe,2,0,2,94,-50000
0, Not in universe,3,4, Children, Not in universe, Never married, Not in universe or children, Not in universe, White, All other, Female, Not in universe, Not in universe, Children or Armed Forces,0,0,0, Nonfiler, Not in universe, Not in universe, Child <18 never marr not in subfamily, Child under 18 never married,1548.67, Nonmover, Not in universe, Not in universe, Not in universe under 1 year old, Not in universe,0, Both parents present, United-States, United-States, United-States, Native- Born in the United States,0, Not in universe,0,0,0,95,-50000
7, Private,4,1, Bachelors degree(BA AB BS), Not in universe, Married-civilian spouse present, Manufacturing-durable goods, Sales, White, All other, Male, Not in universe, Not in universe, Children or Armed Forces,0,0,0, Joint both under 65, Not in universe, Not in universe, Householder, Householder,1433.34, Nonmover, Nonmover, Nonmover, Yes, Not in universe,3, Not in universe, United-States, United-States, United-States, Native- Born in the United States,0, Not in universe,0,25,0,94, 50000+.
3, Not in universe,3,2, High school graduate, Not in universe, Widowed, Not in universe or children, Not in universe, White, All other, Male, Not in universe, Not in universe, Children or Armed Forces,0,,0, Nonfiler, Not in universe, Not in universe, Nonfamily householder, Householder,889.44, Nonmover, Nonmover, Nonmover, No, Not in universe,0, Not in universe, United-States, United-States, United-States, Native- Born in the United States,0, Not in universe,2,0,0,94,-50000
26, Not in universe,4,0, 7th and 8th grade, Not in universe, Never married, Not in universe or children, Not in universe, White, All other, Male, Not in universe, Not in universe, Children or Armed Forces,0,0,0, Nonfiler, Midwest, Oklahoma, Child <18 never marr not in subfamily, Child under 18 never married,1858.27, MSA to MSA, Same county, Same county, No, No,0, Mother only present, United-States, United-States, United-States, Native- Born in the United States,0, Not in universe,0,0,0,94,-50000
4, Private,33,2, Associates degree-academic program, Not in universe, Never married, Retail trade, Adm support including clerical, White, All other, Female, Not in universe, Not in universe, Full-time schedules,,,0, Single, Not in universe, Not in universe, Nonfamily householder, Householder,1571.0, Nonmover, Abroad, Not in universe, Not in universe under 1 year old, Not in universe,6, Not in universe, United-States, United-States, United-States, Native- Born in the United States,0, Not in universe,2,25,700,94,-50000
37, Self-employed-incorporated,33,3, Bachelors degree(BA AB BS), Not in universe, Married-civilian spouse present, Retail trade, Sales, Other, All other, Male, Not in universe, Not in universe, Full-time schedules,0,,0, Joint both under 65, Not in universe, Not in universe, Householder, Householder,2019.61, Nonmover, Abroad, Not in universe, Not in universe under 1 year old, Not in universe,1, Not in universe, Iran, Iran, Iran, Foreign born- U S citizen by naturalization,1, Not in universe,2,0,0,94,-50000
5, Private,17,3, 7th and 8th grade, Not in universe, Married-civilian spouse present, Retail trade, Professional specialty, White, All other, Male, Not in universe, Job loser - on layoff, Children or Armed Forces,0,0,0, Joint both under 65, Not in universe, Not in universe, Householder, Householder,1682.7, Nonmover, Nonmover, Nonmover, Yes, Not in universe,0, Not in universe, United-States, United-States, United-States, Native- Born in the United States,0, Not in universe,1,40,0,94, 50000+.
42, Private,4,3, High school graduate, Not in universe, Married-civilian spouse present, Retail trade, Transportation and material moving, White, All other, Male, Not in universe, Not in universe, Children or Armed Forces,0,,0, Joint both under 65, Not in universe, Not in universe, Householder, Householder,1788.4, Nonmover, Nonmover, Nonmover, Yes, Not in universe,0, Not in universe, United-States, United-States, United-States, Native- Born in the United States,0, Not in universe,2,0,0,94,-50000
3, Not in universe,3,0, Children, Not in universe, Never married, Not in universe or children, Not in universe, Black, All other, Female, Not in universe, Not in universe, Children or Armed Forces,0,0,0, Nonfiler, Not in universe, Not in universe, Child <18 never marr not in subfamily, Child under 18 never married,1682.7, Nonmover, Not in universe, Abroad, Not in universe under 1 year old, Not in universe,0, Both parents present, United-States, United-States, United-States, Native- Born in the United States,0, Not in universe,0,1,2,95,-50000
3, Private,4,6, Associates degree-academic program, Not in universe, Never married, Transportation, Adm support including clerical, Black, All other, Female, Not in universe, Not in universe, Full-time schedules,0,0,0, Head of household, Not in universe, Not in universe, Householder, Householder,951.66, Nonmover, Abroad, Not in universe, Not in universe under 1 year old, Not in universe,6, Not in universe, United-States, United-States, United-States, Native- Born in the United States,0, Not in universe,0,0,0,95, 50000+.
4, Self-employed-not incorporated,17,4, Some college but no degree, Not in universe, Married-civilian spouse present, Agriculture, Professional specialty, White, All other, Male, Not in universe, Not in universe, Full-time schedules,,0,0, Joint both under 65, Not in universe, Not in universe, Householder, Householder,253.62, Nonmover, Abroad, Not in universe, Not in universe under 1 year old, Not in universe,1, Not in universe, United-States, United-States, United-States, Native- Born in the United States,0, Not in universe,0,0,0,95, 50000+.
12, Not in universe,0,4, High school graduate, Not in universe, Married-civilian spouse present, Not in universe or children, Not in universe, White, All other, Male, Not in universe, Not in universe, Children or Armed Forces,,0,0, Joint one under 65 & one 65+, Not in universe, Not in universe, Householder, Householder,1682.7, Nonmover, Nonmover, Nonmover, Yes, Not in universe,0, Not in universe, Italy, Italy, United-States, Native- Born in the United States,0, Not in universe,0,1,0,94,-50000
4, Not in universe,4,2, Children, Not in universe, Never married, Not in universe or children, Not in universe, White, All other, Female, Not in universe, Not in universe, Children or Armed Forces,0,,2, Nonfiler, Not in universe, Not in universe, Child <18 never marr not in subfamily, Child under 18 never married,1571.0, Nonmover, Nonmover, Nonmover, Yes, Not in universe,0, Both parents present, United-States, United-States, United-States, Native- Born in the United States,0, Not in universe,0,0,0,94,-50000
53, State government,4,3, Bachelors degree(BA AB BS), Not in universe, Married-civilian spouse present, Education, Executive admin and managerial, White, All other, Male, Not in universe, Not in universe, Full-time schedules,0,0,2, Joint both under 65, Not in universe, Not in universe, Householder, Householder,1747.59, Nonmover, Abroad, Not in universe, Not in universe under 1 year old, Not in universe,0, Not in universe, United-States, United-States, United-States, Native- Born in the United States,0, Not in universe,2,0,0,95, 50000+.
28, Private,9,3, High school graduate, Not in universe, Never married, Personal services except private HH, Precision production craft & repair, White, All other, Male, Not in universe, Not in universe, PT for non-econ reasons usually FT,,0,2, Single, Not in universe, Not in universe, Nonfamily householder, Householder,951.66, Nonmover, Abroad, Not in universe, Not in universe under 1 year old, Not in universe,0, Not in universe, United-States, United-States, United-States, Native- Born in the United States,0, Not in universe,1,8,0,94,-50000
4, State government,4,3, 9th grade, Not in universe, Married-civilian spouse present, Education, Other service, White, All other, Male, Not in universe, Not in universe, Full-time schedules,0,0,0, Joint both under 65, Not in universe, Not in universe, Householder, Householder,2520.1, Nonmover, Abroad, Not in universe, Not in universe under 1 year old, Not in universe,0, Not in universe, United-States, United-States, United-States, Native- Born in the United States,0, Not in universe,0,0,0,95,-50000
4, Not in universe,4,2, Children, Not in universe, Never married, Not in universe or children, Not in universe, White, All other, Male, Not in universe, Not in universe, Children or Armed Forces,0,0,0, Nonfiler, Not in universe, Not in universe, Child <18 never marr not in subfamily, Child under 18 never married,2001.29, Nonmover, Nonmover, Nonmover, Yes, Not in universe,0, Both parents present, United-States, United-States, United-States, Native- Born in the United States,0, Not in universe,0,0,0,94,-50000
4, Not in universe,4,2, Children, Not in universe, Never married, Not in universe or children, Not in universe, White, All other, Female, Not in universe, Not in universe, Children or Armed Forces,0,,0, Nonfiler, Not in universe, Not in universe, Grandchild <18 never marr not in subfamily, Other relative of householder,978.53, Nonmover, Not in universe, Abroad, Not in universe under 1 year old, Not in universe,0, Neither parent present, United-States, United-States, United-States, Native- Born in the United States,0, Not in universe,0,0,0,94,-50000
4, Not in universe,4,2, 10th grade, Not in universe, Separated, Not in universe or children, Not in universe, White, All other, Female, Not in universe, Not in universe, Children or Armed Forces,,0,0, Nonfiler, Not in universe, Not in universe, Householder, Householder,859.51, Nonmover, Nonmover, Nonmover, Yes, Not in universe,0, Not in universe, United-States, United-States, United-States, Native- Born in the United States,0, Not in universe,0,0,0,94,-50000
11, Not in universe,4,3, 7th and 8th grade, Not in universe, Never married, Not in universe or children, Not in universe, White, All other, Female, Not in universe, Not in universe, Children or Armed Forces,0,0,2, Nonfiler, Northeast, Michigan, Householder, Householder,2075.7, NonMSA to nonMSA, Same county, Same county, No, No,0, Not in universe, United-States, United-States, United-States, Native- Born in the United States,0, Not in universe,2,0,140,94,-50000
3, Not in universe,3,3, Some college but no degree, College or university, Never married, Not in universe or children, Not in universe, White, All other, Male, Not in universe, Not in universe, Not in labor force,0,0,0, Nonfiler, Not in universe, Not in universe, Child 18+ never marr Not in a subfamily, Child 18 or older,1080.87, Nonmover, Abroad, Not in universe, Not in universe under 1 year old, Not in universe,0, Not in universe, United-States, United-States, United-States, Native- Born in the United States,0, Not in universe,2,2,2,95,-50000
19, Not in universe,0,3, Some college but no degree, Not in universe, Married-civilian spouse present, Not in universe or children, Not in universe, White, All other, Male, Not in universe, Not in universe, Not in labor force,,,0, Nonfiler, Not in universe, Not in universe, Householder, Householder,2652.85, Nonmover, Abroad, Not in universe, Not in universe under 1 year old, Not in universe,0, Not in universe, United-States, United-States, United-States, Native- Born in the United States,0, Not in universe,2,0,2,95,-50000
6, Not in universe,0,3, 10th grade, High school, Never married, Not in universe or children, Not in universe, White, All other, Male, Not in universe, Not in universe, Not in labor force,0,0,2, Nonfiler, Not in universe, Not in universe, Child <18 never marr not in subfamily, Child under 18 never married,2000.27, Nonmover, Abroad, Not in universe, Not in universe under 1 year old, Not in universe,0, Both parents present, United-States, United-States, United-States, Native- Born in the United States,0, Not in universe,0,0,0,95,-50000
2, Not in universe,45,2, High school graduate, Not in universe, Never married, Not in universe or children, Not in universe, White, Mexican-American, Male, Not in universe, Not in universe, Not in labor force,0,,2, Nonfiler, Not in universe, Not in universe, Nonfamily householder, Householder,1452.22, Nonmover, Abroad, Not in universe, Not in universe under 1 year old, Not in universe,0, Not in universe, United-States, United-States, United-States, Native- Born in the United States,0, Not in universe,0,0,0,94,-50000
3, Never worked,0,1, 10th grade, High school, Never married, Not in universe or children, Not in universe, White, All other, Male, Not in universe, New entrant, Unemployed part- time,0,,0, Nonfiler, Not in universe, Not in universe, Child <18 never marr not in subfamily, Child under 18 never married,1788.4, Nonmover, Abroad, Not in universe, Not in universe under 1 year old, Not in universe,0, Mother only present, United-States, United-States, United-States, Native- Born in the United States,1, Not in universe,0,5,700,95,-50000
0, Self-employed-incorporated,23,16, High school graduate, Not in universe, Married-civilian spouse present, Retail trade, Sales, White, All other, Male, Not in universe, Not in universe, Full-time schedules,,0,0, Joint both under 65, Not in universe, Not in universe, Householder, Householder,864.34, Nonmover, Abroad, Not in universe, Not in universe under 1 year old, Not in universe,0, Not in universe, United-States, United-States, United-States, Native- Born in the United States,0, Not in universe,2,25,0,94,-50000
3, Not in universe,4,0, 7th and 8th grade, Not in universe, Never married, Not in universe or children, Not in universe, White, All other, Male, Not in universe, Not in universe, Not in labor force,,0,2, Nonfiler, Not in universe, Not in universe, Child <18 never marr not in subfamily, Child under 18 never married,1373.0, Nonmover, Abroad, Not in universe, Not in universe under 1 year old, Not in universe,0, Both parents present, United-States, United-States, United-States, Native- Born in the United States,0, Not in universe,0,0,0,94,-50000
3, Private,4,8, Some college but no degree, Not in universe, Never married, Transportation, Transportation and material moving, White, All other, Male, Not in universe, Not in universe, Children or Armed Forces,0,,0, Single, Not in universe, Not in universe, Nonfamily householder, Householder,1743.8, Nonmover, Nonmover, Nonmover, No, Not in universe,0, Not in universe, United-States, United-States, United-States, Native- Born in the United States,2, Not in universe,1,0,0,94,-50000
0, Not in universe,45,2, Children, Not in universe, Never married, Not in universe or children, Not in universe, White, All other, Female, Not in universe, Not in universe, Children or Armed Forces,0,0,0, Nonfiler, Not in universe, Not in universe, Child <18 never marr not in subfamily, Child under 18 never married,2282.23, Not in universe, Not in universe, Not in universe, Not in universe under 1 year old, Not in universe,0, Both parents present, United-States, United-States, United-States, Native- Born in the United States,0, Not in universe,0,0,2,94,-50000
20, Private,41,3, High school graduate, Not in universe, Never married, Manufacturing-nondurable goods, Professional specialty, Black, All other, Male, No, Not in universe, Children or Armed Forces,0,0,0, Head of household, South, Arkansas, Child 18+ never marr RP of subfamily, Child 18 or older,1933.47, NonMSA to nonMSA, Same county, Same county, No, Yes,0, Not in universe, United-States, United-States, United-States, Native- Born in the United States,0, Not in universe,0,6,700,94,-50000
3, Private,11,3, Associates degree-occup /vocational, Not in universe, Married-civilian spouse present, Manufacturing-durable goods, Professional specialty, White, All other, Male, Not in universe, Not in universe, Full-time schedules,0,0,0, Joint both under 65, Not in universe, Not in universe, Householder, Householder,1743.8, Nonmover, Abroad, Not in universe, Not in universe under 1 year old, Not in universe,1, Not in universe, United-States, United-States, United-States, Native- Born in the United States,2, Not in universe,0,28,0,94,-50000
11, Private,17,3, High school graduate, Not in universe, Never married, Manufacturing-nondurable goods, Precision production craft & repair, Other, NA, Male, Not in universe, Job leaver, Unemployed full-time,0,0,2, Single, Not in universe, Not in universe, Secondary individual, Nonrelative of householder,1875.01, Nonmover, Abroad, Not in universe, Not in universe under 1 year old, Not in universe,0, Not in universe, United-States, United-States, United-States, Native- Born in the United States,0, Not in universe,2,0,0,95,-50000
3, Private,17,3, Some college but no degree, Not in universe, Married-civilian spouse present, Construction, Precision production craft & repair, White, All other, Male, Not in universe, Not in universe, Full-time schedules,,0,0, Joint both under 65, Not in universe, Not in universe, Householder, Householder,1848.2, Nonmover, Abroad, Not in universe, Not in universe under 1 year old, Not in universe,0, Not in universe, United-States, United-States, United-States, Native- Born in the United States,0, Not in universe,0,50,0,94, 50000+.
11, Not in universe,7,3, Children, Not in universe, Never married, Not in universe or children, Not in universe, White, Mexican-American, Female, Not in universe, Not in universe, Children or Armed Forces,,,0, Nonfiler, Not in universe, Not in universe, Child <18 never marr not in subfamily, Child under 18 never married,1926.19, Nonmover, Nonmover, Nonmover, Yes, Not in universe,1, Both parents present, Mexico, United-States, United-States, Native- Born in the United States,0, Not in universe,0,6,0,94,-50000
90, Not in universe,0,3, Children, Not in universe, Never married, Not in universe or children, Not in universe, White, All other, Female, Not in universe, Not in universe, Children or Armed Forces,0,0,0, Nonfiler, Not in universe, Not in universe, Child <18 never marr not in subfamily, Child under 18 never married,2554.07, Nonmover, Nonmover, Nonmover, Yes, Not in universe,0, Both parents present, United-States, United-States, Mexico, Foreign born- U S citizen by naturalization,0, Not in universe,0,0,2,94,-50000
3, Not in universe,4,3, Children, Not in universe, Never married, Not in universe or children, Not in universe, White, All other, Male, Not in universe, Not in universe, Children or Armed Forces,0,0,0, Nonfiler, Not in universe, Not in universe, Child <18 never marr not in subfamily, Child under 18 never married,803.59, Nonmover, Nonmover, Nonmover, Yes, Not in universe,0, Both parents present, United-States, United-States, United-States, Native- Born in the United States,0, Not in universe,0,0,0,94,-50000
3, Not in universe,0,3, Children, Not in universe, Never married, Not in universe or children, Not in universe, White, All other, Male, Not in universe, Not in universe, Children or Armed Forces,0,0,2, Nonfiler, Not in universe, Not in universe, Child <18 never marr not in subfamily, Child under 18 never married,2075.7, Nonmover, Nonmover, Nonmover, Yes, Not in universe,0, Both parents present, United-States, United-States, United-States, Native- Born in the United States,0, Not in universe,0,0,2,94,-50000
40, Private,17,1, High school graduate, Not in universe, Married-civilian spouse present, Retail trade, Sales, White, All other, Male, Not in universe, Not in universe, Unemployed part- time,15024,0,250, Joint both under 65, Not in universe, Not in universe, Householder, Householder,834.92, Nonmover, Abroad, Not in universe, Not in universe under 1 year old, Not in universe,1, Not in universe, United-States, United-States, United-States, Native- Born in the United States,0, Not in universe,1,0,2,94, 50000+.
3, Private,43,1, High school graduate, Not in universe, Divorced, Retail trade, Sales, White, All other, Female, No, Not in universe, Children or Armed Forces,0,0,2, Single, Not in universe, Not in universe, Nonfamily householder, Householder,1946.59, Nonmover, Nonmover, Nonmover, Yes, Not in universe,0, Not in universe, Italy, Italy, United-States, Native- Born in the United States,0, Not in universe,0,25,0,94,-50000
7, Not in universe,4,2, Children, Not in universe, Never married, Not in universe or children, Not in universe, White, All other, Female, Not in universe, Not in universe, Children or Armed Forces,,0,0, Nonfiler, Not in universe, Not in universe, Child <18 never marr not in subfamily, Child under 18 never married,1433.34, Nonmover, Nonmover, Nonmover, Yes, Not in universe,0, Both parents present, United-States, United-States, United-States, Native- Born in the United States,0, Not in universe,0,1,0,94,-50000
3, Private,17,3, High school graduate, Not in universe, Married-civilian spouse present, Transportation, Professional specialty, White, NA, Female, No, Not in universe, Full-time schedules,0,0,15, Joint both under 65, Not in universe, Not in universe, Spouse of householder, Spouse of householder,895.83, Nonmover, Abroad, Not in universe, Not in universe under 1 year old, Not in universe,6, Not in universe, United-States, United-States, United-States, Native- Born in the United States,0, Not in universe,1,52,0,94,-50000
3, Private,4,10, Some college but no degree, Not in universe, Never married, Retail trade, Protective services, White, All other, Male, Not in universe, Not in universe, Children or Armed Forces,0,,2, Single, Northeast, North Carolina, Child 18+ never marr Not in a subfamily, Child 18 or older,288.69, MSA to MSA, Different county same state, Different county same state, No, No,0, Not in universe, United-States, United-States, United-States, Native- Born in the United States,0, Not in universe,0,0,0,94,-50000
3, Local government,17,3, Bachelors degree(BA AB BS), Not in universe, Married-civilian spouse present, Education, Professional specialty, White, Mexican-American, Male, Not in universe, Not in universe, Full-time schedules,0,0,0, Joint both under 65, Not in universe, Not in universe, Householder, Householder,864.34, Nonmover, Abroad, Not in universe, Not in universe under 1 year old, Not in universe,4, Not in universe, United-States, United-States, United-States, Native- Born in the United States,1, Not in universe,0,50,0,95,-50000
3, Private,42,3, High school graduate, Not in universe, Married-civilian spouse present, Wholesale trade, Sales, White, All other, Male, Yes, Not in universe, Full-time schedules,?,,100, Joint both under 65, Not in universe, Not in universe, Householder, Householder,1225.38, Nonmover, Abroad, Abroad, Not in universe under 1 year old, Not in universe,0, Not in universe, United-States, United-States, United-States, Native- Born in the United States,0, Not in universe,0,0,0,94,-50000
3, Not in universe,4,0, Children, Not in universe, Never married, Not in universe or children, Not in universe, White, All other, Female, Not in universe, Not in universe, Children or Armed Forces,,0,0, Nonfiler, South, Abroad, Grandchild <18 never marr not in subfamily, Other relative of householder,310.98, MSA to MSA, Different state same division, Different state in South, No, No,0, Neither parent present, United-States, United-States, United-States, Native- Born in the United States,0, Not in universe,0,0,0,94,-50000
3, Local government,4,3, Bachelors degree(BA AB BS), Not in universe, Married-civilian spouse present, Education, Professional specialty, White, All other, Female, Not in universe, Not in universe, PT for econ reasons usually PT,0,0,0, Joint both under 65, Not in universe, Not in universe, Spouse of householder, Spouse of householder,864.34, Nonmover, Abroad, Not in universe, Not in universe under 1 year old, Not in universe,1, Not in universe, United-States, United-States, United-States, Native- Born in the United States,0, Not in universe,0,50,2,94,-50000
7, Not in universe,0,1, 5th or 6th grade, Not in universe, Married-civilian spouse present, Not in universe or children, Not in universe, White, All other, Male, Not in universe, Not in universe, Children or Armed Forces,0,0,0, Joint both 65+, Not in universe, Not in universe, Householder, Householder,3248.33, Nonmover, Nonmover, Nonmover, Yes, Not in universe,0, Not in universe, United-States, United-States, United-States, Native- Born in the United States,0, Not in universe,0,0,2,94,-50000
3, Private,4,3, High school graduate, Not in universe, Married-civilian spouse present, Finance insurance and real estate, Professional specialty, White, All other, Female, Not in universe, Not in universe, Children or Armed Forces,,0,2, Joint both under 65, Not in universe, Not in universe, Spouse of householder, Spouse of householder,2282.23, Nonmover, Nonmover, Nonmover, No, Not in universe,0, Not in universe, United-States, United-States, United-States, Native- Born in the United States,0, Not in universe,1,0,0,94,-50000
3, Not in universe,0,2, Children, Not in universe, Never married, Not in universe or children, Not in universe, White, All other, Female, Not in universe, Not in universe, Children or Armed Forces,0,0,0, Nonfiler, Not in universe, Not in universe, Child <18 never marr not in subfamily, Child under 18 never married,1373.0, Nonmover, Nonmover, Nonmover, Yes, Not in universe,0, Both parents present, United-States, United-States, United-States, Native- Born in the United States,0, Not in universe,0,0,0,94,-50000
24, Local government,43,3, Bachelors degree(BA AB BS), College or university, Married-civilian spouse present, Education, Professional specialty, White, All other, Male, Not in universe, Not in universe, Children or Armed Forces,,,0, Joint both under 65, West, West Virginia, Householder, Householder,1105.65, MSA to MSA, Same county, Same county, No, No,3, Not in universe, United-States, United-States, Germany, Native- Born abroad of American Parent(s),0, Not in universe,0,0,2,94,-50000
1, Private,42,3, Associates degree-occup /vocational, Not in universe, Married-A F spouse present, Medical except hospital, Professional specialty, White, All other, Female, Not in universe, Not in universe, Full-time schedules,0,0,0, Joint both under 65, Not in universe, Not in universe, Spouse of householder, Spouse of householder,2075.7, Nonmover, Abroad, Not in universe, Not in universe under 1 year old, Not in universe,0, Not in universe, United-States, United-States, United-States, Native- Born in the United States,0, Not in universe,2,52,2,95,-50000
11, Private,33,19, High school graduate, Not in universe, Married-civilian spouse present, Retail trade, Professional specialty, White, All other, Male, Not in universe, Not in universe, PT for non-econ reasons usually FT,0,0,0, Joint both under 65, Not in universe, Not in universe, Householder, Householder,1605.47, Nonmover, Abroad, Not in universe, Not in universe under 1 year old, Not in universe,1, Not in universe, United-States, United-States, United-States, Native- Born in the United States,0, Not in universe,0,0,0,94,-50000
18, Private,23,19, 11th grade, High school, Never married, Retail trade, Sales, White, All other, Male, Not in universe, Not in universe, Full-time schedules,0,0,0, Nonfiler, Not in universe, Not in universe, Child 18+ never marr Not in a subfamily, Child 18 or older,310.98, Nonmover, Abroad, Not in universe, Not in universe under 1 year old, Not in universe,1, Not in universe, United-States, United-States, United-States, Native- Born in the United States,0, Not in universe,1,0,2,95,-50000
11, Private,4,18, Some college but no degree, Not in universe, Divorced, Hospital services, Technicians and related support, White, All other, Female, Not in universe, Not in universe, Children or Armed Forces,,0,0, Single, Not in universe, Not in universe, Nonfamily householder, Householder,978.53, Nonmover, Nonmover, Nonmover, Yes, Not in universe,1, Not in universe, United-States, United-States, United-States, Native- Born in the United States,0, Not in universe,0,20,0,94,-50000
39, Private,9,20, High school graduate, Not in universe, Never married, Manufacturing-nondurable goods, Transportation and material moving, Black, All other, Male, Yes, Not in universe, Full-time schedules,,0,2, Single, Not in universe, Not in universe, Nonfamily householder, Householder,530.25, NonMSA to nonMSA, Abroad, Not in universe, Not in universe under 1 year old, Not in universe,4, Not in universe, United-States, United-States, United-States, Native- Born in the United States,0, Not in universe,0,0,900,94,-50000
21, Federal government,45,3, Some college but no degree, College or university, Never married, Manufacturing-durable goods, Professional specialty, Black, All other, Female, No, Not in universe, Full-time schedules,0,0,0, Nonfiler, Not in universe, Not in universe, Householder, Householder,1674.43, Nonmover, Abroad, Not in universe, Not in universe under 1 year old, Not in universe,6, Not in universe, United-States, United-States, United-States, Native- Born in the United States,0, Not in universe,0,20,0,94,-50000
7, Not in universe,4,2, Bachelors degree(BA AB BS), Not in universe, Married-civilian spouse present, Not in universe or children, Not in universe, White, All other, Female, Not in universe, Not in universe, Not in labor force,0,0,0, Joint both under 65, Not in universe, Not in universe, Spouse of householder, Spouse of householder,1961.54, Nonmover, Abroad, Not in universe, Not in universe under 1 year old, Not in universe,0, Not in universe, United-States, United-States, United-States, Native- Born in the United States,0, Not in universe,0,4,0,95,-50000
5, Not in universe,4,2, Children, Not in universe, Never married, Not in universe or children, Not in universe, Other, All other, Male, Not in universe, Not in universe, Children or Armed Forces,0,0,0, Nonfiler, Not in universe, Not in universe, Child <18 never marr not in subfamily, Child under 18 never married,3234.16, Nonmover, Not in universe, Not in universe, Not in universe under 1 year old, Not in universe,0, Both parents present, United-States, India, United-States, Native- Born in the United States,0, Not in universe,0,0,2,94,-50000
4, Not in universe,4,0, Children, Not in universe, Never married, Not in universe or children, Not in universe, Black, All other, Male, Not in universe, Not in universe, Children or Armed Forces,0,0,2, Nonfiler, Not in universe, Not in universe, Child <18 never marr not in subfamily, Child under 18 never married,1571.0, Nonmover, Not in universe, Not in universe, Not in universe under 1 year old, Not in universe,0, Both parents present, United-States, United-States, United-States, Native- Born in the United States,0, Not in universe,0,1,0,95,-50000
0, Private,4,10, Some college but no degree, College or university, Never married, Finance insurance and real estate, Adm support including clerical, White, All other, Female, Not in universe, Not in universe, Children or Armed Forces,0,0,2, Single, West, California, In group quarters, Group Quarters- Secondary individual,253.62, MSA to MSA, Same county, Same county, No, No,6, Not in universe, United-States, Italy, Mexico, Foreign born- U S citizen by naturalization,2, Not in universe,1,0,0,94,-50000
2, Not in universe,0,1, Children, Not in universe, Never married, Not in universe or children, Not in universe, White, All other, Female, Not in universe, Not in universe, Children or Armed Forces,,0,0, Nonfiler, Not in universe, Not in universe, Child <18 never marr not in subfamily, Child under 18 never married,1743.8, Nonmover, Nonmover, Nonmover, Yes, Not in universe,0, Both parents present, United-States, United-States, United-States, Native- Born in the United States,0, Not in universe,0,0,0,94,-50000
3, Not in universe,4,3, Children, Not in universe, Never married, Not in universe or children, Not in universe, White, Puerto Rican, Male, Not in universe, Not in universe, Children or Armed Forces,,0,2, Nonfiler, Not in universe, Not in universe, Child <18 never marr not in subfamily, Child under 18 never married,895.83, Nonmover, Not in universe, Not in universe, Not in universe under 1 year old, Not in universe,0, Mother only present, United-States, United-States, United-States, Native- Born in the United States,0, Not in universe,0,0,0,94,-50000
3, Not in universe,0,2, Children, Not in universe, Never married, Not in universe or children, Not in universe, White, All other, Male, Not in universe, Not in universe, Children or Armed Forces,0,0,2, Nonfiler, Not in universe, Not in universe, Child <18 never marr not in subfamily, Child under 18 never married,2075.7, Nonmover, Nonmover, Nonmover, Yes, Not in universe,2, Both parents present, United-States, United-States, United-States, Native- Born in the United States,0, Not in universe,0,0,0,94,-50000
11, Private,4,4, Less than 1st grade, Not in universe, Married-civilian spouse present, Manufacturing-durable goods, Farming forestry and fishing, White, Mexican (Mexicano), Male, No, Not in universe, Children or Armed Forces,41310,0,0, Joint both under 65, Abroad, Abroad, Other Rel 18+ ever marr RP of subfamily, Other relative of householder,1827.04, Abroad to MSA, Abroad, Abroad, No, No,0, Not in universe, Mexico, Mexico, Mexico, Foreign born- Not a citizen of U S ,0, Not in universe,0,0,0,94, 50000+.
7, Not in universe,3,2, Children, Not in universe, Never married, Not in universe or children, Not in universe, White, Mexican (Mexicano), Male, Not in universe, Not in universe, Children or Armed Forces,,0,0, Nonfiler, Not in universe, Not in universe, Child <18 never marr not in subfamily, Child under 18 never married,868.55, Nonmover, Not in universe, Not in universe, Not in universe under 1 year old, Not in universe,0, Both parents present, Mexico, Mexico, Mexico, Foreign born- Not a citizen of U S ,0, Not in universe,0,0,0,94,-50000
3, Private,4,37, Some college but no degree, Not in universe, Divorced, Manufacturing-durable goods, Machine operators assmblrs & inspctrs, White, All other, Male, No, Not in universe, Children or Armed Forces,,0,2, Single, Not in universe, Not in universe, Nonfamily householder, Householder,1227.53, Nonmover, Nonmover, Nonmover, Yes, Not in universe,0, Not in universe, United-States, United-States, United-States, Native- Born in the United States,0, Not in universe,0,52,0,94,-50000
19, Not in universe,9,3, High school graduate, College or university, Widowed, Not in universe or children, Not in universe, White, All other, Female, Not in universe, Not in universe, Not in labor force,0,?,20, Nonfiler, Not in universe, Not in universe, Child 18+ never marr Not in a subfamily, Child 18 or older,752.81, Nonmover, Abroad, Not in universe, Not in universe under 1 year old, Not in universe,0, Not in universe, United-States, United-States, United-States, Native- Born in the United States,0, Not in universe,2,0,0,95,-50000
3, Not in universe,4,0, 9th grade, High school, Never married, Not in universe or children, Not in universe, White, Mexican-American, Male, Not in universe, Not in universe, Not in labor force,0,,0, Nonfiler, Not in universe, Not in universe, Child <18 never marr not in subfamily, Child under 18 never married,1433.34, Nonmover, Abroad, Not in universe, Not in universe under 1 year old, Not in universe,0, Both parents present, United-States, United-States, United-States, Native- Born in the United States,0, Not in universe,1,0,0,94,-50000
8, Not in universe,4,3, Children, Not in universe, Never married, Not in universe or children, Not in universe, White, All other, Female, Not in universe, Not in universe, Children or Armed Forces,0,0,2, Nonfiler, Not in universe, Not in universe, Child <18 never marr not in subfamily, Child under 18 never married,492.44, Nonmover, Abroad, Not in universe, Not in universe under 1 year old, Not in universe,0, Both parents present, United-States, United-States, United-States, Native- Born in the United States,0, Not in universe,2,0,0,94,-50000
3, Self-employed-incorporated,9,1, Bachelors degree(BA AB BS), Not in universe, Married-civilian spouse present, Education, Professional specialty, White, All other, Male, Not in universe, Not in universe, Full-time schedules,0,,0, Joint both under 65, Not in universe, Not in universe, Householder, Householder,1105.65, Nonmover, Abroad, Not in universe, Not in universe under 1 year old, Not in universe,0, Not in universe, United-States, United-States, United-States, Native- Born in the United States,0, Not in universe,0,0,2,94, 50000+.
5, Not in universe,4,2, Children, Not in universe, Never married, Not in universe or children, Not in universe, White, Mexican-American, Male, Not in universe, Not in universe, Children or Armed Forces,0,,2, Nonfiler, Not in universe, Not in universe, Child <18 never marr not in subfamily, Child under 18 never married,613.08, Nonmover, Not in universe, Not in universe, Not in universe under 1 year old, Not in universe,0, Mother only present, Mexico, United-States, United-States, Native- Born in the United States,0, Not in universe,0,1,2,94,-50000
3, Not in universe,4,0, High school graduate, Not in universe, Divorced, Not in universe or children, Not in universe, White, All other, Female, Not in universe, Not in universe, Children or Armed Forces,0,,0, Nonfiler, Not in universe, Not in universe, Nonfamily householder, Householder,420.65, Nonmover, Nonmover, Nonmover, Yes, Not in universe,0, Not in universe, United-States, United-States, United-States, Native- Born in the United States,0, Not in universe,0,0,2,94,-50000
39, Not in universe,4,3, 5th or 6th grade, Not in universe, Widowed, Not in universe or children, Not in universe, White, All other, Male, Not in universe, Not in universe, Not in labor force,0,0,0, Nonfiler, Not in universe, Not in universe, Nonfamily householder, Householder,2636.93, Nonmover, Abroad, Not in universe, Not in universe under 1 year old, Not in universe,0, Not in universe, United-States, United-States, United-States, Native- Born in the United States,0, Not in universe,2,1,2,95,-50000
3, Not in universe,4,0, Associates degree-academic program, Not in universe, Married-civilian spouse present, Not in universe or children, Not in universe, White, All other, Male, Not in universe, Not in universe, Not in labor force,0,,0, Joint both under 65, Not in universe, Not in universe, Householder, Householder,2019.61, Nonmover, Abroad, Not in universe, Not in universe under 1 year old, Not in universe,0, Not in universe, United-States, United-States, United-States, Native- Born in the United States,0, Not in universe,0,0,2,95,-50000
3, Self-employed-not incorporated,4,2, Masters degree(MA MS MEng MEd MSW MBA), Not in universe, Married-civilian spouse present, Other professional services, Professional specialty, White, All other, Male, Not in universe, Not in universe, Full-time schedules,,0,0, Joint both under 65, Not in universe, Not in universe, Householder, Householder,859.51, Nonmover, Abroad, Not in universe, Not in universe under 1 year old, Not in universe,1, Not in universe, United-States, United-States, United-States, Native- Born in the United States,0, Not in universe,1,50,0,94, 50000+.
3, Not in universe,9,2, Some college but no degree, Not in universe, Married-civilian spouse present, Not in universe or children, Not in universe, White, All other, Male, Not in universe, Not in universe, Children or Armed Forces,0,0,250, Joint both under 65, West, California, Spouse of householder, Spouse of householder,1833.94, MSA to MSA, Different region, Different state in West, No, Yes,0, Not in universe, United-States, United-States, United-States, Native- Born in the United States,0, Not in universe,0,0,0,94,-50000
24, Private,31,31, 12th grade no diploma, Not in universe, Married-civilian spouse present, Personal services except private HH, Other service, Other, Central or South American, Male, Not in universe, Not in universe, Children or Armed Forces,0,0,0, Joint both under 65, Not in universe, Not in universe, Spouse of householder, Spouse of householder,1364.29, Nonmover, Nonmover, Nonmover, No, Not in universe,2, Not in universe, El-Salvador, El-Salvador, El-Salvador, Foreign born- Not a citizen of U S ,0, Not in universe,0,25,0,94,-50000
12, Private,4,10, Some college but no degree, College or university, Never married, Retail trade, Sales, Other, All other, Female, Not in universe, Not in universe, Full-time schedules,0,0,0, Single, Not in universe, Not in universe, Child 18+ never marr Not in a subfamily, Child 18 or older,1373.0, Nonmover, Abroad, Not in universe, Not in universe under 1 year old, Not in universe,4, Not in universe, United-States, United-States, United-States, Native- Born in the United States,0, Not in universe,0,6,2,94,-50000
3, Not in universe,4,3, 9th grade, Not in universe, Widowed, Not in universe or children, Not in universe, White, All other, Female, Not in universe, Not in universe, Children or Armed Forces,,0,0, Nonfiler, South, Maine, Nonfamily householder, Householder,827.47, MSA to nonMSA, Different county same state, Different county same state, No, Yes,0, Not in universe, United-States, United-States, United-States, Native- Born in the United States,0, Not in universe,2,0,0,94,-50000
32, Private,4,42, Bachelors degree(BA AB BS), Not in universe, Married-civilian spouse present, Business and repair services, Handlers equip cleaners etc , White, All other, Female, Not in universe, Not in universe, Full-time schedules,0,0,4, Joint both under 65, Not in universe, Not in universe, Spouse of householder, Spouse of householder,2253.87, Nonmover, Abroad, Not in universe, Not in universe under 1 year old, Not in universe,1, Not in universe, Poland, Poland, Iran, Foreign born- Not a citizen of U S ,0, Not in universe,2,0,2,94,-50000
6, Local government,4,1, Masters degree(MA MS MEng MEd MSW MBA), Not in universe, Widowed, Education, Professional specialty, White, All other, Female, Not in universe, Other job loser, Unemployed full-time,0,,0, Single, Not in universe, Not in universe, Householder, Householder,2075.7, MSA to MSA, Abroad, Not in universe, Not in universe under 1 year old, Not in universe,0, Not in universe, United-States, United-States, United-States, Native- Born in the United States,0, Not in universe,0,25,2,95,-50000
5, Private,11,36, High school graduate, Not in universe, Married-civilian spouse present, Retail trade, Machine operators assmblrs & inspctrs, Black, All other, Male, Not in universe, Not in universe, Children or Armed Forces,0,0,0, Joint both under 65, Not in universe, Not in universe, Householder, Householder,2236.93, Nonmover, Nonmover, Nonmover, Yes, Not in universe,0, Not in universe, United-States, United-States, United-States, Native- Born in the United States,0, Not in universe,2,0,0,94,-50000
34, Private,4,2, Bachelors degree(BA AB BS), Not in universe, Never married, Retail trade, Professional specialty, White, All other, Male, Not in universe, Not in universe, Children or Armed Forces,,,2, Single, Not in universe, Not in universe, Child 18+ ever marr Not in a subfamily, Householder,1080.87, Nonmover, Nonmover, Nonmover, Yes, Not in universe,0, Not in universe, United-States, United-States, United-States, Native- Born in the United States,0, Not in universe,2,50,2,94,-50000
5, Not in universe,4,3, Children, Not in universe, Never married, Not in universe or children, Not in universe, Black, All other, Male, Not in universe, Not in universe, Children or Armed Forces,0,0,0, Nonfiler, Not in universe, Not in universe, Child <18 never marr not in subfamily, Child under 18 never married,2001.29, Nonmover, Nonmover, Nonmover, Yes, Not in universe,0, Both parents present, United-States, United-States, United-States, Native- Born in the United States,0, Not in universe,0,0,0,94,-50000
7, Not in universe,3,16, 5th or 6th grade, Not in universe, Married-civilian spouse present, Not in universe or children, Not in universe, White, All other, Male, Not in universe, Not in universe, Children or Armed Forces,0,0,0, Nonfiler, Not in universe, Not in universe, Householder, Householder,842.41, Nonmover, Nonmover, Nonmover, Yes, Not in universe,0, Not in universe, United-States, United-States, United-States, Native- Born in the United States,0, Not in universe,1,0,0,94,-50000
3, Not in universe,4,2, Children, Not in universe, Never married, Not in universe or children, Not in universe, White, Other Spanish, Female, Not in universe, Not in universe, Children or Armed Forces,0,0,0, Nonfiler, Not in universe, Not in universe, Child <18 never marr not in subfamily, Child under 18 never married,3626.19, Nonmover, Not in universe, Not in universe, Not in universe under 1 year old, Not in universe,0, Both parents present, United-States, United-States, United-States, Native- Born in the United States,0, Not in universe,0,1,2,94,-50000
5, Private,22,4, Prof school degree (MD DDS DVM LLB JD), Not in universe, Married-civilian spouse present, Medical except hospital, Professional specialty, White, All other, Male, No, Not in universe, Children or Armed Forces,,0,2, Joint both under 65, Not in universe, Not in universe, Householder, Householder,1875.01, Nonmover, Nonmover, Nonmover, Yes, Not in universe,0, Not in universe, Scotland, United-States, United-States, Native- Born in the United States,1, Not in universe,0,25,0,94, 50000+.
53, Private,43,10, Masters degree(MA MS MEng MEd MSW MBA), Not in universe, Married-civilian spouse present, Education, Executive admin and managerial, White, All other, Male, Not in universe, Not in universe, Full-time schedules,0,0,0, Joint both under 65, Not in universe, Not in universe, Householder, Householder,2075.7, NonMSA to nonMSA, Abroad, Not in universe, Not in universe under 1 year old, Not in universe,0, Not in universe, United-States, United-States, United-States, Native- Born in the United States,0, Not in universe,0,0,0,94, 50000+.
47, Private,9,2, High school graduate, Not in universe, Married-civilian spouse present, Personal services except private HH, Other service, White, All other, Female, No, Not in universe, Children or Armed Forces,0,0,0, Joint both under 65, Not in universe, Not in universe, Spouse of householder, Spouse of householder,2075.7, Nonmover, Nonmover, Nonmover, Yes, Not in universe,0, Not in universe, United-States, United-States, United-States, Native- Born in the United States,0, Not in universe,0,0,0,94,-50000
3, Not in universe,0,0, Children, Not in universe, Never married, Not in universe or children, Not in universe, White, All other, Female, Not in universe, Not in universe, Children or Armed Forces,0,0,0, Nonfiler, Not in universe, Not in universe, Grandchild <18 never marr child of subfamily RP, Other relative of householder,1743.8, Nonmover, Nonmover, Nonmover, Yes, Not in universe,0, Mother only present, United-States, United-States, United-States, Native- Born in the United States,0, Not in universe,0,51,2,94,-50000
3, Not in universe,4,2, Some college but no degree, Not in universe, Widowed, Not in universe or children, Not in universe, White, All other, Female, Not in universe, Not in universe, Children or Armed Forces,,0,2, Single, Not in universe, Not in universe, Nonfamily householder, Householder,490.06, Nonmover, Nonmover, Nonmover, No, Not in universe,0, Not in universe, United-States, United-States, United-States, Native- Born in the United States,0, Not in universe,0,0,2,94,-50000
2, Not in universe,4,2, Children, Not in universe, Never married, Not in universe or children, Not in universe, White, All other, Male, Not in universe, Not in universe, Children or Armed Forces,0,0,0, Nonfiler, Not in universe, Not in universe, Secondary individual, Householder,803.59, Nonmover, Nonmover, Nonmover, No, Not in universe,0, Both parents present, United-States, United-States, Vietnam, Foreign born- Not a citizen of U S ,0, Not in universe,0,1,0,94,-50000
1, Not in universe,3,2, High school graduate, Not in universe, Married-civilian spouse present, Not in universe or children, Not in universe, White, All other, Female, Not in universe, Not in universe, Children or Armed Forces,,,15, Joint both under 65, Not in universe, Not in universe, Spouse of householder, Spouse of householder,1788.4, Nonmover, Nonmover, Nonmover, Yes, Not in universe,0, Not in universe, United-States, United-States, United-States, Native- Born in the United States,0, Not in universe,0,0,2,94,-50000
3, Private,17,1, 7th and 8th grade, Not in universe, Never married, Retail trade, Handlers equip cleaners etc , White, All other, Male, Not in universe, Other job loser, Unemployed full-time,0,,0, Single, Not in universe, Not in universe, Nonfamily householder, Householder,1078.04, MSA to MSA, Abroad, Not in universe, Not in universe under 1 year old, Not in universe,3, Not in universe, United-States, United-States, United-States, Native- Born in the United States,0, Not in universe,1,0,0,95,-50000
12, Not in universe,4,2, Children, Not in universe, Never married, Not in universe or children, Not in universe, White, All other, Female, Not in universe, Not in universe, Children or Armed Forces,0,0,0, Nonfiler, Not in universe, Not in universe, Child <18 never marr not in subfamily, Child under 18 never married,1364.29, Nonmover, Abroad, Not in universe, Not in universe under 1 year old, Not in universe,0, Both parents present, United-States, United-States, United-States, Native- Born in the United States,0, Not in universe,0,0,0,94,-50000
11, Private,9,9, Some college but no degree, Not in universe, Married-civilian spouse present, Transportation, Handlers equip cleaners etc , Other, All other, Male, Not in universe, Not in universe, Children or Armed Forces,0,0,0, Joint both under 65, Not in universe, Not in universe, Householder, Householder,803.59, Nonmover, Nonmover, Nonmover, Yes, Not in universe,0, Not in universe, Puerto-Rico, Mexico, Germany, Native- Born abroad of American Parent(s),0, Not in universe,0,0,0,94,-50000
3, Not in universe,4,2, High school graduate, Not in universe, Divorced, Not in universe or children, Not in universe, White, All other, Male, Not in universe, Not in universe, Not in labor force,,,0, Nonfiler, Not in universe, Not in universe, Other Rel 18+ ever marr not in subfamily, Other relative of householder,1848.2, Nonmover, Abroad, Not in universe, Not in universe under 1 year old, Not in universe,0, Not in universe, United-States, United-States, United-States, Native- Born in the United States,2, Yes,0,2,0,95,-50000
26, Not in universe,4,0, High school graduate, Not in universe, Married-civilian spouse present, Not in universe or children, Not in universe, White, All other, Female, Not in universe, Not in universe, Not in labor force,0,0,0, Joint both 65+, Not in universe, Not in universe, Spouse of householder, Spouse of householder,1788.4, Nonmover, Abroad, Not in universe, Not in universe under 1 year old, Not in universe,0, Not in universe, Italy, Iran, United-States, Native- Born in the United States,0, Not in universe,0,1,0,94,-50000
3, Not in universe,4,3, Children, Not in universe, Never married, Not in universe or children, Not in universe, Asian or Pacific Islander, All other, Female, Not in universe, Not in universe, Children or Armed Forces,0,0,0, Nonfiler, Not in universe, Not in universe, Child <18 never marr not in subfamily, Child under 18 never married,2112.24, Nonmover, Nonmover, Nonmover, Yes, Not in universe,0, Both parents present, United-States, India, United-States, Native- Born in the United States,0, Not in universe,0,0,0,94,-50000
3, Private,43,3, 12th grade no diploma, Not in universe, Never married, Retail trade, Professional specialty, White, All other, Male, Not in universe, Not in universe, Children or Armed Forces,0,323,0, Single, Not in universe, Not in universe, Child <18 never marr not in subfamily, Child under 18 never married,288.69, Nonmover, Nonmover, Nonmover, Yes, Not in universe,0, Both parents present, United-States, United-States, United-States, Native- Born in the United States,0, Not in universe,2,34,0,94,-50000
3, Not in universe,3,7, Associates degree-academic program, Not in universe, Married-civilian spouse present, Not in universe or children, Not in universe, White, All other, Female, Not in universe, Not in universe, Not in labor force,0,0,0, Joint both under 65, Not in universe, Not in universe, Spouse of householder, Spouse of householder,1571.0, MSA to MSA, Abroad, Not in universe, Not in universe under 1 year old, Not in universe,0, Not in universe, United-States, Italy, Mexico, Foreign born- U S citizen by naturalization,0, Not in universe,0,0,0,94,-50000
3, Not in universe,4,6, High school graduate, Not in universe, Married-civilian spouse present, Not in universe or children, Not in universe, White, All other, Male, Not in universe, Not in universe, Children or Armed Forces,0,,0, Joint both 65+, Not in universe, Not in universe, Spouse of householder, Spouse of householder,1743.8, Nonmover, Nonmover, Nonmover, No, Not in universe,0, Not in universe, Italy, Italy, United-States, Native- Born in the United States,0, Not in universe,1,0,0,94,-50000
39, State government,4,10, Masters degree(MA MS MEng MEd MSW MBA), Not in universe, Married-civilian spouse present, Public administration, Executive admin and managerial, White, All other, Male, Not in universe, Not in universe, Children or Armed Forces,0,,0, Joint both under 65, Not in universe, Not in universe, Householder, Householder,1433.34, Nonmover, Nonmover, Nonmover, No, Not in universe,0, Not in universe, United-States, United-States, United-States, Native- Born in the United States,0, Not in universe,0,20,0,94,-50000
0, Not in universe,0,0, Children, Not in universe, Never married, Not in universe or children, Not in universe, White, All other, Male, Not in universe, Not in universe, Children or Armed Forces,0,0,0, Nonfiler, Not in universe, Not in universe, Child <18 never marr not in subfamily, Child under 18 never married,1582.37, Nonmover, Abroad, Not in universe, Not in universe under 1 year old, Not in universe,0, Both parents present, United-States, United-States, United-States, Native- Born in the United States,0, Not in universe,0,0,0,94,-50000
2, Not in universe,0,3, Children, Not in universe, Never married, Not in universe or children, Not in universe, White, All other, Male, Not in universe, Not in universe, Children or Armed Forces,0,0,2, Nonfiler, Not in universe, Not in universe, Child <18 never marr not in subfamily, Child under 18 never married,1000.23, Nonmover, Not in universe, Not in universe, Not in universe under 1 year old, Not in universe,0, Both parents present, United-States, United-States, United-States, Native- Born in the United States,0, Not in universe,0,0,2,94,-50000
39, Not in universe,4,3, Some college but no degree, Not in universe, Married-civilian spouse present, Not in universe or children, Not in universe, White, All other, Male, Not in universe, Not in universe, Children or Armed Forces,0,0,4, Joint both under 65, Not in universe, Not in universe, Householder, Householder,1034.16, Nonmover, Nonmover, Nonmover, Yes, Not in universe,0, Not in universe, United-States, United-States, United-States, Native- Born in the United States,0, Not in universe,0,0,0,94,-50000
3, Private,4,10, Some college but no degree, Not in universe, Divorced, Personal services except private HH, Other service, White, All other, Female, Not in universe, Not in universe, Full-time schedules,,,0, Head of household, Not in universe, Not in universe, Householder, Householder,253.62, Nonmover, Abroad, Abroad, Not in universe under 1 year old, Not in universe,1, Not in universe, United-States, United-States, United-States, Native- Born in the United States,0, Not in universe,0,51,2,95,-50000
3, Private,45,3, High school graduate, Not in universe, Divorced, Retail trade, Technicians and related support, White, All other, Male, Not in universe, Not in universe, Children or Armed Forces,0,0,0, Single, Not in universe, Not in universe, Nonfamily householder, Householder,1391.12, Nonmover, Nonmover, Nonmover, Yes, Not in universe,0, Not in universe, United-States, United-States, United-States, Native- Born in the United States,0, Not in universe,0,50,2,94,-50000
3, Not in universe,4,3, Children, Not in universe, Never married, Not in universe or children, Not in universe, Other, All other, Male, Not in universe, Not in universe, Children or Armed Forces,0,0,0, Nonfiler, Not in universe, Not in universe, Secondary individual, Nonrelative of householder,2138.7, Not in universe, Not in universe, Not in universe, Not in universe under 1 year old, Not in universe,0, Not in universe, United-States, United-States, United-States, Native- Born in the United States,0, Not in universe,2,0,2,94,-50000
0, Not in universe,0,3, Some college but no degree, College or university, Never married, Not in universe or children, Not in universe, White, All other, Male, Not in universe, Not in universe, Children or Armed Forces,,0,0, Single, Not in universe, Not in universe, Child 18+ ever marr Not in a subfamily, Child 18 or older,4318.34, Nonmover, Nonmover, Nonmover, Yes, Not in universe,0, Not in universe, United-States, United-States, United-States, Native- Born in the United States,0, Not in universe,0,0,0,94,-50000
2, Private,35,3, High school graduate, Not in universe, Married-civilian spouse present, Finance insurance and real estate, Other service, White, All other, Male, Not in universe, Not in universe, Not in labor force,0,,0, Joint one under 65 & one 65+, Not in universe, Not in universe, Householder, Householder,1682.7, Nonmover, Abroad, Not in universe, Not in universe under 1 year old, Not in universe,1, Not in universe, United-States, United-States, United-States, Native- Born in the United States,0, Not in universe,2,52,0,94,-50000
39, Private,42,2, Some college but no degree, College or university, Never married, Medical except hospital, Adm support including clerical, White, All other, Male, Not in universe, Not in universe, Not in labor force,,0,2, Single, Not in universe, Not in universe, Child 18+ never marr Not in a subfamily, Child 18 or older,1373.0, Nonmover, Abroad, Abroad, Not in universe under 1 year old, Not in universe,0, Not in universe, Thailand, Thailand, United-States, Native- Born in the United States,0, Not in universe,0,25,0,94,-50000
3, Not in universe,42,3, Children, Not in universe, Never married, Not in universe or children, Not in universe, Asian or Pacific Islander, All other, Female, Not in universe, Not in universe, Children or Armed Forces,0,,0, Nonfiler, Not in universe, Not in universe, Child <18 never marr not in subfamily, Child under 18 never married,530.25, Nonmover, Not in universe, Not in universe, Not in universe under 1 year old, Not in universe,0, Both parents present, South Korea, Vietnam, South Korea, Foreign born- U S citizen by naturalization,0, Not in universe,0,0,2,95,-50000
3, Private,42,3, Bachelors degree(BA AB BS), Not in universe, Married-civilian spouse present, Medical except hospital, Professional specialty, White, All other, Female, No, Not in universe, Children or Armed Forces,401,0,0, Joint both under 65, Not in universe, Not in universe, Spouse of householder, Spouse of householder,1743.8, Nonmover, Nonmover, Nonmover, Yes, Not in universe,1, Not in universe, United-States, United-States, United-States, Native- Born in the United States,0, Not in universe,0,25,700,94,-50000
28, Private,41,3, Bachelors degree(BA AB BS), Not in universe, Never married, Utilities and sanitary services, Sales, White, All other, Male, Not in universe, Not in universe, Full-time schedules,0,,0, Single, Not in universe, Not in universe, Nonfamily householder, Householder,1605.47, Nonmover, Abroad, Abroad, Not in universe under 1 year old, Not in universe,0, Not in universe, United-States, United-States, United-States, Native- Born in the United States,2, Not in universe,0,14,0,94,-50000
3, Not in universe,4,3, Children, Not in universe, Never married, Not in universe or children, Not in universe, White, All other, Female, Not in universe, Not in universe, Children or Armed Forces,0,0,0, Nonfiler, Not in universe, Not in universe, Child <18 never marr not in subfamily, Child under 18 never married,492.44, Nonmover, Abroad, Not in universe, Not in universe under 1 year old, Not in universe,0, Both parents present, United-States, United-States, United-States, Native- Born in the United States,0, Not in universe,0,0,2,94,-50000
3, Not in universe,4,3, High school graduate, Not in universe, Married-civilian spouse present, Not in universe or children, Not in universe, White, Mexican (Mexicano), Male, Not in universe, Not in universe, Children or Armed Forces,0,0,0, Joint both under 65, Not in universe, Not in universe, Householder, Householder,1682.7, Nonmover, Nonmover, Nonmover, Yes, Not in universe,0, Not in universe, Iran, Mexico, United-States, Native- Born in the United States,0, Not in universe,0,0,0,94,-50000
3, Private,4,16, Bachelors degree(BA AB BS), Not in universe, Married-civilian spouse present, Retail trade, Sales, White, All other, Male, Not in universe, Not in universe, Full-time schedules,0,,0, Joint both under 65, Not in universe, Not in universe, Householder, Householder,2075.7, Nonmover, Abroad, Abroad, Not in universe under 1 year old, Not in universe,0, Not in universe, United-States, United-States, United-States, Native- Born in the United States,2, Not in universe,0,0,0,95,-50000
3, Not in universe,0,3, Children, Not in universe, Never married, Not in universe or children, Not in universe, Black, All other, Male, Not in universe, Not in universe, Children or Armed Forces,0,0,0, Nonfiler, Not in universe, Not in universe, Child <18 never marr not in subfamily, Child under 18 never married,2138.7, Nonmover, Nonmover, Nonmover, Yes, Not in universe,0, Father only present, United-States, United-States, United-States, Native- Born in the United States,0, Not in universe,0,0,0,94,-50000
6, Not in universe,4,3, Children, Not in universe, Never married, Not in universe or children, Not in universe, Other, All other, Female, Not in universe, Not in universe, Children or Armed Forces,,0,0, Nonfiler, Not in universe, Not in universe, Child <18 never marr not in subfamily, Child under 18 never married,1788.4, Nonmover, Nonmover, Nonmover, Yes, Not in universe,0, Both parents present, United-States, United-States, United-States, Native- Born in the United States,0, Not in universe,0,20,0,94,-50000
3, Not in universe,0,0, Children, Not in universe, Never married, Not in universe or children, Not in universe, White, All other, Male, Not in universe, Not in universe, Children or Armed Forces,0,,0, Nonfiler, Not in universe, Not in universe, Secondary individual, Householder,1743.8, Nonmover, Nonmover, Nonmover, Yes, Not in universe,0, Both parents present, United-States, United-States, United-States, Native- Born in the United States,0, Not in universe,0,1,0,94,-50000
1, Not in universe,0,1, Children, Not in universe, Never married, Not in universe or children, Not in universe, White, All other, Male, Not in universe, Not in universe, Children or Armed Forces,0,0,2, Nonfiler, Not in universe, Not in universe, Child <18 never marr not in subfamily, Child under 18 never married,1080.87, Nonmover, Nonmover, Nonmover, Yes, Not in universe,0, Both parents present, United-States, United-States, United-States, Native- Born in the United States,0, Not in universe,0,0,0,94,-50000
51, Not in universe,4,3, Children, Not in universe, Never married, Not in universe or children, Not in universe, White, All other, Female, Not in universe, Not in universe, Children or Armed Forces,0,0,2, Nonfiler, Not in universe, Not in universe, Child <18 never marr not in subfamily, Child under 18 never married,1746.17, NonMSA to nonMSA, Not in universe, Not in universe, Not in universe under 1 year old, Not in universe,0, Both parents present, United-States, United-States, United-States, Native- Born in the United States,0, Not in universe,0,0,0,94,-50000
3, Self-employed-incorporated,4,4, Doctorate degree(PhD EdD), Not in universe, Never married, Agriculture, Farming forestry and fishing, White, All other, Male, Not in universe, Not in universe, Full-time schedules,0,0,0, Single, Not in universe, Not in universe, Nonfamily householder, Householder,4328.77, Nonmover, Abroad, Not in universe, Not in universe under 1 year old, Not in universe,1, Not in universe, United-States, Italy, United-States, Foreign born- U S citizen by naturalization,0, Not in universe,0,0,2,95,-50000
3, Not in universe,4,0, Children, Not in universe, Never married, Not in universe or children, Not in universe, White, All other, Female, Not in universe, Not in universe, Children or Armed Forces,,0,0, Nonfiler, Not in universe, Not in universe, Child <18 never marr not in subfamily, Child under 18 never married,1975.77, Nonmover, Not in universe, Not in universe, Not in universe under 1 year old, Not in universe,0, Both parents present, United-States, United-States, United-States, Native- Born in the United States,0, Not in universe,0,0,0,94,-50000
39, Private,4,3, High school graduate, Not in universe, Married-civilian spouse present, Manufacturing-durable goods, Professional specialty, White, All other, Male, No, Not in universe, Children or Armed Forces,0,0,2, Joint both under 65, Not in universe, Not in universe, Householder, Householder,2738.79, Nonmover, Nonmover, Nonmover, Yes, Not in universe,3, Not in universe, United-States, United-States, United-States, Native- Born in the United States,1, Not in universe,0,0,700,95,-50000
7, Not in universe,4,2, 9th grade, Not in universe, Divorced, Not in universe or children, Not in universe, White, All other, Female, Not in universe, Not in universe, Children or Armed Forces,,0,0, Nonfiler, Not in universe, Not in universe, Householder, Householder,288.69, Nonmover, Nonmover, Nonmover, Yes, Not in universe,0, Not in universe, United-States, United-States, United-States, Native- Born in the United States,0, Not in universe,0,0,0,94,-50000
11, Private,4,3, High school graduate, Not in universe, Married-civilian spouse present, Business and repair services, Other service, White, All other, Male, No, Not in universe, Children or Armed Forces,0,0,0, Joint both under 65, Not in universe, Not in universe, Child 18+ ever marr RP of subfamily, Child 18 or older,2001.29, Nonmover, Nonmover, Nonmover, Yes, Not in universe,0, Not in universe, United-States, United-States, United-States, Native- Born in the United States,0, Not in universe,2,0,0,94,-50000
2, Not in universe,0,3, Some college but no degree, College or university, Never married, Not in universe or children, Not in universe, White, All other, Male, Not in universe, Not in universe, Not in labor force,0,0,2, Single, Not in universe, Not in universe, Child 18+ never marr Not in a subfamily, Child 18 or older,2520.1, Nonmover, Abroad, Not in universe, Not in universe under 1 year old, Not in universe,0, Not in universe, United-States, United-States, United-States, Native- Born in the United States,0, Not in universe,0,1,0,94,-50000
12, Not in universe,4,2, Children, Not in universe, Never married, Not in universe or children, Not in universe, White, All other, Male, Not in universe, Not in universe, Children or Armed Forces,0,,0, Nonfiler, Not in universe, Not in universe, Child <18 never marr not in subfamily, Child under 18 never married,1048.33, Nonmover, Abroad, Not in universe, Not in universe under 1 year old, Not in universe,0, Both parents present, United-States, United-States, United-States, Native- Born in the United States,0, Not in universe,0,0,0,94,-50000
12, Not in universe,4,2, 9th grade, Not in universe, Never married, Not in universe or children, Not in universe, White, All other, Female, Not in universe, Not in universe, Children or Armed Forces,,0,0, Nonfiler, Not in universe, Not in universe, Child <18 never marr not in subfamily, Child under 18 never married,827.47, Nonmover, Nonmover, Nonmover, No, Not in universe,0, Both parents present, United-States, United-States, United-States, Native- Born in the United States,0, Not in universe,2,0,2,94,-50000
34, Private,42,10, High school graduate, Not in universe, Never married, Transportation, Transportation and material moving, White, All other, Female, Not in universe, Not in universe, Children or Armed Forces,0,,2, Single, Not in universe, Not in universe, Child 18+ ever marr Not in a subfamily, Child 18 or older,1848.2, Nonmover, Nonmover, Nonmover, Yes, Not in universe,0, Not in universe, United-States, United-States, United-States, Native- Born in the United States,2, Not in universe,2,10,0,94,-50000
11, Private,4,3, High school graduate, Not in universe, Married-civilian spouse present, Retail trade, Other service, White, All other, Female, Not in universe, Not in universe, Full-time schedules,0,0,0, Joint both under 65, Not in universe, Not in universe, Spouse of householder, Spouse of householder,864.34, Nonmover, Abroad, Not in universe, Not in universe under 1 year old, Not in universe,6, Not in universe, United-States, United-States, United-States, Native- Born in the United States,0, Not in universe,0,52,0,95,-50000
3, Not in universe,4,3, High school graduate, Not in universe, Married-civilian spouse present, Not in universe or children, Not in universe, White, Central or South American, Female, Not in universe, Not in universe, Not in labor force,0,0,0, Joint both 65+, Not in universe, Not in universe, Spouse of householder, Spouse of householder,2002.87, MSA to MSA, Abroad, Not in universe, Not in universe under 1 year old, Not in universe,0, Not in universe, Ecuador, Ecuador, Columbia, Foreign born- Not a citizen of U S ,0, Not in universe,1,0,0,95,-50000
6, Private,9,38, High school graduate, Not in universe, Never married, Retail trade, Transportation and material moving, White, All other, Male, Not in universe, Not in universe, Full-time schedules,,0,0, Single, Not in universe, Not in universe, Child 18+ never marr Not in a subfamily, Child 18 or older,1743.8, Nonmover, Abroad, Not in universe, Not in universe under 1 year old, Not in universe,0, Not in universe, United-States, United-States, United-States, Native- Born in the United States,0, Not in universe,0,25,0,94,-50000
39, Private,41,3, Some college but no degree, Not in universe, Married-civilian spouse present, Manufacturing-durable goods, Professional specialty, White, All other, Female, No, Not in universe, Full-time schedules,0,0,200, Joint both under 65, Not in universe, Not in universe, Spouse of householder, Spouse of householder,1566.66, Nonmover, Abroad, Not in universe, Not in universe under 1 year old, Not in universe,1, Not in universe, United-States, United-States, United-States, Native- Born in the United States,0, Not in universe,2,6,0,94,-50000
3, Not in universe,4,0, Children, Not in universe, Never married, Not in universe or children, Not in universe, White, Puerto Rican, Female, Not in universe, Not in universe, Children or Armed Forces,,0,0, Nonfiler, Not in universe, Not in universe, Child <18 never marr not in subfamily, Child under 18 never married,2075.7, Nonmover, Not in universe, Not in universe, Not in universe under 1 year old, Not in universe,0, Mother only present, Puerto-Rico, Puerto-Rico, United-States, Native- Born in the United States,0, Not in universe,0,20,0,95,-50000
3, Not in universe,4,2, Children, Not in universe, Never married, Not in universe or children, Not in universe, White, All other, Male, Not in universe, Not in universe, Children or Armed Forces,0,0,2, Nonfiler, Not in universe, Not in universe, Child <18 never marr not in subfamily, Child under 18 never married,492.44, Nonmover, Nonmover, Nonmover, Yes, Not in universe,0, Both parents present, United-States, United-States, United-States, Native- Born in the United States,0, Not in universe,0,0,0,94,-50000
3, Private,0,10, Associates degree-occup /vocational, Not in universe, Never married, Retail trade, Adm support including clerical, White, All other, Female, Not in universe, Not in universe, Children or Armed Forces,0,0,0, Single, Not in universe, Not in universe, Child 18+ never marr Not in a subfamily, Child 18 or older,1747.59, Nonmover, Nonmover, Nonmover, Yes, Not in universe,0, Not in universe, United-States, United-States, United-States, Native- Born in the United States,0, Not in universe,0,0,0,94,-50000
6, Not in universe,4,2, Children, Not in universe, Never married, Not in universe or children, Not in universe, White, All other, Female, Not in universe, Not in universe, Children or Armed Forces,0,0,0, Nonfiler, Midwest, Indiana, Child <18 never marr not in subfamily, Child under 18 never married,1827.04, NonMSA to nonMSA, Same county, Same county, No, No,0, Mother only present, United-States, United-States, United-States, Native- Born in the United States,0, Not in universe,0,52,140,94,-50000
41, Self-employed-not incorporated,4,10, High school graduate, Not in universe, Married-civilian spouse present, Agriculture, Farming forestry and fishing, White, All other, Male, Not in universe, Not in universe, Full-time schedules,,0,0, Joint both under 65, Not in universe, Not in universe, Householder, Householder,1523.88, Nonmover, Abroad, Not in universe, Not in universe under 1 year old, Not in universe,1, Not in universe, United-States, United-States, United-States, Native- Born in the United States,0, Not in universe,2,14,2,95,-50000
2, Private,17,3, High school graduate, Not in universe, Never married, Manufacturing-nondurable goods, Professional specialty, White, All other, Female, Not in universe, Not in universe, Children or Armed Forces,0,323,0, Head of household, Not in universe, Not in universe, Householder, Householder,1990.46, Nonmover, Nonmover, Nonmover, Yes, Not in universe,5, Not in universe, United-States, United-States, United-States, Native- Born in the United States,0, Not in universe,2,25,0,94,-50000
3, Self-employed-not incorporated,43,10, Some college but no degree, Not in universe, Married-civilian spouse present, Education, Adm support including clerical, White, All other, Male, Not in universe, Not in universe, Children or Armed Forces,0,0,2500, Joint both under 65, Not in universe, Not in universe, Householder, Householder,1623.17, Nonmover, Nonmover, Nonmover, Yes, Not in universe,0, Not in universe, United-States, United-States, United-States, Native- Born in the United States,0, Not in universe,0,25,0,94,-50000
3, Not in universe,4,0, Children, Not in universe, Never married, Not in universe or children, Not in universe, White, All other, Male, Not in universe, Not in universe, Children or Armed Forces,,0,0, Nonfiler, Not in universe, Not in universe, Child <18 never marr not in subfamily, Child under 18 never married,868.55, Nonmover, Not in universe, Not in universe, Not in universe under 1 year old, Not in universe,0, Both parents present, United-States, United-States, United-States, Native- Born in the United States,0, Not in universe,0,0,0,95,-50000
3, Not in universe,4,3, Children, Not in universe, Never married, Not in universe or children, Not in universe, White, All other, Female, Not in universe, Not in universe, Children or Armed Forces,0,0,2, Nonfiler, Not in universe, Not in universe, Child <18 never marr not in subfamily, Child under 18 never married,2075.7, Nonmover, Not in universe, Not in universe, Not in universe under 1 year old, Not in universe,0, Both parents present, United-States, United-States, United-States, Native- Born in the United States,0, Not in universe,0,0,0,94,-50000
25, Private,4,10, Some college but no degree, Not in universe, Never married, Business and repair services, Protective services, White, All other, Male, Not in universe, Not in universe, Children or Armed Forces,0,,0, Single, West, Arizona, Nonfamily householder, Householder,3213.08, MSA to MSA, Same county, Same county, No, No,0, Not in universe, United-States, United-States, United-States, Native- Born in the United States,0, Not in universe,2,52,0,94,-50000
23, Private,43,29, Some college but no degree, College or university, Never married, Retail trade, Other service, Asian or Pacific Islander, All other, Female, Not in universe, Not in universe, Children or Armed Forces,0,,0, Single, Midwest, Oklahoma, Secondary individual, Householder,827.47, MSA to MSA, Same county, Same county, No, No,2, Not in universe, Vietnam, Vietnam, Vietnam, Foreign born- U S citizen by naturalization,0, Not in universe,0,0,2,94,-50000
2, Not in universe,4,0, Children, Not in universe, Never married, Not in universe or children, Not in universe, White, All other, Male, Not in universe, Not in universe, Children or Armed Forces,0,0,0, Nonfiler, Not in universe, Not in universe, Secondary individual, Other relative of householder,2000.27, MSA to MSA, Not in universe, Not in universe, Not in universe under 1 year old, Not in universe,0, Neither parent present, United-States, United-States, United-States, Native- Born in the United States,0, Not in universe,0,1,0,95,-50000
3, Not in universe,3,2, Bachelors degree(BA AB BS), Not in universe, Married-civilian spouse present, Not in universe or children, Not in universe, White, All other, Female, Not in universe, Not in universe, Not in labor force,0,0,15, Joint both under 65, Not in universe, Not in universe, Spouse of householder, Spouse of householder,1848.2, Nonmover, Abroad, Not in universe, Not in universe under 1 year old, Not in universe,0, Not in universe, United-States, United-States, United-States, Native- Born in the United States,0, Not in universe,0,0,0,94,-50000
1, Private,44,32, High school graduate, College or university, Married-civilian spouse present, Social services, Other service, Other, All other, Female, Not in universe, Not in universe, Full-time schedules,,0,0, Joint both under 65, Not in universe, Not in universe, Spouse of householder, Spouse of householder,288.69, MSA to MSA, Abroad, Not in universe, Not in universe under 1 year old, Not in universe,0, Not in universe, United-States, United-States, United-States, Native- Born in the United States,0, Not in universe,0,0,2,95,-50000
2, Not in universe,7,3, High school graduate, Not in universe, Never married, Not in universe or children, Not in universe, White, Mexican-American, Male, Not in universe, Not in universe, Children or Armed Forces,0,1721,0, Single, Not in universe, Not in universe, Child 18+ ever marr Not in a subfamily, Child 18 or older,1747.59, Nonmover, Abroad, Not in universe, Not in universe under 1 year old, Not in universe,3, Not in universe, Mexico, Mexico, United-States, Native- Born in the United States,0, Not in universe,0,52,0,94,-50000
3, Not in universe,3,0, Children, Not in universe, Never married, Not in universe or children, Not in universe, White, All other, Female, Not in universe, Not in universe, Children or Armed Forces,0,0,2, Nonfiler, Not in universe, Not in universe, Child <18 never marr not in subfamily, Child under 18 never married,2075.7, Nonmover, Nonmover, Nonmover, No, Not in universe,0, Both parents present, United-States, United-States, United-States, Native- Born in the United States,0, Not in universe,0,1,0,94,-50000
3, Federal government,9,3, Some college but no degree, Not in universe, Separated, Transportation, Adm support including clerical, Other, Mexican-American, Male, Not in universe, Not in universe, Full-time schedules,914,0,0, Head of household, Not in universe, Not in universe, Householder, Householder,1743.8, Nonmover, Abroad, Not in universe, Not in universe under 1 year old, Not in universe,0, Not in universe, United-States, United-States, United-States, Native- Born in the United States,0, Not in universe,0,52,0,95,-50000
3, Not in universe,4,0, High school graduate, Not in universe, Married-civilian spouse present, Not in universe or children, Not in universe, White, All other, Male, Not in universe, Not in universe, Not in labor force,0,0,20, Joint both under 65, Not in universe, Not in universe, Spouse of householder, Spouse of householder,1743.8, MSA to MSA, Abroad, Not in universe, Not in universe under 1 year old, Not in universe,0, Not in universe, United-States, United-States, United-States, Native- Born in the United States,0, Not in universe,0,4,0,95,-50000
11, Local government,9,25, Bachelors degree(BA AB BS), Not in universe, Never married, Public administration, Protective services, White, All other, Male, Not in universe, Not in universe, Full-time schedules,0,0,0, Single, Not in universe, Not in universe, Nonfamily householder, Householder,864.34, Nonmover, Abroad, Not in universe, Not in universe under 1 year old, Not in universe,6, Not in universe, United-States, United-States, United-States, Native- Born in the United States,0, Not in universe,2,0,2,95,-50000
39, Not in universe,4,2, High school graduate, Not in universe, Widowed, Not in universe or children, Not in universe, White, All other, Female, Not in universe, Not in universe, Children or Armed Forces,0,0,0, Single, Not in universe, Not in universe, Nonfamily householder, Householder,3213.08, Nonmover, Nonmover, Nonmover, Yes, Not in universe,0, Not in universe, United-States, United-States, United-States, Native- Born in the United States,0, Not in universe,0,0,0,94,-50000
11, Private,37,28, Bachelors degree(BA AB BS), Not in universe, Never married, Business and repair services, Protective services, Black, All other, Female, Not in universe, Not in universe, PT for econ reasons usually PT,,2547,100, Head of household, Not in universe, Not in universe, Householder, Householder,2002.87, Nonmover, Abroad, Not in universe, Not in universe under 1 year old, Not in universe,0, Not in universe, United-States, United-States, United-States, Native- Born in the United States,1, Not in universe,0,52,0,95, 50000+.
5, Not in universe,4,3, Children, Not in universe, Never married, Not in universe or children, Not in universe, White, All other, Male, Not in universe, Not in universe, Children or Armed Forces,0,,0, Nonfiler, South, North Dakota, Child <18 never marr not in subfamily, Child under 18 never married,1024.21, NonMSA to nonMSA, Same county, Same county, No, Yes,0, Mother only present, United-States, United-States, United-States, Native- Born in the United States,0, Not in universe,0,0,140,94,-50000
15, Not in universe,0,2, 9th grade, Not in universe, Never married, Not in universe or children, Not in universe, White, All other, Male, Not in universe, Not in universe, Not in labor force,0,0,0, Nonfiler, Not in universe, Not in universe, Child <18 never marr not in subfamily, Child under 18 never married,310.98, Nonmover, Abroad, Not in universe, Not in universe under 1 year old, Not in universe,0, Mother only present, United-States, United-States, United-States, Native- Born in the United States,0, Not in universe,0,1,2,94,-50000
4, Not in universe,4,2, Children, Not in universe, Never married, Not in universe or children, Not in universe, White, All other, Female, Not in universe, Not in universe, Children or Armed Forces,0,,2, Nonfiler, Not in universe, Not in universe, Child <18 never marr not in subfamily, Child under 18 never married,868.55, Not in universe, Not in universe, Not in universe, Not in universe under 1 year old, Not in universe,0, Both parents present, United-States, United-States, United-States, Native- Born in the United States,0, Not in universe,0,0,0,94,-50000
6, Private,37,10, Bachelors degree(BA AB BS), Not in universe, Never married, Business and repair services, Protective services, Other, All other, Male, No, Not in universe, Children or Armed Forces,0,0,0, Single, Not in universe, Not in universe, Child 18+ never marr Not in a subfamily, Child 18 or older,459.98, Nonmover, Nonmover, Nonmover, Yes, Not in universe,0, Not in universe, United-States, United-States, United-States, Native- Born in the United States,0, Not in universe,0,6,0,94,-50000
37, Private,31,3, Some college but no degree, Not in universe, Married-civilian spouse present, Retail trade, Sales, Other, All other, Female, Not in universe, Not in universe, Children or Armed Forces,0,0,0, Nonfiler, Not in universe, Not in universe, Spouse of householder, Spouse of householder,1391.12, Nonmover, Nonmover, Nonmover, Yes, Not in universe,0, Not in universe, United-States, United-States, India, Foreign born- Not a citizen of U S ,0, Not in universe,0,6,0,94,-50000
11, Federal government,4,3, High school graduate, Not in universe, Married-civilian spouse present, Public administration, Adm support including clerical, White, NA, Male, Not in universe, Not in universe, Full-time schedules,3464,0,0, Joint both under 65, Not in universe, Not in universe, Householder, Householder,1571.0, MSA to MSA, Abroad, Not in universe, Not in universe under 1 year old, Not in universe,6, Not in universe, Puerto-Rico, Mexico, Columbia, Foreign born- Not a citizen of U S ,0, Not in universe,1,0,0,94,-50000
0, Private,17,4, 9th grade, Not in universe, Married-civilian spouse present, Retail trade, Handlers equip cleaners etc , White, Mexican (Mexicano), Male, Not in universe, Not in universe, Children or Armed Forces,2961,0,0, Joint both under 65, Not in universe, Not in universe, Householder, Householder,530.25, Nonmover, Nonmover, Nonmover, Yes, Not in universe,1, Not in universe, Mexico, Mexico, Mexico, Foreign born- Not a citizen of U S ,0, Not in universe,0,50,0,94,-50000
4, Not in universe,0,2, Children, Not in universe, Never married, Not in universe or children, Not in universe, White, All other, Male, Not in universe, Not in universe, Children or Armed Forces,0,0,2, Nonfiler, Not in universe, Not in universe, Child <18 never marr not in subfamily, Child under 18 never married,1858.27, Nonmover, Nonmover, Nonmover, Yes, Not in universe,0, Mother only present, United-States, United-States, United-States, Native- Born in the United States,0, Not in universe,0,0,2,94,-50000
2, Private,33,2, Some college but no degree, Not in universe, Never married, Retail trade, Other service, White, All other, Male, Not in universe, Not in universe, Children or Armed Forces,0,,0, Single, Midwest, Indiana, Grandchild 18+ never marr not in subfamily, Other relative of householder,2797.74, MSA to MSA, Same county, Same county, No, No,3, Not in universe, United-States, United-States, United-States, Native- Born in the United States,0, Not in universe,0,25,2,94,-50000
12, Not in universe,0,2, Children, Not in universe, Never married, Not in universe or children, Not in universe, Other, All other, Female, Not in universe, Not in universe, Children or Armed Forces,,0,0, Nonfiler, Not in universe, Not in universe, Child <18 never marr not in subfamily, Child under 18 never married,1827.04, Nonmover, Abroad, Not in universe, Not in universe under 1 year old, Not in universe,0, Both parents present, United-States, United-States, United-States, Foreign born- U S citizen by naturalization,0, Not in universe,0,2,0,95,-50000
14, Not in universe,4,0, Children, Not in universe, Never married, Not in universe or children, Not in universe, White, All other, Male, Not in universe, Not in universe, Children or Armed Forces,0,0,0, Nonfiler, Not in universe, Not in universe, Child <18 never marr not in subfamily, Child under 18 never married,2000.27, MSA to MSA, Not in universe, Not in universe, Not in universe under 1 year old, Not in universe,0, Both parents present, United-States, United-States, United-States, Native- Born in the United States,0, Not in universe,0,0,0,94,-50000
11, Private,4,9, 9th grade, High school, Never married, Retail trade, Other service, White, All other, Female, No, Not in universe, Children or Armed Forces,0,,2, Nonfiler, Midwest, Virginia, Child <18 never marr not in subfamily, Child under 18 never married,1788.4, MSA to MSA, Same county, Same county, No, No,0, Father only present, United-States, United-States, United-States, Native- Born in the United States,0, Not in universe,2,8,0,94,-50000
3, Not in universe,1,2, Children, Not in universe, Never married, Not in universe or children, Not in universe, Black, All other, Male, Not in universe, Not in universe, Children or Armed Forces,0,0,0, Nonfiler, Not in universe, Not in universe, Child <18 never marr not in subfamily, Child under 18 never married,1419.89, Nonmover, Nonmover, Nonmover, Yes, Not in universe,0, Both parents present, United-States, United-States, United-States, Native- Born in the United States,0, Not in universe,0,0,0,94,-50000
3, Not in universe,4,3, Children, Not in universe, Never married, Not in universe or children, Not in universe, White, All other, Male, Not in universe, Not in universe, Children or Armed Forces,0,0,0, Nonfiler, South, North Dakota, Child <18 never marr not in subfamily, Child under 18 never married,803.59, NonMSA to nonMSA, Same county, Same county, No, Yes,2, Both parents present, United-States, United-States, Japan, Native- Born abroad of American Parent(s),0, Not in universe,0,0,0,94,-50000
4, Local government,4,10, High school graduate, Not in universe, Married-civilian spouse present, Public administration, Adm support including clerical, White, All other, Male, Not in universe, Not in universe, Full-time schedules,0,0,2, Joint both under 65, Not in universe, Not in universe, Householder, Householder,1571.0, Nonmover, Abroad, Not in universe, Not in universe under 1 year old, Not in universe,1, Not in universe, United-States, Canada, United-States, Native- Born in the United States,0, Not in universe,0,52,0,94,-50000
2, Private,37,32, High school graduate, Not in universe, Married-spouse absent, Manufacturing-nondurable goods, Machine operators assmblrs & inspctrs, White, Central or South American, Female, Not in universe, Not in universe, Children or Armed Forces,0,,0, Head of household, Northeast, New Mexico, Child 18+ ever marr RP of subfamily, Child 18 or older,288.69, MSA to MSA, Same county, Same county, No, No,0, Not in universe, Dominican-Republic, Dominican-Republic, Dominican-Republic, Foreign born- Not a citizen of U S ,0, Not in universe,0,0,0,94,-50000
3, Not in universe,0,0, High school graduate, Not in universe, Married-civilian spouse present, Not in universe or children, Not in universe, Asian or Pacific Islander, All other, Male, Not in universe, Not in universe, Children or Armed Forces,0,,2, Joint both under 65, Not in universe, Not in universe, Householder, Householder,1743.8, Nonmover, Nonmover, Nonmover, Yes, Not in universe,0, Not in universe, Taiwan, Taiwan, Taiwan, Foreign born- Not a citizen of U S ,0, Not in universe,0,0,2,94,-50000
3, Not in universe,4,2, Children, Not in universe, Never married, Not in universe or children, Not in universe, Black, Puerto Rican, Female, Not in universe, Not in universe, Children or Armed Forces,0,0,2, Nonfiler, Not in universe, Not in universe, Child <18 never marr not in subfamily, Child under 18 never married,1105.65, Nonmover, Nonmover, Nonmover, Yes, Not in universe,0, Both parents present, United-States, United-States, United-States, Native- Born in the United States,0, Not in universe,0,0,2,94,-50000
5, Federal government,4,6, Doctorate degree(PhD EdD), Not in universe, Married-civilian spouse present, Education, Professional specialty, Asian or Pacific Islander, All other, Male, Not in universe, Not in universe, Children or Armed Forces,15024,0,0, Joint both under 65, Not in universe, Not in universe, Householder, Householder,951.66, Nonmover, Nonmover, Nonmover, Yes, Not in universe,0, Not in universe, Vietnam, Vietnam, Vietnam, Foreign born- Not a citizen of U S ,0, Not in universe,2,0,0,94,-50000
10, Private,41,38, High school graduate, Not in universe, Never married, Business and repair services, Transportation and material moving, White, All other, Male, Not in universe, Not in universe, Children or Armed Forces,0,,0, Single, South, California, Secondary individual, Nonrelative of householder,1566.66, MSA to MSA, Same county, Same county, No, Yes,3, Not in universe, United-States, United-States, United-States, Native- Born in the United States,0, Not in universe,2,20,0,94,-50000
3, Not in universe,3,3, High school graduate, Not in universe, Widowed, Not in universe or children, Not in universe, White, All other, Female, Not in universe, Not in universe, Not in labor force,0,,2, Single, Not in universe, Not in universe, Nonfamily householder, Householder,803.59, Nonmover, Abroad, Not in universe, Not in universe under 1 year old, Not in universe,0, Not in universe, United-States, United-States, United-States, Native- Born in the United States,0, Not in universe,1,0,0,95,-50000
3, Not in universe,0,0, Children, Not in universe, Never married, Not in universe or children, Not in universe, White, All other, Male, Not in universe, Not in universe, Children or Armed Forces,0,0,0, Nonfiler, Not in universe, Not in universe, Child <18 never marr not in subfamily, Child under 18 never married,2752.81, Nonmover, Not in universe, Not in universe, Not in universe under 1 year old, Not in universe,0, Father only present, United-States, United-States, United-States, Native- Born in the United States,0, Not in universe,0,0,0,94,-50000
11, Private,4,3, High school graduate, Not in universe, Married-civilian spouse present, Retail trade, Professional specialty, White, All other, Female, Not in universe, Not in universe, Full-time schedules,,,0, Joint both under 65, Not in universe, Not in universe, Spouse of householder, Spouse of householder,1206.22, Nonmover, Abroad, Not in universe, Not in universe under 1 year old, Not in universe,4, Not in universe, United-States, United-States, United-States, Native- Born in the United States,0, Not in universe,2,0,0,94,-50000
11, Private,41,3, High school graduate, Not in universe, Separated, Manufacturing-nondurable goods, Machine operators assmblrs & inspctrs, Black, All other, Male, Not in universe, Not in universe, Children or Armed Forces,0,0,0, Single, Not in universe, Not in universe, Child 18+ ever marr Not in a subfamily, Child 18 or older,5634.92, Nonmover, Nonmover, Nonmover, Yes, Not in universe,0, Not in universe, United-States, United-States, United-States, Native- Born in the United States,0, Not in universe,0,0,2,94,-50000
3, Private,11,18, Bachelors degree(BA AB BS), Not in universe, Never married, Manufacturing-durable goods, Sales, White, All other, Male, Not in universe, Not in universe, Full-time schedules,0,0,0, Single, Not in universe, Not in universe, Secondary individual, Nonrelative of householder,868.55, Nonmover, Abroad, Not in universe, Not in universe under 1 year old, Not in universe,6, Not in universe, United-States, United-States, United-States, Native- Born in the United States,0, Not in universe,0,52,0,94, 50000+.
3, Private,31,3, High school graduate, Not in universe, Married-civilian spouse present, Business and repair services, Machine operators assmblrs & inspctrs, Other, All other, Female, Not in universe, Other job loser, Full-time schedules,0,0,15, Joint both under 65, Not in universe, Not in universe, Spouse of householder, Spouse of householder,990.79, Nonmover, Abroad, Not in universe, Not in universe under 1 year old, Not in universe,0, Not in universe, United-States, United-States, United-States, Native- Born in the United States,0, Not in universe,1,0,0,94,-50000
37, Private,32,10, Masters degree(MA MS MEng MEd MSW MBA), Not in universe, Never married, Wholesale trade, Executive admin and managerial, White, All other, Male, No, Not in universe, Children or Armed Forces,914,,33, Single, Not in universe, Not in universe, Nonfamily householder, Householder,1605.47, Nonmover, Nonmover, Nonmover, Yes, Not in universe,0, Not in universe, United-States, United-States, United-States, Native- Born in the United States,0, Not in universe,0,52,0,94,-50000
4, Private,4,36, Associates degree-occup /vocational, Not in universe, Married-civilian spouse present, Manufacturing-nondurable goods, Machine operators assmblrs & inspctrs, White, Other Spanish, Male, Not in universe, Not in universe, Full-time schedules,,0,4, Joint both under 65, Not in universe, Not in universe, Householder, Householder,1788.4, MSA to MSA, Abroad, Not in universe, Not in universe under 1 year old, Not in universe,0, Not in universe, United-States, United-States, United-States, Native- Born in the United States,0, Not in universe,0,20,0,94,-50000
3, Not in universe,4,2, Masters degree(MA MS MEng MEd MSW MBA), Not in universe, Married-civilian spouse present, Not in universe or children, Not in universe, White, All other, Male, Not in universe, Not in universe, Children or Armed Forces,,0,250, Joint both 65+, Not in universe, Not in universe, Householder, Householder,827.47, Nonmover, Nonmover, Nonmover, Yes, Not in universe,0, Not in universe, United-States, United-States, United-States, Native- Born in the United States,0, Not in universe,2,1,0,94,-50000
39, Private,42,24, High school graduate, Not in universe, Married-civilian spouse present, Medical except hospital, Adm support including clerical, White, All other, Female, Not in universe, Not in universe, Full-time schedules,0,0,0, Joint both under 65, Not in universe, Not in universe, Spouse of householder, Spouse of householder,1743.8, Nonmover, Abroad, Not in universe, Not in universe under 1 year old, Not in universe,0, Not in universe, United-States, United-States, United-States, Native- Born in the United States,0, Not in universe,0,25,0,95,-50000
3, Not in universe,0,3, Children, Not in universe, Never married, Not in universe or children, Not in universe, Other, All other, Male, Not in universe, Not in universe, Children or Armed Forces,0,0,0, Nonfiler, Not in universe, Not in universe, Child <18 never marr not in subfamily, Child under 18 never married,457.91, Nonmover, Not in universe, Not in universe, Not in universe under 1 year old, Not in universe,0, Both parents present, United-States, United-States, United-States, Native- Born in the United States,0, Not in universe,0,0,0,94,-50000
64, Private,17,24, 9th grade, Not in universe, Separated, Finance insurance and real estate, Farming forestry and fishing, Black, All other, Male, Not in universe, Not in universe, Full-time schedules,0,0,2, Single, Not in universe, Not in universe, Nonfamily householder, Householder,803.59, Nonmover, Abroad, Not in universe, Not in universe under 1 year old, Not in universe,5, Not in universe, United-States, United-States, United-States, Native- Born in the United States,0, Not in universe,1,51,0,94,-50000
21, Private,4,1, Some college but no degree, College or university, Never married, Retail trade, Sales, White, All other, Male, Not in universe, Not in universe, Children or Armed Forces,0,,0, Single, Not in universe, Not in universe, Child 18+ never marr Not in a subfamily, Child 18 or older,1743.8, Nonmover, Nonmover, Nonmover, Yes, Not in universe,0, Not in universe, United-States, Italy, Mexico, Foreign born- U S citizen by naturalization,0, Not in universe,1,0,0,94,-50000
3, Not in universe,4,2, Some college but no degree, High school, Never married, Not in universe or children, Not in universe, Black, All other, Male, Not in universe, Not in universe, Children or Armed Forces,0,,0, Nonfiler, South, Missouri, Child 18+ never marr Not in a subfamily, Child 18 or older,1433.34, MSA to MSA, Different county same state, Different county same state, No, Yes,0, Not in universe, United-States, United-States, Philippines, Native- Born abroad of American Parent(s),0, Not in universe,0,0,2,94,-50000
6, Not in universe,0,0, 5th or 6th grade, Not in universe, Married-civilian spouse present, Not in universe or children, Not in universe, Other, All other, Male, Not in universe, Not in universe, Children or Armed Forces,0,,0, Nonfiler, Not in universe, Not in universe, Householder, Householder,1743.8, Nonmover, Nonmover, Nonmover, Yes, Not in universe,0, Not in universe, Iran, Iran, Iran, Foreign born- Not a citizen of U S ,0, Not in universe,1,0,0,94,-50000
36, Not in universe,4,7, High school graduate, Not in universe, Separated, Not in universe or children, Not in universe, Other, Puerto Rican, Female, Not in universe, Not in universe, Not in labor force,0,,2, Nonfiler, Not in universe, Not in universe, Householder, Householder,842.41, Nonmover, Abroad, Not in universe, Not in universe under 1 year old, Not in universe,3, Not in universe, Dominican-Republic, Dominican-Republic, Dominican-Republic, Foreign born- U S citizen by naturalization,0, Not in universe,0,0,0,95,-50000
4, Not in universe,4,0, Children, Not in universe, Never married, Not in universe or children, Not in universe, White, All other, Male, Not in universe, Not in universe, Children or Armed Forces,,0,2, Nonfiler, Not in universe, Not in universe, Child <18 never marr not in subfamily, Child under 18 never married,1433.34, Nonmover, Not in universe, Not in universe, Not in universe under 1 year old, Not in universe,0, Both parents present, United-States, United-States, United-States, Native- Born in the United States,0, Not in universe,0,1,2,94,-50000
28, Private,31,3, 11th grade, Not in universe, Never married, Business and repair services, Sales, Other, All other, Male, Not in universe, Not in universe, Full-time schedules,,0,0, Single, Not in universe, Not in universe, Child 18+ never marr Not in a subfamily, Child 18 or older,868.55, Nonmover, Abroad, Not in universe, Not in universe under 1 year old, Not in universe,1, Not in universe, Puerto-Rico, United-States, United-States, Native- Born in the United States,0, Not in universe,1,52,0,94,-50000
3, Not in universe,4,2, Children, Not in universe, Never married, Not in universe or children, Not in universe, White, All other, Male, Not in universe, Not in universe, Children or Armed Forces,0,0,0, Nonfiler, Not in universe, Not in universe, Child <18 never marr not in subfamily, Child under 18 never married,895.83, Nonmover, Not in universe, Not in universe, Not in universe under 1 year old, Not in universe,0, Both parents present, United-States, United-States, United-States, Native- Born in the United States,0, Not in universe,0,0,2,94,-50000
3, Private,43,3, High school graduate, Not in universe, Divorced, Retail trade, Transportation and material moving, White, Puerto Rican, Female, Not in universe, Not in universe, Children or Armed Forces,0,0,0, Single, South, Utah, Secondary individual, Nonrelative of householder,3251.04, MSA to MSA, Same county, Same county, No, Yes,0, Not in universe, Puerto-Rico, Puerto-Rico, Puerto-Rico, Native- Born in Puerto Rico or U S Outlying,0, Not in universe,0,20,2,94,-50000
0, Self-employed-not incorporated,4,43, Bachelors degree(BA AB BS), Not in universe, Married-civilian spouse present, Agriculture, Farming forestry and fishing, White, All other, Male, Not in universe, Not in universe, Full-time schedules,,0,0, Joint both under 65, Not in universe, Not in universe, Householder, Householder,1946.59, Nonmover, Abroad, Not in universe, Not in universe under 1 year old, Not in universe,0, Not in universe, United-States, United-States, United-States, Native- Born in the United States,0, Not in universe,2,25,0,95, 50000+.
3, Private,43,10, High school graduate, Not in universe, Never married, Retail trade, Sales, White, All other, Male, Not in universe, Not in universe, Full-time schedules,0,0,0, Single, Not in universe, Not in universe, Child 18+ never marr Not in a subfamily, Child 18 or older,2980.87, Nonmover, Abroad, Not in universe, Not in universe under 1 year old, Not in universe,3, Not in universe, United-States, United-States, United-States, Native- Born in the United States,0, Not in universe,0,10,2,94,-50000
3, Private,45,33, High school graduate, Not in universe, Married-civilian spouse present, Finance insurance and real estate, Precision production craft & repair, White, All other, Male, No, Not in universe, Children or Armed Forces,0,0,0, Nonfiler, Not in universe, Not in universe, Householder, Householder,888.64, Nonmover, Nonmover, Nonmover, Yes, Not in universe,1, Not in universe, United-States, United-States, United-States, Native- Born in the United States,0, Not in universe,0,0,0,94,-50000
11, Private,17,3, High school graduate, Not in universe, Married-civilian spouse present, Mining, Machine operators assmblrs & inspctrs, White, All other, Male, Not in universe, Not in universe, Children or Armed Forces,,0,0, Joint both under 65, Not in universe, Not in universe, Householder, Householder,1326.88, Nonmover, Nonmover, Nonmover, Yes, Not in universe,0, Not in universe, United-States, United-States, United-States, Native- Born in the United States,0, Not in universe,1,14,0,94, 50000+.
12, Private,4,10, High school graduate, Not in universe, Married-civilian spouse present, Retail trade, Handlers equip cleaners etc , White, All other, Male, Not in universe, Other job loser, Unemployed full-time,0,0,15, Joint both under 65, Not in universe, Not in universe, Spouse of householder, Spouse of householder,1339.61, Nonmover, Abroad, Not in universe, Not in universe under 1 year old, Not in universe,1, Not in universe, United-States, United-States, United-States, Native- Born in the United States,0, Not in universe,0,52,0,94,-50000
39, Self-employed-not incorporated,17,3, Bachelors degree(BA AB BS), Not in universe, Married-civilian spouse present, Transportation, Professional specialty, White, All other, Female, Not in universe, Not in universe, Children or Armed Forces,0,,4, Joint both under 65, Not in universe, Not in universe, Householder, Householder,803.59, Nonmover, Nonmover, Nonmover, Yes, Not in universe,0, Not in universe, United-States, United-States, United-States, Native- Born in the United States,0, Not in universe,1,20,2,94,-50000
12, Private,43,10, High school graduate, Not in universe, Married-civilian spouse present, Education, Adm support including clerical, White, All other, Female, No, Not in universe, Full-time schedules,0,0,0, Joint both under 65, Not in universe, Not in universe, Householder, Householder,1682.7, Nonmover, Abroad, Not in universe, Not in universe under 1 year old, Not in universe,6, Not in universe, United-States, United-States, United-States, Native- Born in the United States,0, Not in universe,0,25,0,95,-50000
3, Not in universe,3,3, 11th grade, Not in universe, Never married, Not in universe or children, Not in universe, White, All other, Male, Not in universe, Not in universe, Not in labor force,0,0,0, Nonfiler, Not in universe, Not in universe, Grandchild <18 never marr child of subfamily RP, Householder,2000.27, MSA to MSA, Abroad, Abroad, Not in universe under 1 year old, No,0, Mother only present, United-States, United-States, United-States, Native- Born in the United States,0, Not in universe,0,0,0,95,-50000
8, Not in universe,4,3, High school graduate, Not in universe, Married-civilian spouse present, Not in universe or children, Not in universe, Black, All other, Female, Not in universe, Not in universe, Not in labor force,0,0,0, Joint both under 65, Not in universe, Not in universe, Spouse of householder, Spouse of householder,1747.59, Nonmover, Abroad, Not in universe, Not in universe under 1 year old, Not in universe,0, Not in universe, United-States, United-States, United-States, Native- Born in the United States,0, Not in universe,0,0,0,95,-50000
7, Federal government,9,10, High school graduate, Not in universe, Married-civilian spouse present, Transportation, Adm support including clerical, White, All other, Female, Not in universe, Not in universe, Full-time schedules,0,0,0, Joint both under 65, Not in universe, Not in universe, Spouse of householder, Spouse of householder,868.55, Nonmover, Abroad, Not in universe, Not in universe under 1 year old, Not in universe,6, Not in universe, United-States, United-States, United-States, Native- Born in the United States,0, Not in universe,0,0,0,94,-50000
33, Private,4,3, Some college but no degree, Not in universe, Never married, Finance insurance and real estate, Professional specialty, Asian or Pacific Islander, All other, Female, Not in universe, Not in universe, Children or Armed Forces,,0,0, Single, Not in universe, Not in universe, Child 18+ never marr Not in a subfamily, Child 18 or older,1788.4, Nonmover, Nonmover, Nonmover, No, Not in universe,1, Not in universe, United-States, United-States, United-States, Native- Born in the United States,0, Not in universe,0,0,0,94,-50000
3, Not in universe,3,0, Children, Not in universe, Never married, Not in universe or children, Not in universe, White, Other Spanish, Male, Not in universe, Not in universe, Children or Armed Forces,0,0,0, Nonfiler, Not in universe, Not in universe, Child <18 never marr not in subfamily, Child under 18 never married,1853.52, Nonmover, Not in universe, Not in universe, Not in universe under 1 year old, Not in universe,0, Mother only present, United-States, United-States, United-States, Native- Born in the United States,1, Not in universe,0,0,2,94,-50000
4, Private,12,3, Bachelors degree(BA AB BS), Not in universe, Divorced, Manufacturing-durable goods, Professional specialty, White, All other, Male, Not in universe, Not in universe, Full-time schedules,,0,0, Single, Not in universe, Not in universe, Secondary individual, Nonrelative of householder,2075.7, Nonmover, Abroad, Not in universe, Not in universe under 1 year old, Not in universe,1, Not in universe, United-States, United-States, United-States, Native- Born in the United States,1, Not in universe,2,0,0,94,-50000
23, Private,9,2, Some college but no degree, Not in universe, Married-civilian spouse present, Retail trade, Other service, White, All other, Female, Not in universe, Not in universe, Full-time schedules,,0,0, Joint both under 65, Not in universe, Not in universe, Spouse of householder, Spouse of householder,253.62, Nonmover, Abroad, Not in universe, Not in universe under 1 year old, Not in universe,0, Not in universe, United-States, United-States, Germany, Native- Born abroad of American Parent(s),0, Not in universe,0,52,0,94,-50000
11, Not in universe,4,3, High school graduate, Not in universe, Married-civilian spouse present, Not in universe or children, Not in universe, White, All other, Female, Not in universe, Not in universe, Not in labor force,0,0,0, Joint both 65+, Not in universe, Not in universe, Spouse of householder, Spouse of householder,868.55, Nonmover, Abroad, Not in universe, Not in universe under 1 year old, Not in universe,3, Not in universe, United-States, United-States, United-States, Native- Born in the United States,0, Not in universe,0,51,0,94,-50000
11, Local government,43,1, Bachelors degree(BA AB BS), Not in universe, Never married, Education, Professional specialty, White, All other, Female, Not in universe, Not in universe, Children or Armed Forces,,1092,0, Single, Not in universe, Not in universe, Secondary individual, Nonrelative of householder,4328.77, Nonmover, Nonmover, Nonmover, Yes, Not in universe,0, Not in universe, United-States, United-States, United-States, Native- Born in the United States,0, Not in universe,2,52,2,94,-50000
46, Local government,4,0, Masters degree(MA MS MEng MEd MSW MBA), Not in universe, Divorced, Education, Professional specialty, White, All other, Female, Not in universe, Not in universe, PT for non-econ reasons usually FT,0,0,0, Head of household, Not in universe, Not in universe, Householder, Householder,1566.66, Nonmover, Abroad, Not in universe, Not in universe under 1 year old, Not in universe,4, Not in universe, United-States, United-States, United-States, Native- Born in the United States,0, Not in universe,0,25,0,94,-50000
1, Private,41,3, Associates degree-occup /vocational, Not in universe, Married-civilian spouse present, Hospital services, Professional specialty, Asian or Pacific Islander, All other, Female, No, Not in universe, Full-time schedules,0,0,0, Joint both under 65, Not in universe, Not in universe, Spouse of householder, Spouse of householder,1110.73, MSA to MSA, Abroad, Not in universe, Not in universe under 1 year old, Not in universe,0, Not in universe, Philippines, Philippines, South Korea, Foreign born- U S citizen by naturalization,0, Not in universe,2,0,0,95, 50000+.
3, Private,17,37, Some college but no degree, Not in universe, Married-civilian spouse present, Wholesale trade, Machine operators assmblrs & inspctrs, Other, Mexican-American, Male, Not in universe, Not in universe, Children or Armed Forces,0,,0, Joint both under 65, Not in universe, Not in universe, Householder, Householder,1743.8, Nonmover, Nonmover, Nonmover, Yes, Not in universe,3, Not in universe, Mexico, Mexico, Mexico, Foreign born- Not a citizen of U S ,0, Not in universe,0,52,0,94,-50000
6, Private,37,3, 10th grade, Not in universe, Never married, Business and repair services, Professional specialty, Black, All other, Female, Not in universe, Not in universe, Full-time schedules,0,0,0, Single, Not in universe, Not in universe, Nonfamily householder, Householder,420.65, Nonmover, Abroad, Not in universe, Not in universe under 1 year old, Not in universe,6, Not in universe, United-States, United-States, United-States, Native- Born in the United States,0, Not in universe,0,50,0,94,-50000
6, Not in universe,4,2, Some college but no degree, Not in universe, Divorced, Not in universe or children, Not in universe, White, All other, Female, Not in universe, Not in universe, Children or Armed Forces,,,0, Nonfiler, Not in universe, Not in universe, Nonfamily householder, Householder,1433.34, Nonmover, Nonmover, Nonmover, Yes, Not in universe,0, Not in universe, United-States, United-States, United-States, Native- Born in the United States,0, Not in universe,0,0,2,94,-50000
11, Private,4,26, Bachelors degree(BA AB BS), Not in universe, Divorced, Retail trade, Adm support including clerical, White, All other, Male, No, Not in universe, Children or Armed Forces,0,0,5, Single, Not in universe, Not in universe, Nonfamily householder, Householder,1433.34, Nonmover, Nonmover, Nonmover, Yes, Not in universe,0, Not in universe, United-States, United-States, United-States, Native- Born in the United States,0, Not in universe,2,0,0,94, 50000+.
1, Not in universe,0,3, Children, Not in universe, Never married, Not in universe or children, Not in universe, White, All other, Female, Not in universe, Not in universe, Children or Armed Forces,0,,2, Nonfiler, Not in universe, Not in universe, Child <18 never marr not in subfamily, Child under 18 never married,1682.7, MSA to MSA, Abroad, Not in universe, Not in universe under 1 year old, Not in universe,0, Both parents present, United-States, United-States, United-States, Native- Born in the United States,0, Not in universe,0,0,0,95,-50000
3, Private,4,3, 9th grade, High school, Never married, Retail trade, Other service, White, All other, Male, Not in universe, Not in universe, Full-time schedules,0,0,2, Nonfiler, Not in universe, Not in universe, Child <18 never marr not in subfamily, Child under 18 never married,2900.23, Nonmover, Abroad, Not in universe, Not in universe under 1 year old, Not in universe,2, Mother only present, United-States, United-States, United-States, Native- Born in the United States,0, Not in universe,1,1,0,94,-50000
3, Not in universe,3,0, High school graduate, Not in universe, Married-civilian spouse present, Not in universe or children, Not in universe, White, All other, Female, Not in universe, Not in universe, Not in labor force,0,0,0, Joint one under 65 & one 65+, Not in universe, Not in universe, Spouse of householder, Spouse of householder,2138.7, Nonmover, Abroad, Not in universe, Not in universe under 1 year old, Not in universe,0, Not in universe, United-States, United-States, United-States, Native- Born in the United States,0, Not in universe,0,0,0,95,-50000
30, Private,23,9, Associates degree-academic program, Not in universe, Married-civilian spouse present, Retail trade, Sales, White, All other, Male, Not in universe, Not in universe, Full-time schedules,0,0,2, Joint both under 65, Not in universe, Not in universe, Householder, Householder,1339.61, Nonmover, Abroad, Not in universe, Not in universe under 1 year old, Not in universe,2, Not in universe, United-States, United-States, United-States, Native- Born in the United States,0, Not in universe,0,0,0,95,-50000
3, Private,4,34, 1st 2nd 3rd or 4th grade, Not in universe, Divorced, Construction, Precision production craft & repair, White, Mexican-American, Male, Not in universe, Re-entrant, Children or Armed Forces,0,0,0, Single, Not in universe, Not in universe, Child 18+ never marr Not in a subfamily, Child 18 or older,1048.33, Nonmover, Nonmover, Nonmover, Yes, Not in universe,0, Not in universe, Mexico, Mexico, India, Foreign born- Not a citizen of U S ,0, Not in universe,0,10,2,94,-50000
21, Private,4,10, High school graduate, Not in universe, Married-civilian spouse present, Retail trade, Other service, White, All other, Male, Not in universe, Not in universe, Full-time schedules,0,0,0, Joint both under 65, Not in universe, Not in universe, Householder, Householder,951.66, Nonmover, Abroad, Not in universe, Not in universe under 1 year old, Not in universe,2, Not in universe, United-States, United-States, United-States, Native- Born in the United States,0, Not in universe,0,0,0,94,-50000
3, Self-employed-not incorporated,4,1, Some college but no degree, Not in universe, Married-civilian spouse present, Retail trade, Sales, White, All other, Male, Not in universe, Not in universe, Children or Armed Forces,0,0,0, Joint both under 65, Not in universe, Not in universe, Spouse of householder, Spouse of householder,492.44, Nonmover, Nonmover, Nonmover, Yes, Not in universe,0, Not in universe, United-States, United-States, United-States, Native- Born in the United States,0, Not in universe,1,0,0,94,-50000
5, Private,32,3, High school graduate, Not in universe, Married-civilian spouse present, Wholesale trade, Precision production craft & repair, White, Mexican-American, Male, Not in universe, Not in universe, Children or Armed Forces,0,0,0, Joint both under 65, Not in universe, Not in universe, Householder, Householder,1605.47, Nonmover, Nonmover, Nonmover, Yes, Not in universe,2, Not in universe, United-States, United-States, United-States, Native- Born in the United States,0, Not in universe,2,0,0,94,-50000
3, Not in universe,4,3, Children, Not in universe, Never married, Not in universe or children, Not in universe, White, All other, Female, Not in universe, Not in universe, Children or Armed Forces,0,,0, Nonfiler, Not in universe, Not in universe, Child <18 never marr not in subfamily, Child under 18 never married,1788.4, Nonmover, Nonmover, Nonmover, Yes, Not in universe,0, Both parents present, United-States, United-States, United-States, Native- Born in the United States,0, Not in universe,0,1,2,94,-50000
14, Not in universe,4,3, Children, Not in universe, Never married, Not in universe or children, Not in universe, White, All other, Male, Not in universe, Not in universe, Children or Armed Forces,0,0,2, Nonfiler, Not in universe, Not in universe, Child <18 never marr not in subfamily, Child under 18 never married,1571.0, Nonmover, Nonmover, Nonmover, Yes, Not in universe,0, Both parents present, United-States, United-States, United-States, Native- Born in the United States,0, Not in universe,0,0,2,94,-50000
3, Not in universe,4,0, Associates degree-occup /vocational, Not in universe, Married-civilian spouse present, Not in universe or children, Not in universe, White, All other, Female, Not in universe, Not in universe, Not in labor force,6767,0,0, Joint both 65+, Not in universe, Not in universe, Householder, Householder,868.55, Nonmover, Abroad, Not in universe, Not in universe under 1 year old, Not in universe,0, Not in universe, England, England, United-States, Native- Born in the United States,0, Not in universe,0,1,0,95,-50000
3, Private,17,29, High school graduate, Not in universe, Married-civilian spouse present, Retail trade, Other service, White, All other, Female, Not in universe, Not in universe, Children or Armed Forces,0,0,15, Joint both under 65, Not in universe, Not in universe, Spouse of householder, Spouse of householder,978.53, Nonmover, Nonmover, Nonmover, Yes, Not in universe,0, Not in universe, United-States, United-States, United-States, Native- Born in the United States,0, Not in universe,0,0,0,94,-50000
3, Private,4,3, 10th grade, Not in universe, Never married, Private household services, Private household services, White, All other, Female, Not in universe, Not in universe, Children or Armed Forces,0,0,2, Single, Not in universe, Not in universe, Child 18+ never marr Not in a subfamily, Child 18 or older,1051.04, Nonmover, Nonmover, Nonmover, Yes, Not in universe,0, Not in universe, United-States, United-States, United-States, Native- Born in the United States,0, Not in universe,0,10,0,94,-50000
3, Private,17,10, High school graduate, Not in universe, Married-spouse absent, Construction, Precision production craft & repair, White, All other, Male, Not in universe, Not in universe, Full-time schedules,0,0,0, Single, Not in universe, Not in universe, Child 18+ ever marr Not in a subfamily, Child 18 or older,2571.66, Nonmover, Abroad, Not in universe, Not in universe under 1 year old, Not in universe,0, Not in universe, United-States, United-States, United-States, Native- Born in the United States,0, Not in universe,0,10,0,95,-50000
2, Private,4,35, Some college but no degree, Not in universe, Married-civilian spouse present, Personal services except private HH, Precision production craft & repair, White, All other, Male, Not in universe, Not in universe, Children or Armed Forces,0,0,0, Joint both under 65, Not in universe, Not in universe, Spouse of householder, Spouse of householder,559.12, Nonmover, Nonmover, Nonmover, Yes, Not in universe,0, Not in universe, United-States, United-States, United-States, Native- Born in the United States,0, Not in universe,0,50,0,94,-50000
26, Not in universe,4,0, High school graduate, Not in universe, Married-civilian spouse present, Not in universe or children, Not in universe, White, All other, Male, Not in universe, Not in universe, Children or Armed Forces,0,,0, Joint both 65+, Not in universe, Not in universe, Householder, Householder,1433.34, Nonmover, Nonmover, Nonmover, Yes, Not in universe,0, Not in universe, United-States, United-States, United-States, Native- Born in the United States,0, Not in universe,1,0,0,94,-50000
4, Private,4,10, High school graduate, Not in universe, Married-civilian spouse present, Construction, Precision production craft & repair, White, All other, Male, Not in universe, Not in universe, PT for non-econ reasons usually FT,0,1672,0, Joint both under 65, Not in universe, Not in universe, Householder, Householder,1433.34, Nonmover, Abroad, Not in universe, Not in universe under 1 year old, Not in universe,1, Not in universe, United-States, United-States, United-States, Native- Born in the United States,0, Not in universe,2,52,0,95,-50000
11, Local government,17,1, Bachelors degree(BA AB BS), Not in universe, Never married, Education, Professional specialty, White, All other, Female, Not in universe, Not in universe, Full-time schedules,0,,0, Single, Not in universe, Not in universe, Nonfamily householder, Householder,803.59, Nonmover, Abroad, Abroad, Not in universe under 1 year old, Not in universe,1, Not in universe, United-States, United-States, United-States, Native- Born in the United States,0, Not in universe,2,20,2,94,-50000
1, Not in universe,4,0, 12th grade no diploma, Not in universe, Married-civilian spouse present, Not in universe or children, Not in universe, White, All other, Male, Not in universe, Not in universe, Not in labor force,0,0,1, Joint both 65+, Not in universe, Not in universe, Spouse of householder, Spouse of householder,859.51, MSA to MSA, Abroad, Not in universe, Not in universe under 1 year old, Not in universe,0, Not in universe, United-States, United-States, United-States, Native- Born in the United States,0, Not in universe,0,10,2,94,-50000
6, Private,22,3, High school graduate, Not in universe, Married-civilian spouse present, Medical except hospital, Other service, Asian or Pacific Islander, All other, Female, Not in universe, Not in universe, Children or Armed Forces,,0,0, Joint both under 65, Not in universe, Not in universe, Spouse of householder, Spouse of householder,2037.18, Nonmover, Nonmover, Nonmover, Yes, Not in universe,0, Not in universe, United-States, Italy, South Korea, Foreign born- U S citizen by naturalization,0, Not in universe,0,0,2,94,-50000
3, Not in universe,4,2, Children, Not in universe, Never married, Not in universe or children, Not in universe, White, All other, Male, Not in universe, Not in universe, Children or Armed Forces,,0,0, Nonfiler, Not in universe, Not in universe, Child <18 never marr not in subfamily, Child under 18 never married,1373.0, Nonmover, Nonmover, Nonmover, Yes, Not in universe,0, Both parents present, United-States, United-States, United-States, Native- Born in the United States,0, Not in universe,0,0,0,94,-50000
2, Not in universe,0,3, Children, Not in universe, Never married, Not in universe or children, Not in universe, Other, All other, Female, Not in universe, Not in universe, Children or Armed Forces,0,0,0, Nonfiler, Not in universe, Not in universe, Child <18 never marr not in subfamily, Child under 18 never married,5634.92, Nonmover, Not in universe, Not in universe, Not in universe under 1 year old, Not in universe,0, Both parents present, United-States, United-States, United-States, Native- Born in the United States,0, Not in universe,0,0,0,94,-50000
36, Private,4,3, Bachelors degree(BA AB BS), Not in universe, Married-civilian spouse present, Other professional services, Professional specialty, White, All other, Male, Not in universe, Not in universe, Full-time schedules,0,0,0, Joint both under 65, Not in universe, Not in universe, Spouse of householder, Spouse of householder,490.06, Nonmover, Abroad, Not in universe, Not in universe under 1 year old, Not in universe,0, Not in universe, Germany, United-States, United-States, Native- Born in the United States,0, Not in universe,2,25,0,95,-50000
3, Private,32,3, Bachelors degree(BA AB BS), Not in universe, Never married, Retail trade, Other service, White, All other, Male, Not in universe, Not in universe, PT for econ reasons usually FT,,0,0, Single, Not in universe, Not in universe, Child 18+ never marr Not in a subfamily, Child 18 or older,2636.93, Nonmover, Abroad, Not in universe, Not in universe under 1 year old, Not in universe,4, Not in universe, United-States, United-States, United-States, Native- Born in the United States,0, Not in universe,1,0,0,95,-50000
39, Private,33,3, 10th grade, Not in universe, Married-civilian spouse present, Retail trade, Professional specialty, White, All other, Male, Not in universe, Not in universe, Children or Armed Forces,0,0,0, Joint both under 65, West, Arkansas, Householder, Householder,2520.1, NonMSA to nonMSA, Same county, Same county, No, Yes,3, Not in universe, United-States, United-States, United-States, Native- Born in the United States,1, Not in universe,0,52,0,94, 50000+.
2, Not in universe,4,2, High school graduate, Not in universe, Never married, Not in universe or children, Not in universe, White, All other, Male, Not in universe, Not in universe, Not in labor force,,0,2, Nonfiler, Not in universe, Not in universe, Secondary individual, Nonrelative of householder,864.34, Nonmover, Abroad, Not in universe, Not in universe under 1 year old, Not in universe,0, Not in universe, United-States, Italy, Vietnam, Foreign born- Not a citizen of U S ,0, Not in universe,0,0,0,94,-50000
3, Not in universe,4,3, High school graduate, Not in universe, Widowed, Not in universe or children, Not in universe, Black, All other, Female, Not in universe, Not in universe, Children or Armed Forces,,0,0, Nonfiler, Not in universe, Not in universe, Other Rel 18+ ever marr not in subfamily, Other relative of householder,827.47, Nonmover, Nonmover, Nonmover, No, Not in universe,0, Not in universe, United-States, United-States, United-States, Native- Born in the United States,0, Not in universe,1,0,900,94,-50000
3, Not in universe,4,3, Children, Not in universe, Never married, Not in universe or children, Not in universe, Asian or Pacific Islander, All other, Male, Not in universe, Not in universe, Children or Armed Forces,,0,2, Nonfiler, Not in universe, Not in universe, Child <18 never marr not in subfamily, Child under 18 never married,803.59, Nonmover, Nonmover, Nonmover, Yes, Not in universe,0, Both parents present, Taiwan, Taiwan, Taiwan, Foreign born- U S citizen by naturalization,0, Not in universe,0,1,0,94,-50000
12, Not in universe,4,2, High school graduate, Not in universe, Widowed, Not in universe or children, Not in universe, White, NA, Male, Not in universe, Not in universe, Children or Armed Forces,0,0,2, Nonfiler, Not in universe, Not in universe, Other Rel 18+ ever marr not in subfamily, Householder,651.04, Nonmover, Nonmover, Nonmover, Yes, Not in universe,0, Not in universe, United-States, United-States, United-States, Native- Born in the United States,0, Not in universe,0,0,,94,-50000
3, Not in universe,4,3, High school graduate, Not in universe, Married-civilian spouse present, Not in universe or children, Not in universe, White, All other, Female, Not in universe, Not in universe, Not in labor force,0,0,1, Joint both 65+, Not in universe, Not in universe, Spouse of householder, Spouse of householder,3355.94, Nonmover, Abroad, Not in universe, Not in universe under 1 year old, Not in universe,0, Not in universe, United-States, United-States, United-States, Native- Born in the United States,0, Not in universe,2,0,0,94,-50000
3, Not in universe,4,3, High school graduate, Not in universe, Married-civilian spouse present, Not in universe or children, Not in universe, White, Puerto Rican, Male, Not in universe, Not in universe, Children or Armed Forces,0,,0, Joint both under 65, Northeast, New Mexico, Householder, Householder,1433.34, MSA to MSA, Same county, Same county, No, No,0, Not in universe, Puerto-Rico, Puerto-Rico, Puerto-Rico, Native- Born in Puerto Rico or U S Outlying,0, Not in universe,0,11,117,94,-50000
3, Private,9,10, High school graduate, Not in universe, Never married, Retail trade, Handlers equip cleaners etc , Other, All other, Male, Not in universe, Not in universe, Full-time schedules,0,,0, Single, Not in universe, Not in universe, Child 18+ never marr Not in a subfamily, Child 18 or older,559.12, Nonmover, Abroad, Not in universe, Not in universe under 1 year old, Not in universe,6, Not in universe, United-States, United-States, United-States, Native- Born in the United States,0, Not in universe,0,0,2,95,-50000
5, Private,4,3, Some college but no degree, Not in universe, Never married, Medical except hospital, Executive admin and managerial, Black, All other, Female, Not in universe, Not in universe, Full-time schedules,0,0,2, Head of household, Not in universe, Not in universe, Householder, Householder,1571.0, Nonmover, Abroad, Not in universe, Not in universe under 1 year old, Not in universe,4, Not in universe, United-States, United-States, United-States, Native- Born in the United States,0, Not in universe,2,52,0,94,-50000
3, Private,17,1, High school graduate, Not in universe, Married-civilian spouse present, Manufacturing-durable goods, Professional specialty, White, All other, Male, No, Not in universe, Children or Armed Forces,,0,0, Joint both under 65, Not in universe, Not in universe, Householder, Householder,827.47, Nonmover, Nonmover, Nonmover, Yes, Not in universe,0, Not in universe, United-States, United-States, United-States, Native- Born in the United States,0, Not in universe,1,52,0,94,-50000
66, Not in universe,4,0, 9th grade, Not in universe, Married-civilian spouse present, Not in universe or children, Not in universe, White, All other, Female, Not in universe, Not in universe, Not in labor force,0,,2, Joint one under 65 & one 65+, Not in universe, Not in universe, Householder, Householder,288.69, Nonmover, Abroad, Not in universe, Not in universe under 1 year old, Not in universe,0, Not in universe, United-States, United-States, United-States, Native- Born in the United States,0, Not in universe,1,0,2,95,-50000
12, Not in universe,4,2, High school graduate, Not in universe, Married-civilian spouse present, Not in universe or children, Not in universe, White, All other, Male, Not in universe, Not in universe, Children or Armed Forces,0,0,0, Joint one under 65 & one 65+, Not in universe, Not in universe, Householder, Householder,2520.1, Nonmover, Nonmover, Nonmover, Yes, Not in universe,0, Not in universe, United-States, United-States, United-States, Native- Born in the United States,0, Not in universe,2,0,0,94,-50000
5, Self-employed-not incorporated,4,10, Some college but no degree, Not in universe, Married-civilian spouse present, Manufacturing-durable goods, Adm support including clerical, White, All other, Female, Not in universe, Not in universe, Full-time schedules,0,0,0, Joint both under 65, Not in universe, Not in universe, Householder, Householder,1206.22, MSA to MSA, Abroad, Not in universe, Not in universe under 1 year old, Not in universe,0, Not in universe, United-States, United-States, United-States, Native- Born in the United States,0, Not in universe,0,25,0,95,-50000
26, Not in universe,4,0, Children, Not in universe, Never married, Not in universe or children, Not in universe, White, All other, Male, Not in universe, Not in universe, Children or Armed Forces,0,0,0, Nonfiler, Not in universe, Not in universe, Child <18 never marr not in subfamily, Child under 18 never married,407.24, Nonmover, Abroad, Not in universe, Not in universe under 1 year old, Not in universe,0, Both parents present, United-States, United-States, United-States, Native- Born in the United States,0, Not in universe,0,0,0,94,-50000
6, Private,4,34, High school graduate, Not in universe, Widowed, Construction, Precision production craft & repair, White, All other, Male, Not in universe, Other job loser, Children or Armed Forces,0,0,2, Single, Midwest, Oklahoma, Nonfamily householder, Householder,1788.4, MSA to MSA, Different county same state, Different county same state, No, No,0, Not in universe, United-States, United-States, United-States, Native- Born in the United States,0, Not in universe,2,6,2,94,-50000
11, Private,4,2, High school graduate, Not in universe, Never married, Retail trade, Adm support including clerical, White, All other, Male, No, Not in universe, Children or Armed Forces,0,0,0, Single, West, California, Nonfamily householder, Householder,2252.85, MSA to MSA, Different division same region, Different state in West, No, No,3, Not in universe, United-States, United-States, United-States, Native- Born in the United States,0, Not in universe,0,0,0,94,-50000
44, Self-employed-not incorporated,4,3, 11th grade, Not in universe, Married-civilian spouse present, Agriculture, Farming forestry and fishing, White, All other, Male, Not in universe, Not in universe, PT for econ reasons usually FT,0,0,54, Joint both under 65, Not in universe, Not in universe, Householder, Householder,2001.29, Nonmover, Abroad, Not in universe, Not in universe under 1 year old, Not in universe,1, Not in universe, Mexico, Mexico, Mexico, Foreign born- U S citizen by naturalization,0, Not in universe,0,52,2,95,-50000
3, Not in universe,0,3, Children, Not in universe, Never married, Not in universe or children, Not in universe, White, All other, Female, Not in universe, Not in universe, Children or Armed Forces,0,,0, Nonfiler, Not in universe, Not in universe, Child <18 never marr not in subfamily, Child under 18 never married,1280.74, Nonmover, Not in universe, Not in universe, Not in universe under 1 year old, Not in universe,0, Both parents present, United-States, United-States, United-States, Native- Born in the United States,0, Not in universe,0,0,0,94,-50000
3, Not in universe,4,2, Children, Not in universe, Never married, Not in universe or children, Not in universe, White, Central or South American, Female, Not in universe, Not in universe, Children or Armed Forces,0,0,0, Nonfiler, Not in universe, Not in universe, Child <18 never marr not in subfamily, Child under 18 never married,864.34, Nonmover, Not in universe, Not in universe, Not in universe under 1 year old, Not in universe,0, Mother only present, Honduras, Honduras, United-States, Native- Born in the United States,0, Not in universe,0,0,0,94,-50000
3, Private,4,1, Bachelors degree(BA AB BS), Not in universe, Never married, Manufacturing-nondurable goods, Professional specialty, White, All other, Male, Not in universe, Not in universe, Children or Armed Forces,,0,2, Single, South, Florida, Nonfamily householder, Householder,1743.8, MSA to MSA, Same county, Same county, No, Yes,0, Not in universe, United-States, United-States, United-States, Native- Born in the United States,0, Not in universe,2,0,0,94,-50000
2, Private,4,15, Associates degree-occup /vocational, Not in universe, Married-civilian spouse present, Finance insurance and real estate, Technicians and related support, White, All other, Female, Not in universe, Not in universe, Children or Armed Forces,,,15, Joint both under 65, Not in universe, Not in universe, Spouse of householder, Spouse of householder,1745.09, Nonmover, Nonmover, Nonmover, Yes, Not in universe,6, Not in universe, United-States, United-States, United-States, Native- Born in the United States,0, Not in universe,0,0,2,94,-50000
3, Not in universe,4,0, Children, Not in universe, Never married, Not in universe or children, Not in universe, White, All other, Male, Not in universe, Not in universe, Children or Armed Forces,0,0,0, Nonfiler, Not in universe, Not in universe, Child <18 never marr not in subfamily, Child under 18 never married,2636.93, Nonmover, Not in universe, Not in universe, Not in universe under 1 year old, Not in universe,0, Both parents present, United-States, United-States, United-States, Native- Born in the United States,0, Not in universe,0,0,0,94,-50000
3, Not in universe,3,2, High school graduate, Not in universe, Married-civilian spouse present, Not in universe or children, Not in universe, White, All other, Female, Not in universe, Not in universe, Not in labor force,0,,0, Joint both under 65, Not in universe, Not in universe, Spouse of householder, Spouse of householder,288.69, Nonmover, Abroad, Not in universe, Not in universe under 1 year old, Not in universe,6, Not in universe, United-States, Germany, Germany, Foreign born- Not a citizen of U S ,0, Not in universe,0,51,2,94,-50000
11, Without pay,33,3, Associates degree-occup /vocational, Not in universe, Married-civilian spouse present, Medical except hospital, Professional specialty, White, All other, Female, Not in universe, Not in universe, Children or Armed Forces,0,0,0, Joint both under 65, Not in universe, Not in universe, Spouse of householder, Spouse of householder,1227.53, Nonmover, Nonmover, Nonmover, Yes, Not in universe,0, Not in universe, United-States, United-States, United-States, Native- Born in the United States,0, Not in universe,1,52,0,94,-50000
1, Not in universe,0,2, Children, Not in universe, Never married, Not in universe or children, Not in universe, White, All other, Female, Not in universe, Not in universe, Children or Armed Forces,0,0,0, Nonfiler, Not in universe, Not in universe, Child <18 never marr not in subfamily, Child under 18 never married,1516.79, Nonmover, Nonmover, Nonmover, Yes, Not in universe,0, Father only present, Germany, United-States, United-States, Native- Born in the United States,0, Not in universe,0,0,0,94,-50000
1, Private,43,3, Doctorate degree(PhD EdD), Not in universe, Married-civilian spouse present, Retail trade, Professional specialty, White, All other, Female, Not in universe, Not in universe, Children or Armed Forces,0,0,0, Joint both under 65, Not in universe, Not in universe, Spouse of householder, Spouse of householder,2111.75, Nonmover, Nonmover, Nonmover, Yes, Not in universe,0, Not in universe, United-States, United-States, United-States, Native- Born in the United States,0, Not in universe,0,52,2,94,-50000
6, Not in universe,0,0, Children, Not in universe, Never married, Not in universe or children, Not in universe, Other, All other, Female, Not in universe, Not in universe, Children or Armed Forces,0,0,0, Nonfiler, Not in universe, Not in universe, Child <18 never marr not in subfamily, Child under 18 never married,634.16, Nonmover, Nonmover, Nonmover, Yes, Not in universe,0, Both parents present, Puerto-Rico, United-States, United-States, Native- Born in the United States,0, Not in universe,0,0,2,94,-50000
3, Not in universe,3,3, 7th and 8th grade, Not in universe, Married-civilian spouse present, Not in universe or children, Not in universe, White, Other Spanish, Male, Not in universe, Not in universe, Children or Armed Forces,0,,0, Nonfiler, Not in universe, Not in universe, Spouse of householder, Spouse of householder,1419.89, Nonmover, Nonmover, Nonmover, No, Not in universe,0, Not in universe, United-States, United-States, United-States, Native- Born in the United States,0, Not in universe,0,0,0,94,-50000
13, Not in universe,3,0, 12th grade no diploma, Not in universe, Married-civilian spouse present, Not in universe or children, Not in universe, White, All other, Male, Not in universe, Not in universe, Children or Armed Forces,0,0,0, Nonfiler, Abroad, Abroad, Other Rel 18+ spouse of subfamily RP, Other relative of householder,1582.37, Abroad to MSA, Abroad, Abroad, No, No,0, Not in universe, Greece, Greece, Greece, Foreign born- Not a citizen of U S ,0, Not in universe,0,0,0,94,-50000
5, Private,42,26, High school graduate, Not in universe, Married-civilian spouse present, Medical except hospital, Adm support including clerical, White, All other, Female, No, Not in universe, Children or Armed Forces,0,,0, Joint both under 65, Not in universe, Not in universe, Spouse of householder, Spouse of householder,1605.47, Nonmover, Nonmover, Nonmover, No, Not in universe,0, Not in universe, United-States, United-States, United-States, Native- Born in the United States,0, Not in universe,0,0,700,94,-50000
2, Local government,43,4, Masters degree(MA MS MEng MEd MSW MBA), Not in universe, Married-civilian spouse present, Education, Professional specialty, White, All other, Male, No, Not in universe, Full-time schedules,,0,0, Joint one under 65 & one 65+, Not in universe, Not in universe, Householder, Householder,1571.0, Nonmover, Abroad, Not in universe, Not in universe under 1 year old, Not in universe,5, Not in universe, United-States, United-States, United-States, Native- Born in the United States,0, Not in universe,0,0,0,94,-50000
1, Not in universe,3,3, Children, Not in universe, Never married, Not in universe or children, Not in universe, White, Central or South American, Male, Not in universe, Not in universe, Children or Armed Forces,0,0,0, Nonfiler, Not in universe, Not in universe, Child <18 never marr not in subfamily, Child under 18 never married,2520.1, Nonmover, Nonmover, Nonmover, Yes, Not in universe,0, Both parents present, United-States, United-States, United-States, Native- Born in the United States,0, Not in universe,0,0,0,94,-50000
3, Not in universe,3,35, Children, Not in universe, Never married, Not in universe or children, Not in universe, Black, All other, Male, Not in universe, Not in universe, Children or Armed Forces,0,,0, Nonfiler, Not in universe, Not in universe, Child <18 never marr not in subfamily, Child under 18 never married,492.44, Nonmover, Nonmover, Nonmover, Yes, Not in universe,0, Mother only present, United-States, United-States, United-States, Native- Born in the United States,0, Not in universe,0,0,2,94,-50000
21, Private,4,10, Associates degree-academic program, College or university, Never married, Wholesale trade, Sales, White, All other, Female, Not in universe, Not in universe, Full-time schedules,0,,2, Single, Not in universe, Not in universe, Nonfamily householder, Householder,457.91, Nonmover, Abroad, Not in universe, Not in universe under 1 year old, Not in universe,1, Not in universe, United-States, United-States, United-States, Native- Born in the United States,0, Not in universe,0,51,2,94,-50000
2, Not in universe,4,2, Children, Not in universe, Never married, Not in universe or children, Not in universe, White, All other, Male, Not in universe, Not in universe, Children or Armed Forces,0,,0, Nonfiler, Not in universe, Not in universe, Child <18 never marr not in subfamily, Child under 18 never married,559.12, Nonmover, Nonmover, Nonmover, Yes, Not in universe,0, Both parents present, United-States, United-States, United-States, Native- Born in the United States,0, Not in universe,0,0,0,94,-50000
3, Not in universe,3,2, Children, Not in universe, Never married, Not in universe or children, Not in universe, White, All other, Male, Not in universe, Not in universe, Children or Armed Forces,0,,0, Nonfiler, Not in universe, Not in universe, Child <18 never marr not in subfamily, Child under 18 never married,2075.7, Nonmover, Not in universe, Not in universe, Not in universe under 1 year old, Not in universe,0, Both parents present, United-States, United-States, United-States, Native- Born in the United States,0, Not in universe,0,0,0,94,-50000
46, Private,17,10, Some college but no degree, Not in universe, Divorced, Wholesale trade, Executive admin and managerial, White, All other, Male, No, Not in universe, Children or Armed Forces,7443,0,0, Head of household, Not in universe, Not in universe, Householder, Householder,1745.09, Nonmover, Nonmover, Nonmover, Yes, Not in universe,2, Not in universe, United-States, United-States, United-States, Native- Born in the United States,0, Not in universe,0,0,700,94, 50000+.
3, Not in universe,4,3, Children, Not in universe, Never married, Not in universe or children, Not in universe, White, All other, Female, Not in universe, Not in universe, Children or Armed Forces,,0,0, Nonfiler, Not in universe, Not in universe, Other Rel <18 never marr child of subfamily RP, Other relative of householder,1746.17, Nonmover, Nonmover, Nonmover, No, Not in universe,0, Both parents present, United-States, United-States, United-States, Native- Born in the United States,0, Not in universe,0,0,0,94,-50000
57, Not in universe,0,4, Doctorate degree(PhD EdD), Not in universe, Married-civilian spouse present, Not in universe or children, Not in universe, Asian or Pacific Islander, All other, Female, Not in universe, Not in universe, Not in labor force,0,,2500, Joint both 65+, Not in universe, Not in universe, Spouse of householder, Spouse of householder,1693.63, Nonmover, Abroad, Not in universe, Not in universe under 1 year old, Not in universe,0, Not in universe, South Korea, South Korea, South Korea, Foreign born- U S citizen by naturalization,0, Not in universe,0,0,2,94,-50000
20, Not in universe,4,2, Some college but no degree, College or university, Widowed, Not in universe or children, Not in universe, White, All other, Female, Not in universe, Not in universe, Not in labor force,0,0,0, Nonfiler, Not in universe, Not in universe, Child 18+ never marr Not in a subfamily, Child 18 or older,1380.37, MSA to MSA, Abroad, Not in universe, Not in universe under 1 year old, Not in universe,0, Not in universe, United-States, United-States, United-States, Native- Born in the United States,0, Not in universe,1,2,2,95,-50000
29, Private,4,4, 10th grade, Not in universe, Widowed, Agriculture, Professional specialty, White, All other, Female, Not in universe, Not in universe, Full-time schedules,0,0,0, Single, Not in universe, Not in universe, Nonfamily householder, Householder,2075.7, MSA to MSA, Abroad, Abroad, Not in universe under 1 year old, No,0, Not in universe, United-States, United-States, United-States, Native- Born in the United States,2, Not in universe,2,52,0,94,-50000
3, Not in universe,11,2, Children, Not in universe, Never married, Not in universe or children, Not in universe, White, Mexican-American, Male, Not in universe, Not in universe, Children or Armed Forces,0,0,0, Nonfiler, Not in universe, Not in universe, Child <18 never marr not in subfamily, Child under 18 never married,864.34, Not in universe, Not in universe, Not in universe, Not in universe under 1 year old, Not in universe,0, Both parents present, Mexico, Mexico, United-States, Native- Born in the United States,0, Not in universe,0,0,0,94,-50000
35, Private,4,29, 10th grade, Not in universe, Married-civilian spouse present, Retail trade, Other service, Asian or Pacific Islander, All other, Male, Not in universe, Not in universe, Children or Armed Forces,0,0,2, Joint both under 65, Not in universe, Not in universe, Householder, Householder,864.34, Nonmover, Nonmover, Nonmover, Yes, Not in universe,0, Not in universe, India, India, India, Foreign born- Not a citizen of U S ,0, Not in universe,0,25,2,94,-50000
3, Not in universe,0,4, Children, Not in universe, Never married, Not in universe or children, Not in universe, Black, All other, Female, Not in universe, Not in universe, Children or Armed Forces,,0,0, Nonfiler, Not in universe, Not in universe, Child <18 never marr not in subfamily, Child under 18 never married,1405.65, Nonmover, Not in universe, Not in universe, Not in universe under 1 year old, Not in universe,0, Mother only present, United-States, United-States, United-States, Native- Born in the United States,2, Not in universe,0,0,0,94,-50000
3, Not in universe,4,0, Children, Not in universe, Never married, Not in universe or children, Not in universe, White, All other, Male, Not in universe, Not in universe, Children or Armed Forces,0,0,0, Nonfiler, Not in universe, Not in universe, Child <18 never marr not in subfamily, Child under 18 never married,3661.54, Nonmover, Not in universe, Not in universe, Not in universe under 1 year old, Not in universe,0, Both parents present, Iran, Iran, United-States, Native- Born in the United States,0, Not in universe,0,1,0,94,-50000
8, Not in universe,4,3, Children, Not in universe, Never married, Not in universe or children, Not in universe, Asian or Pacific Islander, All other, Male, Not in universe, Not in universe, Children or Armed Forces,,,0, Nonfiler, Not in universe, Not in universe, Child <18 never marr not in subfamily, Child under 18 never married,1747.59, Nonmover, Nonmover, Nonmover, Yes, Not in universe,1, Both parents present, Philippines, Philippines, United-States, Native- Born in the United States,0, Not in universe,0,0,0,94,-50000
3, Not in universe,4,3, Children, Not in universe, Never married, Not in universe or children, Not in universe, White, All other, Male, Not in universe, Not in universe, Children or Armed Forces,0,0,0, Nonfiler, Not in universe, Not in universe, Child <18 never marr not in subfamily, Child under 18 never married,1433.34, Nonmover, Not in universe, Abroad, Not in universe under 1 year old, Not in universe,0, Both parents present, United-States, United-States, United-States, Native- Born in the United States,0, Not in universe,0,0,2,94,-50000
11, Private,12,35, Some college but no degree, Not in universe, Married-civilian spouse present, Manufacturing-durable goods, Precision production craft & repair, White, All other, Female, Not in universe, Not in universe, Not in labor force,0,0,2, Joint both under 65, Not in universe, Not in universe, Householder, Householder,648.33, Nonmover, Abroad, Not in universe, Not in universe under 1 year old, Not in universe,0, Not in universe, United-States, United-States, United-States, Native- Born in the United States,0, Not in universe,0,0,0,95,-50000
3, Private,43,10, High school graduate, Not in universe, Married-civilian spouse present, Wholesale trade, Adm support including clerical, White, Cuban, Female, Not in universe, Not in universe, Not in labor force,,0,0, Joint both under 65, Not in universe, Not in universe, Spouse of householder, Spouse of householder,1225.38, MSA to MSA, Abroad, Not in universe, Not in universe under 1 year old, Not in universe,0, Not in universe, Cuba, Cuba, United-States, Foreign born- Not a citizen of U S ,0, Not in universe,1,25,0,94,-50000
3, Private,4,2, Associates degree-academic program, Not in universe, Married-civilian spouse present, Retail trade, Adm support including clerical, White, All other, Female, No, Not in universe, Children or Armed Forces,,0,0, Joint both under 65, Not in universe, Not in universe, Spouse of householder, Spouse of householder,490.06, Nonmover, Nonmover, Nonmover, Yes, Not in universe,0, Not in universe, United-States, United-States, United-States, Native- Born in the United States,0, Not in universe,1,20,0,94,-50000
2, Not in universe,0,0, Children, Not in universe, Never married, Not in universe or children, Not in universe, White, All other, Female, Not in universe, Not in universe, Children or Armed Forces,,,0, Nonfiler, Not in universe, Not in universe, Child <18 never marr not in subfamily, Child under 18 never married,1743.8, Nonmover, Not in universe, Not in universe, Not in universe under 1 year old, Not in universe,0, Both parents present, United-States, United-States, United-States, Native- Born in the United States,0, Not in universe,0,1,2,94,-50000
36, Private,4,10, 9th grade, Not in universe, Divorced, Mining, Transportation and material moving, Amer Indian Aleut or Eskimo, All other, Male, Not in universe, Job loser - on layoff, Unemployed full-time,0,,0, Single, Not in universe, Not in universe, Child 18+ ever marr Not in a subfamily, Child 18 or older,864.34, Nonmover, Abroad, Not in universe, Not in universe under 1 year old, Not in universe,1, Not in universe, United-States, United-States, United-States, Native- Born in the United States,0, Not in universe,0,6,0,94,-50000
4, Not in universe,0,0, 10th grade, Not in universe, Never married, Not in universe or children, Not in universe, White, Puerto Rican, Male, Not in universe, Not in universe, Children or Armed Forces,0,0,0, Nonfiler, Not in universe, Not in universe, Nonfamily householder, Householder,978.53, Nonmover, Nonmover, Nonmover, Yes, Not in universe,0, Not in universe, Puerto-Rico, Puerto-Rico, Puerto-Rico, Native- Born in Puerto Rico or U S Outlying,0, Not in universe,2,0,0,94,-50000
11, Private,9,3, Bachelors degree(BA AB BS), Not in universe, Married-civilian spouse present, Manufacturing-durable goods, Professional specialty, White, All other, Male, Not in universe, Not in universe, Children or Armed Forces,0,0,15, Joint both under 65, Not in universe, Not in universe, Spouse of householder, Spouse of householder,1433.34, Nonmover, Nonmover, Nonmover, Yes, Not in universe,0, Not in universe, Italy, United-States, United-States, Native- Born in the United States,0, Not in universe,0,0,0,94,-50000
67, Not in universe,4,3, 10th grade, Not in universe, Married-civilian spouse present, Not in universe or children, Not in universe, White, Other Spanish, Female, Not in universe, Not in universe, Children or Armed Forces,0,0,0, Joint both 65+, Not in universe, Not in universe, Spouse of householder, Spouse of householder,1410.73, Nonmover, Nonmover, Nonmover, Yes, Not in universe,0, Not in universe, United-States, United-States, United-States, Native- Born in the United States,0, Not in universe,1,1,0,94,-50000
3, Self-employed-not incorporated,42,3, High school graduate, Not in universe, Married-civilian spouse present, Manufacturing-nondurable goods, Professional specialty, White, All other, Female, Not in universe, Not in universe, Children or Armed Forces,0,0,0, Joint both under 65, Not in universe, Not in universe, Spouse of householder, Spouse of householder,1682.7, Nonmover, Nonmover, Nonmover, Yes, Not in universe,0, Not in universe, United-States, United-States, United-States, Native- Born in the United States,0, Not in universe,0,52,2,94, 50000+.
66, Not in universe,4,0, High school graduate, Not in universe, Married-civilian spouse present, Not in universe or children, Not in universe, White, All other, Male, Not in universe, Not in universe, Not in labor force,0,,0, Joint both 65+, Not in universe, Not in universe, Householder, Householder,1975.77, Nonmover, Abroad, Not in universe, Not in universe under 1 year old, Not in universe,0, Not in universe, Ireland, United-States, United-States, Native- Born in the United States,0, Not in universe,1,0,0,94,-50000
7, Not in universe,4,0, 10th grade, Not in universe, Married-civilian spouse present, Not in universe or children, Not in universe, Black, All other, Male, Not in universe, Not in universe, Not in labor force,0,0,0, Joint both 65+, Not in universe, Not in universe, Householder, Householder,1788.4, Nonmover, Abroad, Not in universe, Not in universe under 1 year old, Not in universe,0, Not in universe, United-States, United-States, United-States, Native- Born in the United States,0, Not in universe,2,0,0,94,-50000
13, Not in universe,3,0, High school graduate, Not in universe, Married-civilian spouse present, Not in universe or children, Not in universe, White, All other, Female, Not in universe, Not in universe, Children or Armed Forces,0,0,0, Joint both under 65, Not in universe, Not in universe, Householder, Householder,2293.71, Nonmover, Nonmover, Nonmover, Yes, Not in universe,0, Not in universe, United-States, United-States, India, Foreign born- Not a citizen of U S ,0, Not in universe,0,40,0,94,-50000
2, Private,17,37, High school graduate, Not in universe, Married-civilian spouse present, Retail trade, Machine operators assmblrs & inspctrs, White, All other, Female, Not in universe, Not in universe, Full-time schedules,0,,0, Joint both under 65, Not in universe, Not in universe, Spouse of householder, Spouse of householder,901.49, Nonmover, Abroad, Not in universe, Not in universe under 1 year old, Not in universe,0, Not in universe, United-States, United-States, United-States, Native- Born in the United States,2, Not in universe,0,0,2,95,-50000
8, Not in universe,1,0, Children, Not in universe, Never married, Not in universe or children, Not in universe, White, All other, Male, Not in universe, Not in universe, Children or Armed Forces,0,,0, Nonfiler, Not in universe, Not in universe, Child <18 never marr not in subfamily, Child under 18 never married,1743.8, Nonmover, Nonmover, Nonmover, Yes, Not in universe,0, Both parents present, Mexico, Mexico, United-States, Native- Born in the United States,0, Not in universe,0,0,0,94,-50000
26, Not in universe,41,0, High school graduate, Not in universe, Married-civilian spouse present, Not in universe or children, Not in universe, White, All other, Male, Not in universe, Not in universe, Not in labor force,0,0,0, Joint both 65+, Not in universe, Not in universe, Householder, Householder,1722.58, Nonmover, Abroad, Not in universe, Not in universe under 1 year old, Not in universe,0, Not in universe, United-States, United-States, United-States, Native- Born in the United States,0, Not in universe,0,0,0,95,-50000
11, Private,43,1, High school graduate, Not in universe, Divorced, Retail trade, Other service, White, All other, Female, Not in universe, Not in universe, Children or Armed Forces,,,0, Head of household, Not in universe, Not in universe, Householder, Householder,857.41, Nonmover, Nonmover, Nonmover, Yes, Not in universe,1, Not in universe, United-States, United-States, United-States, Native- Born in the United States,0, Not in universe,0,25,0,94,-50000
5, Local government,4,24, High school graduate, Not in universe, Widowed, Education, Adm support including clerical, White, Mexican (Mexicano), Female, Not in universe, Not in universe, Children or Armed Forces,0,0,2, Head of household, Not in universe, Not in universe, Householder, Householder,842.41, Nonmover, Nonmover, Nonmover, Yes, Not in universe,0, Not in universe, Mexico, Mexico, Mexico, Foreign born- U S citizen by naturalization,0, Not in universe,2,25,2,94,-50000
48, Private,4,34, High school graduate, Not in universe, Married-civilian spouse present, Other professional services, Precision production craft & repair, White, All other, Male, Not in universe, Not in universe, Full-time schedules,,0,0, Joint both under 65, Not in universe, Not in universe, Householder, Householder,1946.59, Nonmover, Abroad, Not in universe, Not in universe under 1 year old, Not in universe,6, Not in universe, Poland, Poland, United-States, Native- Born in the United States,0, Not in universe,0,0,0,94,-50000
3, Not in universe,11,3, Children, Not in universe, Never married, Not in universe or children, Not in universe, White, Central or South American, Male, Not in universe, Not in universe, Children or Armed Forces,0,0,0, Nonfiler, Not in universe, Not in universe, Child <18 never marr not in subfamily, Child under 18 never married,1571.0, Not in universe, Not in universe, Not in universe, Not in universe under 1 year old, Not in universe,0, Both parents present, Ecuador, Honduras, United-States, Native- Born in the United States,0, Not in universe,0,2,0,94,-50000
3, Not in universe,4,2, Children, Not in universe, Never married, Not in universe or children, Not in universe, White, All other, Female, Not in universe, Not in universe, Children or Armed Forces,,0,0, Nonfiler, Not in universe, Not in universe, Child <18 never marr not in subfamily, Child under 18 never married,407.24, Nonmover, Nonmover, Nonmover, Yes, Not in universe,0, Mother only present, United-States, United-States, United-States, Native- Born in the United States,0, Not in universe,0,0,0,94,-50000
3, Federal government,4,38, Some college but no degree, Not in universe, Married-civilian spouse present, Public administration, Transportation and material moving, Black, All other, Male, Not in universe, Not in universe, Children or Armed Forces,,0,0, Joint both under 65, Not in universe, Not in universe, Householder, Householder,391.08, Nonmover, Nonmover, Nonmover, Yes, Not in universe,0, Not in universe, United-States, United-States, United-States, Native- Born in the United States,0, Not in universe,2,52,2,94,-50000
90, Not in universe,4,2, 7th and 8th grade, Not in universe, Widowed, Not in universe or children, Not in universe, White, All other, Male, Not in universe, Not in universe, Children or Armed Forces,,0,2, Single, Not in universe, Not in universe, Other Rel 18+ ever marr not in subfamily, Other relative of householder,253.62, Nonmover, Nonmover, Nonmover, Yes, Not in universe,0, Not in universe, United-States, United-States, United-States, Native- Born in the United States,0, Not in universe,0,0,,94,-50000
2, Self-employed-incorporated,33,18, Some college but no degree, Not in universe, Married-civilian spouse present, Retail trade, Sales, White, All other, Male, Not in universe, Not in universe, Full-time schedules,,0,0, Joint one under 65 & one 65+, Not in universe, Not in universe, Spouse of householder, Spouse of householder,1990.46, Nonmover, Abroad, Not in universe, Not in universe under 1 year old, Not in universe,1, Not in universe, United-States, United-States, United-States, Native- Born in the United States,0, Not in universe,1,52,0,94,-50000
3, Private,4,3, Bachelors degree(BA AB BS), Not in universe, Never married, Hospital services, Professional specialty, White, All other, Female, Not in universe, Not in universe, Full-time schedules,0,0,2, Single, Not in universe, Not in universe, Nonfamily householder, Householder,951.66, Nonmover, Abroad, Not in universe, Not in universe under 1 year old, Not in universe,6, Not in universe, United-States, United-States, United-States, Native- Born in the United States,2, Not in universe,2,25,0,94,-50000
3, Not in universe,4,3, High school graduate, Not in universe, Married-civilian spouse present, Not in universe or children, Not in universe, White, All other, Female, Not in universe, Not in universe, Not in labor force,0,419,0, Joint both under 65, Not in universe, Not in universe, Spouse of householder, Spouse of householder,1078.04, Nonmover, Abroad, Abroad, Not in universe under 1 year old, Not in universe,0, Not in universe, United-States, United-States, United-States, Native- Born in the United States,0, Not in universe,0,6,0,94,-50000
2, Not in universe,4,3, Children, Not in universe, Never married, Not in universe or children, Not in universe, White, Other Spanish, Male, Not in universe, Not in universe, Children or Armed Forces,0,0,0, Nonfiler, Not in universe, Not in universe, Child <18 never marr not in subfamily, Child under 18 never married,253.62, Nonmover, Nonmover, Nonmover, No, Not in universe,0, Both parents present, United-States, United-States, United-States, Native- Born in the United States,0, Not in universe,0,0,0,94,-50000
0, Private,43,42, 10th grade, Not in universe, Never married, Business and repair services, Handlers equip cleaners etc , Black, All other, Male, Not in universe, Not in universe, Full-time schedules,,0,0, Single, Not in universe, Not in universe, Child 18+ never marr Not in a subfamily, Child 18 or older,5634.92, MSA to MSA, Abroad, Not in universe, Not in universe under 1 year old, Not in universe,4, Not in universe, United-States, United-States, United-States, Native- Born in the United States,0, Not in universe,1,0,2,94,-50000
6, Private,4,20, 9th grade, High school, Never married, Retail trade, Adm support including clerical, Black, All other, Male, Not in universe, Not in universe, Children or Armed Forces,0,0,0, Single, West, Colorado, Child <18 never marr not in subfamily, Child under 18 never married,1961.54, MSA to MSA, Same county, Same county, No, No,0, Mother only present, United-States, United-States, United-States, Native- Born in the United States,0, Not in universe,0,25,2,94,-50000
3, Private,11,35, Prof school degree (MD DDS DVM LLB JD), Not in universe, Married-civilian spouse present, Manufacturing-durable goods, Precision production craft & repair, Black, All other, Female, Yes, Not in universe, PT for non-econ reasons usually FT,0,,100, Joint both under 65, Not in universe, Not in universe, Spouse of householder, Spouse of householder,1743.8, Nonmover, Abroad, Not in universe, Not in universe under 1 year old, Not in universe,5, Not in universe, United-States, United-States, United-States, Native- Born in the United States,0, Not in universe,0,52,700,95,-50000
53, Private,4,9, 5th or 6th grade, Not in universe, Married-civilian spouse present, Retail trade, Professional specialty, Black, All other, Male, Not in universe, Not in universe, Children or Armed Forces,0,0,0, Joint both under 65, Not in universe, Not in universe, Householder, Householder,951.66, Nonmover, Nonmover, Nonmover, Yes, Not in universe,0, Not in universe, United-States, United-States, United-States, Native- Born in the United States,0, Not in universe,2,52,0,94,-50000
7, Not in universe,0,0, Children, Not in universe, Never married, Not in universe or children, Not in universe, Black, All other, Male, Not in universe, Not in universe, Children or Armed Forces,,0,2, Nonfiler, Not in universe, Not in universe, Child <18 never marr not in subfamily, Child under 18 never married,803.59, Nonmover, Nonmover, Nonmover, Yes, Not in universe,0, Both parents present, United-States, United-States, United-States, Native- Born in the United States,0, Not in universe,0,0,0,94,-50000
1, Not in universe,9,3, Children, Not in universe, Never married, Not in universe or children, Not in universe, White, All other, Male, Not in universe, Not in universe, Children or Armed Forces,,0,0, Nonfiler, South, Maine, Child <18 never marr not in subfamily, Child under 18 never married,1682.7, NonMSA to nonMSA, Same county, Same county, No, Yes,2, Mother only present, United-States, United-States, United-States, Native- Born in the United States,0, Not in universe,0,0,140,94,-50000
3, Private,43,1, Masters degree(MA MS MEng MEd MSW MBA), Not in universe, Married-civilian spouse present, Communications, Professional specialty, Black, All other, Female, Not in universe, Not in universe, Children or Armed Forces,0,0,0, Joint both under 65, Not in universe, Not in universe, Spouse of householder, Spouse of householder,1605.47, Nonmover, Nonmover, Nonmover, Yes, Not in universe,0, Not in universe, United-States, United-States, United-States, Foreign born- U S citizen by naturalization,0, Not in universe,0,0,0,94,-50000
50, Not in universe,4,0, High school graduate, Not in universe, Married-civilian spouse present, Not in universe or children, Not in universe, White, All other, Male, Not in universe, Not in universe, Not in labor force,0,0,0, Joint both under 65, Not in universe, Not in universe, Householder, Householder,457.91, Nonmover, Abroad, Not in universe, Not in universe under 1 year old, Not in universe,0, Not in universe, United-States, United-States, United-States, Native- Born in the United States,2, Not in universe,0,0,0,94, 50000+.
3, Private,9,36, Associates degree-academic program, Not in universe, Married-civilian spouse present, Manufacturing-durable goods, Machine operators assmblrs & inspctrs, White, All other, Male, No, Not in universe, Children or Armed Forces,,0,0, Joint both under 65, Not in universe, Not in universe, Householder, Householder,253.62, Nonmover, Nonmover, Nonmover, Yes, Not in universe,0, Not in universe, United-States, United-States, United-States, Native- Born in the United States,0, Not in universe,2,50,0,94,-50000
11, Self-employed-not incorporated,44,3, Associates degree-occup /vocational, Not in universe, Married-civilian spouse present, Social services, Other service, White, All other, Female, Not in universe, Not in universe, Children or Armed Forces,0,,0, Joint both under 65, West, California, Spouse of householder, Spouse of householder,1743.8, MSA to MSA, Same county, Same county, No, No,3, Not in universe, United-States, United-States, United-States, Native- Born in the United States,0, Not in universe,1,25,2,94,-50000
21, Private,33,10, Some college but no degree, College or university, Never married, Retail trade, Sales, White, All other, Male, Not in universe, Not in universe, Children or Armed Forces,,0,0, Single, Not in universe, Not in universe, Child 18+ never marr Not in a subfamily, Child 18 or older,459.98, Nonmover, Nonmover, Nonmover, Yes, Not in universe,0, Not in universe, United-States, United-States, United-States, Native- Born in the United States,0, Not in universe,0,0,2,94,-50000
3, Not in universe,4,3, Children, Not in universe, Never married, Not in universe or children, Not in universe, Black, All other, Female, Not in universe, Not in universe, Children or Armed Forces,0,0,0, Nonfiler, Not in universe, Not in universe, Grandchild <18 never marr not in subfamily, Householder,2138.7, Nonmover, Not in universe, Not in universe, Not in universe under 1 year old, Not in universe,0, Neither parent present, United-States, United-States, United-States, Native- Born in the United States,0, Not in universe,0,0,0,95,-50000
3, Not in universe,4,3, Children, Not in universe, Never married, Not in universe or children, Not in universe, White, All other, Male, Not in universe, Not in universe, Children or Armed Forces,,0,2, Nonfiler, Not in universe, Not in universe, Grandchild <18 never marr child of subfamily RP, Other relative of householder,420.65, Nonmover, Nonmover, Nonmover, Yes, Not in universe,0, Mother only present, United-States, United-States, United-States, Native- Born in the United States,0, Not in universe,0,0,0,94,-50000
74, Not in universe,4,0, High school graduate, Not in universe, Never married, Not in universe or children, Not in universe, White, All other, Female, Not in universe, Not in universe, Not in labor force,1848,0,0, Single, Not in universe, Not in universe, Nonfamily householder, Householder,1242.94, Nonmover, Abroad, Not in universe, Not in universe under 1 year old, Not in universe,0, Not in universe, United-States, United-States, United-States, Native- Born in the United States,0, Not in universe,1,0,0,94,-50000
6, Not in universe,0,0, High school graduate, Not in universe, Widowed, Not in universe or children, Not in universe, White, All other, Female, Not in universe, Not in universe, Not in labor force,0,0,2, Nonfiler, Not in universe, Not in universe, Nonfamily householder, Householder,2520.1, Nonmover, Abroad, Not in universe, Not in universe under 1 year old, Not in universe,0, Not in universe, United-States, United-States, United-States, Native- Born in the United States,1, Not in universe,0,1,0,94,-50000
44, Not in universe,4,2, 10th grade, Not in universe, Married-civilian spouse present, Not in universe or children, Not in universe, White, All other, Male, Not in universe, Not in universe, Children or Armed Forces,0,,0, Joint both under 65, Not in universe, Not in universe, Spouse of householder, Spouse of householder,1975.77, Nonmover, Nonmover, Nonmover, No, Not in universe,0, Not in universe, United-States, United-States, United-States, Native- Born in the United States,0, Not in universe,0,0,2,94,-50000
3, Private,41,2, High school graduate, Not in universe, Married-civilian spouse present, Retail trade, Executive admin and managerial, White, All other, Female, Not in universe, Not in universe, Children or Armed Forces,0,0,15, Joint both under 65, Not in universe, Not in universe, Spouse of householder, Spouse of householder,2001.29, Nonmover, Nonmover, Nonmover, No, Not in universe,4, Not in universe, United-States, United-States, United-States, Native- Born in the United States,0, Not in universe,0,52,0,94,-50000
11, Not in universe,4,3, 7th and 8th grade, Not in universe, Never married, Not in universe or children, Not in universe, White, All other, Female, Not in universe, Not in universe, Not in labor force,,0,0, Single, Not in universe, Not in universe, Nonfamily householder, Householder,1484.87, Nonmover, Abroad, Not in universe, Not in universe under 1 year old, Not in universe,1, Not in universe, Germany, United-States, United-States, Native- Born in the United States,0, Not in universe,0,0,2,94,-50000
23, Private,4,31, High school graduate, Not in universe, Married-civilian spouse present, Manufacturing-nondurable goods, Machine operators assmblrs & inspctrs, White, All other, Female, Not in universe, Not in universe, Children or Armed Forces,0,0,0, Joint both under 65, Not in universe, Not in universe, Spouse of householder, Spouse of householder,1643.66, Nonmover, Nonmover, Nonmover, Yes, Not in universe,0, Not in universe, United-States, United-States, United-States, Native- Born in the United States,0, Not in universe,2,0,0,94,-50000
3, Private,33,10, 10th grade, Not in universe, Divorced, Retail trade, Sales, White, All other, Female, Yes, Not in universe, Children or Armed Forces,0,0,2, Single, Not in universe, Not in universe, Nonfamily householder, Householder,895.83, Nonmover, Nonmover, Nonmover, No, Not in universe,0, Not in universe, United-States, United-States, United-States, Native- Born in the United States,0, Not in universe,2,51,0,94,-50000
2, Not in universe,4,3, Children, Not in universe, Never married, Not in universe or children, Not in universe, Black, All other, Female, Not in universe, Not in universe, Children or Armed Forces,,0,100, Nonfiler, Not in universe, Not in universe, Child <18 never marr not in subfamily, Child under 18 never married,2693.71, Nonmover, Not in universe, Not in universe, Not in universe under 1 year old, Not in universe,0, Both parents present, United-States, United-States, United-States, Native- Born in the United States,0, Not in universe,2,0,2,94,-50000
3, Private,33,3, Some college but no degree, Not in universe, Married-civilian spouse present, Retail trade, Precision production craft & repair, White, All other, Male, Not in universe, Not in universe, Full-time schedules,0,,2, Joint both under 65, Not in universe, Not in universe, Householder, Householder,459.98, Nonmover, Abroad, Abroad, Not in universe under 1 year old, Not in universe,4, Not in universe, United-States, United-States, United-States, Native- Born in the United States,0, Not in universe,0,52,0,95,-50000
8, Not in universe,3,4, Children, Not in universe, Never married, Not in universe or children, Not in universe, Black, All other, Male, Not in universe, Not in universe, Children or Armed Forces,,0,0, Nonfiler, Not in universe, Not in universe, Grandchild <18 never marr child of subfamily RP, Householder,842.41, Nonmover, Not in universe, Not in universe, Not in universe under 1 year old, Not in universe,0, Mother only present, United-States, United-States, United-States, Native- Born in the United States,0, Not in universe,0,1,0,94,-50000
2, Not in universe,7,2, Children, Not in universe, Never married, Not in universe or children, Not in universe, Amer Indian Aleut or Eskimo, Mexican-American, Male, Not in universe, Not in universe, Children or Armed Forces,0,,0, Nonfiler, Not in universe, Not in universe, Child <18 never marr not in subfamily, Child under 18 never married,1206.22, Nonmover, Nonmover, Nonmover, Yes, Not in universe,0, Father only present, United-States, United-States, United-States, Native- Born in the United States,0, Not in universe,0,0,0,94,-50000
3, Private,41,13, Bachelors degree(BA AB BS), Not in universe, Married-civilian spouse present, Hospital services, Professional specialty, White, All other, Female, Not in universe, Not in universe, Children or Armed Forces,0,0,0, Joint both under 65, Not in universe, Not in universe, Spouse of householder, Spouse of householder,803.59, Nonmover, Nonmover, Nonmover, No, Not in universe,0, Not in universe, United-States, United-States, United-States, Native- Born in the United States,0, Not in universe,0,25,0,94,-50000
6, Not in universe,4,0, Children, Not in universe, Never married, Not in universe or children, Not in universe, Black, All other, Male, Not in universe, Not in universe, Children or Armed Forces,0,0,2, Nonfiler, Not in universe, Not in universe, Child <18 never marr not in subfamily, Child under 18 never married,1242.94, Nonmover, Nonmover, Nonmover, Yes, Not in universe,0, Mother only present, United-States, United-States, United-States, Native- Born in the United States,0, Not in universe,0,0,2,94,-50000
3, Self-employed-not incorporated,42,4, Some college but no degree, Not in universe, Married-civilian spouse present, Retail trade, Sales, White, NA, Male, Not in universe, Not in universe, Children or Armed Forces,0,0,0, Joint both under 65, Not in universe, Not in universe, Householder, Householder,1227.53, Nonmover, Nonmover, Nonmover, Yes, Not in universe,0, Not in universe, United-States, United-States, United-States, Native- Born in the United States,0, Not in universe,0,50,0,94,-50000
24, Not in universe,3,2, High school graduate, Not in universe, Never married, Not in universe or children, Not in universe, White, Puerto Rican, Female, Not in universe, Not in universe, Children or Armed Forces,,0,2, Nonfiler, Not in universe, Not in universe, Householder, Householder,1339.61, Nonmover, Nonmover, Nonmover, Yes, Not in universe,0, Not in universe, Puerto-Rico, Puerto-Rico, Puerto-Rico, Native- Born in Puerto Rico or U S Outlying,0, Not in universe,2,0,0,94,-50000
2, State government,0,3, Associates degree-academic program, Not in universe, Separated, Social services, Other service, White, Central or South American, Male, Not in universe, Not in universe, Children or Armed Forces,,0,0, Head of household, Not in universe, Not in universe, Householder, Householder,2138.7, Nonmover, Nonmover, Nonmover, Yes, Not in universe,0, Not in universe, Nicaragua, Nicaragua, Nicaragua, Foreign born- Not a citizen of U S ,0, Not in universe,0,52,0,94,-50000
19, Private,42,9, High school graduate, Not in universe, Married-civilian spouse present, Medical except hospital, Other service, White, All other, Female, Not in universe, Not in universe, Children or Armed Forces,0,0,0, Joint both under 65, Not in universe, Not in universe, Spouse of householder, Spouse of householder,3382.69, Nonmover, Nonmover, Nonmover, Yes, Not in universe,4, Not in universe, United-States, United-States, United-States, Native- Born in the United States,0, Not in universe,0,0,0,94,-50000
4, Private,4,3, High school graduate, Not in universe, Divorced, Business and repair services, Other service, White, Central or South American, Male, Not in universe, Not in universe, Children or Armed Forces,0,,0, Head of household, Not in universe, Not in universe, Householder, Householder,1571.0, Nonmover, Nonmover, Nonmover, No, Not in universe,0, Not in universe, Columbia, Columbia, Columbia, Foreign born- Not a citizen of U S ,0, Not in universe,2,52,0,94,-50000
11, Not in universe,3,3, 5th or 6th grade, Not in universe, Married-civilian spouse present, Not in universe or children, Not in universe, Other, Mexican (Mexicano), Female, Not in universe, Not in universe, Not in labor force,0,0,15, Nonfiler, Not in universe, Not in universe, Spouse of householder, Spouse of householder,457.91, Nonmover, Abroad, Not in universe, Not in universe under 1 year old, Not in universe,0, Not in universe, Mexico, Mexico, Mexico, Foreign born- Not a citizen of U S ,0, Not in universe,2,1,2,94,-50000
3, Private,4,23, Associates degree-academic program, Not in universe, Married-civilian spouse present, Other professional services, Professional specialty, White, All other, Female, Not in universe, Not in universe, Full-time schedules,0,0,0, Joint both under 65, Not in universe, Not in universe, Spouse of householder, Spouse of householder,3306.22, Nonmover, Abroad, Not in universe, Not in universe under 1 year old, Not in universe,2, Not in universe, United-States, United-States, United-States, Native- Born in the United States,0, Not in universe,0,52,2,95,-50000
3, Private,4,35, High school graduate, Not in universe, Married-civilian spouse present, Manufacturing-durable goods, Precision production craft & repair, White, All other, Female, No, Not in universe, Children or Armed Forces,0,,0, Joint both under 65, Not in universe, Not in universe, Spouse of householder, Spouse of householder,459.98, Nonmover, Nonmover, Nonmover, No, Not in universe,0, Not in universe, United-States, United-States, United-States, Native- Born in the United States,0, Not in universe,2,0,0,94,-50000
11, Private,33,31, 11th grade, Not in universe, Married-civilian spouse present, Retail trade, Other service, White, All other, Male, No, Not in universe, Children or Armed Forces,0,0,0, Joint both under 65, Not in universe, Not in universe, Householder, Householder,2075.7, Nonmover, Nonmover, Nonmover, Yes, Not in universe,0, Not in universe, United-States, United-States, United-States, Native- Born in the United States,0, Not in universe,0,52,700,94,-50000
3, Not in universe,4,4, High school graduate, Not in universe, Married-civilian spouse present, Not in universe or children, Not in universe, White, All other, Female, Not in universe, Not in universe, Children or Armed Forces,0,0,0, Joint both 65+, Not in universe, Not in universe, Spouse of householder, Spouse of householder,1419.89, Nonmover, Nonmover, Nonmover, Yes, Not in universe,0, Not in universe, United-States, United-States, United-States, Native- Born in the United States,0, Not in universe,0,1,0,94,-50000
3, Private,31,33, 10th grade, Not in universe, Married-civilian spouse present, Business and repair services, Precision production craft & repair, White, All other, Male, Not in universe, Not in universe, Children or Armed Forces,0,,0, Joint both under 65, Not in universe, Not in universe, Householder, Householder,2002.87, Nonmover, Nonmover, Nonmover, No, Not in universe,0, Not in universe, United-States, United-States, United-States, Native- Born in the United States,0, Not in universe,0,0,0,94,-50000
3, Private,4,3, Masters degree(MA MS MEng MEd MSW MBA), Not in universe, Married-civilian spouse present, Finance insurance and real estate, Adm support including clerical, White, All other, Female, Not in universe, Not in universe, Full-time schedules,0,0,0, Joint both under 65, Not in universe, Not in universe, Spouse of householder, Spouse of householder,1743.8, Nonmover, Abroad, Not in universe, Not in universe under 1 year old, Not in universe,3, Not in universe, United-States, United-States, United-States, Native- Born in the United States,0, Not in universe,1,52,0,95, 50000+.
3, Private,17,1, High school graduate, Not in universe, Married-civilian spouse present, Manufacturing-nondurable goods, Handlers equip cleaners etc , White, All other, Male, Not in universe, Not in universe, Full-time schedules,0,,0, Joint both under 65, Not in universe, Not in universe, Spouse of householder, Spouse of householder,1926.19, MSA to MSA, Abroad, Not in universe, Not in universe under 1 year old, Not in universe,0, Not in universe, United-States, United-States, United-States, Native- Born in the United States,0, Not in universe,0,25,2,94,-50000
2, Not in universe,3,0, Children, Not in universe, Never married, Not in universe or children, Not in universe, White, All other, Female, Not in universe, Not in universe, Children or Armed Forces,0,,0, Nonfiler, Not in universe, Not in universe, Child <18 never marr not in subfamily, Child under 18 never married,2924.21, Nonmover, Not in universe, Not in universe, Not in universe under 1 year old, Not in universe,0, Both parents present, United-States, United-States, United-States, Native- Born in the United States,0, Not in universe,0,0,0,94,-50000
12, Self-employed-not incorporated,4,10, Some college but no degree, Not in universe, Married-civilian spouse present, Education, Precision production craft & repair, White, All other, Male, Not in universe, Not in universe, Full-time schedules,,,540, Nonfiler, Not in universe, Not in universe, Householder, Householder,1380.37, Nonmover, Abroad, Not in universe, Not in universe under 1 year old, Not in universe,0, Not in universe, United-States, United-States, United-States, Native- Born in the United States,0, Not in universe,0,50,0,94,-50000
3, State government,0,3, Bachelors degree(BA AB BS), Not in universe, Married-civilian spouse present, Public administration, Technicians and related support, White, All other, Female, Not in universe, Not in universe, PT for non-econ reasons usually FT,0,0,0, Joint both under 65, Not in universe, Not in universe, Spouse of householder, Spouse of householder,3278.04, Nonmover, Abroad, Not in universe, Not in universe under 1 year old, Not in universe,6, Not in universe, United-States, United-States, United-States, Native- Born in the United States,0, Not in universe,1,52,2,94,-50000
1, Not in universe,4,2, 9th grade, High school, Never married, Not in universe or children, Not in universe, Amer Indian Aleut or Eskimo, All other, Male, Not in universe, Not in universe, Children or Armed Forces,0,0,0, Nonfiler, Not in universe, Not in universe, Child <18 never marr not in subfamily, Child under 18 never married,752.81, Nonmover, Nonmover, Nonmover, Yes, Not in universe,0, Both parents present, United-States, United-States, United-States, Native- Born in the United States,0, Not in universe,1,0,0,94,-50000
3, Not in universe,4,3, Children, Not in universe, Never married, Not in universe or children, Not in universe, White, All other, Female, Not in universe, Not in universe, Children or Armed Forces,0,0,0, Nonfiler, Not in universe, Not in universe, Child <18 never marr not in subfamily, Child under 18 never married,2002.87, Nonmover, Nonmover, Nonmover, Yes, Not in universe,0, Both parents present, United-States, United-States, United-States, Native- Born in the United States,0, Not in universe,0,1,0,94,-50000
45, Self-employed-not incorporated,45,3, Masters degree(MA MS MEng MEd MSW MBA), Not in universe, Married-civilian spouse present, Other professional services, Executive admin and managerial, White, All other, Male, Not in universe, Not in universe, Full-time schedules,0,0,0, Joint both under 65, Not in universe, Not in universe, Householder, Householder,2037.18, Nonmover, Abroad, Not in universe, Not in universe under 1 year old, Not in universe,0, Not in universe, United-States, United-States, United-States, Native- Born in the United States,0, Not in universe,2,25,0,94,-50000
23, Private,11,3, Bachelors degree(BA AB BS), Not in universe, Married-civilian spouse present, Retail trade, Professional specialty, White, All other, Male, Not in universe, Not in universe, Full-time schedules,,0,100, Joint both under 65, Not in universe, Not in universe, Spouse of householder, Spouse of householder,253.62, Nonmover, Abroad, Not in universe, Not in universe under 1 year old, Not in universe,6, Not in universe, United-States, United-States, United-States, Native- Born in the United States,0, Not in universe,0,52,0,94, 50000+.
3, Not in universe,4,3, 10th grade, Not in universe, Married-civilian spouse present, Not in universe or children, Not in universe, White, All other, Female, Not in universe, Not in universe, Children or Armed Forces,0,0,0, Joint both under 65, Not in universe, Not in universe, Spouse of householder, Householder,1433.34, Nonmover, Nonmover, Nonmover, No, Not in universe,0, Not in universe, United-States, United-States, United-States, Native- Born in the United States,0, Not in universe,0,0,0,94,-50000
15, Not in universe,4,0, Children, Not in universe, Never married, Not in universe or children, Not in universe, White, All other, Male, Not in universe, Not in universe, Children or Armed Forces,0,0,2, Nonfiler, Not in universe, Not in universe, Child <18 never marr not in subfamily, Child under 18 never married,1743.8, Nonmover, Not in universe, Not in universe, Not in universe under 1 year old, Not in universe,0, Both parents present, United-States, United-States, United-States, Native- Born in the United States,0, Not in universe,0,0,0,94,-50000
6, Private,43,20, High school graduate, Not in universe, Married-civilian spouse present, Business and repair services, Adm support including clerical, Black, All other, Male, Not in universe, Not in universe, Full-time schedules,0,0,0, Joint both under 65, Not in universe, Not in universe, Spouse of householder, Spouse of householder,1946.59, Nonmover, Abroad, Not in universe, Not in universe under 1 year old, Not in universe,3, Not in universe, United-States, United-States, United-States, Native- Born in the United States,0, Not in universe,2,0,0,94,-50000
3, Not in universe,11,2, Children, Not in universe, Never married, Not in universe or children, Not in universe, White, All other, Male, Not in universe, Not in universe, Children or Armed Forces,,0,0, Nonfiler, Not in universe, Not in universe, Child <18 never marr not in subfamily, Child under 18 never married,1051.04, Not in universe, Not in universe, Not in universe, Not in universe under 1 year old, Not in universe,0, Both parents present, United-States, United-States, United-States, Native- Born in the United States,0, Not in universe,0,0,0,94,-50000
3, Self-employed-incorporated,17,3, Masters degree(MA MS MEng MEd MSW MBA), Not in universe, Married-civilian spouse present, Construction, Executive admin and managerial, White, Other Spanish, Male, Not in universe, Not in universe, Children or Armed Forces,0,0,33, Joint both under 65, Not in universe, Not in universe, Householder, Householder,1682.7, Nonmover, Nonmover, Nonmover, Yes, Not in universe,0, Not in universe, United-States, United-States, United-States, Native- Born in the United States,2, Not in universe,0,25,2,94, 50000+.
30, Not in universe,0,3, Some college but no degree, Not in universe, Married-civilian spouse present, Not in universe or children, Not in universe, White, All other, Female, Not in universe, Not in universe, Not in labor force,0,0,0, Joint both under 65, Not in universe, Not in universe, Spouse of householder, Spouse of householder,3355.94, Nonmover, Abroad, Not in universe, Not in universe under 1 year old, Not in universe,0, Not in universe, United-States, United-States, United-States, Native- Born in the United States,0, Not in universe,0,0,0,94,-50000
3, Not in universe,4,0, Children, Not in universe, Never married, Not in universe or children, Not in universe, White, All other, Female, Not in universe, Not in universe, Children or Armed Forces,0,,0, Nonfiler, Not in universe, Not in universe, Child <18 never marr not in subfamily, Child under 18 never married,1833.94, Nonmover, Not in universe, Not in universe, Not in universe under 1 year old, Not in universe,0, Both parents present, United-States, United-States, United-States, Native- Born in the United States,0, Not in universe,0,0,0,94,-50000
11, Private,17,3, High school graduate, Not in universe, Married-civilian spouse present, Personal services except private HH, Sales, White, All other, Female, Not in universe, Not in universe, Full-time schedules,0,,0, Joint both under 65, Not in universe, Not in universe, Child 18+ ever marr RP of subfamily, Child 18 or older,895.83, Nonmover, Abroad, Not in universe, Not in universe under 1 year old, Not in universe,0, Not in universe, United-States, United-States, United-States, Native- Born in the United States,0, Not in universe,1,10,0,95,-50000
43, Federal government,4,8, High school graduate, Not in universe, Married-civilian spouse present, Public administration, Transportation and material moving, White, All other, Male, Not in universe, Not in universe, PT for non-econ reasons usually FT,,0,0, Joint both under 65, Not in universe, Not in universe, Householder, Householder,895.83, Nonmover, Abroad, Not in universe, Not in universe under 1 year old, Not in universe,0, Not in universe, United-States, United-States, India, Foreign born- Not a citizen of U S ,0, Not in universe,0,0,0,95,-50000
12, Private,41,3, Some college but no degree, Not in universe, Married-civilian spouse present, Retail trade, Professional specialty, Black, All other, Male, Not in universe, Not in universe, Full-time schedules,0,0,0, Joint both under 65, Not in universe, Not in universe, Householder, Householder,1605.47, Nonmover, Abroad, Not in universe, Not in universe under 1 year old, Not in universe,6, Not in universe, United-States, United-States, United-States, Native- Born in the United States,0, Not in universe,0,52,0,94,-50000
29, Private,4,3, High school graduate, Not in universe, Never married, Medical except hospital, Other service, Black, All other, Male, Not in universe, Not in universe, Full-time schedules,0,0,0, Head of household, Not in universe, Not in universe, Householder, Householder,842.41, Nonmover, Abroad, Not in universe, Not in universe under 1 year old, Not in universe,4, Not in universe, United-States, United-States, United-States, Native- Born in the United States,0, Not in universe,0,0,0,94,-50000
39, Not in universe,4,0, Masters degree(MA MS MEng MEd MSW MBA), Not in universe, Married-civilian spouse present, Not in universe or children, Not in universe, Other, All other, Female, Not in universe, Not in universe, Not in labor force,0,0,0, Joint both under 65, Not in universe, Not in universe, Spouse of householder, Spouse of householder,1571.0, Nonmover, Abroad, Not in universe, Not in universe under 1 year old, Not in universe,6, Not in universe, United-States, United-States, United-States, Native- Born in the United States,0, Not in universe,2,0,0,94,-50000
11, Private,23,4, 10th grade, Not in universe, Never married, Retail trade, Farming forestry and fishing, Other, All other, Male, Not in universe, Not in universe, Full-time schedules,0,0,0, Single, Not in universe, Not in universe, Child 18+ never marr Not in a subfamily, Child 18 or older,1571.0, Nonmover, Abroad, Abroad, Not in universe under 1 year old, Not in universe,0, Not in universe, United-States, United-States, United-States, Native- Born in the United States,0, Not in universe,2,10,0,94,-50000
5, Not in universe,3,2, 9th grade, Not in universe, Never married, Not in universe or children, Not in universe, White, All other, Female, Not in universe, Not in universe, Not in labor force,0,0,0, Nonfiler, Not in universe, Not in universe, Child <18 never marr not in subfamily, Child under 18 never married,490.06, Nonmover, Abroad, Not in universe, Not in universe under 1 year old, Not in universe,0, Both parents present, United-States, United-States, United-States, Native- Born in the United States,0, Not in universe,0,0,0,94,-50000
34, Private,0,10, High school graduate, Not in universe, Married-civilian spouse present, Retail trade, Adm support including clerical, White, All other, Female, Not in universe, Not in universe, Children or Armed Forces,0,1902,0, Joint both under 65, Not in universe, Not in universe, Spouse of householder, Spouse of householder,1746.17, Nonmover, Nonmover, Nonmover, Yes, Not in universe,0, Not in universe, United-States, United-States, United-States, Native- Born in the United States,0, Not in universe,0,52,2,94,-50000
3, Federal government,4,3, Bachelors degree(BA AB BS), Not in universe, Married-civilian spouse present, Public administration, Adm support including clerical, White, All other, Female, Not in universe, Not in universe, Children or Armed Forces,0,,0, Joint both under 65, Midwest, Kentucky, Spouse of householder, Spouse of householder,420.65, MSA to MSA, Same county, Same county, No, No,0, Not in universe, United-States, United-States, United-States, Native- Born in the United States,2, Not in universe,1,52,0,94,-50000
3, Not in universe,4,2, High school graduate, Not in universe, Never married, Not in universe or children, Not in universe, White, All other, Female, Not in universe, Not in universe, Children or Armed Forces,,,2, Single, Not in universe, Not in universe, Child under 18 of RP of unrel subfamily, Nonrelative of householder,253.62, MSA to MSA, Abroad, Not in universe, Not in universe under 1 year old, Not in universe,0, Not in universe, United-States, United-States, United-States, Native- Born in the United States,0, Not in universe,0,0,0,94,-50000
3, Private,33,3, 10th grade, High school, Never married, Retail trade, Other service, Other, All other, Female, No, Not in universe, Children or Armed Forces,,0,2, Single, Not in universe, Not in universe, Child <18 never marr not in subfamily, Child under 18 never married,1605.47, Nonmover, Nonmover, Nonmover, No, Not in universe,2, Both parents present, United-States, United-States, United-States, Native- Born in the United States,0, Not in universe,0,0,0,94,-50000
19, Private,4,3, Some college but no degree, Not in universe, Never married, Hospital services, Professional specialty, White, All other, Male, Not in universe, Not in universe, Children or Armed Forces,0,0,2, Single, Not in universe, Not in universe, Child 18+ never marr Not in a subfamily, Child 18 or older,2075.7, Nonmover, Nonmover, Nonmover, Yes, Not in universe,1, Not in universe, United-States, United-States, United-States, Native- Born in the United States,0, Not in universe,0,52,0,94,-50000
4, Not in universe,4,2, High school graduate, Not in universe, Married-civilian spouse present, Not in universe or children, Not in universe, White, All other, Female, Not in universe, Not in universe, Not in labor force,0,0,0, Joint both under 65, Not in universe, Not in universe, Spouse of householder, Spouse of householder,1433.34, Nonmover, Abroad, Abroad, Not in universe under 1 year old, Not in universe,0, Not in universe, United-States, United-States, United-States, Native- Born in the United States,0, Not in universe,0,0,0,95,-50000
2, Private,4,3, Some college but no degree, College or university, Never married, Finance insurance and real estate, Executive admin and managerial, White, All other, Female, Not in universe, Not in universe, Children or Armed Forces,0,0,0, Single, Not in universe, Not in universe, Child 18+ never marr Not in a subfamily, Child 18 or older,1788.4, Nonmover, Nonmover, Nonmover, Yes, Not in universe,0, Not in universe, France, France, France, Foreign born- Not a citizen of U S ,0, Not in universe,0,0,0,94,-50000
4, Not in universe,4,2, 7th and 8th grade, Not in universe, Never married, Not in universe or children, Not in universe, White, All other, Male, Not in universe, Not in universe, Children or Armed Forces,0,0,0, Nonfiler, Not in universe, Not in universe, Nonfamily householder, Householder,680.87, Nonmover, Nonmover, Nonmover, No, Not in universe,0, Not in universe, United-States, United-States, United-States, Native- Born in the United States,0, Not in universe,2,0,0,94,-50000
0, Not in universe,4,0, 11th grade, High school, Married-civilian spouse present, Not in universe or children, Not in universe, White, Central or South American, Female, Not in universe, Not in universe, Children or Armed Forces,0,,15, Joint both under 65, Not in universe, Not in universe, Spouse of householder, Spouse of householder,1433.34, Nonmover, Nonmover, Nonmover, Yes, Not in universe,0, Not in universe, Nicaragua, Nicaragua, Nicaragua, Foreign born- Not a citizen of U S ,0, Not in universe,0,0,0,94,-50000
8, Not in universe,3,3, Some college but no degree, Not in universe, Widowed, Not in universe or children, Not in universe, White, All other, Male, Not in universe, Not in universe, Not in labor force,,0,0, Single, Not in universe, Not in universe, Nonfamily householder, Householder,1788.4, Nonmover, Abroad, Not in universe, Not in universe under 1 year old, Not in universe,0, Not in universe, United-States, United-States, United-States, Native- Born in the United States,0, Not in universe,2,0,0,94,-50000
5, Not in universe,4,3, Children, Not in universe, Never married, Not in universe or children, Not in universe, White, All other, Male, Not in universe, Not in universe, Children or Armed Forces,0,0,0, Nonfiler, Not in universe, Not in universe, Child <18 never marr not in subfamily, Child under 18 never married,1833.94, Nonmover, Not in universe, Not in universe, Not in universe under 1 year old, Not in universe,0, Both parents present, United-States, United-States, United-States, Native- Born in the United States,0, Not in universe,0,0,0,95,-50000
28, Not in universe,3,2, Some college but no degree, Not in universe, Never married, Not in universe or children, Not in universe, Amer Indian Aleut or Eskimo, All other, Female, Not in universe, Not in universe, Children or Armed Forces,,,0, Nonfiler, West, Abroad, Householder, Householder,1682.7, Not identifiable, Different county same state, Different county same state, No, No,0, Not in universe, United-States, United-States, United-States, Native- Born in the United States,0, Not in universe,0,0,0,94,-50000
19, Private,4,3, High school graduate, Not in universe, Never married, Manufacturing-nondurable goods, Adm support including clerical, White, All other, Female, Not in universe, Not in universe, Full-time schedules,0,,0, Nonfiler, Not in universe, Not in universe, Child 18+ never marr Not in a subfamily, Child 18 or older,1410.73, Nonmover, Abroad, Not in universe, Not in universe under 1 year old, Not in universe,0, Not in universe, Thailand, Thailand, United-States, Native- Born in the United States,0, Not in universe,0,0,0,94,-50000
3, Not in universe,4,3, Children, Not in universe, Never married, Not in universe or children, Not in universe, White, All other, Female, Not in universe, Not in universe, Children or Armed Forces,0,0,0, Nonfiler, Not in universe, Not in universe, Child <18 never marr not in subfamily, Child under 18 never married,1743.8, Not in universe, Not in universe, Not in universe, Not in universe under 1 year old, Not in universe,0, Both parents present, United-States, United-States, United-States, Native- Born in the United States,0, Not in universe,0,0,2,94,-50000
3, Self-employed-not incorporated,4,10, Bachelors degree(BA AB BS), Not in universe, Married-civilian spouse present, Construction, Precision production craft & repair, White, All other, Male, Not in universe, Not in universe, Full-time schedules,0,,0, Joint both under 65, Not in universe, Not in universe, Householder, Householder,803.59, MSA to MSA, Abroad, Not in universe, Not in universe under 1 year old, Not in universe,0, Not in universe, United-States, United-States, United-States, Native- Born in the United States,1, Not in universe,0,0,2,94,-50000
7, Not in universe,4,0, Some college but no degree, Not in universe, Widowed, Not in universe or children, Not in universe, White, All other, Female, Not in universe, Not in universe, Not in labor force,0,0,0, Single, Not in universe, Not in universe, Secondary individual, Nonrelative of householder,253.62, Nonmover, Abroad, Not in universe, Not in universe under 1 year old, Not in universe,0, Not in universe, United-States, United-States, United-States, Native- Born in the United States,0, Not in universe,1,1,2,95,-50000
1, Not in universe,4,3, Children, Not in universe, Never married, Not in universe or children, Not in universe, White, NA, Female, Not in universe, Not in universe, Children or Armed Forces,0,0,0, Nonfiler, Not in universe, Not in universe, Child <18 never marr not in subfamily, Child under 18 never married,895.83, Nonmover, Not in universe, Not in universe, Not in universe under 1 year old, Not in universe,0, Both parents present, United-States, United-States, United-States, Native- Born in the United States,0, Not in universe,0,0,0,95,-50000
3, Not in universe,0,3, Children, Not in universe, Never married, Not in universe or children, Not in universe, White, All other, Male, Not in universe, Not in universe, Children or Armed Forces,0,,0, Nonfiler, Not in universe, Not in universe, Child <18 never marr not in subfamily, Child under 18 never married,1571.0, Nonmover, Nonmover, Nonmover, No, Not in universe,0, Both parents present, United-States, United-States, United-States, Native- Born in the United States,0, Not in universe,0,0,0,94,-50000
3, Private,4,3, High school graduate, Not in universe, Divorced, Business and repair services, Machine operators assmblrs & inspctrs, Other, Central or South American, Male, Not in universe, Not in universe, Full-time schedules,0,,0, Head of household, Not in universe, Not in universe, Householder, Householder,864.34, MSA to MSA, Abroad, Not in universe, Not in universe under 1 year old, Not in universe,0, Not in universe, Guatemala, Guatemala, Guatemala, Foreign born- Not a citizen of U S ,0, Not in universe,2,50,0,94,-50000
3, Not in universe,0,3, Children, Not in universe, Never married, Not in universe or children, Not in universe, White, All other, Male, Not in universe, Not in universe, Children or Armed Forces,,0,0, Nonfiler, Not in universe, Not in universe, Child <18 never marr not in subfamily, Child under 18 never married,1743.8, MSA to MSA, Not in universe, Not in universe, Not in universe under 1 year old, Not in universe,0, Both parents present, United-States, United-States, United-States, Native- Born in the United States,0, Not in universe,0,0,0,94,-50000
7, Not in universe,0,2, 7th and 8th grade, Not in universe, Widowed, Not in universe or children, Not in universe, White, All other, Female, Not in universe, Not in universe, Children or Armed Forces,0,0,0, Single, Not in universe, Not in universe, Nonfamily householder, Householder,1364.29, Nonmover, Nonmover, Nonmover, Yes, Not in universe,0, Not in universe, United-States, United-States, United-States, Native- Born in the United States,0, Not in universe,0,0,2,94,-50000
3, Self-employed-not incorporated,44,3, 12th grade no diploma, Not in universe, Married-civilian spouse present, Social services, Other service, Other, Central or South American, Female, Not in universe, Not in universe, Full-time schedules,0,0,0, Joint both under 65, Not in universe, Not in universe, Spouse of householder, Spouse of householder,651.04, Nonmover, Abroad, Abroad, Not in universe under 1 year old, Not in universe,0, Not in universe, Ecuador, Ecuador, Ecuador, Foreign born- Not a citizen of U S ,0, Not in universe,0,25,0,94,-50000
11, Private,17,2, High school graduate, Not in universe, Married-civilian spouse present, Personal services except private HH, Other service, Asian or Pacific Islander, All other, Male, Not in universe, Not in universe, Full-time schedules,0,,0, Joint both under 65, Not in universe, Not in universe, Householder, Householder,253.62, Nonmover, Abroad, Not in universe, Not in universe under 1 year old, Not in universe,6, Not in universe, Outlying-U S (Guam USVI etc), Philippines, Philippines, Native- Born abroad of American Parent(s),0, Not in universe,1,0,2,95,-50000
57, Self-employed-not incorporated,4,3, High school graduate, Not in universe, Married-civilian spouse present, Agriculture, Farming forestry and fishing, White, All other, Female, Not in universe, Not in universe, Full-time schedules,0,,0, Joint both under 65, Not in universe, Not in universe, Spouse of householder, Spouse of householder,2075.7, Nonmover, Abroad, Not in universe, Not in universe under 1 year old, Not in universe,0, Not in universe, United-States, United-States, United-States, Native- Born in the United States,0, Not in universe,2,52,0,95,-50000
3, Not in universe,3,3, Some college but no degree, Not in universe, Married-civilian spouse present, Not in universe or children, Not in universe, White, All other, Female, Not in universe, Not in universe, Not in labor force,15024,,0, Joint both under 65, Not in universe, Not in universe, Householder, Householder,1682.7, Nonmover, Abroad, Not in universe, Not in universe under 1 year old, Not in universe,0, Not in universe, United-States, United-States, United-States, Native- Born in the United States,0, Not in universe,0,15,0,95,-50000
1, Not in universe,4,0, 9th grade, College or university, Never married, Not in universe or children, Not in universe, White, All other, Male, Not in universe, Not in universe, Not in labor force,0,0,0, Nonfiler, Not in universe, Not in universe, Child <18 never marr not in subfamily, Child under 18 never married,752.81, Nonmover, Abroad, Not in universe, Not in universe under 1 year old, Not in universe,0, Both parents present, United-States, United-States, United-States, Native- Born in the United States,0, Not in universe,0,0,2,94,-50000
3, Private,4,26, Associates degree-occup /vocational, Not in universe, Married-civilian spouse present, Transportation, Adm support including clerical, White, All other, Male, Not in universe, Not in universe, Children or Armed Forces,0,0,2, Joint both under 65, Not in universe, Not in universe, Householder, Householder,459.98, Nonmover, Abroad, Nonmover, Yes, Not in universe,0, Not in universe, United-States, United-States, United-States, Native- Born in the United States,0, Not in universe,2,0,0,94,-50000
7, Not in universe,4,0, Masters degree(MA MS MEng MEd MSW MBA), Not in universe, Widowed, Not in universe or children, Not in universe, White, All other, Female, Not in universe, Not in universe, Children or Armed Forces,401,0,100, Single, Not in universe, Not in universe, Nonfamily householder, Householder,1433.34, Nonmover, Nonmover, Nonmover, Yes, Not in universe,0, Not in universe, United-States, United-States, United-States, Native- Born in the United States,0, Not in universe,0,0,0,94,-50000
7, Private,4,3, Associates degree-occup /vocational, Not in universe, Never married, Medical except hospital, Technicians and related support, White, All other, Male, Not in universe, Not in universe, Children or Armed Forces,0,0,0, Single, Midwest, Kentucky, Grandchild 18+ never marr not in subfamily, Other relative of householder,1339.61, MSA to MSA, Same county, Same county, No, No,1, Not in universe, United-States, United-States, United-States, Native- Born in the United States,0, Not in universe,0,52,0,94,-50000
32, Not in universe,4,0, High school graduate, Not in universe, Never married, Not in universe or children, Not in universe, White, All other, Male, Not in universe, Not in universe, Children or Armed Forces,0,0,0, Nonfiler, Not in universe, Not in universe, Child 18+ never marr Not in a subfamily, Child 18 or older,2019.61, Nonmover, Nonmover, Nonmover, No, Not in universe,0, Not in universe, United-States, United-States, United-States, Native- Born in the United States,0, Not in universe,0,0,2,94,-50000
61, Private,4,2, Associates degree-academic program, Not in universe, Married-civilian spouse present, Finance insurance and real estate, Executive admin and managerial, White, All other, Male, No, Not in universe, Children or Armed Forces,,,0, Joint both under 65, Not in universe, Not in universe, Spouse of householder, Spouse of householder,420.65, Nonmover, Nonmover, Nonmover, Yes, Not in universe,3, Not in universe, United-States, United-States, United-States, Native- Born in the United States,1, Not in universe,0,52,0,94, 50000+.
2, Private,42,20, 11th grade, Not in universe, Never married, Medical except hospital, Other service, Black, All other, Female, Not in universe, Not in universe, Children or Armed Forces,0,0,2, Head of household, Northeast, Connecticut, Householder, Householder,2138.7, MSA to MSA, Same county, Same county, No, No,0, Not in universe, Jamaica, Jamaica, Jamaica, Foreign born- U S citizen by naturalization,0, Not in universe,2,52,0,94,-50000
8, Private,4,3, High school graduate, Not in universe, Married-civilian spouse present, Other professional services, Adm support including clerical, White, All other, Female, Not in universe, Not in universe, Children or Armed Forces,0,,0, Joint both under 65, Not in universe, Not in universe, Spouse of householder, Spouse of householder,391.08, Nonmover, Nonmover, Nonmover, No, Not in universe,0, Not in universe, United-States, United-States, United-States, Native- Born in the United States,0, Not in universe,0,52,2,94,-50000
3, Not in universe,4,3, High school graduate, Not in universe, Married-civilian spouse present, Not in universe or children, Not in universe, Other, All other, Female, Not in universe, Not in universe, Not in labor force,,,0, Joint both under 65, Not in universe, Not in universe, Spouse of householder, Spouse of householder,1339.61, Nonmover, Abroad, Not in universe, Not in universe under 1 year old, Not in universe,0, Not in universe, United-States, Italy, Guatemala, Foreign born- Not a citizen of U S ,0, Not in universe,2,4,0,94,-50000
11, Private,42,30, High school graduate, Not in universe, Never married, Medical except hospital, Other service, Black, Central or South American, Female, Not in universe, Not in universe, Children or Armed Forces,0,0,0, Single, Northeast, North Carolina, Secondary individual, Nonrelative of householder,1743.8, MSA to MSA, Same county, Same county, No, No,0, Not in universe, United-States, United-States, United-States, Native- Born in the United States,0, Not in universe,0,52,0,94,-50000
3, Not in universe,0,3, High school graduate, Not in universe, Married-civilian spouse present, Not in universe or children, Not in universe, White, All other, Female, Not in universe, Not in universe, Not in labor force,,,0, Nonfiler, Not in universe, Not in universe, Householder, Householder,1743.8, MSA to MSA, Abroad, Not in universe, Not in universe under 1 year old, Not in universe,0, Not in universe, Greece, United-States, United-States, Native- Born in the United States,0, Not in universe,0,0,0,94,-50000
12, Private,4,10, 7th and 8th grade, Not in universe, Married-spouse absent, Manufacturing-durable goods, Adm support including clerical, White, All other, Male, Not in universe, Job loser - on layoff, Children or Armed Forces,0,0,0, Single, Not in universe, Not in universe, Nonfamily householder, Householder,3327.53, Nonmover, Nonmover, Nonmover, Yes, Not in universe,5, Not in universe, United-States, United-States, United-States, Native- Born in the United States,0, Not in universe,0,20,0,94,-50000
44, Not in universe,0,4, High school graduate, Not in universe, Married-civilian spouse present, Not in universe or children, Not in universe, White, All other, Female, Not in universe, Not in universe, Not in labor force,0,0,0, Joint both under 65, Not in universe, Not in universe, Spouse of householder, Spouse of householder,492.44, Nonmover, Abroad, Not in universe, Not in universe under 1 year old, Not in universe,0, Not in universe, United-States, United-States, United-States, Native- Born in the United States,0, Not in universe,0,0,2,94,-50000
6, Not in universe,3,0, 10th grade, High school, Never married, Not in universe or children, Not in universe, White, All other, Female, Not in universe, Not in universe, Children or Armed Forces,0,0,0, Nonfiler, Midwest, Minnesota, Grandchild <18 never marr not in subfamily, Other relative of householder,1571.0, MSA to MSA, Same county, Same county, No, No,0, Neither parent present, United-States, United-States, United-States, Native- Born in the United States,0, Not in universe,0,0,0,94,-50000
11, Private,4,4, Bachelors degree(BA AB BS), Not in universe, Married-civilian spouse present, Retail trade, Professional specialty, White, All other, Male, Not in universe, Not in universe, Full-time schedules,0,,0, Joint both under 65, Not in universe, Not in universe, Householder, Householder,1433.34, Nonmover, Abroad, Abroad, Not in universe under 1 year old, Not in universe,6, Not in universe, United-States, United-States, United-States, Native- Born in the United States,0, Not in universe,0,14,0,95, 50000+.
3, Not in universe,3,3, High school graduate, Not in universe, Widowed, Not in universe or children, Not in universe, White, All other, Female, Not in universe, Not in universe, Not in labor force,0,0,20, Single, Not in universe, Not in universe, Nonfamily householder, Householder,1080.87, Nonmover, Abroad, Not in universe, Not in universe under 1 year old, Not in universe,0, Not in universe, United-States, United-States, United-States, Native- Born in the United States,0, Not in universe,1,1,0,94,-50000
2, Not in universe,3,2, Children, Not in universe, Never married, Not in universe or children, Not in universe, White, All other, Male, Not in universe, Not in universe, Children or Armed Forces,,0,2, Nonfiler, Not in universe, Not in universe, Child <18 never marr not in subfamily, Child under 18 never married,2002.87, Nonmover, Nonmover, Nonmover, Yes, Not in universe,0, Both parents present, United-States, United-States, United-States, Native- Born in the United States,0, Not in universe,0,0,0,94,-50000
3, Not in universe,3,2, Some college but no degree, Not in universe, Divorced, Not in universe or children, Not in universe, White, All other, Male, Not in universe, Not in universe, Not in labor force,0,0,0, Nonfiler, Not in universe, Not in universe, Other Rel 18+ ever marr not in subfamily, Other relative of householder,803.59, Nonmover, Abroad, Abroad, Not in universe under 1 year old, Not in universe,0, Not in universe, United-States, United-States, United-States, Native- Born in the United States,0, Not in universe,0,0,0,95,-50000
3, Private,37,3, Bachelors degree(BA AB BS), Not in universe, Married-civilian spouse present, Retail trade, Professional specialty, White, All other, Female, No, Not in universe, Children or Armed Forces,0,0,0, Joint both under 65, Not in universe, Not in universe, Householder, Householder,1297.31, Nonmover, Nonmover, Nonmover, No, Not in universe,0, Not in universe, El-Salvador, United-States, United-States, Native- Born in the United States,0, Not in universe,0,20,0,94,-50000
19, Private,22,3, Associates degree-occup /vocational, Not in universe, Never married, Retail trade, Machine operators assmblrs & inspctrs, White, All other, Female, No, Not in universe, Full-time schedules,0,0,0, Single, Not in universe, Not in universe, Child 18+ never marr Not in a subfamily, Child 18 or older,1747.59, Nonmover, Abroad, Not in universe, Not in universe under 1 year old, Not in universe,0, Not in universe, United-States, United-States, United-States, Native- Born in the United States,0, Not in universe,0,52,0,94,-50000
38, Private,4,0, Bachelors degree(BA AB BS), Not in universe, Married-civilian spouse present, Social services, Professional specialty, White, All other, Female, No, Not in universe, Full-time schedules,,,0, Joint both under 65, Not in universe, Not in universe, Spouse of householder, Spouse of householder,600.23, Nonmover, Abroad, Not in universe, Not in universe under 1 year old, Not in universe,2, Not in universe, United-States, United-States, United-States, Native- Born in the United States,1, Not in universe,2,0,0,94,-50000
38, Not in universe,4,4, Some college but no degree, Not in universe, Married-civilian spouse present, Not in universe or children, Not in universe, White, All other, Female, Not in universe, Not in universe, Children or Armed Forces,0,,0, Joint both under 65, Not in universe, Not in universe, Spouse of householder, Spouse of householder,1682.7, Nonmover, Nonmover, Nonmover, No, Not in universe,0, Not in universe, United-States, United-States, United-States, Native- Born in the United States,0, Not in universe,0,4,0,94,-50000
31, Private,4,8, High school graduate, Not in universe, Never married, Retail trade, Protective services, White, All other, Male, No, Not in universe, Children or Armed Forces,0,0,0, Single, Not in universe, Not in universe, Child 18+ never marr Not in a subfamily, Child 18 or older,1433.34, Nonmover, Nonmover, Nonmover, No, Not in universe,0, Not in universe, United-States, United-States, United-States, Native- Born in the United States,0, Not in universe,2,36,0,94,-50000
37, Private,35,3, Masters degree(MA MS MEng MEd MSW MBA), Not in universe, Divorced, Finance insurance and real estate, Professional specialty, White, All other, Male, Not in universe, Not in universe, PT for non-econ reasons usually FT,0,0,100, Single, Not in universe, Not in universe, Nonfamily householder, Householder,990.79, Nonmover, Abroad, Not in universe, Not in universe under 1 year old, Not in universe,0, Not in universe, United-States, United-States, United-States, Native- Born in the United States,0, Not in universe,0,28,0,94,-50000
3, Not in universe,3,3, High school graduate, Not in universe, Married-civilian spouse present, Not in universe or children, Not in universe, White, All other, Female, Not in universe, Not in universe, Children or Armed Forces,0,0,4, Nonfiler, Not in universe, Not in universe, Spouse of householder, Spouse of householder,1419.89, Nonmover, Nonmover, Nonmover, No, Not in universe,0, Not in universe, United-States, United-States, United-States, Native- Born in the United States,0, Not in universe,0,10,2,94,-50000
66, Not in universe,4,0, High school graduate, Not in universe, Married-civilian spouse present, Not in universe or children, Not in universe, White, All other, Male, Not in universe, Not in universe, Children or Armed Forces,,,0, Joint both 65+, Not in universe, Not in universe, Spouse of householder, Spouse of householder,859.51, Nonmover, Nonmover, Nonmover, Yes, Not in universe,0, Not in universe, United-States, United-States, United-States, Native- Born in the United States,0, Not in universe,0,40,2,94,-50000
3, Private,4,20, Bachelors degree(BA AB BS), Not in universe, Never married, Utilities and sanitary services, Adm support including clerical, Black, All other, Male, Not in universe, Not in universe, PT for non-econ reasons usually FT,0,,20, Single, Not in universe, Not in universe, Nonfamily householder, Householder,407.24, Nonmover, Abroad, Not in universe, Not in universe under 1 year old, Not in universe,6, Not in universe, United-States, United-States, United-States, Native- Born in the United States,0, Not in universe,0,34,2,95,-50000
39, Not in universe,4,0, Some college but no degree, Not in universe, Divorced, Not in universe or children, Not in universe, Black, All other, Female, Not in universe, Not in universe, Not in labor force,,0,0, Nonfiler, Not in universe, Not in universe, Child 18+ ever marr Not in a subfamily, Child 18 or older,2075.7, Nonmover, Abroad, Not in universe, Not in universe under 1 year old, Not in universe,0, Not in universe, United-States, United-States, United-States, Native- Born in the United States,0, Not in universe,2,0,0,95,-50000
4, Private,4,4, 5th or 6th grade, Not in universe, Married-civilian spouse present, Construction, Precision production craft & repair, White, Mexican-American, Male, Not in universe, Not in universe, Full-time schedules,0,0,0, Joint both under 65, Not in universe, Not in universe, Spouse of householder, Spouse of householder,288.69, Nonmover, Abroad, Abroad, Not in universe under 1 year old, Not in universe,1, Not in universe, Mexico, Mexico, Cuba, Foreign born- Not a citizen of U S ,0, Not in universe,0,50,0,95,-50000
42, Private,4,2, Associates degree-academic program, Not in universe, Never married, Hospital services, Professional specialty, White, Puerto Rican, Female, Not in universe, Not in universe, Children or Armed Forces,,,0, Single, Not in universe, Not in universe, Nonfamily householder, Householder,1516.79, Nonmover, Nonmover, Nonmover, Yes, Not in universe,2, Not in universe, Puerto-Rico, Mexico, Germany, Native- Born abroad of American Parent(s),0, Not in universe,0,0,0,94,-50000
3, Local government,4,18, High school graduate, Not in universe, Married-civilian spouse present, Education, Other service, White, All other, Female, Not in universe, Not in universe, Children or Armed Forces,,0,100, Joint both under 65, Not in universe, Not in universe, Spouse of householder, Spouse of householder,990.79, Nonmover, Nonmover, Nonmover, Yes, Not in universe,0, Not in universe, United-States, United-States, United-States, Native- Born in the United States,0, Not in universe,0,0,0,94,-50000
3, Not in universe,4,3, Children, Not in universe, Never married, Not in universe or children, Not in universe, White, All other, Female, Not in universe, Not in universe, Children or Armed Forces,0,0,0, Nonfiler, Not in universe, Not in universe, Child <18 never marr not in subfamily, Child under 18 never married,978.53, Nonmover, Not in universe, Not in universe, Not in universe under 1 year old, Not in universe,0, Both parents present, United-States, United-States, United-States, Native- Born in the United States,0, Not in universe,0,1,0,94,-50000
13, Not in universe,0,2, Children, Not in universe, Never married, Not in universe or children, Not in universe, White, Mexican-American, Male, Not in universe, Not in universe, Children or Armed Forces,0,0,0, Nonfiler, Not in universe, Not in universe, Secondary individual, Householder,1080.87, Nonmover, Nonmover, Nonmover, Yes, Not in universe,0, Both parents present, Mexico, Mexico, United-States, Native- Born in the United States,0, Not in universe,0,0,0,94,-50000
3, Private,43,2, 10th grade, Not in universe, Never married, Education, Other service, White, All other, Female, No, Not in universe, Children or Armed Forces,,0,0, Nonfiler, Not in universe, Not in universe, Secondary individual, Nonrelative of householder,2520.1, Nonmover, Nonmover, Nonmover, Yes, Not in universe,0, Not in universe, United-States, United-States, United-States, Native- Born in the United States,0, Not in universe,0,0,900,94,-50000
1, Private,4,3, High school graduate, Not in universe, Never married, Retail trade, Other service, White, All other, Female, No, Not in universe, Full-time schedules,0,0,0, Single, Not in universe, Not in universe, Child 18+ never marr Not in a subfamily, Child 18 or older,1743.8, Nonmover, Abroad, Not in universe, Not in universe under 1 year old, Not in universe,2, Not in universe, United-States, United-States, United-States, Native- Born in the United States,0, Not in universe,0,52,0,95,-50000
3, Not in universe,0,3, Children, Not in universe, Never married, Not in universe or children, Not in universe, Other, All other, Male, Not in universe, Not in universe, Children or Armed Forces,0,0,0, Nonfiler, Not in universe, Not in universe, Child <18 never marr not in subfamily, Child under 18 never married,1280.74, Nonmover, Nonmover, Nonmover, Yes, Not in universe,0, Both parents present, United-States, United-States, United-States, Native- Born in the United States,0, Not in universe,0,0,2,94,-50000
90, Not in universe,4,3, High school graduate, Not in universe, Widowed, Not in universe or children, Not in universe, White, All other, Male, Not in universe, Not in universe, Not in labor force,,0,0, Nonfiler, Not in universe, Not in universe, Nonfamily householder, Householder,1433.34, Nonmover, Abroad, Not in universe, Not in universe under 1 year old, Not in universe,1, Not in universe, Iran, Germany, Germany, Foreign born- U S citizen by naturalization,0, Not in universe,1,0,2,95,-50000
2, Not in universe,4,3, Children, Not in universe, Never married, Not in universe or children, Not in universe, Asian or Pacific Islander, Puerto Rican, Male, Not in universe, Not in universe, Children or Armed Forces,0,0,0, Nonfiler, Abroad, Abroad, Child <18 never marr not in subfamily, Child under 18 never married,2138.7, Abroad to MSA, Not in universe, Abroad, No, No,1, Both parents present, Puerto-Rico, Puerto-Rico, Puerto-Rico, Native- Born in Puerto Rico or U S Outlying,0, Not in universe,0,0,0,94,-50000
3, Private,17,3, High school graduate, Not in universe, Divorced, Finance insurance and real estate, Precision production craft & repair, White, All other, Male, Not in universe, Not in universe, Children or Armed Forces,,0,0, Single, West, Maine, Nonfamily householder, Householder,3251.04, MSA to MSA, Different county same state, Different county same state, No, Yes,0, Not in universe, United-States, United-States, United-States, Native- Born in the United States,0, Not in universe,1,25,0,94,-50000
3, Private,9,36, High school graduate, Not in universe, Married-civilian spouse present, Manufacturing-nondurable goods, Machine operators assmblrs & inspctrs, White, All other, Female, Yes, Not in universe, Children or Armed Forces,,0,0, Joint both under 65, Not in universe, Not in universe, Spouse of householder, Spouse of householder,492.44, Nonmover, Nonmover, Nonmover, Yes, Not in universe,0, Not in universe, United-States, United-States, United-States, Native- Born in the United States,0, Not in universe,0,8,0,94,-50000
32, Private,4,1, Associates degree-academic program, Not in universe, Divorced, Retail trade, Sales, White, All other, Male, Not in universe, Not in universe, Children or Armed Forces,2597,,0, Single, Midwest, Indiana, Nonfamily householder, Householder,1571.0, NonMSA to nonMSA, Same county, Same county, No, No,0, Not in universe, United-States, United-States, United-States, Native- Born in the United States,0, Not in universe,0,50,0,94,-50000
1, Not in universe,4,3, Children, Not in universe, Never married, Not in universe or children, Not in universe, White, All other, Female, Not in universe, Not in universe, Children or Armed Forces,0,0,0, Nonfiler, Not in universe, Not in universe, Child <18 never marr not in subfamily, Child under 18 never married,1237.55, Nonmover, Nonmover, Nonmover, No, Not in universe,0, Both parents present, United-States, United-States, United-States, Native- Born in the United States,0, Not in universe,0,1,0,94,-50000
2, Not in universe,4,2, Children, Not in universe, Never married, Not in universe or children, Not in universe, Black, All other, Male, Not in universe, Not in universe, Children or Armed Forces,0,0,0, Nonfiler, South, Utah, Other Rel <18 never marr child of subfamily RP, Other relative of householder,990.79, MSA to MSA, Same county, Same county, No, No,0, Mother only present, United-States, United-States, United-States, Native- Born in the United States,0, Not in universe,0,0,2,94,-50000
3, Not in universe,3,0, Some college but no degree, Not in universe, Married-civilian spouse present, Not in universe or children, Not in universe, Asian or Pacific Islander, All other, Female, Not in universe, Not in universe, Children or Armed Forces,,0,15, Joint both under 65, Not in universe, Not in universe, Spouse of householder, Spouse of householder,1373.0, Nonmover, Nonmover, Nonmover, No, Not in universe,0, Not in universe, South Korea, South Korea, South Korea, Foreign born- Not a citizen of U S ,0, Not in universe,0,0,0,94,-50000
11, Not in universe,4,3, Children, Not in universe, Never married, Not in universe or children, Not in universe, White, All other, Female, Not in universe, Not in universe, Children or Armed Forces,0,0,0, Nonfiler, Not in universe, Not in universe, Child <18 never marr not in subfamily, Child under 18 never married,2075.7, Nonmover, Nonmover, Nonmover, Yes, Not in universe,0, Both parents present, United-States, United-States, United-States, Native- Born in the United States,0, Not in universe,0,0,0,94,-50000
3, Not in universe,1,3, Children, Not in universe, Never married, Not in universe or children, Not in universe, White, All other, Female, Not in universe, Not in universe, Children or Armed Forces,0,0,0, Nonfiler, Not in universe, Not in universe, Child <18 never marr not in subfamily, Child under 18 never married,1788.4, Nonmover, Nonmover, Nonmover, No, Not in universe,0, Both parents present, United-States, United-States, United-States, Native- Born in the United States,0, Not in universe,0,1,0,94,-50000
1, Not in universe,0,3, Children, Not in universe, Never married, Not in universe or children, Not in universe, Asian or Pacific Islander, All other, Male, Not in universe, Not in universe, Children or Armed Forces,,0,2, Nonfiler, Not in universe, Not in universe, Child <18 never marr not in subfamily, Child under 18 never married,2138.7, Nonmover, Nonmover, Nonmover, Yes, Not in universe,0, Both parents present, United-States, South Korea, South Korea, Native- Born abroad of American Parent(s),0, Not in universe,0,0,0,94,-50000
1, Not in universe,3,3, Children, Not in universe, Never married, Not in universe or children, Not in universe, Black, All other, Male, Not in universe, Not in universe, Children or Armed Forces,0,,0, Nonfiler, Not in universe, Not in universe, Child <18 never marr not in subfamily, Child under 18 never married,407.24, Nonmover, Not in universe, Not in universe, Not in universe under 1 year old, Not in universe,0, Mother only present, United-States, United-States, United-States, Native- Born in the United States,0, Not in universe,0,1,0,94,-50000
3, Private,33,4, High school graduate, Not in universe, Never married, Retail trade, Handlers equip cleaners etc , White, All other, Male, Not in universe, Other job loser, Unemployed full-time,0,0,2, Single, Not in universe, Not in universe, Secondary individual, Householder,1682.7, Nonmover, Abroad, Not in universe, Not in universe under 1 year old, Not in universe,6, Not in universe, United-States, United-States, United-States, Native- Born in the United States,0, Not in universe,2,0,0,95,-50000
2, Not in universe,4,3, Less than 1st grade, Not in universe, Widowed, Not in universe or children, Not in universe, White, All other, Female, Not in universe, Not in universe, Children or Armed Forces,0,0,0, Nonfiler, Not in universe, Not in universe, Householder, Householder,1643.66, Nonmover, Nonmover, Nonmover, Yes, Not in universe,0, Not in universe, United-States, United-States, United-States, Native- Born in the United States,0, Not in universe,0,0,0,94,-50000
51, Local government,4,31, High school graduate, Not in universe, Married-civilian spouse present, Utilities and sanitary services, Other service, Black, All other, Male, Not in universe, Not in universe, Full-time schedules,0,0,2, Joint both under 65, Not in universe, Not in universe, Householder, Householder,288.69, Nonmover, Abroad, Not in universe, Not in universe under 1 year old, Not in universe,2, Not in universe, United-States, United-States, United-States, Native- Born in the United States,0, Not in universe,1,34,0,94,-50000
8, Not in universe,0,3, Children, Not in universe, Never married, Not in universe or children, Not in universe, White, All other, Male, Not in universe, Not in universe, Children or Armed Forces,0,0,0, Single, Not in universe, Not in universe, Child <18 never marr not in subfamily, Child under 18 never married,2951.04, Nonmover, Nonmover, Nonmover, Yes, Not in universe,0, Both parents present, United-States, United-States, United-States, Native- Born in the United States,0, Not in universe,0,0,2,94,-50000
5, Not in universe,4,0, Children, Not in universe, Never married, Not in universe or children, Not in universe, White, Central or South American, Male, Not in universe, Not in universe, Children or Armed Forces,0,0,0, Nonfiler, South, Utah, Child <18 never marr not in subfamily, Child under 18 never married,1433.34, MSA to MSA, Same county, Same county, No, No,0, Both parents present, Mexico, United-States, United-States, Native- Born in the United States,0, Not in universe,0,11,0,94,-50000
7, Private,43,10, Some college but no degree, Not in universe, Married-civilian spouse present, Retail trade, Sales, White, All other, Male, Not in universe, Not in universe, Children or Armed Forces,0,0,2, Joint both under 65, Not in universe, Not in universe, Householder, Householder,1989.57, Nonmover, Nonmover, Nonmover, Yes, Not in universe,0, Not in universe, United-States, United-States, United-States, Native- Born in the United States,0, Not in universe,0,50,0,94,-50000
3, Not in universe,3,9, 5th or 6th grade, Not in universe, Married-civilian spouse present, Not in universe or children, Not in universe, Black, All other, Female, Not in universe, Not in universe, Not in labor force,0,0,2, Nonfiler, Not in universe, Not in universe, Householder, Householder,2075.7, Nonmover, Abroad, Not in universe, Not in universe under 1 year old, Not in universe,0, Not in universe, United-States, United-States, United-States, Native- Born in the United States,0, Not in universe,0,1,0,95,-50000
1, Not in universe,4,3, Children, Not in universe, Never married, Not in universe or children, Not in universe, White, All other, Female, Not in universe, Not in universe, Children or Armed Forces,0,0,0, Nonfiler, Not in universe, Not in universe, Child <18 never marr not in subfamily, Child under 18 never married,1743.8, Nonmover, Not in universe, Not in universe, Not in universe under 1 year old, Not in universe,0, Mother only present, United-States, United-States, United-States, Native- Born in the United States,0, Not in universe,0,0,2,94,-50000
12, Not in universe,0,2, Some college but no degree, College or university, Never married, Not in universe or children, Not in universe, White, All other, Male, Not in universe, Not in universe, Not in labor force,0,0,0, Nonfiler, Not in universe, Not in universe, Child 18+ never marr Not in a subfamily, Child 18 or older,310.98, Nonmover, Abroad, Not in universe, Not in universe under 1 year old, Not in universe,0, Not in universe, United-States, United-States, United-States, Native- Born in the United States,0, Not in universe,0,2,0,94,-50000
51, State government,17,10, High school graduate, Not in universe, Divorced, Construction, Executive admin and managerial, White, All other, Female, Not in universe, Not in universe, Full-time schedules,3325,0,2, Single, Not in universe, Not in universe, Other Rel 18+ ever marr not in subfamily, Other relative of householder,1373.0, Nonmover, Abroad, Not in universe, Not in universe under 1 year old, Not in universe,1, Not in universe, United-States, United-States, United-States, Native- Born in the United States,0, Not in universe,0,52,0,94,-50000
3, Not in universe,4,1, Children, Not in universe, Never married, Not in universe or children, Not in universe, White, All other, Female, Not in universe, Not in universe, Children or Armed Forces,,0,0, Nonfiler, Not in universe, Not in universe, Child <18 never marr not in subfamily, Child under 18 never married,1788.4, Nonmover, Not in universe, Not in universe, Not in universe under 1 year old, Not in universe,0, Mother only present, United-States, United-States, United-States, Native- Born in the United States,0, Not in universe,0,0,0,95,-50000
6, Not in universe,4,3, Masters degree(MA MS MEng MEd MSW MBA), Not in universe, Married-civilian spouse present, Not in universe or children, Not in universe, White, All other, Male, Not in universe, Not in universe, Children or Armed Forces,0,0,0, Joint both 65+, Not in universe, Not in universe, Householder, Householder,1788.4, Nonmover, Nonmover, Nonmover, Yes, Not in universe,0, Not in universe, United-States, United-States, United-States, Native- Born in the United States,0, Not in universe,2,0,0,94,-50000
3, Private,4,10, Prof school degree (MD DDS DVM LLB JD), Not in universe, Married-civilian spouse present, Hospital services, Adm support including clerical, White, All other, Female, Not in universe, Not in universe, Children or Armed Forces,0,0,0, Joint both under 65, Not in universe, Not in universe, Spouse of householder, Spouse of householder,1990.46, Nonmover, Nonmover, Nonmover, Yes, Not in universe,0, Not in universe, United-States, United-States, United-States, Native- Born in the United States,0, Not in universe,0,0,0,94,-50000
48, Private,4,32, High school graduate, Not in universe, Married-civilian spouse present, Social services, Other service, White, NA, Female, No, Not in universe, Children or Armed Forces,0,0,15, Joint both under 65, Not in universe, Not in universe, Spouse of householder, Spouse of householder,1788.4, Nonmover, Nonmover, Nonmover, No, Not in universe,0, Not in universe, Cuba, Cuba, Cuba, Foreign born- U S citizen by naturalization,0, Not in universe,0,52,0,94,-50000
8, Not in universe,4,3, Children, Not in universe, Never married, Not in universe or children, Not in universe, White, Mexican-American, Male, Not in universe, Not in universe, Children or Armed Forces,0,0,0, Nonfiler, Not in universe, Not in universe, Child <18 never marr not in subfamily, Child under 18 never married,2001.29, Nonmover, Not in universe, Not in universe, Not in universe under 1 year old, Not in universe,0, Both parents present, United-States, United-States, United-States, Native- Born in the United States,0, Not in universe,0,0,0,95,-50000
3, Not in universe,4,3, High school graduate, Not in universe, Widowed, Not in universe or children, Not in universe, White, All other, Female, Not in universe, Not in universe, Children or Armed Forces,,0,0, Single, Not in universe, Not in universe, Nonfamily householder, Householder,951.66, Nonmover, Nonmover, Nonmover, Yes, Not in universe,0, Not in universe, Hungary, Hungary, United-States, Native- Born in the United States,0, Not in universe,0,0,0,94,-50000
6, Private,4,3, 12th grade no diploma, Not in universe, Married-civilian spouse present, Manufacturing-nondurable goods, Professional specialty, White, Central or South American, Female, Not in universe, Not in universe, Children or Armed Forces,0,0,0, Joint both under 65, Not in universe, Not in universe, Spouse of householder, Spouse of householder,1745.09, Nonmover, Nonmover, Nonmover, Yes, Not in universe,0, Not in universe, Columbia, United-States, Columbia, Foreign born- Not a citizen of U S ,0, Not in universe,1,0,2,94,-50000
13, Not in universe,11,0, 7th and 8th grade, Not in universe, Married-civilian spouse present, Not in universe or children, Not in universe, White, Do not know, Female, Not in universe, Not in universe, Children or Armed Forces,2228,0,0, Joint both 65+, Not in universe, Not in universe, Householder, Householder,803.59, Nonmover, Nonmover, Nonmover, Yes, Not in universe,0, Not in universe, United-States, United-States, United-States, Native- Born in the United States,0, Not in universe,2,0,2,94,-50000
3, Private,41,10, Masters degree(MA MS MEng MEd MSW MBA), Not in universe, Married-civilian spouse present, Manufacturing-durable goods, Executive admin and managerial, White, All other, Male, Not in universe, Not in universe, Children or Armed Forces,0,0,0, Joint both under 65, Not in universe, Not in universe, Householder, Householder,1961.54, Nonmover, Nonmover, Nonmover, Yes, Not in universe,0, Not in universe, United-States, United-States, United-States, Native- Born in the United States,0, Not in universe,0,52,0,94, 50000+.
3, Private,17,28, 7th and 8th grade, Not in universe, Divorced, Business and repair services, Protective services, White, Cuban, Male, Not in universe, Re-entrant, Unemployed part- time,0,,0, Nonfiler, Not in universe, Not in universe, Nonfamily householder, Householder,1788.4, MSA to MSA, Abroad, Not in universe, Not in universe under 1 year old, Not in universe,0, Not in universe, Cuba, Cuba, Columbia, Foreign born- Not a citizen of U S ,0, Not in universe,1,1,0,95,-50000
2, Local government,4,0, Bachelors degree(BA AB BS), Not in universe, Divorced, Education, Professional specialty, Black, All other, Female, Not in universe, Not in universe, Full-time schedules,0,0,0, Single, Not in universe, Not in universe, Nonfamily householder, Householder,1975.77, Nonmover, Abroad, Not in universe, Not in universe under 1 year old, Not in universe,0, Not in universe, United-States, United-States, Germany, Native- Born abroad of American Parent(s),0, Not in universe,0,0,0,95,-50000
6, Private,33,24, High school graduate, Not in universe, Never married, Retail trade, Adm support including clerical, White, All other, Female, Not in universe, Not in universe, Children or Armed Forces,0,0,0, Single, Not in universe, Not in universe, Nonfamily householder, Householder,1747.59, Nonmover, Nonmover, Nonmover, Yes, Not in universe,0, Not in universe, United-States, United-States, United-States, Native- Born in the United States,0, Not in universe,0,25,0,94,-50000
12, Private,4,10, 11th grade, Not in universe, Married-civilian spouse present, Manufacturing-nondurable goods, Precision production craft & repair, White, All other, Female, Not in universe, Not in universe, Full-time schedules,0,,0, Joint both under 65, Not in universe, Not in universe, Spouse of householder, Spouse of householder,2075.7, Nonmover, Abroad, Not in universe, Not in universe under 1 year old, Not in universe,1, Not in universe, United-States, United-States, United-States, Native- Born in the United States,0, Not in universe,2,50,0,94,-50000
18, Not in universe,4,37, Children, Not in universe, Never married, Not in universe or children, Not in universe, White, All other, Male, Not in universe, Not in universe, Children or Armed Forces,0,0,0, Nonfiler, Not in universe, Not in universe, Child <18 never marr not in subfamily, Child under 18 never married,1682.7, Nonmover, Not in universe, Not in universe, Not in universe under 1 year old, Not in universe,0, Both parents present, United-States, United-States, United-States, Native- Born in the United States,0, Not in universe,0,1,0,95,-50000
2, Private,23,19, High school graduate, Not in universe, Never married, Retail trade, Sales, White, All other, Female, Not in universe, Job leaver, Children or Armed Forces,0,0,0, Single, West, California, Secondary individual, Nonrelative of householder,1848.2, MSA to MSA, Different county same state, Different county same state, No, Yes,0, Not in universe, United-States, United-States, United-States, Native- Born in the United States,0, Not in universe,0,52,2,94,-50000
0, Private,4,1, Some college but no degree, Not in universe, Never married, Retail trade, Sales, Black, All other, Female, Not in universe, Not in universe, Children or Armed Forces,0,0,0, Head of household, Not in universe, Not in universe, Householder, Householder,2075.7, Nonmover, Nonmover, Nonmover, Yes, Not in universe,0, Not in universe, United-States, United-States, United-States, Native- Born in the United States,0, Not in universe,0,20,2,94,-50000
11, Private,4,44, High school graduate, Not in universe, Married-civilian spouse present, Private household services, Farming forestry and fishing, Black, All other, Male, Not in universe, Not in universe, Children or Armed Forces,0,,0, Joint both under 65, Not in universe, Not in universe, Householder, Householder,1933.47, Nonmover, Nonmover, Nonmover, Yes, Not in universe,1, Not in universe, United-States, United-States, United-States, Native- Born in the United States,0, Not in universe,2,52,0,94,-50000
3, Not in universe,0,3, High school graduate, Not in universe, Married-civilian spouse present, Not in universe or children, Not in universe, White, All other, Male, Not in universe, Not in universe, Children or Armed Forces,,0,0, Joint both under 65, Not in universe, Not in universe, Householder, Householder,1933.47, Nonmover, Nonmover, Nonmover, Yes, Not in universe,0, Not in universe, United-States, United-States, United-States, Native- Born in the United States,0, No,1,0,0,94,-50000
3, Not in universe,0,2, Children, Not in universe, Never married, Not in universe or children, Not in universe, White, All other, Male, Not in universe, Not in universe, Children or Armed Forces,0,0,0, Nonfiler, Not in universe, Not in universe, Child <18 never marr not in subfamily, Child under 18 never married,2001.29, Nonmover, Nonmover, Nonmover, Yes, Not in universe,0, Both parents present, United-States, United-States, United-States, Native- Born in the United States,0, Not in universe,0,0,2,94,-50000
24, Private,23,3, Some college but no degree, College or university, Never married, Retail trade, Adm support including clerical, White, All other, Female, No, Not in universe, Children or Armed Forces,0,,2, Single, West, California, Child 18+ never marr Not in a subfamily, Child 18 or older,2138.7, MSA to MSA, Same county, Same county, No, Yes,0, Not in universe, United-States, United-States, United-States, Native- Born in the United States,2, Not in universe,1,52,700,94,-50000
11, Private,9,36, High school graduate, Not in universe, Married-civilian spouse present, Personal services except private HH, Machine operators assmblrs & inspctrs, White, All other, Female, Not in universe, Not in universe, Children or Armed Forces,0,0,0, Joint both under 65, Not in universe, Not in universe, Spouse of householder, Spouse of householder,1297.31, Nonmover, Nonmover, Nonmover, Yes, Not in universe,0, Not in universe, Puerto-Rico, United-States, Puerto-Rico, Native- Born in Puerto Rico or U S Outlying,0, Not in universe,0,52,0,94,-50000
3, Private,43,6, High school graduate, Not in universe, Married-civilian spouse present, Retail trade, Professional specialty, Other, All other, Male, Not in universe, Not in universe, Full-time schedules,,0,2, Joint both under 65, Not in universe, Not in universe, Householder, Householder,2138.7, MSA to MSA, Abroad, Not in universe, Not in universe under 1 year old, Not in universe,0, Not in universe, United-States, United-States, United-States, Native- Born in the United States,0, Not in universe,0,52,0,95,-50000
11, Not in universe,4,3, Children, Not in universe, Never married, Not in universe or children, Not in universe, White, All other, Female, Not in universe, Not in universe, Children or Armed Forces,0,0,0, Nonfiler, Not in universe, Not in universe, Child <18 never marr not in subfamily, Child under 18 never married,868.55, Nonmover, Nonmover, Nonmover, No, Not in universe,0, Mother only present, United-States, United-States, United-States, Native- Born in the United States,0, Not in universe,0,0,2,94,-50000
4, Not in universe,3,0, Children, Not in universe, Never married, Not in universe or children, Not in universe, White, All other, Male, Not in universe, Not in universe, Children or Armed Forces,0,0,2, Nonfiler, Not in universe, Not in universe, Child <18 never marr not in subfamily, Child under 18 never married,2037.18, Nonmover, Nonmover, Nonmover, Yes, Not in universe,0, Both parents present, United-States, United-States, United-States, Native- Born in the United States,0, Not in universe,0,0,2,94,-50000
5, Not in universe,4,3, Children, Not in universe, Never married, Not in universe or children, Not in universe, White, Mexican-American, Male, Not in universe, Not in universe, Children or Armed Forces,,,0, Nonfiler, Not in universe, Not in universe, Child <18 never marr not in subfamily, Child under 18 never married,2075.7, Not in universe, Not in universe, Not in universe, Not in universe under 1 year old, Not in universe,0, Both parents present, Mexico, United-States, United-States, Native- Born in the United States,0, Not in universe,0,0,2,94,-50000
26, Not in universe,4,0, Children, Not in universe, Never married, Not in universe or children, Not in universe, White, Central or South American, Male, Not in universe, Not in universe, Children or Armed Forces,0,,2, Nonfiler, Not in universe, Not in universe, Child <18 never marr not in subfamily, Child under 18 never married,1743.8, Nonmover, Nonmover, Nonmover, Yes, Not in universe,0, Both parents present, United-States, United-States, United-States, Native- Born in the United States,0, Not in universe,0,0,0,94,-50000
23, Private,17,37, Some college but no degree, Not in universe, Never married, Finance insurance and real estate, Adm support including clerical, White, All other, Male, No, Not in universe, Full-time schedules,0,0,2, Single, Not in universe, Not in universe, Nonfamily householder, Householder,600.23, Nonmover, Abroad, Not in universe, Not in universe under 1 year old, Not in universe,0, Not in universe, United-States, United-States, United-States, Native- Born in the United States,0, Not in universe,2,52,0,94,-50000
6, Not in universe,0,3, High school graduate, Not in universe, Married-civilian spouse present, Not in universe or children, Not in universe, White, All other, Male, Not in universe, Not in universe, Not in labor force,,0,0, Joint both under 65, Not in universe, Not in universe, Spouse of householder, Spouse of householder,834.92, Nonmover, Abroad, Not in universe, Not in universe under 1 year old, Not in universe,0, Not in universe, United-States, United-States, United-States, Native- Born in the United States,0, Not in universe,0,10,2,95,-50000
11, Not in universe,4,3, High school graduate, Not in universe, Widowed, Not in universe or children, Not in universe, White, All other, Male, Not in universe, Not in universe, Children or Armed Forces,0,,0, Single, Not in universe, Not in universe, Other Rel 18+ ever marr not in subfamily, Other relative of householder,1746.17, Nonmover, Nonmover, Nonmover, No, Not in universe,0, Not in universe, United-States, United-States, United-States, Native- Born in the United States,0, Not in universe,2,0,0,94,-50000
3, Self-employed-not incorporated,4,9, Prof school degree (MD DDS DVM LLB JD), Not in universe, Never married, Education, Professional specialty, White, All other, Male, Not in universe, Not in universe, PT for non-econ reasons usually FT,4787,0,540, Single, Not in universe, Not in universe, Nonfamily householder, Householder,1788.4, Nonmover, Abroad, Not in universe, Not in universe under 1 year old, Not in universe,0, Not in universe, United-States, United-States, United-States, Native- Born in the United States,1, Not in universe,0,6,0,95, 50000+.
3, Not in universe,4,2, High school graduate, Not in universe, Widowed, Not in universe or children, Not in universe, White, All other, Female, Not in universe, Not in universe, Children or Armed Forces,0,0,0, Nonfiler, Not in universe, Not in universe, Secondary individual, Nonrelative of householder,3397.31, Nonmover, Nonmover, Nonmover, Yes, Not in universe,0, Not in universe, United-States, United-States, United-States, Native- Born in the United States,0, Not in universe,0,0,0,94,-50000
3, Private,43,14, Some college but no degree, Not in universe, Divorced, Retail trade, Machine operators assmblrs & inspctrs, White, All other, Male, Not in universe, Not in universe, Full-time schedules,0,0,2, Single, Not in universe, Not in universe, Nonfamily householder, Householder,2112.24, MSA to MSA, Abroad, Not in universe, Not in universe under 1 year old, Not in universe,2, Not in universe, Outlying-U S (Guam USVI etc), United-States, Germany, Native- Born abroad of American Parent(s),0, Not in universe,0,51,2,95,-50000
4, Not in universe,4,2, Children, Not in universe, Never married, Not in universe or children, Not in universe, White, All other, Male, Not in universe, Not in universe, Children or Armed Forces,0,,4, Nonfiler, Not in universe, Not in universe, Child <18 never marr not in subfamily, Child under 18 never married,1788.4, Nonmover, Nonmover, Nonmover, Yes, Not in universe,0, Both parents present, United-States, United-States, United-States, Native- Born in the United States,0, Not in universe,0,0,0,94,-50000
7, Not in universe,3,3, Children, Not in universe, Never married, Not in universe or children, Not in universe, White, All other, Male, Not in universe, Not in universe, Children or Armed Forces,0,0,0, Nonfiler, Midwest, Minnesota, Child <18 never marr not in subfamily, Child under 18 never married,1571.0, MSA to MSA, Same county, Same county, No, No,0, Mother only present, United-States, United-States, United-States, Native- Born in the United States,0, Not in universe,0,8,2,94,-50000
3, Not in universe,0,2, Associates degree-occup /vocational, Not in universe, Widowed, Not in universe or children, Not in universe, White, All other, Female, Not in universe, Not in universe, Children or Armed Forces,0,0,2, Nonfiler, Not in universe, Not in universe, Nonfamily householder, Householder,1946.59, Nonmover, Nonmover, Nonmover, No, Not in universe,0, Not in universe, United-States, United-States, United-States, Native- Born in the United States,0, Not in universe,0,0,2,94,-50000
23, Private,42,3, 7th and 8th grade, Not in universe, Married-spouse absent, Manufacturing-nondurable goods, Professional specialty, White, Mexican (Mexicano), Male, Not in universe, Not in universe, Full-time schedules,0,0,0, Single, Not in universe, Not in universe, Other Rel 18+ ever marr not in subfamily, Other relative of householder,1605.47, Nonmover, Abroad, Not in universe, Not in universe under 1 year old, Not in universe,1, Not in universe, Mexico, Mexico, Mexico, Foreign born- Not a citizen of U S ,0, Not in universe,2,50,0,94,-50000
15, Not in universe,3,3, 9th grade, Not in universe, Never married, Not in universe or children, Not in universe, White, All other, Male, Not in universe, Not in universe, Not in labor force,0,0,2, Nonfiler, Not in universe, Not in universe, Child <18 never marr not in subfamily, Child under 18 never married,310.98, Nonmover, Abroad, Not in universe, Not in universe under 1 year old, Not in universe,0, Both parents present, United-States, United-States, United-States, Native- Born in the United States,0, Not in universe,0,0,0,94,-50000
7, Not in universe,4,1, 10th grade, High school, Never married, Not in universe or children, Not in universe, White, All other, Female, Not in universe, Not in universe, Children or Armed Forces,0,0,0, Nonfiler, Not in universe, Not in universe, Child <18 never marr not in subfamily, Child under 18 never married,1788.4, Nonmover, Nonmover, Nonmover, Yes, Not in universe,0, Mother only present, United-States, United-States, United-States, Native- Born in the United States,0, Not in universe,2,5,0,94,-50000
11, Private,23,9, Some college but no degree, College or university, Never married, Retail trade, Other service, White, All other, Female, Not in universe, Not in universe, Full-time schedules,0,0,0, Single, Not in universe, Not in universe, Secondary individual, Nonrelative of householder,1078.04, Nonmover, Abroad, Not in universe, Not in universe under 1 year old, Not in universe,1, Not in universe, United-States, United-States, United-States, Native- Born in the United States,0, Not in universe,2,10,0,94,-50000
12, Self-employed-not incorporated,43,10, High school graduate, Not in universe, Divorced, Retail trade, Sales, White, All other, Male, Not in universe, Not in universe, Children or Armed Forces,0,0,0, Single, Not in universe, Not in universe, Child 18+ ever marr Not in a subfamily, Child 18 or older,1682.7, Nonmover, Nonmover, Nonmover, Yes, Not in universe,0, Not in universe, United-States, United-States, United-States, Native- Born in the United States,0, Not in universe,0,0,0,94,-50000
37, Not in universe,0,3, High school graduate, Not in universe, Divorced, Not in universe or children, Not in universe, White, Mexican-American, Male, Not in universe, Not in universe, Children or Armed Forces,0,0,0, Nonfiler, Not in universe, Not in universe, Child 18+ ever marr Not in a subfamily, Child 18 or older,3382.69, Nonmover, Nonmover, Nonmover, Yes, Not in universe,0, Not in universe, United-States, United-States, United-States, Native- Born in the United States,0, Not in universe,0,0,2,94,-50000
2, Private,41,23, High school graduate, Not in universe, Married-civilian spouse present, Hospital services, Professional specialty, White, All other, Female, Not in universe, Not in universe, Full-time schedules,0,0,100, Joint both under 65, Not in universe, Not in universe, Spouse of householder, Spouse of householder,1605.47, Nonmover, Abroad, Not in universe, Not in universe under 1 year old, Not in universe,0, Not in universe, United-States, United-States, United-States, Native- Born in the United States,0, Not in universe,0,14,0,95,-50000
3, Private,31,3, 10th grade, High school, Never married, Retail trade, Other service, Other, All other, Male, Not in universe, Not in universe, Children or Armed Forces,0,,0, Nonfiler, Not in universe, Not in universe, Child <18 never marr not in subfamily, Child under 18 never married,1682.7, Nonmover, Nonmover, Nonmover, Yes, Not in universe,0, Both parents present, United-States, United-States, United-States, Native- Born in the United States,0, Not in universe,0,0,0,94,-50000
19, Not in universe,4,3, Children, Not in universe, Never married, Not in universe or children, Not in universe, White, All other, Female, Not in universe, Not in universe, Children or Armed Forces,0,0,0, Single, Not in universe, Not in universe, Child <18 never marr not in subfamily, Child under 18 never married,1110.73, Nonmover, Nonmover, Nonmover, Yes, Not in universe,0, Both parents present, United-States, United-States, United-States, Native- Born in the United States,0, Not in universe,0,0,2,94,-50000
29, Private,4,3, High school graduate, Not in universe, Never married, Retail trade, Precision production craft & repair, White, All other, Male, Not in universe, Not in universe, Full-time schedules,0,0,0, Single, Not in universe, Not in universe, Child 18+ never marr Not in a subfamily, Child 18 or older,1433.34, Nonmover, Abroad, Not in universe, Not in universe under 1 year old, Not in universe,0, Not in universe, United-States, United-States, United-States, Native- Born in the United States,0, Not in universe,0,0,0,94,-50000
5, Private,4,3, Bachelors degree(BA AB BS), Not in universe, Married-civilian spouse present, Other professional services, Executive admin and managerial, White, All other, Male, Not in universe, Not in universe, Full-time schedules,0,0,0, Joint both under 65, Not in universe, Not in universe, Householder, Householder,1788.4, Nonmover, Abroad, Not in universe, Not in universe under 1 year old, Not in universe,0, Not in universe, United-States, United-States, United-States, Native- Born in the United States,0, Not in universe,1,52,0,95,-50000
6, Not in universe,3,3, High school graduate, Not in universe, Widowed, Not in universe or children, Not in universe, White, All other, Female, Not in universe, Not in universe, Children or Armed Forces,0,0,0, Single, Not in universe, Not in universe, Secondary individual, Other relative of householder,842.41, Nonmover, Nonmover, Nonmover, Yes, Not in universe,0, Not in universe, England, Poland, England, Foreign born- U S citizen by naturalization,0, Not in universe,0,0,2,94,-50000
3, Not in universe,1,3, Children, Not in universe, Never married, Not in universe or children, Not in universe, Black, All other, Male, Not in universe, Not in universe, Children or Armed Forces,0,0,2, Nonfiler, West, Alaska, Child <18 never marr not in subfamily, Child under 18 never married,998.23, MSA to MSA, Same county, Same county, No, No,0, Both parents present, United-States, United-States, Italy, Native- Born abroad of American Parent(s),0, Not in universe,0,0,0,94,-50000
3, Not in universe,4,3, 10th grade, Not in universe, Married-civilian spouse present, Not in universe or children, Not in universe, White, All other, Male, Not in universe, Not in universe, Not in labor force,0,0,0, Joint both 65+, Not in universe, Not in universe, Householder, Householder,2019.61, Nonmover, Abroad, Not in universe, Not in universe under 1 year old, Not in universe,0, Not in universe, United-States, United-States, United-States, Native- Born in the United States,0, Not in universe,2,20,0,94,-50000
4, Not in universe,3,0, Children, Not in universe, Never married, Not in universe or children, Not in universe, White, All other, Male, Not in universe, Not in universe, Children or Armed Forces,0,0,2, Nonfiler, Not in universe, Not in universe, Child <18 never marr not in subfamily, Child under 18 never married,1682.7, Nonmover, Nonmover, Nonmover, Yes, Not in universe,0, Both parents present, United-States, United-States, United-States, Native- Born in the United States,0, Not in universe,0,0,2,94,-50000
7, Not in universe,3,3, High school graduate, Not in universe, Married-civilian spouse present, Not in universe or children, Not in universe, White, All other, Female, Not in universe, Not in universe, Not in labor force,3103,,0, Joint both under 65, Not in universe, Not in universe, Householder, Householder,1034.16, Nonmover, Abroad, Not in universe, Not in universe under 1 year old, Not in universe,0, Not in universe, United-States, Italy, United-States, Native- Born in the United States,0, Not in universe,0,0,2,95,-50000
3, Not in universe,0,3, 9th grade, Not in universe, Widowed, Not in universe or children, Not in universe, White, All other, Male, Not in universe, Not in universe, Not in labor force,0,0,0, Nonfiler, Not in universe, Not in universe, Nonfamily householder, Householder,459.98, Nonmover, Abroad, Not in universe, Not in universe under 1 year old, Not in universe,0, Not in universe, United-States, United-States, United-States, Native- Born in the United States,0, Not in universe,2,0,0,95,-50000
33, Not in universe,3,0, 9th grade, Not in universe, Never married, Not in universe or children, Not in universe, White, Mexican (Mexicano), Female, Not in universe, Not in universe, Children or Armed Forces,0,,0, Nonfiler, Not in universe, Not in universe, Householder, Householder,2002.87, Nonmover, Nonmover, Nonmover, Yes, Not in universe,0, Not in universe, United-States, United-States, United-States, Native- Born in the United States,0, Not in universe,0,0,2,94,-50000
1, Not in universe,3,3, Some college but no degree, Not in universe, Divorced, Not in universe or children, Not in universe, Black, All other, Male, Not in universe, Not in universe, Children or Armed Forces,0,0,0, Nonfiler, Not in universe, Not in universe, Nonfamily householder, Householder,559.12, Nonmover, Nonmover, Nonmover, No, Not in universe,0, Not in universe, United-States, United-States, United-States, Native- Born in the United States,0, Yes,1,1,0,94,-50000
12, Private,33,3, Associates degree-occup /vocational, Not in universe, Married-civilian spouse present, Medical except hospital, Professional specialty, White, All other, Male, Not in universe, Not in universe, Children or Armed Forces,0,0,2, Joint both under 65, Not in universe, Not in universe, Spouse of householder, Spouse of householder,857.41, Nonmover, Nonmover, Nonmover, No, Not in universe,2, Not in universe, United-States, United-States, United-States, Native- Born in the United States,0, Not in universe,2,52,0,94,-50000
2, Not in universe,4,2, Children, Not in universe, Never married, Not in universe or children, Not in universe, White, All other, Male, Not in universe, Not in universe, Children or Armed Forces,0,0,0, Nonfiler, Not in universe, Not in universe, Child <18 never marr not in subfamily, Child under 18 never married,1788.4, Nonmover, Nonmover, Nonmover, No, Not in universe,0, Both parents present, United-States, United-States, United-States, Native- Born in the United States,0, Not in universe,0,0,0,94,-50000
3, Not in universe,0,0, Children, Not in universe, Never married, Not in universe or children, Not in universe, White, All other, Male, Not in universe, Not in universe, Children or Armed Forces,0,0,0, Nonfiler, South, Texas, Child <18 never marr not in subfamily, Child under 18 never married,2075.7, MSA to MSA, Same county, Same county, No, Yes,0, Both parents present, United-States, United-States, United-States, Native- Born in the United States,0, Not in universe,0,0,0,94,-50000
3, Self-employed-not incorporated,31,3, Associates degree-occup /vocational, Not in universe, Married-civilian spouse present, Business and repair services, Sales, White, All other, Male, Not in universe, Not in universe, Full-time schedules,0,0,0, Joint both under 65, Not in universe, Not in universe, Householder, Householder,1788.4, Nonmover, Abroad, Not in universe, Not in universe under 1 year old, Not in universe,0, Not in universe, United-States, United-States, United-States, Native- Born in the United States,0, Not in universe,1,25,2,94, 50000+.
35, Private,4,3, Some college but no degree, Not in universe, Married-civilian spouse present, Construction, Professional specialty, White, All other, Male, Not in universe, Not in universe, Full-time schedules,0,0,0, Joint both under 65, Not in universe, Not in universe, Householder, Householder,1571.0, Nonmover, Abroad, Not in universe, Not in universe under 1 year old, Not in universe,1, Not in universe, United-States, United-States, United-States, Native- Born in the United States,0, Not in universe,1,0,2,94,-50000
3, Not in universe,4,8, 9th grade, Not in universe, Married-civilian spouse present, Not in universe or children, Not in universe, White, All other, Female, Not in universe, Not in universe, Not in labor force,,0,0, Joint both 65+, Not in universe, Not in universe, Spouse of householder, Spouse of householder,864.34, Nonmover, Abroad, Not in universe, Not in universe under 1 year old, Not in universe,0, Not in universe, United-States, United-States, United-States, Native- Born in the United States,0, Not in universe,1,0,0,95,-50000
6, Not in universe,3,0, Children, Not in universe, Never married, Not in universe or children, Not in universe, White, All other, Female, Not in universe, Not in universe, Children or Armed Forces,0,,0, Nonfiler, Not in universe, Not in universe, Child <18 never marr not in subfamily, Child under 18 never married,803.59, Nonmover, Nonmover, Nonmover, Yes, Not in universe,0, Both parents present, United-States, United-States, United-States, Native- Born in the United States,0, Not in universe,0,1,0,94,-50000
3, Not in universe,4,3, High school graduate, Not in universe, Married-civilian spouse present, Not in universe or children, Not in universe, White, All other, Female, Not in universe, Not in universe, Not in labor force,0,0,15, Joint both under 65, Not in universe, Not in universe, Spouse of householder, Spouse of householder,1848.2, Nonmover, Abroad, Not in universe, Not in universe under 1 year old, Not in universe,0, Not in universe, United-States, United-States, United-States, Native- Born in the United States,0, Not in universe,2,0,2,94,-50000
11, Private,4,3, Associates degree-academic program, Not in universe, Married-civilian spouse present, Retail trade, Executive admin and managerial, White, All other, Female, Not in universe, Not in universe, Children or Armed Forces,0,,0, Joint both under 65, Not in universe, Not in universe, Spouse of householder, Spouse of householder,1788.4, Nonmover, Nonmover, Nonmover, Yes, Not in universe,0, Not in universe, United-States, United-States, United-States, Native- Born in the United States,0, Not in universe,0,25,0,94,-50000
3, Local government,17,1, Bachelors degree(BA AB BS), Not in universe, Divorced, Education, Professional specialty, White, All other, Male, Not in universe, Not in universe, Children or Armed Forces,0,0,2, Head of household, Not in universe, Not in universe, Householder, Householder,1123.61, Nonmover, Nonmover, Nonmover, Yes, Not in universe,0, Not in universe, United-States, United-States, United-States, Native- Born in the United States,0, Not in universe,2,25,0,94,-50000
1, Private,4,3, 9th grade, High school, Never married, Finance insurance and real estate, Professional specialty, White, All other, Male, Not in universe, Not in universe, Full-time schedules,0,,2, Nonfiler, Not in universe, Not in universe, Child <18 never marr not in subfamily, Child under 18 never married,868.55, Nonmover, Abroad, Not in universe, Not in universe under 1 year old, Not in universe,1, Both parents present, United-States, United-States, United-States, Native- Born in the United States,0, Not in universe,0,0,0,95,-50000
7, Private,4,3, High school graduate, Not in universe, Divorced, Retail trade, Professional specialty, White, All other, Female, Not in universe, Not in universe, Children or Armed Forces,0,0,0, Head of household, Not in universe, Not in universe, Householder, Householder,2223.92, Nonmover, Nonmover, Nonmover, Yes, Not in universe,0, Not in universe, United-States, United-States, United-States, Native- Born in the United States,0, Not in universe,0,0,0,94,-50000
11, Not in universe,0,3, Some college but no degree, Not in universe, Widowed, Not in universe or children, Not in universe, White, Mexican (Mexicano), Female, Not in universe, Not in universe, Not in labor force,0,?,0, Nonfiler, Not in universe, Not in universe, Other Rel 18+ ever marr not in subfamily, Other relative of householder,1693.63, Nonmover, Abroad, Not in universe, Not in universe under 1 year old, Not in universe,0, Not in universe, Mexico, Mexico, Mexico, Foreign born- Not a citizen of U S ,0, Not in universe,0,0,0,94,-50000
67, Self-employed-not incorporated,4,4, Some college but no degree, Not in universe, Divorced, Education, Professional specialty, White, All other, Male, Not in universe, Not in universe, Full-time schedules,0,0,540, Single, Not in universe, Not in universe, Secondary individual, Nonrelative of householder,1391.12, Nonmover, Abroad, Abroad, Not in universe under 1 year old, Not in universe,0, Not in universe, United-States, United-States, Canada, Native- Born abroad of American Parent(s),0, Not in universe,0,25,0,94,-50000
3, Not in universe,4,2, Less than 1st grade, Not in universe, Never married, Not in universe or children, Not in universe, White, All other, Male, Not in universe, Not in universe, Not in labor force,0,,0, Nonfiler, Not in universe, Not in universe, Nonfamily householder, Householder,1433.34, Nonmover, Abroad, Not in universe, Not in universe under 1 year old, Not in universe,0, Not in universe, United-States, United-States, United-States, Native- Born in the United States,0, Not in universe,2,0,0,94,-50000
3, Not in universe,0,3, High school graduate, Not in universe, Widowed, Not in universe or children, Not in universe, White, All other, Female, Not in universe, Not in universe, Children or Armed Forces,0,,0, Single, Midwest, Kansas, Nonfamily householder, Householder,990.79, NonMSA to MSA, Different region, Different state in Midwest, No, No,0, Not in universe, United-States, United-States, United-States, Native- Born in the United States,0, Not in universe,0,1,2,94,-50000
3, Not in universe,0,3, High school graduate, Not in universe, Married-civilian spouse present, Not in universe or children, Not in universe, White, All other, Female, Not in universe, Not in universe, Children or Armed Forces,0,0,0, Joint one under 65 & one 65+, Not in universe, Not in universe, Spouse of householder, Spouse of householder,1206.22, Nonmover, Nonmover, Nonmover, Yes, Not in universe,0, Not in universe, United-States, United-States, United-States, Native- Born in the United States,0, Not in universe,0,0,0,94,-50000
7, Not in universe,3,0, Children, Not in universe, Never married, Not in universe or children, Not in universe, White, All other, Female, Not in universe, Not in universe, Children or Armed Forces,0,0,0, Nonfiler, Not in universe, Not in universe, Child <18 never marr not in subfamily, Child under 18 never married,1152.22, Nonmover, Not in universe, Not in universe, Not in universe under 1 year old, Not in universe,0, Both parents present, United-States, United-States, United-States, Native- Born in the United States,0, Not in universe,0,0,2,94,-50000
6, Not in universe,4,6, Children, Not in universe, Never married, Not in universe or children, Not in universe, White, All other, Male, Not in universe, Not in universe, Children or Armed Forces,0,0,0, Nonfiler, Not in universe, Not in universe, Child <18 never marr not in subfamily, Child under 18 never married,2094.11, Nonmover, Nonmover, Nonmover, Yes, Not in universe,0, Both parents present, United-States, United-States, United-States, Native- Born in the United States,0, Not in universe,0,0,2,94,-50000
2, Not in universe,0,3, Children, Not in universe, Never married, Not in universe or children, Not in universe, White, Mexican-American, Male, Not in universe, Not in universe, Children or Armed Forces,,0,0, Nonfiler, Not in universe, Not in universe, Grandchild <18 never marr not in subfamily, Other relative of householder,2112.24, Nonmover, Nonmover, Nonmover, Yes, Not in universe,0, Neither parent present, United-States, United-States, United-States, Native- Born in the United States,0, Not in universe,0,0,0,94,-50000
26, Not in universe,4,3, High school graduate, Not in universe, Married-civilian spouse present, Not in universe or children, Not in universe, White, All other, Female, Not in universe, Not in universe, Not in labor force,0,0,0, Joint both under 65, Not in universe, Not in universe, Householder, Householder,1745.09, Nonmover, Abroad, Not in universe, Not in universe under 1 year old, Not in universe,0, Not in universe, United-States, United-States, United-States, Native- Born in the United States,0, Not in universe,1,4,0,95,-50000
12, State government,4,10, Some college but no degree, Not in universe, Married-civilian spouse present, Education, Adm support including clerical, White, All other, Male, Not in universe, Not in universe, Full-time schedules,0,0,0, Joint both under 65, Not in universe, Not in universe, Householder, Householder,1848.2, Nonmover, Abroad, Not in universe, Not in universe under 1 year old, Not in universe,0, Not in universe, United-States, United-States, United-States, Native- Born in the United States,2, Not in universe,2,0,0,95,-50000
11, Local government,4,31, High school graduate, Not in universe, Married-civilian spouse present, Education, Other service, White, All other, Male, Not in universe, Not in universe, Full-time schedules,0,,0, Joint both under 65, Not in universe, Not in universe, Householder, Householder,1848.2, Nonmover, Abroad, Not in universe, Not in universe under 1 year old, Not in universe,0, Not in universe, United-States, United-States, United-States, Native- Born in the United States,0, Not in universe,0,52,0,95,-50000
11, Private,4,8, Associates degree-academic program, Not in universe, Never married, Retail trade, Transportation and material moving, White, All other, Male, Not in universe, Not in universe, Full-time schedules,,0,0, Single, Not in universe, Not in universe, Nonfamily householder, Householder,1339.61, MSA to MSA, Abroad, Not in universe, Not in universe under 1 year old, Not in universe,0, Not in universe, United-States, United-States, United-States, Native- Born in the United States,0, Not in universe,2,0,0,94,-50000
11, Not in universe,4,3, Children, Not in universe, Never married, Not in universe or children, Not in universe, White, All other, Male, Not in universe, Not in universe, Children or Armed Forces,0,0,2, Nonfiler, Not in universe, Not in universe, Child <18 never marr not in subfamily, Child under 18 never married,1391.12, Nonmover, Nonmover, Nonmover, No, Not in universe,0, Both parents present, United-States, United-States, United-States, Native- Born in the United States,0, Not in universe,0,1,0,94,-50000
3, Private,4,3, High school graduate, Not in universe, Never married, Retail trade, Transportation and material moving, White, Other Spanish, Male, Not in universe, Not in universe, Children or Armed Forces,,0,0, Single, Northeast, New Mexico, Other Rel 18+ never marr not in subfamily, Other relative of householder,492.44, MSA to MSA, Same county, Same county, No, No,0, Not in universe, Dominican-Republic, Dominican-Republic, Dominican-Republic, Foreign born- Not a citizen of U S ,0, Not in universe,2,0,0,94,-50000
0, Not in universe,4,3, Children, Not in universe, Never married, Not in universe or children, Not in universe, White, All other, Male, Not in universe, Not in universe, Children or Armed Forces,0,0,0, Nonfiler, Not in universe, Not in universe, Child <18 never marr not in subfamily, Child under 18 never married,1743.8, Not in universe, Not in universe, Not in universe, Not in universe under 1 year old, Not in universe,0, Both parents present, United-States, United-States, United-States, Native- Born in the United States,0, Not in universe,0,0,0,94,-50000
8, Not in universe,0,2, Children, Not in universe, Never married, Not in universe or children, Not in universe, Black, All other, Male, Not in universe, Not in universe, Children or Armed Forces,0,0,0, Nonfiler, Not in universe, Not in universe, Child <18 never marr not in subfamily, Child under 18 never married,391.08, Nonmover, Nonmover, Nonmover, Yes, Not in universe,0, Both parents present, United-States, United-States, United-States, Native- Born in the United States,0, Not in universe,0,0,0,94,-50000
3, Private,9,26, Associates degree-occup /vocational, Not in universe, Divorced, Transportation, Adm support including clerical, White, All other, Male, Not in universe, Not in universe, Children or Armed Forces,0,0,0, Single, Not in universe, Not in universe, Secondary individual, Nonrelative of householder,1239.35, Nonmover, Nonmover, Nonmover, Yes, Not in universe,1, Not in universe, United-States, United-States, United-States, Native- Born in the United States,0, Not in universe,0,52,0,94,-50000
8, Private,9,10, High school graduate, Not in universe, Married-civilian spouse present, Personal services except private HH, Adm support including clerical, White, All other, Male, Not in universe, Not in universe, Children or Armed Forces,,0,0, Joint both under 65, Not in universe, Not in universe, Householder, Householder,1788.4, Nonmover, Nonmover, Nonmover, No, Not in universe,0, Not in universe, United-States, United-States, United-States, Native- Born in the United States,0, Not in universe,2,6,0,94,-50000
26, Not in universe,4,0, 10th grade, Not in universe, Widowed, Not in universe or children, Not in universe, White, All other, Male, Not in universe, Not in universe, Not in labor force,0,0,0, Nonfiler, Not in universe, Not in universe, Nonfamily householder, Householder,490.06, Nonmover, Abroad, Not in universe, Not in universe under 1 year old, Not in universe,0, Not in universe, United-States, United-States, United-States, Native- Born in the United States,0, Not in universe,0,0,2,94,-50000
20, State government,4,10, Some college but no degree, College or university, Married-civilian spouse present, Education, Other service, White, All other, Female, Not in universe, Not in universe, Children or Armed Forces,0,0,0, Joint both under 65, Not in universe, Not in universe, Spouse of householder, Spouse of householder,1788.4, Nonmover, Nonmover, Nonmover, Yes, Not in universe,0, Not in universe, United-States, China, Guatemala, Foreign born- Not a citizen of U S ,0, Not in universe,2,0,0,94,-50000
3, Private,41,3, Bachelors degree(BA AB BS), Not in universe, Married-civilian spouse present, Hospital services, Executive admin and managerial, White, All other, Male, Not in universe, Not in universe, Children or Armed Forces,,,0, Joint both under 65, Not in universe, Not in universe, Householder, Householder,2075.7, Nonmover, Nonmover, Nonmover, Yes, Not in universe,0, Not in universe, United-States, United-States, United-States, Native- Born in the United States,0, Not in universe,2,25,0,94,-50000
3, Self-employed-incorporated,4,17, Some college but no degree, Not in universe, Married-civilian spouse present, Finance insurance and real estate, Sales, White, All other, Male, Not in universe, Not in universe, Full-time schedules,914,0,15, Joint both under 65, Not in universe, Not in universe, Spouse of householder, Spouse of householder,1848.2, Nonmover, Abroad, Not in universe, Not in universe under 1 year old, Not in universe,0, Not in universe, United-States, United-States, United-States, Native- Born in the United States,0, Not in universe,0,25,0,95,-50000
23, Private,42,3, Less than 1st grade, Not in universe, Separated, Manufacturing-nondurable goods, Machine operators assmblrs & inspctrs, Asian or Pacific Islander, All other, Female, Not in universe, Not in universe, Full-time schedules,0,0,0, Single, Not in universe, Not in universe, Nonfamily householder, Householder,1788.4, Nonmover, Abroad, Not in universe, Not in universe under 1 year old, Not in universe,0, Not in universe, South Korea, South Korea, South Korea, Foreign born- U S citizen by naturalization,0, Not in universe,0,0,0,94,-50000
3, Not in universe,0,0, Children, Not in universe, Never married, Not in universe or children, Not in universe, White, All other, Female, Not in universe, Not in universe, Children or Armed Forces,0,,0, Nonfiler, Not in universe, Not in universe, Child <18 never marr not in subfamily, Child under 18 never married,864.34, MSA to MSA, Not in universe, Not in universe, Not in universe under 1 year old, Not in universe,0, Both parents present, United-States, Guatemala, United-States, Native- Born in the United States,0, Not in universe,0,0,0,94,-50000
19, Private,4,29, High school graduate, Not in universe, Never married, Retail trade, Other service, White, All other, Female, Not in universe, Re-entrant, Unemployed part- time,0,,2, Single, Not in universe, Not in universe, Nonfamily householder, Householder,1743.8, Nonmover, Abroad, Not in universe, Not in universe under 1 year old, Not in universe,0, Not in universe, United-States, United-States, United-States, Native- Born in the United States,0, Not in universe,0,28,0,95,-50000
45, Self-employed-not incorporated,43,3, High school graduate, Not in universe, Married-civilian spouse present, Retail trade, Sales, White, All other, Male, Not in universe, Not in universe, Full-time schedules,0,1977,0, Joint both under 65, Not in universe, Not in universe, Householder, Householder,1605.47, Nonmover, Abroad, Not in universe, Not in universe under 1 year old, Not in universe,1, Not in universe, United-States, United-States, United-States, Native- Born in the United States,0, Not in universe,2,14,0,95, 50000+.
3, Not in universe,4,3, 9th grade, Not in universe, Married-civilian spouse present, Not in universe or children, Not in universe, White, All other, Female, Not in universe, Not in universe, Children or Armed Forces,0,0,0, Joint one under 65 & one 65+, Not in universe, Not in universe, Spouse of householder, Spouse of householder,1566.66, Nonmover, Nonmover, Nonmover, No, Not in universe,0, Not in universe, United-States, United-States, United-States, Native- Born in the United States,0, Not in universe,1,0,0,94,-50000
3, Not in universe,4,3, 7th and 8th grade, Not in universe, Divorced, Not in universe or children, Not in universe, White, All other, Male, Not in universe, Not in universe, Not in labor force,,,2, Nonfiler, Not in universe, Not in universe, Other Rel 18+ ever marr not in subfamily, Other relative of householder,1571.0, Nonmover, Abroad, Not in universe, Not in universe under 1 year old, Not in universe,0, Not in universe, Italy, Italy, United-States, Native- Born in the United States,0, Not in universe,0,1,,95,-50000
3, Private,33,3, High school graduate, Not in universe, Married-civilian spouse present, Retail trade, Executive admin and managerial, White, All other, Male, Not in universe, Not in universe, Children or Armed Forces,,0,0, Joint both under 65, Not in universe, Not in universe, Householder, Householder,1833.94, Nonmover, Nonmover, Nonmover, No, Not in universe,6, Not in universe, United-States, United-States, United-States, Native- Born in the United States,0, Not in universe,0,52,0,94,-50000
0, Not in universe,4,4, 9th grade, Not in universe, Never married, Not in universe or children, Not in universe, White, Other Spanish, Male, Not in universe, Not in universe, Not in labor force,0,0,0, Nonfiler, Not in universe, Not in universe, Child 18+ never marr Not in a subfamily, Child 18 or older,857.41, Nonmover, Abroad, Not in universe, Not in universe under 1 year old, Not in universe,0, Not in universe, Dominican-Republic, Dominican-Republic, Dominican-Republic, Foreign born- Not a citizen of U S ,0, Not in universe,2,0,0,95,-50000
31, Federal government,9,2, Bachelors degree(BA AB BS), Not in universe, Never married, Transportation, Professional specialty, Other, All other, Male, Not in universe, Not in universe, Full-time schedules,0,0,2, Single, Not in universe, Not in universe, Nonfamily householder, Householder,2019.61, Nonmover, Abroad, Not in universe, Not in universe under 1 year old, Not in universe,4, Not in universe, United-States, United-States, United-States, Native- Born in the United States,0, Not in universe,2,50,0,95,-50000
3, Local government,4,2, Some college but no degree, College or university, Never married, Education, Adm support including clerical, White, All other, Female, Not in universe, Not in universe, Children or Armed Forces,0,0,0, Single, Not in universe, Not in universe, Child 18+ never marr Not in a subfamily, Child 18 or older,2075.7, Nonmover, Nonmover, Nonmover, Yes, Not in universe,0, Not in universe, United-States, United-States, United-States, Native- Born in the United States,0, Not in universe,0,0,0,94,-50000
3, Not in universe,3,0, High school graduate, Not in universe, Widowed, Not in universe or children, Not in universe, White, All other, Female, Not in universe, Not in universe, Not in labor force,0,,0, Nonfiler, Not in universe, Not in universe, Nonfamily householder, Householder,1571.0, Nonmover, Abroad, Not in universe, Not in universe under 1 year old, Not in universe,0, Not in universe, United-States, United-States, United-States, Native- Born in the United States,0, Not in universe,2,0,2,94,-50000
11, Self-employed-incorporated,17,4, High school graduate, Not in universe, Married-civilian spouse present, Construction, Professional specialty, White, All other, Male, Not in universe, Not in universe, Children or Armed Forces,0,,0, Joint both under 65, Not in universe, Not in universe, Householder, Householder,803.59, Nonmover, Nonmover, Nonmover, No, Not in universe,1, Not in universe, United-States, United-States, United-States, Native- Born in the United States,0, Not in universe,0,25,0,94,-50000
3, Not in universe,4,3, High school graduate, Not in universe, Divorced, Not in universe or children, Not in universe, White, All other, Female, Not in universe, Not in universe, Children or Armed Forces,0,0,200, Single, Not in universe, Not in universe, Nonfamily householder, Householder,1743.8, Nonmover, Nonmover, Nonmover, Yes, Not in universe,0, Not in universe, United-States, United-States, United-States, Native- Born in the United States,0, Not in universe,0,0,0,94,-50000
3, Private,4,2, Masters degree(MA MS MEng MEd MSW MBA), Not in universe, Married-civilian spouse present, Business and repair services, Executive admin and managerial, White, All other, Male, Not in universe, Not in universe, Children or Armed Forces,0,,100, Joint both under 65, Not in universe, Not in universe, Householder, Householder,951.66, Nonmover, Nonmover, Nonmover, Yes, Not in universe,0, Not in universe, Cuba, Haiti, Cuba, Foreign born- Not a citizen of U S ,1, Not in universe,2,25,0,94, 50000+.
8, Self-employed-not incorporated,4,34, Bachelors degree(BA AB BS), Not in universe, Married-civilian spouse present, Agriculture, Farming forestry and fishing, White, All other, Male, Not in universe, Not in universe, Full-time schedules,0,0,20, Joint both under 65, Not in universe, Not in universe, Householder, Householder,288.69, Nonmover, Abroad, Not in universe, Not in universe under 1 year old, Not in universe,0, Not in universe, United-States, United-States, United-States, Native- Born in the United States,2, Not in universe,0,52,0,95,-50000
3, Private,45,2, Associates degree-academic program, Not in universe, Married-civilian spouse present, Other professional services, Professional specialty, White, All other, Female, Not in universe, Not in universe, Full-time schedules,?,0,0, Joint both under 65, Not in universe, Not in universe, Spouse of householder, Spouse of householder,1746.17, Nonmover, Abroad, Not in universe, Not in universe under 1 year old, Not in universe,1, Not in universe, United-States, United-States, United-States, Native- Born in the United States,0, Not in universe,1,25,0,95,-50000
7, Not in universe,4,3, 10th grade, Not in universe, Widowed, Not in universe or children, Not in universe, White, All other, Male, Not in universe, Not in universe, Children or Armed Forces,0,0,0, Nonfiler, Not in universe, Not in universe, Nonfamily householder, Householder,2293.71, Nonmover, Nonmover, Nonmover, Yes, Not in universe,0, Not in universe, United-States, United-States, United-States, Native- Born in the United States,0, Not in universe,2,0,0,94,-50000
1, Private,4,28, 11th grade, Not in universe, Never married, Entertainment, Adm support including clerical, White, All other, Female, Not in universe, Not in universe, Full-time schedules,0,0,0, Single, Not in universe, Not in universe, Child <18 never marr not in subfamily, Child under 18 never married,253.62, Nonmover, Abroad, Not in universe, Not in universe under 1 year old, Not in universe,1, Mother only present, United-States, United-States, United-States, Native- Born in the United States,0, Not in universe,0,52,0,95,-50000
3, Private,17,10, 10th grade, Not in universe, Married-civilian spouse present, Construction, Precision production craft & repair, White, All other, Male, Not in universe, Not in universe, Children or Armed Forces,0,,0, Joint both under 65, Not in universe, Not in universe, Householder, Householder,2138.7, Nonmover, Nonmover, Nonmover, Yes, Not in universe,0, Not in universe, United-States, United-States, United-States, Native- Born in the United States,0, Not in universe,0,0,0,94,-50000
3, Local government,4,3, 11th grade, Not in universe, Married-civilian spouse present, Public administration, Professional specialty, Amer Indian Aleut or Eskimo, All other, Female, No, Not in universe, Children or Armed Forces,0,,2, Joint both under 65, Not in universe, Not in universe, Householder, Householder,2019.61, Nonmover, Nonmover, Nonmover, Yes, Not in universe,0, Not in universe, United-States, United-States, United-States, Native- Born in the United States,0, Not in universe,2,52,438,94,-50000
19, Not in universe,0,3, 11th grade, Not in universe, Widowed, Not in universe or children, Not in universe, White, All other, Female, Not in universe, Not in universe, Children or Armed Forces,0,0,2, Nonfiler, Not in universe, Not in universe, Nonfamily householder, Householder,1237.55, Nonmover, Nonmover, Nonmover, Yes, Not in universe,0, Not in universe, United-States, United-States, United-States, Native- Born in the United States,0, Not in universe,1,0,0,94,-50000
3, Not in universe,4,3, Children, Not in universe, Never married, Not in universe or children, Not in universe, Other, All other, Male, Not in universe, Not in universe, Children or Armed Forces,0,,0, Nonfiler, Not in universe, Not in universe, Child <18 never marr not in subfamily, Child under 18 never married,1788.4, Nonmover, Nonmover, Nonmover, Yes, Not in universe,0, Both parents present, United-States, United-States, United-States, Native- Born in the United States,0, Not in universe,0,1,0,94,-50000
3, Not in universe,0,6, Some college but no degree, Not in universe, Married-civilian spouse present, Not in universe or children, Not in universe, White, All other, Male, Not in universe, Not in universe, Not in labor force,0,0,0, Joint one under 65 & one 65+, Not in universe, Not in universe, Householder, Householder,1833.94, Nonmover, Abroad, Not in universe, Not in universe under 1 year old, Not in universe,0, Not in universe, United-States, United-States, United-States, Native- Born in the United States,0, No,0,1,2,95,-50000
47, Private,4,0, Some college but no degree, Not in universe, Married-civilian spouse present, Medical except hospital, Other service, White, Mexican-American, Female, Not in universe, Not in universe, Full-time schedules,0,0,0, Joint both under 65, Not in universe, Not in universe, Spouse of householder, Spouse of householder,2067.95, Nonmover, Abroad, Not in universe, Not in universe under 1 year old, Not in universe,0, Not in universe, Iran, Mexico, Mexico, Foreign born- Not a citizen of U S ,0, Not in universe,0,52,2,95,-50000
4, Not in universe,3,2, Children, Not in universe, Never married, Not in universe or children, Not in universe, Other, Mexican (Mexicano), Male, Not in universe, Not in universe, Children or Armed Forces,0,0,0, Nonfiler, Not in universe, Not in universe, Child <18 never marr not in subfamily, Child under 18 never married,1080.87, Nonmover, Not in universe, Not in universe, Not in universe under 1 year old, Not in universe,0, Both parents present, United-States, United-States, United-States, Native- Born in the United States,0, Not in universe,0,0,0,94,-50000
3, Private,23,3, 11th grade, Not in universe, Divorced, Retail trade, Other service, White, All other, Female, Not in universe, Re-entrant, Unemployed full-time,0,,0, Nonfiler, Not in universe, Not in universe, Householder, Householder,1788.4, Nonmover, Abroad, Not in universe, Not in universe under 1 year old, Not in universe,6, Not in universe, United-States, United-States, United-States, Native- Born in the United States,0, Not in universe,0,0,2,95,-50000
1, Not in universe,0,3, High school graduate, Not in universe, Married-civilian spouse present, Not in universe or children, Not in universe, White, All other, Female, Not in universe, Not in universe, Not in labor force,,0,2, Nonfiler, Not in universe, Not in universe, Spouse of householder, Spouse of householder,857.41, MSA to MSA, Abroad, Not in universe, Not in universe under 1 year old, Not in universe,0, Not in universe, United-States, United-States, United-States, Native- Born in the United States,0, Not in universe,2,0,2,94,-50000
7, Not in universe,3,0, Children, Not in universe, Never married, Not in universe or children, Not in universe, Asian or Pacific Islander, All other, Male, Not in universe, Not in universe, Children or Armed Forces,0,0,0, Nonfiler, Not in universe, Not in universe, Child <18 never marr not in subfamily, Child under 18 never married,1237.55, Nonmover, Nonmover, Nonmover, No, Not in universe,1, Both parents present, South Korea, South Korea, United-States, Native- Born in the United States,0, Not in universe,0,4,0,94,-50000
3, State government,17,3, Bachelors degree(BA AB BS), Not in universe, Married-spouse absent, Education, Professional specialty, White, All other, Male, Not in universe, Not in universe, Full-time schedules,0,0,5, Single, Not in universe, Not in universe, Nonfamily householder, Householder,2067.95, Nonmover, Abroad, Not in universe, Not in universe under 1 year old, Not in universe,0, Not in universe, United-States, United-States, United-States, Native- Born in the United States,0, Not in universe,0,0,2,94, 50000+.
42, Not in universe,0,7, High school graduate, Not in universe, Married-civilian spouse present, Not in universe or children, Not in universe, White, Mexican (Mexicano), Female, Not in universe, Not in universe, Children or Armed Forces,0,0,0, Nonfiler, Not in universe, Not in universe, Householder, Householder,951.66, Nonmover, Nonmover, Nonmover, No, Not in universe,0, Not in universe, Iran, India, Mexico, Foreign born- U S citizen by naturalization,0, Not in universe,0,0,2,94,-50000
7, Not in universe,4,2, High school graduate, Not in universe, Married-civilian spouse present, Not in universe or children, Not in universe, Other, All other, Male, Not in universe, Not in universe, Not in labor force,0,0,0, Joint both 65+, Not in universe, Not in universe, Spouse of householder, Spouse of householder,2210.1, Nonmover, Abroad, Not in universe, Not in universe under 1 year old, Not in universe,0, Not in universe, Vietnam, United-States, United-States, Native- Born in the United States,0, Not in universe,0,0,0,95,-50000
3, Private,23,29, High school graduate, Not in universe, Married-civilian spouse present, Retail trade, Other service, White, All other, Male, No, Not in universe, Children or Armed Forces,0,1977,0, Joint both under 65, Not in universe, Not in universe, Spouse of householder, Spouse of householder,1571.0, Nonmover, Nonmover, Nonmover, Yes, Not in universe,0, Not in universe, United-States, United-States, United-States, Native- Born in the United States,0, Not in universe,0,0,0,94,-50000
21, Never worked,0,10, Bachelors degree(BA AB BS), Not in universe, Never married, Not in universe or children, Not in universe, White, All other, Female, Not in universe, New entrant, Full-time schedules,0,0,2, Nonfiler, Not in universe, Not in universe, Child 18+ never marr Not in a subfamily, Child 18 or older,2948.33, Nonmover, Abroad, Not in universe, Not in universe under 1 year old, Not in universe,1, Not in universe, United-States, United-States, United-States, Native- Born in the United States,0, Not in universe,0,0,0,94,-50000
0, Private,4,3, Associates degree-occup /vocational, Not in universe, Married-civilian spouse present, Manufacturing-nondurable goods, Professional specialty, White, All other, Male, No, Not in universe, Children or Armed Forces,,0,100, Joint both under 65, Not in universe, Not in universe, Householder, Householder,1391.12, Nonmover, Nonmover, Nonmover, Yes, Not in universe,0, Not in universe, Poland, Poland, Poland, Foreign born- Not a citizen of U S ,0, Not in universe,1,52,700,94,-50000
0, Not in universe,3,2, Children, Not in universe, Never married, Not in universe or children, Not in universe, White, All other, Male, Not in universe, Not in universe, Children or Armed Forces,0,0,0, Single, Not in universe, Not in universe, Child <18 never marr not in subfamily, Child under 18 never married,3355.94, Nonmover, Not in universe, Not in universe, Not in universe under 1 year old, Not in universe,0, Mother only present, United-States, United-States, United-States, Native- Born in the United States,0, Not in universe,0,0,2,94,-50000
4, Private,4,3, High school graduate, Not in universe, Married-civilian spouse present, Communications, Professional specialty, White, All other, Female, Not in universe, Not in universe, Full-time schedules,,,20, Joint both under 65, Not in universe, Not in universe, Spouse of householder, Spouse of householder,1961.54, Nonmover, Abroad, Not in universe, Not in universe under 1 year old, Not in universe,3, Not in universe, United-States, United-States, United-States, Native- Born in the United States,0, Not in universe,0,52,0,94,-50000
3, Not in universe,0,3, Associates degree-academic program, Not in universe, Married-civilian spouse present, Not in universe or children, Not in universe, White, All other, Female, Not in universe, Not in universe, Not in labor force,0,0,100, Joint one under 65 & one 65+, Not in universe, Not in universe, Spouse of householder, Spouse of householder,2019.61, Nonmover, Abroad, Not in universe, Not in universe under 1 year old, Not in universe,0, Not in universe, England, England, England, Foreign born- Not a citizen of U S ,0, Not in universe,0,1,0,94,-50000
3, Not in universe,4,0, Some college but no degree, Not in universe, Married-civilian spouse present, Not in universe or children, Not in universe, Black, All other, Male, Not in universe, Not in universe, Children or Armed Forces,,0,0, Joint one under 65 & one 65+, Not in universe, Not in universe, Householder, Householder,288.69, Nonmover, Nonmover, Nonmover, No, Not in universe,0, Not in universe, United-States, United-States, United-States, Native- Born in the United States,0, Not in universe,0,1,0,94,-50000
3, Not in universe,4,3, High school graduate, Not in universe, Married-civilian spouse present, Not in universe or children, Not in universe, Other, All other, Female, Not in universe, Not in universe, Children or Armed Forces,0,0,1, Joint both 65+, Not in universe, Not in universe, Spouse of householder, Spouse of householder,1743.8, Nonmover, Nonmover, Nonmover, Yes, Not in universe,0, Not in universe, United-States, United-States, United-States, Native- Born in the United States,0, Not in universe,0,0,0,94,-50000
3, Not in universe,3,3, Less than 1st grade, Not in universe, Married-spouse absent, Not in universe or children, Not in universe, Other, Mexican (Mexicano), Female, Not in universe, Not in universe, Not in labor force,,0,0, Nonfiler, Not in universe, Not in universe, Householder, Householder,2520.1, MSA to MSA, Abroad, Not in universe, Not in universe under 1 year old, Not in universe,0, Not in universe, Mexico, Mexico, Iran, Foreign born- Not a citizen of U S ,0, Not in universe,2,0,0,94,-50000
3, Not in universe,3,3, Children, Not in universe, Never married, Not in universe or children, Not in universe, White, All other, Male, Not in universe, Not in universe, Children or Armed Forces,0,0,0, Nonfiler, Not in universe, Not in universe, Child <18 never marr not in subfamily, Child under 18 never married,1745.09, Nonmover, Nonmover, Nonmover, Yes, Not in universe,0, Both parents present, United-States, United-States, United-States, Native- Born in the United States,0, Not in universe,0,0,0,94,-50000
3, Not in universe,4,3, Children, Not in universe, Never married, Not in universe or children, Not in universe, Black, All other, Male, Not in universe, Not in universe, Children or Armed Forces,0,0,0, Nonfiler, Not in universe, Not in universe, Child <18 never marr not in subfamily, Child under 18 never married,1225.38, Nonmover, Not in universe, Not in universe, Not in universe under 1 year old, Not in universe,0, Mother only present, United-States, United-States, United-States, Native- Born in the United States,0, Not in universe,0,0,0,94,-50000
3, Not in universe,4,3, Children, Not in universe, Never married, Not in universe or children, Not in universe, White, All other, Male, Not in universe, Not in universe, Children or Armed Forces,0,0,0, Nonfiler, Not in universe, Not in universe, Child <18 never marr not in subfamily, Child under 18 never married,842.41, Nonmover, Nonmover, Nonmover, No, Not in universe,0, Both parents present, England, England, United-States, Native- Born in the United States,0, Not in universe,0,0,0,94,-50000
3, Private,4,26, High school graduate, Not in universe, Married-civilian spouse present, Retail trade, Adm support including clerical, White, All other, Female, No, Not in universe, Full-time schedules,0,0,0, Joint both under 65, Not in universe, Not in universe, Spouse of householder, Spouse of householder,1848.2, MSA to MSA, Abroad, Abroad, Not in universe under 1 year old, No,3, Not in universe, United-States, United-States, United-States, Native- Born in the United States,0, Not in universe,0,52,700,94,-50000
1, Private,4,14, High school graduate, Not in universe, Never married, Business and repair services, Machine operators assmblrs & inspctrs, White, All other, Male, No, Not in universe, Full-time schedules,0,0,0, Single, Not in universe, Not in universe, Secondary individual, Nonrelative of householder,1746.17, Nonmover, Abroad, Not in universe, Not in universe under 1 year old, Not in universe,0, Not in universe, United-States, United-States, United-States, Native- Born in the United States,0, Not in universe,0,25,0,95,-50000
11, Self-employed-incorporated,45,3, Bachelors degree(BA AB BS), Not in universe, Married-civilian spouse present, Other professional services, Executive admin and managerial, White, All other, Male, Not in universe, Not in universe, Full-time schedules,0,0,15, Joint both under 65, Not in universe, Not in universe, Spouse of householder, Spouse of householder,1000.23, Nonmover, Abroad, Not in universe, Not in universe under 1 year old, Not in universe,1, Not in universe, United-States, United-States, United-States, Native- Born in the United States,0, Not in universe,0,25,0,95,-50000
3, Not in universe,0,3, 7th and 8th grade, Not in universe, Widowed, Not in universe or children, Not in universe, White, All other, Female, Not in universe, Not in universe, Not in labor force,0,0,0, Single, Not in universe, Not in universe, Nonfamily householder, Householder,2138.7, Nonmover, Abroad, Abroad, Not in universe under 1 year old, Not in universe,0, Not in universe, Iran, United-States, United-States, Native- Born in the United States,0, Not in universe,0,0,2,95,-50000
3, Not in universe,0,3, Some college but no degree, Not in universe, Widowed, Not in universe or children, Not in universe, White, All other, Male, Not in universe, Not in universe, Not in labor force,0,0,0, Single, Not in universe, Not in universe, Nonfamily householder, Householder,1034.16, Nonmover, Abroad, Not in universe, Not in universe under 1 year old, Not in universe,0, Not in universe, United-States, United-States, United-States, Native- Born in the United States,0, Not in universe,0,0,0,95,-50000
4, Not in universe,0,0, Less than 1st grade, Not in universe, Never married, Not in universe or children, Not in universe, White, All other, Female, Not in universe, Not in universe, Children or Armed Forces,0,0,0, Nonfiler, Not in universe, Not in universe, Child 18+ never marr Not in a subfamily, Child 18 or older,895.83, Nonmover, Nonmover, Nonmover, Yes, Not in universe,0, Not in universe, United-States, United-States, United-States, Native- Born in the United States,0, Not in universe,2,0,0,94,-50000
68, Private,4,1, Masters degree(MA MS MEng MEd MSW MBA), Not in universe, Never married, Medical except hospital, Adm support including clerical, White, All other, Female, No, Not in universe, Children or Armed Forces,6360,,5, Single, Not in universe, Not in universe, Nonfamily householder, Householder,868.55, Nonmover, Nonmover, Nonmover, No, Not in universe,2, Not in universe, United-States, United-States, United-States, Native- Born in the United States,0, Not in universe,0,0,0,94,-50000
13, Not in universe,0,4, Children, Not in universe, Never married, Not in universe or children, Not in universe, White, Mexican-American, Male, Not in universe, Not in universe, Children or Armed Forces,0,0,2, Nonfiler, Not in universe, Not in universe, Child <18 never marr not in subfamily, Child under 18 never married,2019.61, MSA to MSA, Not in universe, Not in universe, Not in universe under 1 year old, Not in universe,0, Mother only present, Mexico, El-Salvador, United-States, Native- Born in the United States,0, Not in universe,0,0,0,95,-50000
62, State government,42,36, 9th grade, Not in universe, Married-civilian spouse present, Medical except hospital, Machine operators assmblrs & inspctrs, White, All other, Female, No, Not in universe, Children or Armed Forces,0,0,0, Joint one under 65 & one 65+, Not in universe, Not in universe, Spouse of householder, Spouse of householder,1743.8, Nonmover, Nonmover, Nonmover, No, Not in universe,0, Not in universe, United-States, United-States, United-States, Native- Born in the United States,0, Not in universe,2,25,0,94,-50000
3, Federal government,4,2, Bachelors degree(BA AB BS), Not in universe, Married-civilian spouse present, Public administration, Professional specialty, White, All other, Male, Not in universe, Not in universe, PT for non-econ reasons usually FT,0,0,0, Joint both under 65, Not in universe, Not in universe, Householder, Householder,2019.61, Nonmover, Abroad, Not in universe, Not in universe under 1 year old, Not in universe,4, Not in universe, United-States, United-States, United-States, Native- Born in the United States,1, Not in universe,0,0,2,94, 50000+.
3, Private,4,3, Bachelors degree(BA AB BS), Not in universe, Never married, Retail trade, Precision production craft & repair, White, All other, Male, No, Not in universe, Children or Armed Forces,0,0,0, Single, Not in universe, Not in universe, Nonfamily householder, Householder,1743.8, Nonmover, Nonmover, Nonmover, Yes, Not in universe,2, Not in universe, United-States, United-States, United-States, Native- Born in the United States,0, Not in universe,1,50,0,94,-50000
26, Not in universe,4,0, 9th grade, Not in universe, Never married, Not in universe or children, Not in universe, White, All other, Male, Not in universe, Not in universe, Not in labor force,0,,0, Nonfiler, Not in universe, Not in universe, Child <18 never marr not in subfamily, Child under 18 never married,1433.34, Nonmover, Abroad, Not in universe, Not in universe under 1 year old, Not in universe,2, Both parents present, United-States, United-States, United-States, Native- Born in the United States,0, Not in universe,0,0,0,94,-50000
3, Not in universe,4,3, High school graduate, Not in universe, Married-civilian spouse present, Not in universe or children, Not in universe, Black, All other, Female, Not in universe, Not in universe, Children or Armed Forces,0,0,15, Joint both under 65, Not in universe, Not in universe, Spouse of householder, Spouse of householder,420.65, Nonmover, Nonmover, Nonmover, No, Not in universe,0, Not in universe, United-States, United-States, United-States, Native- Born in the United States,0, Not in universe,0,12,2,94,-50000
0, Private,4,1, Some college but no degree, Not in universe, Married-civilian spouse present, Utilities and sanitary services, Professional specialty, White, All other, Male, No, Not in universe, Children or Armed Forces,,0,0, Joint both under 65, Not in universe, Not in universe, Spouse of householder, Spouse of householder,895.83, Nonmover, Nonmover, Nonmover, Yes, Not in universe,0, Not in universe, United-States, United-States, United-States, Native- Born in the United States,0, Not in universe,2,52,280,94,-50000
4, Private,9,2, High school graduate, Not in universe, Married-civilian spouse present, Personal services except private HH, Professional specialty, White, All other, Female, No, Not in universe, Full-time schedules,,0,15, Joint both under 65, Not in universe, Not in universe, Spouse of householder, Spouse of householder,864.34, Nonmover, Abroad, Not in universe, Not in universe under 1 year old, Not in universe,0, Not in universe, United-States, United-States, United-States, Native- Born in the United States,0, Not in universe,0,0,280,95,-50000
3, Not in universe,4,3, Children, Not in universe, Never married, Not in universe or children, Not in universe, White, Mexican-American, Female, Not in universe, Not in universe, Children or Armed Forces,0,0,0, Nonfiler, Not in universe, Not in universe, Child <18 never marr not in subfamily, Child under 18 never married,1682.7, Nonmover, Not in universe, Not in universe, Not in universe under 1 year old, Not in universe,0, Father only present, United-States, United-States, United-States, Native- Born in the United States,0, Not in universe,0,0,2,95,-50000
5, Local government,41,2, Masters degree(MA MS MEng MEd MSW MBA), Not in universe, Married-civilian spouse present, Hospital services, Professional specialty, White, All other, Male, Not in universe, Not in universe, Full-time schedules,0,0,250, Joint both under 65, Not in universe, Not in universe, Householder, Householder,834.92, Nonmover, Abroad, Not in universe, Not in universe under 1 year old, Not in universe,0, Not in universe, United-States, United-States, United-States, Native- Born in the United States,0, Not in universe,2,25,0,94,-50000
6, Not in universe,4,3, Children, Not in universe, Never married, Not in universe or children, Not in universe, Amer Indian Aleut or Eskimo, All other, Male, Not in universe, Not in universe, Children or Armed Forces,0,0,0, Nonfiler, Not in universe, Not in universe, Child <18 never marr not in subfamily, Child under 18 never married,1433.34, Nonmover, Not in universe, Not in universe, Not in universe under 1 year old, Not in universe,0, Mother only present, Puerto-Rico, United-States, United-States, Native- Born in the United States,0, Not in universe,0,1,2,94,-50000
30, Private,45,2, Some college but no degree, Not in universe, Married-civilian spouse present, Manufacturing-nondurable goods, Adm support including clerical, White, All other, Female, Not in universe, Not in universe, Full-time schedules,0,0,2, Joint both under 65, Not in universe, Not in universe, Spouse of householder, Spouse of householder,842.41, Nonmover, Abroad, Not in universe, Not in universe under 1 year old, Not in universe,0, Not in universe, United-States, United-States, United-States, Native- Born in the United States,0, Not in universe,0,52,0,94,-50000
1, Private,4,3, 10th grade, High school, Never married, Entertainment, Adm support including clerical, White, All other, Male, Not in universe, Not in universe, Full-time schedules,0,0,0, Single, Not in universe, Not in universe, Child <18 never marr not in subfamily, Child under 18 never married,1080.87, Nonmover, Abroad, Not in universe, Not in universe under 1 year old, Not in universe,0, Both parents present, United-States, United-States, United-States, Native- Born in the United States,0, Not in universe,0,25,2,94,-50000
1, Not in universe,0,3, Children, Not in universe, Never married, Not in universe or children, Not in universe, Asian or Pacific Islander, All other, Male, Not in universe, Not in universe, Children or Armed Forces,0,0,0, Nonfiler, Abroad, Abroad, Child <18 never marr not in subfamily, Child under 18 never married,1048.33, Abroad to nonMSA, Abroad, Abroad, No, No,0, Both parents present, Vietnam, Vietnam, Vietnam, Foreign born- Not a citizen of U S ,0, Not in universe,0,0,2,94,-50000
3, Not in universe,0,2, Children, Not in universe, Never married, Not in universe or children, Not in universe, White, All other, Female, Not in universe, Not in universe, Children or Armed Forces,,0,2, Nonfiler, Not in universe, Not in universe, Child <18 never marr not in subfamily, Child under 18 never married,1933.47, Nonmover, Not in universe, Not in universe, Not in universe under 1 year old, Not in universe,0, Mother only present, United-States, United-States, United-States, Native- Born in the United States,0, Not in universe,0,0,0,95,-50000
7, Private,43,26, Bachelors degree(BA AB BS), Not in universe, Never married, Business and repair services, Adm support including clerical, White, All other, Female, Not in universe, Other job loser, Children or Armed Forces,,0,0, Single, Not in universe, Not in universe, Child 18+ never marr Not in a subfamily, Child 18 or older,1682.7, Nonmover, Nonmover, Nonmover, Yes, Not in universe,0, Not in universe, United-States, United-States, United-States, Native- Born in the United States,0, Not in universe,2,6,0,94,-50000
35, Private,9,3, Associates degree-academic program, Not in universe, Never married, Transportation, Professional specialty, White, All other, Female, Yes, Not in universe, Children or Armed Forces,14344,0,0, Single, Not in universe, Not in universe, Nonfamily householder, Householder,2520.1, Nonmover, Nonmover, Nonmover, Yes, Not in universe,6, Not in universe, United-States, United-States, United-States, Native- Born in the United States,0, Not in universe,0,0,0,94,-50000
3, Not in universe,4,3, Children, Not in universe, Never married, Not in universe or children, Not in universe, White, All other, Male, Not in universe, Not in universe, Children or Armed Forces,0,0,0, Nonfiler, Not in universe, Not in universe, Grandchild <18 never marr child of subfamily RP, Other relative of householder,1848.2, Nonmover, Not in universe, Not in universe, Not in universe under 1 year old, Not in universe,0, Mother only present, United-States, United-States, United-States, Native- Born in the United States,0, Not in universe,0,0,0,95,-50000
68, Not in universe,11,0, Some college but no degree, Not in universe, Married-civilian spouse present, Not in universe or children, Not in universe, White, All other, Female, Not in universe, Not in universe, Not in labor force,0,0,0, Joint one under 65 & one 65+, Not in universe, Not in universe, Spouse of householder, Spouse of householder,1339.61, Nonmover, Abroad, Not in universe, Not in universe under 1 year old, Not in universe,0, Not in universe, Poland, Poland, United-States, Native- Born in the United States,0, Not in universe,2,1,0,94,-50000
3, Not in universe,4,3, 10th grade, Not in universe, Married-civilian spouse present, Not in universe or children, Not in universe, Amer Indian Aleut or Eskimo, All other, Female, Not in universe, Not in universe, Children or Armed Forces,0,0,15, Joint both under 65, South, Florida, Spouse of householder, Spouse of householder,559.12, MSA to MSA, Same county, Same county, No, Yes,6, Not in universe, United-States, United-States, United-States, Native- Born in the United States,0, Not in universe,0,0,0,94,-50000
2, Not in universe,4,3, High school graduate, Not in universe, Married-civilian spouse present, Not in universe or children, Not in universe, White, All other, Male, Not in universe, Not in universe, Not in labor force,0,0,15, Joint both under 65, Not in universe, Not in universe, Spouse of householder, Spouse of householder,1743.8, Nonmover, Abroad, Not in universe, Not in universe under 1 year old, Not in universe,3, Not in universe, United-States, United-States, United-States, Native- Born in the United States,0, Not in universe,2,6,2,95,-50000
2, Private,17,3, High school graduate, Not in universe, Married-civilian spouse present, Retail trade, Other service, White, All other, Male, Not in universe, Not in universe, Full-time schedules,,0,15, Joint both under 65, Not in universe, Not in universe, Spouse of householder, Spouse of householder,1848.2, Nonmover, Abroad, Not in universe, Not in universe under 1 year old, Not in universe,0, Not in universe, United-States, United-States, United-States, Native- Born in the United States,0, Not in universe,0,20,0,95,-50000
3, Not in universe,4,3, Bachelors degree(BA AB BS), Not in universe, Divorced, Not in universe or children, Not in universe, White, All other, Female, Not in universe, Not in universe, Not in labor force,0,0,2, Head of household, Not in universe, Not in universe, RP of unrelated subfamily, Nonrelative of householder,1989.57, Nonmover, Abroad, Not in universe, Not in universe under 1 year old, Not in universe,0, Not in universe, United-States, United-States, United-States, Native- Born in the United States,0, Not in universe,1,0,0,95,-50000
8, Private,17,6, Some college but no degree, Not in universe, Never married, Finance insurance and real estate, Adm support including clerical, White, All other, Male, Not in universe, Not in universe, Children or Armed Forces,0,0,2, Single, Midwest, Ohio, Child 18+ ever marr Not in a subfamily, Householder,842.41, MSA to MSA, Same county, Same county, No, No,6, Not in universe, United-States, United-States, United-States, Native- Born in the United States,0, Not in universe,0,52,0,94,-50000
30, Local government,41,1, High school graduate, Not in universe, Married-civilian spouse present, Education, Other service, White, All other, Male, Not in universe, Not in universe, Children or Armed Forces,0,0,0, Joint both under 65, South, Maine, Householder, Householder,4318.34, NonMSA to nonMSA, Same county, Same county, No, Yes,0, Not in universe, United-States, United-States, United-States, Native- Born in the United States,0, Not in universe,0,0,140,94,-50000
3, Not in universe,0,2, Children, Not in universe, Never married, Not in universe or children, Not in universe, White, All other, Male, Not in universe, Not in universe, Children or Armed Forces,0,,0, Nonfiler, Not in universe, Not in universe, Child <18 never marr not in subfamily, Child under 18 never married,391.08, Nonmover, Nonmover, Nonmover, Yes, Not in universe,0, Both parents present, United-States, United-States, United-States, Native- Born in the United States,0, Not in universe,0,8,2,94,-50000
13, Not in universe,0,2, Children, Not in universe, Never married, Not in universe or children, Not in universe, White, Central or South American, Male, Not in universe, Not in universe, Children or Armed Forces,0,0,0, Nonfiler, Not in universe, Not in universe, Secondary individual, Householder,1743.8, Nonmover, Not in universe, Not in universe, Not in universe under 1 year old, Not in universe,0, Both parents present, Mexico, Mexico, United-States, Native- Born in the United States,0, Not in universe,0,1,0,95,-50000
12, Not in universe,11,2, High school graduate, Not in universe, Married-civilian spouse present, Not in universe or children, Not in universe, Other, All other, Male, Not in universe, Not in universe, Not in labor force,0,,8500, Joint both 65+, Not in universe, Not in universe, Householder, Householder,1242.94, Nonmover, Abroad, Not in universe, Not in universe under 1 year old, Not in universe,2, Not in universe, United-States, United-States, United-States, Native- Born in the United States,0, Not in universe,0,0,2,94,-50000
3, Private,37,35, High school graduate, Not in universe, Married-civilian spouse present, Business and repair services, Precision production craft & repair, White, All other, Female, Not in universe, Not in universe, Full-time schedules,,0,15, Joint both under 65, Not in universe, Not in universe, Spouse of householder, Spouse of householder,1571.0, Nonmover, Abroad, Not in universe, Not in universe under 1 year old, Not in universe,4, Not in universe, United-States, United-States, United-States, Native- Born in the United States,0, Not in universe,0,0,0,95,-50000
3, Self-employed-not incorporated,4,37, Associates degree-occup /vocational, Not in universe, Never married, Construction, Machine operators assmblrs & inspctrs, White, All other, Male, Not in universe, Not in universe, Full-time schedules,,0,0, Single, Not in universe, Not in universe, Secondary individual, Nonrelative of householder,1255.94, Nonmover, Abroad, Not in universe, Not in universe under 1 year old, Not in universe,0, Not in universe, United-States, United-States, United-States, Native- Born in the United States,0, Not in universe,2,50,0,95,-50000
90, Not in universe,4,0, High school graduate, Not in universe, Widowed, Not in universe or children, Not in universe, White, All other, Female, Not in universe, Not in universe, Children or Armed Forces,0,0,0, Nonfiler, Not in universe, Not in universe, Nonfamily householder, Householder,253.62, Nonmover, Nonmover, Nonmover, No, Not in universe,0, Not in universe, United-States, United-States, United-States, Native- Born in the United States,0, Not in universe,0,8,2,94,-50000
3, Not in universe,4,7, High school graduate, Not in universe, Married-civilian spouse present, Not in universe or children, Not in universe, Other, All other, Male, Not in universe, Not in universe, Not in labor force,,0,0, Nonfiler, Not in universe, Not in universe, Householder, Householder,1788.4, Nonmover, Abroad, Not in universe, Not in universe under 1 year old, Not in universe,0, Not in universe, Trinadad&Tobago, Trinadad&Tobago, Trinadad&Tobago, Foreign born- U S citizen by naturalization,0, Not in universe,0,0,0,95,-50000
3, Private,33,3, 9th grade, High school, Never married, Retail trade, Professional specialty, White, All other, Male, Not in universe, Re-entrant, Full-time schedules,0,,2, Nonfiler, Not in universe, Not in universe, Child <18 never marr not in subfamily, Child under 18 never married,803.59, Nonmover, Abroad, Not in universe, Not in universe under 1 year old, Not in universe,0, Mother only present, United-States, United-States, United-States, Native- Born in the United States,0, Not in universe,0,0,0,94,-50000
10, Not in universe,4,4, Children, Not in universe, Never married, Not in universe or children, Not in universe, White, All other, Male, Not in universe, Not in universe, Children or Armed Forces,0,0,2, Nonfiler, Not in universe, Not in universe, Child <18 never marr not in subfamily, Child under 18 never married,490.06, Nonmover, Nonmover, Nonmover, No, Not in universe,0, Both parents present, United-States, United-States, United-States, Native- Born in the United States,0, Not in universe,0,6,0,94,-50000
3, Not in universe,4,3, Children, Not in universe, Never married, Not in universe or children, Not in universe, White, All other, Male, Not in universe, Not in universe, Children or Armed Forces,0,0,0, Nonfiler, Not in universe, Not in universe, Child <18 never marr not in subfamily, Child under 18 never married,1433.34, Nonmover, Abroad, Not in universe, Not in universe under 1 year old, Not in universe,0, Both parents present, United-States, United-States, United-States, Native- Born in the United States,0, Not in universe,0,0,0,95,-50000
0, Private,0,3, Some college but no degree, Not in universe, Married-civilian spouse present, Education, Technicians and related support, White, All other, Male, Not in universe, Not in universe, Children or Armed Forces,0,0,0, Joint both under 65, Not in universe, Not in universe, Householder, Householder,2223.92, Nonmover, Nonmover, Nonmover, Yes, Not in universe,0, Not in universe, United-States, United-States, United-States, Native- Born in the United States,0, Not in universe,0,52,0,94,-50000
2, Not in universe,3,3, Children, Not in universe, Never married, Not in universe or children, Not in universe, White, All other, Male, Not in universe, Not in universe, Children or Armed Forces,,0,2, Nonfiler, Not in universe, Not in universe, Child <18 never marr not in subfamily, Child under 18 never married,253.62, Nonmover, Nonmover, Nonmover, Yes, Not in universe,0, Both parents present, United-States, United-States, United-States, Native- Born in the United States,0, Not in universe,0,1,0,94,-50000
39, Private,33,10, High school graduate, Not in universe, Married-civilian spouse present, Medical except hospital, Technicians and related support, White, Mexican-American, Female, No, Not in universe, Full-time schedules,0,0,0, Joint both under 65, Not in universe, Not in universe, Spouse of householder, Spouse of householder,951.66, NonMSA to nonMSA, Abroad, Not in universe, Not in universe under 1 year old, Not in universe,0, Not in universe, United-States, United-States, United-States, Native- Born in the United States,0, Not in universe,1,6,0,94,-50000
11, Not in universe,37,3, 5th or 6th grade, Not in universe, Widowed, Not in universe or children, Not in universe, Black, All other, Male, Not in universe, Not in universe, Children or Armed Forces,0,,2, Nonfiler, Not in universe, Not in universe, Nonfamily householder, Householder,1745.09, Nonmover, Nonmover, Nonmover, Yes, Not in universe,0, Not in universe, United-States, United-States, United-States, Native- Born in the United States,0, Not in universe,1,0,0,94,-50000
