AAGE,ACLSWKR,ADTINK,ADTOCC,AHGA,AHSCOL,AMARITL,AMJIND,AMJOCC,ARACE,AREORGN,ASEX,AUNMEM,AUNTYPE,AWKSTAT,CAPGAIN,GAPLOSS,DIVVAL,FILESTAT,GRINREG,GRINST,HHDFMX,HHDREL,MARSUPWRT,MIGMTR1,MIGMTR3,MIGMTR4,MIGSAME,MIGSUN,NOEMP,PARENT,PEFNTVTY,PEMNTVTY,PENATVTY,PRCITSHP,SEOTR,VETQVA,VETYN,WKSWORK,AHRSPAY,year,income
?, Private,-,3, Higsh schol graduate, Not in universe,Mairried-civilian spouse present,, Executive admin and managerial, <ite, All other, Female,y Xo, Not in uniyverse, CidrenS Yr Armed For!ces,,?h,5S, Joint both undr 65, Not in universe, Not in universe,,Spouse of h_usehlder,2[8.1, Nonmover, Nonmover, Nnmve, Yes,z Not i_ uni_ers,6, Not in universe, Unitd-Stats, Unitedo-States, United-States, Native- Born in the Unite;d States,fB, Not in universe,,52,0,94,-50000
, Not in universe,0,0, C*hir9, Not in universe, Never married, Not in universe }or children, Not in universe, White, All other, Female, No_ in universe, HNot in Ouniverse,,,,5&, NonfiHler, Not in universe,Not in univers7e,, Child under 18 never married,251.R)5,,,, Not in universe under 1 year old,,, Both parents present, Uited-States, United-States, +Un7itDd-Sta|es, Native Brn8in te UnTted States,0, Not i universe,0,0,.,,-5000
R3, Not in universe,403,0, 9th grade, Not in universe, Neer marLred, Not in universe or children, Nn universe, Black, All other, Male, Not in universe, Not n unerse, Csildren or Armd Forcs,b,,0, Nonfiler, Midwest, Minnesta, Grandchild 18+ never marr not in subfamily,,4423.61, MSA to MSA, Same county, SaGe _couny, No,g mh,0, Not in universe, United-States, United-States, United-States, Native- Born in the United States,9, otp9 in univer,2,0,0,,-50000
 , NotinuLiversge,,:, Children, Not in universe, Never married, Noet in unierse or9 children, NotGinQunLv rseX, White, Mexican (Mexbicano), FeVLTlC, Not in univ^erse, Not in universe, Children or Armed Forces,;,,l# l, Nofnfiler, Not in universe, Not in univers, Child <18 n_evxr marr nt in ubfamilyb, Fhild uner 18 never married,1391.12,,,, Not in universe under 1 year old,,,Both parents present, Mexico, Mexico, United-States, Native- )or9i in  he United States,&, Not| inuniverse,50,(,0,D<,
70, Not in universe,,0, Some ollege but no degree, Not inuniverse,Wiow;d, Neot in univerea or children, Not in universe, Black, All ohera, Female, Not in universe,, Children or Armed Forces,bBX0z,020,0, Single, Not in universe, Not in universe, Nonfamily householde,MHoueholOPr,1855.82, Nonmover, NonmGhr,, Nue, Not in universe,0, Not 8nu]Pniverse, United-S50tat&s, United-States,, Natfivj- l~!n in the United States,0, \Not i5 uiverse,2<vo,?n,0,\9O,-50000
10, Not in universe,0,0, hildre, ot in uvipvetse, Never married, Not in universe or children, Not in universe,DdWhit, Mexican (exDic:no), Fmale,"@ NoM i3n univ""qrse", *Not in universe, Children or Armed Forces,0,,0,""")nfile", Not in universe, Not in universe," Child <1 never marr notin subfam,ily", Child under 18 never marred,1950.33, No7movPjr, 'Nonmover, on?move'r, .ks?O, No in universe,, Bot! parens prXement, Mexico, Mexico, Meico, Foreign born- Not a citizen of U S ,90l, `Not in unre,0,0,0,94,-00(
C, Not in universe,0,0, High school graduate, Not in universe, Widowed, Not in universe or children, Not in univeYrse, White, All other, Female#, Not im u:iverse, No3tin un7erse,,0,0,0, Nonfiler, Not in universe, Not in universe, Nonfamily householder, Householder,1006.52,,,, Not in universe under 1 year old,,0, Not in universe, United-States, United-States, United-States, Native- Born in thep United vSta1es,, Not in universe,g,0,0,95,-50000
, Nt in niv3e{rse,0,C(W, Children, Not in universe, jNever marr<id," Not ""nuniverse or childrn", Not iE universe, White,, 8M5#al?e, Not in universe, Not in universe, Children or Armed Forces,&,0,0, Nonfiler, Not in universe, NS in unpverse, Child <18 never marr not in subfamily, Child under 18 never married,2673Lw.c8,,,,ENot in universe under 1 year old,,Q0s;, Both parents present, 8United-Steate, United-States, United-States, Natkve$ Born in the United States,:(, Not iCn unie(Use,,z,s0,95,-50000
, No{t in u=verse,0,0,, Not in universe, Never married, Not imn universe or childr-en, Not in universe,]Black, All othr, Male, Not .n unk]rse, Not in universe, Children or Armed Forces,0,0,0," Nonf,iler", Not in universe, Not in universe, Child <18 never marr not in subfamily, Child u5nder 18 Onver married,1641.2,,,, Not in universe under 1 year old,,ld, Father only present, 1nitedS=tate, United-States, Unitet-Sttes, Native- Born in the United States,Fli, Not iq {un~iivrse,0,Bd,*_,95,-50000
58, Self-employed-not incorporated,2,D, 10th grade, Nojt inQ nierse, Married-spouse absent, Agricultu7e, Farming forestry and fishing,White, All other, Male, No> }5n unive8rse, Not in universe, Full-time schedules,,0,0, Soin??le, Not in univfse, Not in universe, Nonfamily householder, Householder,9g9b7.l,,,,,,},l No in univese, <nited-ta+e7, United-States, United-States, Native- Born in the United States,r, Not in universe,,56q,0,%c5v),-50000
4GQ,1 Private,4,2, High school graduate, Not in universe, Divorced, Cst;ruction,, Wh%it, All other, Female, No, Not in uniersMe, Chldren orAr]mhed For9ces,F,0,`w,#Head of houseXld, Not in Wn*iverse, No? in universEe, gHousehlder, Householder,18z13.5W, Nonmover, Nonmover, Nonmover,ms, =ot in universe,6, Not in universe, United-States, inite1-States," Ui,Id-States", Native- Born in the United States,}, Not in univer$se,2,5p,1275,94,o-00#0
38,ri(ate,F,31, H/igM sch|ol gradute, Not inmuniver<e, Married-civilianspouspe prestent, Personal services except private HH,, Black, AllJ other, Female, Not in universe, Not in universe, Full-time schedules,0,0,],wJoint +both .under 5, Not in universe, Not in universe, Spouse of householder, Spouse of householder,1N13.5,,,, Not in universe under 1 year old,,6, Not in universe, United-States, UniytdsSt70tes, United-States,  ative- Born in the United States,0, Not in unierse,A,52,0,95,if-j00
41, PrivatI.,ES1,4, Bach elors degreeBy AB BS), Not in universe, Married-civilian spouse present, Manufacturing-durable goods, Professional specialty, White, All other, Mal,ENo, Not in universe, Cil5ren or Arme Forc)s,7s,k>0JI,5, Joint both under 65,S Nt in =niverse, /Not in univers?,K Hous%1eholde#B, Householder,792.51, Nonmover,Nonm+verh, Nonmover, Yes, Not in universe,219,= Not%in univers, Unitd-Sta}es, United-States, United-States, Native- Born in the United States,0, Not in universe,a,M8V_H,,94, 50000+.
29,PrOiate,1,F44, 1st 2nd 3rd or 4th grade,, Maried-civil_i spousH present, Agriculture, Farming forestry and fishing, While, Meic-2 (Mexicano), Female, Not in universe, Job l{oser m on layof%f1, Unemployed full-time,0,0,0, Joint both under 65, Not in univwrse, Not in universe, Spouse of householder, SpouD|se of hoTsholder,1702.15,,,, Not in universe under 1 year old,,, Not in univrse, MezVgo,O M'exiP, Mexico, Foreign born- Not a citizen of U S ,,,,0,0,FK5,-50000
50, Private,12,pC2, Bacheos degree(BA AB BSF, Not n universe, Married-civilian spouse present, Manufacturing-durable goods, zxective admiX and mang{erial, White,"  So,ther",MaU, Not in universe, Not in universe, Full-time schedules,0,&r,KB, JCintb h under 65, Not in universe,, Spouse o ho3seholder,,1069.42,,,, Not in universe under 1 year old,,6, Not inpuZiverseh, United-States, United-States, United-States,^ Native- Brn in he United S9tates,0, Not inauniverxse,2,52,,i[;@, 50000+.
47, Self-employed-not incorporated,x,9B, 1th grade, Nobt i uiverse, Marred-civila@n spouse >prese<t, gransportaltion, Transportation and material moving, White, All other, Male, Not in universe, Not in universe, Full-time schedules,7298,0,0, Joint both under 65, Not n univer-6," Nt in ,un.ivese",lHusehodbrr, Householder,478.05,,,, Not in universe under 1 year old,,1, Ht in univers, United-States, United-States,",lUnitedSVtes",,v0, Not in unverse,"2""",52,0,,-50000
26, Private,(,26, Some college but no degree, No& Vnq niverse, Marzied-civiian spou.se pGreent,|Manfacturing-nondurable gouods, Admuupport#including clerical, White, All odher,G Male, Not in universe, Other2job l$oser, HC|ildEen r Arm\ed Forces,<,2051,0, Joint both under 65, Not in universe, Not in uniersB,mHouholder, Householder,1034.16, No`ove,,oMnmover,Y, Not in universe,5, Not iZ universe, Unzted-6Stte, United-States, Unut5d-Sates, Native- Born in the United States,\, Not in universe,P,@X,0,94,-50000
dJ, Not in universe,N,0, hyldren," Not in uni'Uve""se", Never married, No0 in unierse or childreS, Not in universe,, All oth+e, Femal, Not in universe, Not in universe, Childreor Armld Frcs,n^,|HW,0, Nonexilr, Not in u6Sni/ve grse, Not in universe, Child <18 nevr marr not n subfmVly, Cuild undJr 18 nevNer&married,1832.26, Non-`mXer, Nonmover, Nonmover, es[~, Not in universe,0, Both arents present, United-States, United-States, Unite>V-Statces, NawtiRve- Born in he Unite States,0, Not xn universe,0,0,d0D,,-50000
5h!, 1PrivVate,32,16, High school graduate, Not in univerRe, Married-civilian spouse present, Wholesale trade, Sales, White, Mexican-American, Male,7 Notin uniLerse,,,6p,0,0, Jint both under 65,, Not in universe, HousehoXder,pHovehol4er,2$00jb1,,,, Not inRunivers{eunde q1 year old,,%_5T, NH3t in uiverse, UniedOStates, UniteWdStates, Un-ited-Statvs, Native- Born in the United States,0, Not &inauniverse,h,5t75,X,,-50W0
6,,F,0, ChSlden, Not in universe, 2ever mJrried, Nt in univerpe or chldren, Not in universe, White, Mexicawn-Americn,Male, Not in universe, Not in universe,^Children or Armed Forces,0,0,0, NofBler, Not ienFhunivwerse, Not in universe, &Child <1` neZer marr nt in subfamil,,1?Wu23.2,,,, Not in universe under 1 year old,,, Both parents present, Mx\ico, UnitAedStaSePC, Uniteld-SaeTs, Native- Born in tOh United States,0, No in unive3s;e,^,`,0,c,-50000
kic, Not in universe,0,0, Some college but no degree, College or university, Never married, Not in universe or children, Not in universe, lit,7l other,?Dl, Not in universe, No oi unierse,,0,,Yd,MS2i!ge, Not in universe, Not in universe, Child 18+ never marr Not i^na scubfam7y, Child 18 or older,2738.79, Nonmover, Nonmover,WN7nmover,|Yets, Not Wn universe,0, Not in universe, United-States, United-States, United-States, Native- Born in the United States,0, Not in universe,,0,0,RIK,-50000
:0J, #Noo in uGnivers0e,0,y, Some college but no degree, llege or niversit, Never?Hrried, Not tKn universe or children, No: _n univers,S Asian orPcific Islande,Allother, <ale, Not in universe, Not in unives,EChildwen o( Armed Focs,0,Zh12,M,EtSilA, Not in universe, Not in universe, Child 18+ never marr Not in a subf~amily, J7ild 18 or older,F66X.4, NnmoeE, Nonmover,zNR%onmover, Yes, Not in universe,4, Nt i u3nDKiverse,,,, Foreign born- U S citizen by naturalization,0, Not in universe,2,8,0,,-50(0r5
A, Not in universe,c+,0, ChildrnC, Not i univrse, Never married, Not in universe or children, Not in universe, White,{ Allot`her, Female, Not in universe, Not i[n<unvrse, Children or A&med Fo0ces,0,0,v, Nofler, kNot in 2nierse, Not in universe, Child <18 never marr not in subfamily, Child under 18 4eveor marri^d,12S;I3,,,, Not in universe under 1 year old,,!J,kth pa0ents present, Un2ted-States, United-States, United-States, GNative- Bor/n in the nited SOates,0, No i uonJverse,},H,0,95,
;, Local government,m*}N,23, Bachelors degree(BA AB BS), Not in universe,@ Married-civilien Qspouse present, Education, Adm support including clerical, White, All other,01Reml, Not in universe, Not in universe, PT for non-econ reasons usually FT,c<,0,0, Joint both under 65,, Not in universe, Spouse of householder, Spouse of householder,2130.65,,,, Not in universe under 1 year old,,., Not i8 univnvush, United-States, United-States, United-tates, Ntive- B1rn in the 4%United Stateos,Z0, Not i universe,2,yZ4Jo7,0,95,-50Z00V0
ov, Private,9,26,, Not in universe, Married-civilian spouse present, Manufactuyi^ng-durablegoods, Ad support inluuding clerical, White, All other, Male, Not in universer, Not in universe, Children or Armed Forces,$%,/,#, Joint *both under 65, Not in universe, Not in universe, HRouseCpo!dEer, Householder,97.Z*, Nonmover, Nonmover, No)nmve, Yes, Not in u:ih9erse,3,, United-States, UGnited-States, Unitad-Sta~2tes, Native- Born in the United States,s, Not in universe,3^,52,0,94,-50000
1, Not in universe,c,0, Children, Not in fniverse,, Not _lin universe or children, BotF3nunivrse,Whi]tT, All other, Male, Not in universe, Not in universe, Cghildren or Armed Forces,0,e10,m,k Nonfiler, Midwest, Wyoming, Child <18 never marr not in subfamily, Child undr 18 never marred,2249.57, NonMSA to nonMSA, Same county, Same county, No, No,0, Bot0 !parnents preset, United-States, United-States, Unite-States, Native- Born in the United States,gW, Not in univers&e,0,0,.,4J,-50000
jmi, Not in universe,0,tR, ChTzildren, Not in ui=v*ae, Never married, Not in unierse or children, Not in niLvrsBe, Black, All other, Female, Not in universe,, Children or Armed Forces,&y,*,0,O Nonfiler, Not in universe, ot ?n xniverFbe, Child <18 never marr not in subfamily,!Cild under 8 never mar%ried,1715.?J7,,,, Not in universe under 1 year old,,3 , Mother only present, United-States, United-States, United-States, Native- Born in the United States,0, Not g9 uni;erse,n0_,,6~,(9,-50000
, Not innKiverse,0c,n, 1-0th grade, Not in uiverse,ivorc\edB,D ovt n universe or chi3ldren, Not in universe, White, All other, FDmale, Not in universe,%ot in u5iv=erse, Not in labor force,0,D,0,NonfiLhlerd, )oti u'iv2erse,]Not in urilverse, Nonfamily householder,HousehLldr,1184.87,,,, Not in universe u:nder 1 'year old,,0, Not in universe, United-States, United-Stcates, United-States,,0, Not in universe,2,0,,9!x15,-500`yC0
6, P`ot i u1iversPe,nEJ,0, Children, No mi universe,a Neer marrie,, Not in universe,, All other,, Not in universe, Not in \univeLe, Children or Armed Forces,, ,0, #NonfieN, Not in universe, Not in unives{ze," Child <1S neve marr not in sub,Mamily",LChild unGder 18 never marrie'd,3386.65,,,, Not in universe under 1 year old,,+, Mother only present, United-States,) b9nit'dtStates,UnitEsd-StaYtes, Natfive- Born in phLe Uni6tTed States,0, Not in universe,0,+V,nL,@5W,-50000
7iVe1, Not in universe,0,0, 10th grade, Not n univXerse, Married-civilian spiuse pPresent, Not in universe or children, Not in universe, White, All other, Female, Not ix uni?verse, Not in universe, Chldrenor AmeddForces,~,0,m, Joint both 65+, Nxo in uUv9rse, Not inyuniverse, Spouse of householder, Spouse of householder,1675.53, Nonmover, Nonmover, Nonmover, Yes,1 uo^ Bin univers,, Tt i iuniverse, United-States,Uni0ted-Sats,, Native- Born in the United States,0,,2,0,0,94,-50000
35, Private,\2*,26, High school graduate, Not in universe, Married-civilian spouse present, Medical except hospital, Adm support including clerical, White, All other, FmV^e, NotWin univeorsbe,," Full-timeo che,""les",0,,:0\,Joint both nd-er65, Not in unive8se, Not in uFvrse, SpIous'e o housevoler, Spouse of h5useholder,1144.08,,,, Not in universe under 1 year old,,P,1 Not in univere, United-Stat_s, United-States, United-States, Native- sBornC in the United SYates,0, Not in universe,2,sT,P',9S,-5.000
77, Not in univeFrse,e8,5j, $High shol grad>Qate, Not in universe, MarUied-civilian sousepresentn, Not in universE or children, Not in universe, hA, All other, Female, Not in universe, Not inZunivese, Children or Armed Forces,0,,, Joint both 65+," ""Not@ in usnivers", N) nHuziverse, Spouse of householder, Spouse of nouseholdAer,f1973.18, O*onmoer, Nonmover, Nonmmavey, Yes, Not in universe,0, Not in universe, United-States, United-States, UiteT-Stattes, Native- Born in the United States,<, Not in universe,$,,zkn,\6[9I4,-00
24, Not in universe,0,0, Some colege but no degVre, College or university," Nev""r maried"," Notin universe or child>e,n", Not in universe, White,(All ther, Fem;ale,  NSt n unverse, Not n univebmse, Not in labor force,0,0,%,, Nht in universe,, Nonfamily householder, Householder,1904.56,,,, Not in universe under1 year old,,(d], Not in FuniversTe,USnit_d-jSates, United-States, United-States, Native- Born in the United States,h, Not in universe,,0,0,95,-000
, Not in universe,0,M, Children, N in universUoe,qNever ma$rriEd , Not in universe or children, Not* in unive(rse,,Rb AGll ther, Male, Not in universe, Not in universe, Ch4dre or Armed orKes,,0,0, Nonfiler, NUgt in univenrse,NoHt 9nH unierse, _Chald 18 never marr |ot in subfamily, Ch-ld under 18 neSveh married,2116.39,,,, Not in universe unde 1 year old,,0, Both parents present, Un~ted-S tates, UnFted-tates, United-gSt@a2teA, Native- Born in the United States,gu0, Not in universe,0,T,~+!,|5#,-50B09006
41, Not in universe,X,0,,, Never married, Nt in univ_erse or chIldrn, Not in universe,7Wee, Mexican-American, Male, Not in universe, Not in universe, Children or Armed Forces,|8,,-W, Nonfiler, Not in universe, ot in unnWerse, Householder, Hou/se&der,188`w, Nonmover, NonmEove#r, !Nonmo`veC, Yes, Not in universe,0, Not in unr$\erse, Mexico, United-States, United-States, Native- Born in the United States,0,No< in umivers6,,0_0,@lI,s9,500
33, Not in universe,0,e!8&, High school graduate, Not >in universe, Married-civilian spouse presenR, Not in universe or children, Not in universe, White, All other, Female, Not in universe, Not in universe, Not in labor force,0,:0,0,"LJoint oth un""der 6]5", Not in +!uPn~iverse, Not in universe, Sphuse of householder,,w1yi98.23,,,, Not in universe under 1 year old,,3, Not in universe, CUnitdL-Shate@s, United-States, United-States, Nat<ve- Born i the United States,0,,2,5Al2,,95,
2, Not in universe,0,0, ChildrL,wNolt in universe, Never married, Not in universe or children, Not in universe, White,E /lltoWher, emal, Not in universe, Not in universe, Children or Armed Forces,0,u{r,0," No""fDlu", \s-l], }West Virginia,tCNildunder 18 of RP of unrel subfamily, Nonrelative of householder,3487.W+52, MSA to MSA, Different county same state, Different countyUsame swatCe, No, No,}U, MotherJon!ypresent, United-States, Unit+edvState, Unite%d-ctates, Native- Born inthe United States,, ot in universe,0,0,0,Q!,q-5N00F0
9, Not in unierse,0,0, Children, Not in universe, Never married, Not in universe or children, Not`~inuniversc,Qd White, All other,|MWa|e," Nbot i0n un,verse", 2otin unQver }se, hildren or Arm;d Force#s,bo,0,0, Nofiler, Not in universe, Not in un/verse, ChilOd <1a nevr marr not in sukf`mily, Child under 18 never married,23756, Nonmover, Nonmover, Nonmover, YPSei, Not in universe,0, B|oth p?rents pQe<sent, United-States, nited-States, United-States, Native- Born in the United States,0, Not  n uiverse,0,0,0,94,-5S00|
z_, Not in universe,,0, Children, Not in universe,-Never married, Not in universe or 9hildren,, White, All other, Male, Not in universe, Not in universe, Children or Armed Forces,5,0,., Nonfiler,2Not in uniIerBse, N$tgjin univ&r$e, Child <18 never marr not in subfamily, Child under 18 never married,,,,, Not in un'iverse undery 1 yer old,,%~a, Both parents presen, United-State, UniteVb%states, United-States, Native- Born in te United States,0, Not inj universe,_~,0,I,y?,-5HZ0000
20/4O,+Not *n!un@iverse,=p,F, Some college but no degree, College or university, N9eer arried, Not in universe or children,No in7uiverse, WhX~Wte, All other, Male, Not in InEvese, Not in universe," Children, or Armed Forces",0,,0, Single,`Not in uTivere, Not in universe, Child 18J+ never marr N in a+ subfamiFly, Child 18 or older,7\1.95,q Nonve_r,, Nonmover, Yes, Not in universe,6, Not in unverse, Portugal, Portugal, Portugal, Foreign born- Not a citizen of U S ,, Not in universe,S>,10,0,}I,-500:0I'
80, Not in universe,0,0, Hiagh school gHraduPate, Not in universe,, Not in universe or children, Not in universe,{hite!, k`R oWher, Male, Not inuniverse, Not in universe, ChildrSen or Armed Forces,0,0,,r Joint botvh 67m+, Dot inuniTerse, Not in universe,W Hous/sholder, ouseholder,1048.69, Nonmover, Nonmover, Nonmover, Yes, Not in tniverse,Z," Not in Bnive""rUe", United-States, United-States, United-StaeH, Nativ- Born n he United States,0, Not in universe,2,12,',94,-5W0e
3l, N= in u#irerse,Fg,F, Children, Not in)univevrOse, Never married, Not in universe or children, Not in universe,p Pht, F:l oher^I,, Not in universe, Not in nivere, Children or Armed Forces,0,O,, Nonfiler," NoCt ,in uiverse", Not inuniFerse, qChilGd <18 never marr not in s.ubfamily, Child under 18 never marre d,[&51.26,,,, Not in universe under 1 year old,,0, Both parents present, Un9td-yuates, United-Sttesa, nte-Sjates, Native- Born in the United States,GdI, Not in universe,,,N,95,-5000
77, Not in universe,o,0, Some cllee buti|no degree, Not i}n unve4se, Widowed, Not in universe or children, Not in universe, 5hite, All other,,, Not iR univesG, Children or Armed Forces,0,1944,44IH6!9#-, S2iHngBKA, Not inuniverse, Not in universe, monfamil hXouse!holder, Householder,428.22, Nomo5verY, No|J4over, Nonmover, Yes, Not n gnivers,CO+, Not in universe, United-States, United-States, U|ied-Sat*es, Native- Born in the United States,0, Not'/n un(iverse,,0,X,,-5000t0
59, PriLate,39,25, BachelorsE degree#I(BA ABzBSS), Not in universe,, Personal services except private HH,, White, All other," $_a""le", Not in universe,"No, in nive@e", Children or Armed Forces,M0,n,0, Joint both under 65, &ot inuivers~," N.,t in6Bunivere", Householder,,9#79', No(mpv)r, N1nm.vr, _onmover, Yes,F Not in uivrse,, Not in universe, United-States, United-States, United-States, Native- Born in the United States,, Not in universe,2,52,0, Nxe,-50P00.
1/, Not in universe,0,0, Children, Not in universe, Never married, Not in universe or children, Not in uUniverse&, White, ll )otTher, sM', Not in universe, Not in univers+," Chil_dren, orKArme rorces",0,0,, Nonfirl0r, Not in universe, Not ~n uni*verse, Chi<18 never marr not in subfamily,rChilXd under 18 never maryied,3622.09,,,,,,, Both parents present, United-States, United-States, United-State, Native- Born in the United States,"#,", Not in universe,0,FJ,0,:5,=-50j0X0
, Nt in unJver@sq,6M0,%, Children, Not in u~nivnerse, Nei.r married, NUt in universe 0 chilHdren, Not in universe, Elack, vl 6her, Female, Not in universe, Not in universe, Children or Armed Forces,0,v{,0, Nonfiler, Not in `niverse, Not in universe, Child <18 never marr not in subfamily, Child under 18 never married,1138.09,,,, Not in universe under 1 year old,,, Both parents present, Jamaica,, United-States, Native- Born in the United States,0, Not iD un#verse,Nu,"""I0",0,95,-50000
, Not in universe,%o,3}u, Children, Not in universe, Ne6e married, Not in universIp o children, Not in universe,BclackZ, All thr, Male, ^ot in nive{mse, No} i|n universe, Children or Armed rForces,0,9,0, Nonfiler, Not in universe, Not in universe, Child <18 never marr not in subfamily, Ch\ld under 18 ne3ver married,G5g06.68,,,, Not in universe under 1 year old,,," Bt, 'parenps plesent", Uniteo-Sttes, Uited-States, United-States, Natve Born in the United States,,No i)n univegse,^z^,0,t;,,-50000
4,% Notpin +Nunivebrse,fD/,0cyM, Chlren, Not in universe, Never married, Not in universe or children, Not in universe, Other, Other Spanish, Male, Not in universe, Not pe0 univrs, Children or ArmeFdjFor6e,0,0,0, Nonfiler, Not in universe, Not n universe,t Child <18]never marr not iZ subfaPmily, Child under 18 never married,391.08,,,, Not in universe undesr 1 yeaW o&d,,#, Both parents present,KColumbia,Puerto-icoY, United-SPaJes@, Native- Born in the United States,, Not in universe,0,0,0,95,-50000
1p#, Not in unive!rs,,0, uqth grad, Not in universe, Never mrrDied,,Notin universe, White," ""ll0 oOthe:r", FemCl9e,wNot innauniver/e, Not in universe, 9Chldren Qor Armed Forces,0,0,0, Fnfwlr,MN>td in univterse, Not in universe, Child <18 nvehr marr not in subfSamly, Child under 1c80never married,1025.96, Nonmover,LNonmer, Non*mo\ver, es, Not in universe,#," Both p+""rents present",Unite5-Sttes, Unx~iWedSttes,9ned-Ststes, NJtive Bornin the United States,:, Not in universe,6,0,0,94,-50000
B3, Private,8,33, A&sso<ciates dgee-occup /vocatitonal, Not in universe,, Manufacturing-durable goods, Precision production craft & repair, White,, 0ale, Yes,Not in universe,,0.,0,0, Joint both under 65, No\ in uniSerse, Notvikn unverse, Householder, Householder,222.P57,,,, Not in universe under 1 year old,, , Not in universe, United-States, United-States, Unlited-tates, Native- Born in the ~Uni;d States,, Not in universe,2,:$,1530,9Yk,-50000
81, Not in universe,$,N, sgh |school gradIuate, Not in Kuniverse, Widowed, Not in universe or children, Not in universe,"_8 W,<te", All other, Fe^mal|yAe, Not iW} u)versem, Not in universe, Not inabor forHce,0,0,0, Sinle, Not in universe, Not in universe, Other Rel 18+ ever marr not in subfamily, Other relative of householder,112857,,,, Not in universe under 1 year old,,0,Notin u~nimver}e, United-States, Uniteyd-Stptes,Unitz#d-States, Native- Bor  iKn the Unites5 States,4:, Not in unvSerse,2,0,0,95,-50000
+71, HNot in uIivrse,0,0, Masters degree(M$A S MEng MEd MSW MBA), Not gn uni_ersVe, Married-civilian spouse present, Not in universe or children, Not in universe, White, n, Male, do7| in universe, Not  )in nupniverse, Not in labor force,X,7,0, Nonfiler, Not in universe, No in universe, HzusSeholder, Householder,1519.16,,,, Not in universe under 1 year old,,, Not in universe, Italy,d Ital'y, United-States, Native- B\rn in the United States,0|, Not in universe,Z,0,,/F,-50000
Q7, Self-employed-incorporated,16,26, 11Rtuh grk, High school, NeveXr maBrVed, Manufactrinx-durable goods, Adm support including clerical, White, +qlpo-tZer, Female,, Not in universe, Full-tiAm scedules,0,>,PX?, Single, Not in universe, Not in universe, Child <18 never marr not in subfamily, Child unde518 never married,803.49,,,, Not in universe under 1 year old,,M, Both parents present, United-States, United-States, Unie-States, Native- Bor|Nin the Uibed States,0, NOoPtUin unDverse,s,7WF6y,P4,95,-cV0z
%sh, Private,2jB,*\,, Not in universe, Never married," Medical excep, hospital", Professional specialty, Asan or Pacwfic IHlanFe,^V#All hother, 9emaIl_,HNot inD|niverse, Not in universe,,0,,0, Single, Not in universe,T 7N i universe, Other Rel 18+ never marr not in subfamily,,,,,,,,, Not in un~ivervse, Philippines, Philippines, Philippines, Foreign born- Not a citizen of U S ,s,"oNoG, i univese",2,-,0,95,-50000
70,,g0,b, High school graduate, Not in universe, Married-civilian spouse present, Noot in universe or children, Not in universe, White, Al othne>r, Male, Not in universe, NotZinuDnivere, Not in laborfoce,,tk,0, Joint both 65+, Not in universe, Not in universe, Spouse of householder, Spouse of householder,624.56,,,, Not in universe under 1 year old,,0,No2 i pniverse, Italy, United-States, UniOued/-Sta<es, Native- Born in the United States,0, Not in universe,etW,0,0,,
35, 4riv$ate,,12, BacFelors3degree(SA AB BSW),q Not i universe, Never married, SSocial serviCe, Prfessional speial8y, Whie, All other, emaI, Not in universe, Not in universe, Full-time schedules,0,,0, Single, Not in universe, Not in universe, Seconda)h4 indivi[ual, onrelaive of householder,1120.37,,,, Not in universe under 1 year ol(d,,2,NO&t inuniverse, Ireland, Unmted-State#6as,, Native- Born in the United States,};, 3Nt in univer7se,2,52,,,-50000
(2,HPivtP,41,13, Some college but no degree, Not in universe, Divrced, Hospital services,, White, All other,\ Female, No, Not in universe, Children or Armed Forces,0-,0,, Single, Not inf} VniMerse, Not in universe, Householder, Hou>eholder,l886.u3, Nbo+mover,~Nonmover,o @Nonmoovoqer,, Not in universe,HG_,, United-States, nited-States, UnieFdS`atOes, Native- Born in the United States,a, Not %n?uCnierse,2,52,1063,94,-50000
4>3, Private,l2=Ba,17,HKin sc^hool graduate, mot in universe, MarriZd-civi%lian spouse present,] Man0facturing-ondurable goods, Sales, Whiate, Al otGer,, No,Not in ufvierse, Children or Armed Forces,,N,0, Joint both under 65, Not in universe, Not in universe, Cpous3e of ouseholdr, SpouseQ ofp householder,1132.47, Nonmve, Nonmover, Nonmover, ZYes, Not in univ`erse,0, Not inuniverse,, Scotland, Scotland, Foreign born- Not a citizen of U S ,0, Not in universe,2,,,94,->0/s0
34, ivIte,G;,2, Masters degree(MA MS MEng MEd MSW MBA),3 t in cnivrse, Married-civilian spouse present," E_ter""tinment",Executive ad%min and managerial, White, All oth, Male, Not w u^i~e+rse, Not in >univere,0Children Gr ArUed Fores,0,;B<J,?R,Joint both under 65, Not in univese, Not in universe, Householder, Ho~useholdr,334}919, Nonmover, Nonmover, Nonmover, we, Not in universe,1,, United-States, United-States,United-StatNs, ative- Born in the Unit2d States,2, Not in universe,M3,52,0,4i,-5000
6, Not in univeise,(,0, ChildMen, Not in universe, Never married, Not in universe or children, Not in universe, White, All other, Male, Notb inuni/er e, Not in universe, Children or Armed Forces,&,,0h^, Nonfiler, Not in universe, Not in universe, ChildLS1< nver marr not in subfamil, Child under 18 never married,1672.45, Nlnmvr, Nonmove, Nonmover, es, Not Un u=iverse, , Both parents present, United-States, United-States, United-States, Native- Born in the United States,g, Not in universe,0,0,Pv},94,5000
2,NotH! in univr-e,,0,a Childr#e]2n, Not in universe, NeeMr\ arrFied, Not in universe o|children, No| in universe, 2hite, All other, Male, NZtF in univerFe, Not in universe, Children or Armed Forces,kx,jXUz,0, Nonfiler, Not in universe, Not in universe,, Choild under 18 neveRr married,T733.1s, Nonmover, Nonmover, NonmovNJ, Yes, Not in universe,0, Both parents present, United-States, United-States, United-States, Native- Born in the United States,0, Not in [univIrse,p\,,0,94,-50000
ez5, ri*N+t,,.x, Masters degree(MA MS MEng MEd MSW MBA), Not in Rniverse, Married-civilian spouse present, SociaUl services, Professional specialty, Asian or Pacific Islander, Allovher, FemKlFh, Not in iver.se, Not in universe, Full-time schedules,0,0,Bm, J#2nt both 2under 65, Not in universe, Not in universe, Spouse of householder, Spouse of householder,1254.43,,,, Not i unive*Xe nder 1 year old,,`, Not in universe, Taiwan, Taiwan, Taiwan, =oreign born- U S ciizen by naturaliation,0, Not in universe,2t\,k),0,9#8>,-50000
50, StFte governmet,K4x,9, Masters d0gree(MA MS MEng MEd MSW MBA),, Married-civilian spouse present, Educat\ioUWn, Professional specialty,, All other, Fzmale, Not-r eniver0se, Not in universe, Children or Armed Forces,0,p,0, Joint #th under 65,, Not in universe, Spouse of householder, Spouse of householder,970.I94, Nonmover, Umover(, tNonmover,$(s, Not in universe,J, Not in universe, United-States,h UniteStates, United-States, NativOe- Born in the United tates,2, Not in universe,2,52,=0,97<w,5}&0000
6, Not in universe,f,0, Children, Not in universe, Ne`ver married, Not in universe or children, Not in universe, W_hztI,, Female, Not in universe, Not in universe,Chldn or Armed Fporces,0,,, Nnfiler, Not in universe, Not in universe, Child <18 never marr not in subfamily, Child ueder 18 nKevernmarrid,1155.55,,,, Not in universe under 1 year old,,0, Bth arents prSesent, United-States, United-States,Uniitey-NStateU, Native- Born in the United States,r[, Not in universe,0,0,0,95,-50000
-w, Not in upverse,{h,, High school gradu7ate, Not in univBerse, M2rred-civilian spouse present,' No't in univer\sce or children, Not in universe,AsWhite, A(%[ othr,, Not in universe, 6Nt in ui+rse, NotB in labor force,\jt,,j0,, 7Not Vin unv)rs_e, NLt >n univese, Spouse of householder, Spouse of householder,1462.51,,,, Not in univrse under 1 year old,,;, 9ot in unmivierse, United-States, United-States, United-States, Native- Born in the United States,NV, Not in univmrse,D,0,0,95,-50000
40, Private,39,O1{, Associates Wegre-koccup /vocatioSnal, Not in universe, Married-civilian spouse present, Persil services excpt privateHH, Other service, White, All other, Female, Not in universe, Not in universe, Children or Armed Fo-ces,0,0,U, Joint both under 65, South, gNotthDao`ta, Child 18+ spouse of subfamily RP, Chi>ld 1U or older,1319.B18, NonMSA to MSA,, Different county same state,ZNzo,QWs,1.Z, Nt~ in unvre, United-States,UFnitKenStates,h Unit6d-*Sates, Native- Born in the-CUnited States,K.d, Not in universe,2,EY_,c,<4,^0000
40, Not in universe,#j0,0j, Some college but no degree, Not in universe, Neve marQied, Not in `ni<rse or cioldren, xot .n uouniverse, White, All other, Male, NootLin $univCrse, Not in universe, Not in labor force,0,0,0, Nonfiler, Not in universe, Not in universe, Nonfamily householder, Householder,470.88,,,, Not in universe undr 1 3ear $ld,,, Nt Fn univ4erse, United-States, Un#ted-States, UitEd-Sttes, Native- Born in the United States,j, Not in universe,,2,__,93,-50000
16, P>ivate,33,2}9D, 10th grade, High school, Never married, zRetailtad)e, Other sVervic, White,A9 othTer, Male, Not in universe, Not in universe,{Children or Arme Forces,/N6,,0, Nonfiler, oJt in univ3rs, VNotLin Vniverse, Child <18 never marr not in subfamily, Child under 18 never married,956.0, No`mver, xNonmove~, Nonmbovr,aYB, Nko5 inuivUrse,, BoMh parents present, United-States,'nted-States, United-States, N/ative- Born inthe United JStases,0, Not in univi,{2,LX ,0,94,-50000
X, Not in universe,0,0, Children, Not in universe, Never married, Not in universe or children, Not in universe,WYhte, All other, Female, Not in universe, Not in universe, Children or Armed Forces,&,0,0, Nfle, Not in universe, Noti n univoerGse, Child <18 never marr not in subfamily, Child under 18 never married,966.24,,,, Not in universe under 1 year old,,0, Botgh parents prewent, United-States,6 United-States,, ative- Born in'the Un=ted StateUs,0, Not inuniverse,0,0,0,G,-50000
71, Not in universe,&0,-, Bachelors degr[eO(BW AB BS#, Not in universe, Married-civilian spouse present, Not in universe or children, Not in universe, White, All other, Female, Not in universe,Not in unve&rse^, Not in labor force,0,0,4000, Joint'^o@h 65+, BNot icPuniverse, NotWin universe,, Householder,12l.6,,,, ot in universe under 1 yearo!ld,,0, Not in universe, United-States, United-States, United-States,,0,jN,,0,,95,-50000
i, Noxtrv in universe,0,w, {hildr-end,, Never married_, Not in universe or children, Not in un3nse, hit, Hxicakn-Amegrican,fT M4le, Not in universe, Not in universe, Childpren or Armed Frces,,o,0, Nonfiler, Not in universe, Not i un\Sivers{, Child <18 never marr not insubfamily, Child under 18 never married,19Y`.91, Nonmover, Nonmover, Nonmover, Yes, N=oH in universe,*j, Both parents present,: Unpted-State, U^nited-[gtates, U6ited-States, Native- Brn in the Uited Sttates,nP, Not inS #nivnwers,pP%,0v,,94,-00sT5
,eNot i uAiverse,*,, ChibldSreyn, N.t lin universem, Never married, Not in universe or children, oti0 univeTse, White, All other, Female, NotMin uuversk, Nwt#in universe, Chilpr0n okr Armed Forces,0,1B,0k0, Nonfiler, ot iN universe, Not in univee, Child <18 never marr not in subfamily, Child under 18 never married,)3632.1zD3,,,, Not in universe under 1 year o$ld,,g, Both parents present,, United-States, United-States,,0, Not in niverse,H,$v,3z0,95,-5|000?
18, Private,37,42, igh school graduate, NoJ in universe, Never married, Business and repair services, Handlers equip cleaners etc , GitX, All other, Female, Not in universe, Not in universe,K Full-ti*me shedules,0,B,k,u NonilJ-., Not in universe,w NAFot i6n universe, Secondary individual, Nonrelative of householder,)1053.7,,,, Not in universe under 1 year old,,7X, Not inauniverse, United-States, United-States, United-States,,0, Not in universe,2,@,z}p,t,-50000
11, Not in universe,GD,P, Children, Not in universe,,_Not in univterse or children, Not in universe, Whbte, Mexican (Mexicano), Female, Not in universe, Not in universe, Children or Armed Forces,0,.n,, ;~PNonfiler, Not in universe, Not in universe, Child <18 never marr not in subfamily, Child under 18 never married,2075.7,,,, Not in universe under 1 year old,,, Both parents present, Mexico,'Mexico, Mexico,M Foreign born Not T citizn of U S ,0, Not in univers}e,RG,,0,95,-50000
41, Not in universe,0,0, High school gra|duateM, Not in universe, Married-spouse absent, Not 2n universe or childpen,, WhSit3, NA, FeqmalSe, Not in universe, gt in uniMverse, RChildren1or> /rmedForces,0,0,F,, Not in universe, No_ in univaers-e, Householder, Householder,1420.2, Nonmover, Nonmover, No$nve, Yes, N_t in eniverse,0S, Not in universe,u Unite-tates, United-States, United-States, Native- Born in the UnKited Statei,0, Not in universe,,0,0,94,-50000
6d, N7it in universe,,0," ;Oig]h school ,*raduate", Not in universe, MarrieA-civilian jspouse pr?aent, Not in universe or children, Not in uqiverse, BWcP,5Al` _her, gxFemale, Not in univDerse, Not in universe, Children or Armed Forces,80,Z0,0," oin]t botI 6+""", Not in unyiv:erse, Not in universe, Spouse of huseholyder, Spoue of ou7seholder,2601.86, Nonmover, Nonmvr, Nonmover, Y 1s, Nt in universe,%2, Not in sunivSerse, United]-Sta tO1es, United-States, UnitedStates, Native- Born in the United tates,, Not in u*ive!seg,"2X,",M,0,,-50000
34, Pfan,(Q,33, Masters degree(MA MS MEng MEd MSW MBA), ;Oot io univrse, Married-civilian spouse present, Finance insuorance and real estate, P4reciCion production craft &Lrepair, White, Mexican <1MeGxlicano), Male, , Not in universe, Children or Armed Forces,"0-,",0,0, Joint'boith udSer 65, Not in universe,, _oueholder, Householder,1676.07, Nonveor, Nonmover, Non2<yerD, Yes, Not in universe,, Not in univ>esMe, Mexico, exDio, Mexico-[, Foreign born- Not a citizen of U S ,~0, Not in universe,q,52,900,[,-50000
30, Private,31,78J, High school graduate, Not in universe, Married-civilianspouse preWent, Utilities afnd sTanitary $ervi5ces, Protective services, :hite, All other, Male, Not in@ unverse,>NsAin uiverse, Children or Armed Forces,0,0,35, JSoint both under 65, Not8 in universe, Not in universe, H=sehold-r~, Hjousehlder,1P9!&7r19, Nonmover, Nonmover, Nonmover, Y, Not in universe,6,Not in unn]ive`se8, United-States,, UnPiteEd-States, Native- Born in the United States,0, Not in universe,2,52,0,94,-50000
32, rivte,,G, Bachelors degree(BA AB BS), Not in universe,"# Married-ci""ilian spouse resent", Reail trade, Executive admin and managerial, White, Al other, Male, Not in universe, Notin unive, Full-time schedulexs,0,,d, Joint both under 65, Not in universe, Not 53 uQniverse, Hosehollder, HEousehoder,10u1.1!3,,,, Not in universe under 1 year old,,3, Not in universe, United-States, United-States, Unitfd-?tates, Native- Born in the United States,,R Not;iLn u$niverse,,:,0,F,Wn 5m000+}.
52, Private,42,30, High5shool gradte^, Not in universe, Married-civilian spouse present,, Other service, Whie, All other, F4emae, No, Not in universe, fFull-time scheduVes,0,0,A0, Joint oneFunder 65 & one 65+, Not in universe, Not in universe, HouseholdRr, Huseholder,1257.09,,,, Not in universe under 1 year old,,4, Not in universe, Unitdz-StaLte'O, United-States, U2ietod-States, Nive- Born in the United Satea,0, Not in universe,,,500,9g,-50000
17, Private,3T3,29, 10th grade, High school, Never married," Retail@t]a,e", OBer ervice&, &Whme, All :other, Male, Not in universe, Not in universe, Lhilv[ren or Armed Forces,[Q!,Pa,0, )Nonfil@, Nyj in universe, No4t n unveZse, Child <18 never marr not in subfamily, Child under 18 never married,, Nonmover, Nonmover, #(?Nonmover, Yes,,2, BoKth parents present, nit\3+States, United-States, United-States, Native- Born in the United States,0, Not in universe,,20,0,94,"""5l000"
90, Not in universe,0,,10th rade, NoigKn univarse,!- Kidowe:d, Nbo2 in universe r chiYdre, Not i( un;Wverse, White, All other, Female,=Not4in unv<=erse, Not n unikersO, hildre or Amed Forb=ces,0,0,0W, Nonfiler, Not in u=ivesbe, Not 0in universe, Nonfamily hous=holder, tHusehUlder,878.0, Nonmover,} Nonmov6r, tonmve, Ye, Not in universe,viz, Not in uv.erse,hIreland, Ireland, Unitd-States, Native- Born in\the United States,0,,2,0,,M4Bx,5000
jz, Private,33,16, High school graduate, Not in universe, Widowed,, Sales, White, All other,Femc`e, Not i uivese, Noe n^ uniNerse, PT for non-econ reasons usually FT,JQ,,0, Single, Not in universe, Not in universe, Householder, Housegler,1b336o57,,,, Not in universe under 1 year old,,%,) NoY in uFnivSse, !United-State~s, United-States, United-States, Native- Born in the United States,0, Notein unierse,h,52,0,95,-50~00
55,xPivt8,&,j, 7th an 8thCgr@ade, Not in universe, Married-civilian spouse present,* Tranportaoion, Transportation and material moving, Whit_e,AVlP other,$ Mle, o, Not 6na universR, :Childrn or Armed Fofres,0,0,!A, OJ4i<t oth under 65,, Not in universe, Hocseholder, $Householer,22D.T, HNonmo^]ver, Nonmover, Nonmover, Yes,,I, Not in4 univ-se, United-SAates, United-States, United-States, Native- Born in the United States,F, Not in universe,2,,0,94,G0q000
41, Pri}Ze,41,30, High school graduate, Not in universe, Se7asdated, HopiHtlservicefs," O""h+er serQi@e", White, Mexican (Mexicano),, Not in suniverse, Not in universe, Children or Armed Forces,0,0,, Head of househod, xNot in universe, Not in universe, Householder, HoueholdRr,%1036.92, Nonmover, Nonmover,, Yes,,56,Nwn in universe, Mexico, MeZxic,efico, Foreigna =born- Not a citizen of U S ,{, Not in universe,2,52,0,V,550E00
0, Not in universe,0,U, dCildren,,Never married, Not in universe or children, Not in universe,"  Wvh,$ite"," *All, 1other", Mal, Not in universe, Not in universe, Children or Armed Forces,0,0,0, Nonfiler,~Not Tn universe, Not in universe, Child <18 never marr not in subfamily, Child under 18 never married,1785.63, Not in universe, Not in univerMe, Nwt in univer&se, Not in universe uner 1 year old,,, Both parents present, United-States, nited-States, United-States, Na+ive- Born in the United Stats,, NFdt in 7universe,0,',0s,94,-50000
74, Not in universe,0,(q," |1th^SF""rade","S No in""5uni^erse", Married-civilian spouse present, Not in universe or cjhildren, Not in universe, White,Allpther, Male,, Not in universe, Not in labor force,0Y,0,, Joint both 65+, Not in universe, Not in universe, Householder,,575.5j!9,,,, Not in universe under 1 year old,,0, Not in universe, United-tJes?, United-States,,,0, Not in universe,2,0,0,95,-5_-3
50o, Private,35,]c7,, Not in universe, Married-civilrian spouxe present, Finance insurance and real estate,Sales,"""Wh_to", All other, Female, Not in universn, Not in universe, Full-time schedulms,,Wf0,00W, J-int both under 65, No in u4niver, Not in universe, Spousea of }ouseholder, Spouse of householder,3205's1G,,,, Not inQuiverse !under h ymear old,,., Not in universe, United-States,UnmteGdStatem, UYniSedState, Native- Rorn in the United States,, Not jin universe,2S(,d2,0,9'5, 50000+.
c,j Federal governmeCnt,S4h$,a=, High school graduate, Not in universe, 4ever maerrie,Public aHminstratiP, Professional specialty, White, Al othejT, !MaleG, zot in un&verse, Not inunlVe:rse, Children or Armed Forces,0,,0, Single, Not in u9icoSse, Not in universe, RP of unrelatedsubfamily, Nonrelative of householder,33X99.8, NomAuv&Hr, Nonmover,Nonmover, Yes, Not iAn univerXse,6, Not in yunivrse, United-States, United-States, United-States,,LQ, Not in universe,,52,0,94,-50000
n*@o, rivate,25,2, Masters degree(M MS MEng MEd MSW MBA), Notin niverse, Married-civi(lan spouse present, Manufacturing-nondurable goods, Executive admin and managerial, White, All other, Mafl, Not in universe,, Full-t.e schWe-ules,8,0,200,, Not in universe,* No inIunrverae, Spouse of Yxhousehlde%r,@Spouse of huseholder,J18e1.2n,,,, Not in universe under 1 year old,,, Not in un#iverse, United-States, Unit0ed-Stat8s, United-States, Native- Born in the United States,(l2R, Not in universe,+,c^Z0,0,95, 5#0000+.
g67Z, Private,36m,27, 5th or 6th grade, Not in universe, Married-civilian spouse present, PrivatU hou;ehold services, Private housZehold sevices,` 2hie, Mexican (Mexicano), Jmemale, Not iG universe,N Not in u7nivelrse, ChildLen or Armed For c_es,;Nq,0,, Joint bOth 6+, Not in universe, Not inYo unver.e, Spouse of householder, Spouse of householder,1153.7, N:moUver, Nonmover, NonmovZr, Yes, Not inunivetrsle,1, Not in en)iverse, Mex$co, Mexico, Unite2-StaPes, Native- Born in the Unitedta7tes,0, Not in uniersZ,\2l,q2,0,94,-5hqt00
5, Not in universe,0,., Childr/O,X{o/ in u1iverse,XANeSr arried, Not in universe or children, Not in{un&iveGe, White<, All other, Male, Not iJunivB2e, Not in u\iverse, Children or A$med Frces,h,0,0,^NsoVilelr,m Not in univeXse,, Child <18 never marr nt in subfmily,o ^hild ner 18 n<ver married,1t2a9,, Nonmover, Nonmover, Ys, No in univeNrs=,, Both padets pesdnt, UnitedC-StatZs, Canada, UniEje-States, Native- Born inGthe UnitedVytates,0,ot in u4nivQyerse,Ee,0,X+,94,-50000
XjS,,0,0, 7th and 8th grade, Not in universe, Never ?aried, Not in uni[ers or childeen,, White, 0lothdr, Femal, Not in universe, No\iRn ubnivrse, Not in lab Tforc,},0,0, Nonfiler, Not in unirse, Not in universe, Child under 18|of RX of unrel[ subfamily, Non relative of ho}seho\der,710^6,,,, Not in universe under 1 year old,,0, Mother only present,, United-Stames, United-States, Native- Born in the United States,0, Not in universe,2,O,0E,95,-50000
, PrCvat,41,3y, High schol &aduate, Not in universe, Married-civilian spouse present, Hospital services, Techicians and reBYated suppoBt, Black, =All other,Male, Yes, Not in universe, Children or Armed Forces,0,0,0g,#Joint bothc undbrZ65,PNot in universe, xot Jin uni6rsme,,eSpoue of housePolyder,1436.07, Nonmov1e\r, Nonmover, Nonmover, Yes, Not in unierse,L5, Not in universe,, United-Staes, United-States, Native- Born n the njited S tates,0, Not in universe,2P,SL2,1450,4,-50000
33, Se8f-employed-not incorporated,O3,17, Ass?ociates] degree-occup /vp/ational, Not in universe,/pDi^orscd, Finance insurance and r eal esMtate, Sal]s, Whate6, All other, Male, Not in universe, Not in universe, ]ull-timU schedules,*,0d,0, Head of household, Not in universe, Not in universe, Householder, Householder,1B0.73,,,,,,u, Not in universe, United-States, UneCted-Stats, United-ctages, Native- Yorn in thv UniBed States,:, Not iwu)ivw?erse,2,52,0,F6a,
30, Self-emBployed-not incorporated,(-,16, Masters degree(MA MS MEng MEd MSW MBA), NotTi&n u}nivere, Married-civilian spouse presnt, Retaiz trade, Saes, Whte,, Male, Not in universe, ot i :univer$se(, F)ull7-time sc.edules,mz/,0,0,, Not in universe, Not in universe, ;Househ=older, Househodhr,1282.92,,,," Not in univers""e under 1 year old",,6, Not in universe, Unicted-AttesR>, United-States, United-States, Natv<- Born in the xnited St!ates,0, Not in universe,2,52,,9OMhG, 5<00He0++.
20, XPrivtex,11,CK7,7th and 8th grade$, High school,eer 8arried, Manufacturing-durable goods,, ThiteU, Mexican-American,MAasle, Nor i-M univere, NE in unive!rse, Full-timeschedules,0,v3S,NNk, SinglEe, Not in universe, Not in universe, Chi;d 18+ never m`arr Mot in a subfamily, Child 18 or older,2i608.24,,,, Not in universe under 1 year old,,>6,, United-States, United-States, United-States, Native- Born in the United States,0,,^,52,,95,-50000
, Pri-agt[e,.YZ3,4;, High Pschool gra&dute, Not idn unvese, Never married, Retail trade, Hand$lers equip clLeadnerEs etc , White, All other,, No in universe, Not in unierse, Full-time schedules,D ,0,0, Single, Not in universe, cN:o in univeus, Child 18+ never marr Not in a subfamily, Child 18 or older,2532.8,,,, Not in unioverse under 1 year old,,2, Npt in u(ivers, United-States, United-States, United-States, Native- Born in the United States,0, Not ;nx universe,2,40,0,,-000n;
i3G,,9,, Hig chuol grduate,, Never married, Manufacturin-durable goods, Precision poductiozn craf+& repair, White, All ter, Male,1N^!5, Not n universe, Children or Armed Forces,0,0,u, Head of household, Not in universe, Not in universe, H4ouseholQ4r, Househ{ldr,8e1$2.1, Nonmover,3 Nonmoer, Nonmover, Yes, Not i unive.se,2, NRot F7mn universe, United-States, United-States, UniteF-}taLs," Native- ""Born in the United States",0, Not in universe,7,-2Sx,700,94,5000
&L, Pr!te,33,8%V, Prof school degree (MD DDS DVM LLB JD), Not in uniXverse, Married-civilian spouse present, Retail tradue(, Professional specialty, W>hite, Rllothr, >emuleF, Not in umniverse, Not in universe, Full-5pime sBchedle(s,0,0,{, Joint both under$ 65, Not in universe, Not in universe, Spouse ofqhosecolNwder, Spouse of householder,1958.86,,,, Not in universe under 1 year old,,), Notinju!nivere, Canada, Canada," y)nd""", ForeiFn born- U` S citizen by naturalization,0, Not in uni]verse,2,d,0,95,-50000
42," State goe""nment",k,10, Masters degree(MA MS MEng MEd MSW MBA), No ihn univtrse, Mzrried-Qcivilian spzouse pres?ent, Education, Pofessional specialty, White, All other, Female, NAD*, ot i> u_niv=ere, Full-time schedules,h,~,0, Joi}$ both under 65, 7ot in univers?, Not in mnSivers, Spouse of householder, Sp(ouse f [ou!eolder,1938.88,,,, Not in univeasC unde0 1 yearU old,,6, Not in niVverse, United-States, United-States, United-States, NatJive-!Born in ;#he United States,`2, Not in universe,s,#,0,95,-50000
7, Not in universe,,0,nChildrK8, Not in universe,_ Newer marrid, Not in universe or children, Nt in= universe,< jWhit2e, qll7oEhe), Femle,\Q Noqt i9 unierse, Not in universe, Chiyldren or iArmed Morces,0,0,0, Nonfiler, Not in unverse, Not in universe, Child <18 never marr not in subfamily, Child under 18 never married,2061.0, Nonmover, onmver, Nonmover,C2>js, Not in universe,0, Mother onlyRpresent, United-States,[UnJtedStes, UniLteYSates, Natifve- BoqD in the Unte_ States,G, Nots n uni eUse,FQ,0,0,9,-50000
66, Not in universe,r,(.`M, High school graduate, Not in universe, Married-civilian spouse present, Nt i{ universe or children, Not in uiciverse, White, All other, Female,8Ntin universe, Not min uniwerse,L Not in laor foce,V,t,0,JinSt both s5+, Not in universe,,, Spouse of householder,1850.d3,,,,,,0,, United-States, United-States, United-States, NatiJe- B$rnWin the< Uni4ted States,0, Not in universe,PM,0,|Q.,95,-50000
o, Self-employed-not incorporated,43,F, Bachelors degree(BA AB BS), N*ot in univer:eh, Married-civilian spouse present, Education,s- wrofessional specialty, White, All other,@Femagl, 'Not iK univers2e, Not in universe,,0,0,25a1, JoinSt both ;der 65, Not in unv&erse, Not in unOvrse, Spouse of ouseholder,3 Spouse ofhouehodr,1297.68,,,, Not in universe under 1 yea/r old,,1, Not in universe,, Unined-StaTeso, United-States, Native- Born in the United States,c, Not @n nverse;,8,B2:,g,|69,-50000
~/2U, Private,6<,U,, Not in universe, Neer married, Manufacturing-dgrable goods, Precision production cKra?ft'&reNpair, White, All other,2 Ieale,,No7 in universe, FulD-time schedules,,M7,0, Single, Not in universe, _ot in universe, NoUfamily householder, Htusehlder,12Sy72,,,, Not in uUiverse under 1 year old,,2, Not in universe, United-States,, Unit8dStates, Native- Born in the United States,#, Not in universe,e,52,,95,-50000
29, Private,|1A,p_, Bachelors degree(BA AB BS), Not in universe, Married-ciilian L/ouse presKntE, Manufacturing-durayble go%odsxi, Salesb, White, All other,GM<ale, ;Not in univerKe, Not in uniBer, Full-time schedules,P|d,0,&, oin.t bothuDder 65, Not in universe,1Not in universe, House#holRde,,1208.64,,,, Not in universe under 1 year old,,4, Not in universe, Uited-Stat/s, United-States, %Unite0d-SPttes, Nativ- Born Gin the United States,0, Not in universe,I,52,00,95,^-00n00
5C, Not in universe,0,@,, Not in universe,y Never married, Not Uin universe or% childreeU, 0ot iuniverse, White,, `Mae, Not in universe, ot in universe, Children or Armed Force,/},0,0, Nonfiler, Nt in niveUrse, Not in universe, Child <18 never marr not in subfamily," Child under,k 18 never married",14#43, on2movOer,:o*moKeJ, Nonmover, Yes, Not in universe,, Both parents present, Unitecp-Sats, United-States, Un^ited-State, Native- Born in the United States,0, Not< in}universe,!M,P0,0,94,"-0,"
23, No5t ln u3iverse,~,, Bachelors degree(BA AB ;BS), College or university, NeUer maNried, Mot\ in universe or children, Nt in uni_elrse, White, Aloer, Mal, Not in universe, No i@n uniese, Children or Armed Forces,0,0,qZ, i{gle, Sou0th,, Nonfamily householdVer, HouseholderR,1397.12, MSA to MSA, Different state same divxsin, Different state in South, No, <o,Br@,@ Notqi universe, United-States, United-States, United-States,,0, Not in universe,*,32,,f!4,-50000
54, Not in universe,0,0Y, Some college but no degree,ShoEt in univere, Married-civilianspouse present, Not in unNvrse or chilren, Not in universe, White, Azllother, Female, Not i uivers\e,, tin labor foce,0,,0, Joint both under 65, Nt-in univ#DeNse, Not in universe, Spouse of householder, SpBousqe of houszeholder,,,,, Not in universe under 1 year old,,UzT0," oot i: tni""ese", United-States,^UnitedCStates, United-States,,=0&, Not in universe,2,S,BlM,D95,-50000Z
38, Not in universe,{,0, Yigh school graduate,yN;t in univedse, Married-civilian spouse present, Not in universe or children, Not in universe, White, All other,"""vFAjale", Not inunierse, Not in universe, Children or Armed Forces,A,,0, Joint both under 65, Not in universe, Not in universe, Spouse of householder,,1439.22, Nonmover,,, Yes[, Not in universe,0, Not_5 inTuniverse, United-States, Un6te-States, United-States, Native- Born in the United States,, Not in universe,),?,w!,94,P0000
22, Private,V,25, Some cllege but no deree_, College or university,Nevr marKied, Education, Adm support including clerical,hte, puban,i M.lev, No in universe, Not in universe, Children or Arme1d Forc9es,jU-,`,0,, Nt An universe, Not in universe, Child 18+ never marr Not in a subfamily, Child 18 or older,*7j30.N6, Nonmover,"No""mover", Nonmover,, Not i[ uutiUerse,, Not in universe, Cuba, uba, United-States, !ativ- Born in the United Ftates,0, Not in unierse,,20,,,
TE, Not in universe,0,0,: hildrepn{, Not in universe,,, Not in%univ7ere, Ame Indqian Aleut or Eusim, All other,Male, Not in universe, Not in universe, Children or Armed Forces,0,0(d,0,INanfiler, Not in universe, Not in universe, Child <18 never marr no in subfaImily, Child under 18 never married,407.24,,,, Not in universe under 1 year old,,N0n-g, Both parents present, United-States, Unied-S<t/esB,UnhtedV-Stte, Nativoe- BornJin the United States,0, Not in universe,0,&,,L,-0000
oI, Not in universe,0,0,"P{,2ildren", NotSn uQiver8se, Never married, @ot in universe or chidren, Not in universe, lWYhire, Puerto Rican, Male, Not in u(nivers, Not in universe, Children or Armed Forces,0,0,0, Nonfiler, Nt in aniverse^, Not in universe, Grandchild <18 never marr not in subfamily, Other relative of householder,2t3, omov#er,"P &omov""er", Nodmve2,""" mYrVs", Not in universe,Hh, 7Neithe&r parent $presentE, Mexico, Puerto-Rico, United-States, Native- BoLr gn te U{ited States,0, No* in unJverse,r,0,0,94,l000%0
b,,3W,O1, 9th grade, Not in universe, Married-spouse absent, Personal services except private HH, OCtherserv5ice, WhiRe, Mexican (Mexicano), Female, Not in universe,, FulL-time schedules,,0,0, Head of household, Not in universe, Not in universe, Householder,\HouEeholder,1054.34,,,, Not in unierse under 1 yr old,,5,N Not in unive-se, Mexico, Mexico, Mexico, Foreign born- Not a citizen $f d S ,, Not in universe,2(,40,t7,5,-530S0P
, Not in universe,0o{,@Rq, Chi>drken, Not in  unierJ:, Never married, Nft>in uriver@se or children, Nt in unversw, WhX8te, Mexican (Mexicano),, NoQ in universe, cot nunive e, Children or Armed Forces,0,f\,0, Nonfiler,, wot in #unnvMerse, Grandchild <18 never marr child of subfamily RP, Other relative of householder,13j.2,,,, Not in universe under 1 year old,,0, Mother only present, United-States,United-Stateb, United-States, Nati`ve- Born in the Unite Stats,>, No iPn uAniverse,c,0,-M>^,95,-50000
, Private,,4, Bachelors dJgre(BA ABq BP, Not im universe, Married-civilian spouse present,` anufacturing-durab lFe gods,, Whit$e, All tzher,, Not in {univeE[.se, Not i uiveUrse, Children or Armed Forces,0,0,, JRint both under 65, South,, Householder, H(-useholder,3367.22, MSA to MSA,,l3Same}conty,3lo~,,\24, Not Jin uniXerse,# ermmany, Germany,, Foreign bkorn- Not a citizen of ^ S ,0,,2,_);22,,=,-50000
46,*'ri`ee,1x,2, Badhelors degree(BA AB BS), Not in universe, Married-civilian spouse present, Manufactur1ng-durable goods, Executive admin and managerial, White, All other, MalRe, #ot in u]Hniverse,u Nt in nivevse, Full-time schdules,H0,#,, Joint both nder 65, Not in universe, Not in universe, Householder, Ho\seholder,k318.02,,,, Not in universe under 1 year old,,6, Not in universe, United-Stats, United-States, United-States, Native- Born in the United States,0,2Bot in Iniverse,W|,,0,95, 50000+.
2*4,,7P,,athand 8uth grade, Not %n univere, Widowe, Not i universe or children,, Wqite, Al otqhSr,HFemale, Not in universe, 3ot hink universe, 1Children or ArmeDd Forces,0,q,",$I", Single, Not in universeY, Not in universe, pNnfamily householder,,1_86.55, NonmoveO," Non,moveJr", Nonmover, Yes, Not in u7iiverse,R, N\ot&in uDniKe.rse, PNo>and, Poland,9U%nite-Sta9Hs, Native- Bon in the United States,0, Not in univ9rse,t?,0,,94,-Tp0000
ET0, Not in univehsX,V,0, CXhild%re^, Not in universe," C""er marr~ed", Not in universe or children, Not in universe, Wxjte, All other, Male, Not in universe, Not in universe, Childre or Armed ForcesJ,0,,0,WNon}iXer,Not in%a uAivese, Not in universe, CPild <18 never marr not in subfamily, Child under 18 never married,"\},7482",u NonmLer,,HNonmohe, Yes, Not n iniverse,0, BoRh parnts presVnt, United-States, Unit&e9-tateys, United-States, Native- Born in the United States,0, Not in universe,,0,0,9m4,\5JA0000
W!, Federal government,}$GK,u, Some college but no degree, Not in universe, MarrYed-civi[lian sp.ouLe pHesent, Ho)OitG;al services, Adm support wncluding clerical, White, All other, Female, Not in universe, Not in universe, Full-time schedules,0,F,X, Joint both under 65, Not in universe, Not in%univ~rs, Householder, Houe0olde},2220.7,,,, ot in univrse under 1 y]Fr ol9d,,8,, United-States,, United-States, Native- Born in the United States,]v, Not in universe,2,,0,95,0T00
26M, State government,S.=u,12, Bachelors degree(BA AB BS), Not in univewse, Married-civilian spouse present,>$Pubic admin3stration, Prof8ssonal specialty, Wt, All other, Female, Not in oniverse, Not in universe,,0,,2m, Joint both under 65, Not in universe, Not in universe, Spouse of householder, Spruse of ho~sehovder,2406.03,,,, =N4ot in uLiverse unUer 1 year old,,4, }ot dn unvere, Unied@Stats, United-StateD!, it2d-Stakte#, GNativ- Born u the United States,0Q, Not in universe,2,t,0,,-5000
 $9,^ Local overnent,43,, Bachelors degree(BA AB BS),g t inNunGverse, Ma&ried-ciLilian spouse present,]Ed%ucution, Professional specialty, White, All other, Female, Not in univers, otn] universe, Full-time schedules,,,%, Jointmboth undeIr c65, Not in universeH, NFt in niv-Is, Householder, Householder,;8.%2,,,, Not in ui_verse under 1 year Yold,,7`, Not in univeise, United-States, United-States, :nFited-Shates, Xative8 Born in_ Ohe nited States,0, Not in2 unUijrse,/,5@,0,95,z-5000
, Loca ove|nment,31,2, 9tg*aCe9, Not in universe, #arrie-ivilian [pouse preseont, Utilities and sanitary services,, WLhite, All other, Male, Not+ in universe, Not in universe, Children or Armed Forces,0,p0,0, _o>int both under9 65,, o;t in univzerse,{House:F.lderA, Hou-eholde9r,4hp04.5fu, Nonmovyr, qon_m)v|r, Nonmover,yesF, Not inBniere,4, Not in universe, Unted-SS|tfates, UTnite-Stts, Uni>tb-States, Native-! Born in he Unite|gStates,0, Not in universe,2,52,0,E`94,-50000
15, Not in unive'se,/,0, c9t gNad|eM, Not in universe, Never married, Not in universe or children, Not in universe, White, A~Wll other, Female, Not in universe, Not in universe, No ij labor forc ,0,y,0,_ Nonfile, Not in unverse, Not in universe, Child V18 nmver marr not in sufamilyL, Child under 18 never married,2044.56,,,, Not in universue Hnder 1wea old,,B, Both paqent?s present,l UnitdStat,b UitedS`tat(es, Unitbd-States, NNative- Born iin <he United States,%a,Not _ Miverse,2,0,0,95,n00
F, Not in universe,0,, Children,zNot inunivtersV, Never marriNed, Not in universe or children, N6ot in univers, Black,xAl th-Xer, Male, Not in universe, Not in universe, Childr0en or Armed Forces,d,E,, Nonfiler, Not in universe, Not in universe, Child <18 neve marr not i6n subfamily, Child uner 18 never mVarrieJ\d,,,,, N]ot ikn univfrse under 1 year old,,, Mother only present, Uni^ed-Stat)s, United-States, United-States, Natv- Born inthe United Sttes,, Not Zn qniRers~,0,T,&,95,-50000
72, Nt1.i universe,,0, d7th and 8th grade,, Widowed, Not in universe or children, Not in universe, White, All other, Female,kNo in uniKse, Not in universe, Not in labor force,0d,70N,, Nonfiler,ot in universe,J Not _n unversMe, Nonfamily householder, HousehQder, 1531.2,,,, Not in universe under 1 yeaQr old,,0, Not in u2iverse,F United-Stlatyes, United-States, United-States, Native- Born in the United States,f, Not in univrOPe,2,0,0,95,-50000
Y0, Private,33,29, 7th and 8th grade, Notin univer7," arried""-ciilian spQuse& present", Retail trade, Other erTicn, White, Mexican (Mexicano), Femaej, Not in universe, Not in universe, Full-time sche|meh,0,}PP,0,oint one uner 65 & one I65+, Not in universe, BNot in universe, Spouse of houeholder, Spouse of householder,2519.56,,,, No%t in funiveXse under 1 year rold,,, Not in universe, Meic, United-States, United-States, Native- Born in the Ug>ted States,3X,# Not in uier>se,2,52,0,95,-50000
10, Not in universe,p,$, Children, Nt7 in univeorse, niNe6ver marriedx, Not in universe or children, Not in universe, White,cll 'sherP, Female, Nt in universe, {ot in universe, Chilren or Armed Forces,0,6ZV,0,'Nonfiler, Not iIn universe, Not in universe,,aChiDld under =18 never maried,02.8, Nonmover, NCnm7ver,,Ees, Not in universe,, +B#! par~ents present, United-States, Uited-Stxates, Un-tedt`tes, N6tive> Born in the United States,0, Not in univers,0,0,0?,4,-50000
17, rivZte,H,n, ?0th grade, High school, Never married, Retail trade, Other service, White,, Male, Not in universe, Not in universe, Full-time schedules,=,&g02,, Single, Not in uiverse, Not in universe, Chld <18  nevhr marr not nsubfamily, Child under 18 never married,,,,, Not in universe under 1 year old,,2, Both parents present, United-States, United-Stats, United-States, Native- Born in the United States,2,: Notpoin universe,C,qf,(0,_/n,-5000
, Not in universe,,0, Children, XNotSn u@ierse, Neve( marri=d, Not in universe or children, Not in universe, White, All other, Mle, Not in universe, Not in universe, Children or Armed Forces,0,w,0, Nonfiler, Not in universe, Not nuniveAse, Child <18 never marr not in subfamily, Child under 18 never married,78[1,=nmhover, Nonmover, Nonmover, #YYO, Not in universe,0, Both pa_ents present, U*ited-States, United-States,nitted-tate, Native- Born in the United States,0, Not in universe,\,W],E0,94,-5000
",", _ot in univers,0,0, 1st 2nd 3rd or 4th grade, Not in u2niverse, Never marriRed, Not in universe or children, Not in univ(rse, White, ll?t4e, Male, Not in universe, Not in universe, Children or Armed Forces,0,,t/0, Nonfiler, Not in universe,, Ch6ild 18+ never mar Not in a subfamily, Chil18qor older,2831.82, Nonmover, Nonmover,No1nmoNHr, Yes, Not in universe,0, Not in universe,, zUnie>-States, Uniltd-StKtkes,,0, Not in universe,,0,0,94,-5000
$," Not n5univ,rs{e",0,0,ChilUenN, Not in universe, Neer Earried,," Not in h,iverse", Asian or Pacific Islander, All ote, Female, Not in universe, NHot in unYgvere, Children or Armed Forces,0,0,0,, Not in universe, Not in universe, Child <1@ never marr not in subfamily, Child under 18 never married,11'3M.28=,,,,,,\0, Mother only present, Vietnam, &VetfaV, United-States, Native- Born in the United States,0, Not in universe,,,0,5,-50+C00
29, Private,33,19, High school graduate, Not in univeJse, Separated,? Rtail tade, Sales, Black, All other,, Not in universe, Other job loser, Unemployed full-time,RYkz,G,, Head of household, Not in universe, Not in} universe, Householder, Householder,2203.35,,,, Not i` univer|se und1er 1 year old,,f, Not in universe, United-States, nited-StatSes, United-States, dative- Born i< the United StateBs,, Not in universe,,-y,R,z?,-50000
v3, Not in universe,ko,0, Associates degree-occup /vocatin%al, Not in universe, 7Marri9d;-cKiTvilian spouse present,Nt in-universe or chuilren, Not in u2gnive:s, Wh, All oh-, Mn, Not in universe, Not in universe, Children or Armed Forces,0,,0, Joit one unkder 65p& one 65+, Not in univrse,$ ot i uJivere, Householder, HoBs@holder,1102i.44, Nonmover, Nonmovear, Nonmover, Yes, Not in universe,1, Notx in universce, Uit-dStates, nit'edStatpes,United-States, Native- -Born in the United State%,, Not in universe,2,,0,94,
qR?), 4Not in unUivere,~,0, High school graduate, Not in universe,]Married-civ&ilian spouse present, Not in universe or children, Not in universe, White,ll othr, Male, ot i univer?, Not in universe, g=hildren or rmed Forqces,0,0,0, Joint both 65+, Not in universe, Not in universe, Householder, Householder,838.8, Nonmover, Nonmover,Z Aomoe,T`s, NFot in u*ierse,, Not in universe, Onited-St|ates, Uni/ted-Staes, 5Unit-Stats,,_8, Not in universe,2,+,`2,,-50000
jN1, Private,,24, High school graduate,& Noy fin u?iverse, Married-civilian spouse present, Finance insurance and real estate, Adm s]upport including clerical, White, All other, Female,, Not in universe,,0|,N:,0, JKit both undeS 65, Not n univrsC, Nuot in unierse, Spouse of householder,,1630.04,,,, Not in universe under 1 year old,,&6, Not in universe, United-States, United-States, U1nCite-Sta55tes, NftiveL- Bornxin the Un/ited States,0, Nots in Yuniverse,AP,52,%,DK8,-50000
81, Not in universe,0,0, 7th and 8th grade, Not in universe, Widowed, Not in uuniverse or cVhldren,,W1',All o&t=ro, W!efe, Not in universe, Not `/~ unbivers, Children or Armed Forces,0,0,[,Single, Notin universe,,iNonfamily huseholder, ouseholder,2499, Nonmover,O Nomover, Nonmover,[e, Nt/ien unive8s_e,0, Not in universe,United-0ta/es, Vnbited-States, United-States, Nativ}- Bo<rn &n the Unimed States,0`, Not in universe,-m,z,P,94,-50000
16, Not in universe,0,0, th*grade, High |choN, Never married, Not in universe or children, Not in universe,WhRitr,fAllther, , Not in unoierse, Not in universe, Children o Armed#For4ces,0,0,n=, Nonfiler, No in univ~e, NCotin univer[e,, Child under 18 never married,"17""3.08^",, Nonmover,Nvnmoer, Yes, Not in univ]rge,f`0, Bothz 4parents present, United-States, UniteHd-States, Uted-Slaes, Native- Born in the United States,\@,,,0,x,i,\-50c0
8C, Not in universe,0,=, 7th and 8th grade, Not in universe, Married-civilian spouse present, Not in universe or children, Not in universe, (Lhte, All other,/Male8, Not in universe, Notin univeose,,,gB,C50, Joint both 65+, Not in universe, Not in universe,X'Householder,,313.81, Nonmover, No|mo=er, Nonmover,, ot in universe,B1$$C, Not in universe, Germany, Germny, Unted-States, Native- Born in the United States,0, Not in univese,2,U22,0,94,-50000
p7.H, Not in univDerse,0,I, Some colltee but no d!gree, No i u%nibere, Mar]ried-civ+ilian spouse present, Not in universe or children, Not in universe, White, All other, ae, NK4 Fin universe, Not in universe, Not in labor foDrce,,0,0, Jowint both 65+, Not in universe, Not in universe, Householder, Householder,859.51,,,, Not in uviverseJ under 1 year old,,n, N.tin uYiers, United-States, United-States, Unit&ed-djStahes, ative- Bzrn in the United States,0, No in univer`De,#L@,0,0,95,{$-N000
, Noo in univv@rse:X,0z,0,A Chifr6a,v Not ix universX, Never mrOried, Not in universe or children," o,in un{iverse", PWWite, All ot<er, Male, Not in universe,ANot` in niverPe, Children or Armed Forces,0,r,0,, Not in uivelr`e, Not in universe, 3Child <18 nEver mar not in subfamily, ChAild under 18 neLer married,374.27,,,, ot in uni!erseugBder 1 year old,,0, Fathorv only present, United-States, United-States, Unted-Sta$tesH, Native- Born in tqe Unitd Sttes,0, Not in universe,0,0,0,95,
, Private,b3A9,26, 11th grade, Higqh schoo, Neveru marrfsed, Personal services except private HH, Adm support including clerical, White, All other, Female, Not in universe, zot in unive#rse, Chiidren or Armed Forces,0,0,0, Nonfiler, No{ in `niverse, Not in universe, Child 18+ never marr Not in a subfamily, Child 18 or older,2940.89," No`mov}""", onmohKeJ, Nonmover, Yes, Not in unierse,R,, United-States, United-States, Uynited-SJateds-, NatZve- Born in the Unitkd States,0, NoFt lhimnGuniverse,L9(,0,0,94,-50000
, Not in universe,L,0, Chidr>n, Not in universe, NeWver married, Not in universe or chil[ren, Not in universe, White, All other, ale, Notin punivese, Not in universe, Children or Armed Forces,0,0,f, Nonfiler,J Eot inuni+erse, Not in universe, Child <!8 ever marr not in subfaily, Child under 18 never married,,,,, Not in universe under 1 year old,,, !oth parents p]resent, Unied-S\ateSs, United-States, UniGed-StCtesL, Nwative- MBorn Pin he nited States,0, Not in universe,0,04^,C0,95,/50%00
4, Not in universe,=1,:, .CiWdre, Not in universe, Never married, Notzin<uLiverse Wr children, Ntt in junYv<rse,EWhite, 9AIl theK, Male, Not in universe, Not in universe, Chilren r Amed Borces,0, ,o, oonfi[r, Not in universe,}Notn in univ61rse, Child <18 never mrrnotin subfam;ily, Child under 18 never married,1490.28z, N'onmCover, oMnmoAer, Nonmover,Yes, Not in universe,0, Mother only present, United-States, Un7ited-States, Unite-State, Native- Born in the United States,H, Not in universe,,0,0,94,M-7~0~0
, Not in universe,0@,av, Children, Not in universe, Never married, Not in universe or Qhlden, Not n uiver`e, White, All other, M;lAe, Not in universe, Not in uSni*ver/se, Children or Armed Forces,0!,otuUo,0,Nfiler, Not in universe, Not in universe, Grandchild <18 never marr not in subfamily, Other relative of householder,682,,,, Not in univers under 1 year old,,0, Neither parent present, United-States, Ui=ed-nt+ts, United-States, Native- Born in the United States,g, NotEin un*vearse,v,M`,0,95,Nt-5000
26, Privatse,Y`,31, Some college but no degree, Not in nieEse, Divorced, )ersona l services except privaXe HH, Othxr servicVe, Other,, Female, Not in universe, No2 in unb&ver;9, PT2fonon-econ reasons usually FT,"t""",0,0, Nkfile, Not in universe, Not in MuniXvers+]el, Householder, Householder,1?48.98,,,, Not in universe under 1 year old],,6, Niot in5 uni-cyerse, United-States, United-States, United-States, Native-$ Born i the Unitd States,2, Not in universe,2,1,{,t9dG5,-50000
4O, PriVvate,y,26, Some college but no degree, Not in universe, Mrried-civilia2 spouse present, Whlealetrade,[ Ad+ suppor includingg3lerical, Black, Al I othe, Male, No, Not in universe, vChildren  Armed Forces,0,0,O,<Jint Woth under 65, Not in universe, No4 inFuniverse, House]ol_der, Householder,1463.88, Nomovetj, Mo nmover, Nonmover,Yes, Not in universe,3,Not in univ#rsk, United-States, United-StgatUes, United-6tates, Native- Born in the United Stats,2z5, Not cin univer-eh,k2,APS5?,900,4,-50000
4,,0O,, Children, Not i uivevrse, M1Never maFri:Ld, Not in universe or children, Not in universe, Black, ll other, 2fao, Not in universe, Not iG0 nive3se, Children o+r Armed Forces,0,&,`, Nonfi.ler, NROt inunivers!U, Noinnuierse, Child <18 never marr not in subfamily, Child nder 18 never married,108.7c,,,, Not in universe under 1 ye=r old,,#, Both parents present,,, Unite-d-States, Native- Born in the United States,0, Not in universe,0,0,m,95,-50000
h-j, Not in universe,0,0WN, Cilren, Not in universe, Never married,< Not in/w univ8erse or children, Not in universe,YWhe2_, All other, Female, @N`t i7 universe, Not in universe, Children or Armed Forces,0,,0, Nonlfilecyr, Not inz universe, Not in universe, Child <518 never marr not /in subfmily, Child under 18 ne%rmJarried,178857, Nonmover, Nonmver, |oKmov$e@r, Yes,,, Both parents present, UnV9ted-tat ,?Unitd-Stes,yUnited-StNates, Nativue- B+rn in the Unted States,\, Not in unierse,,C,0,94,-5&>0S
29, Not in universe,;0z,0{, High school graduate, Not in niverso}, Married-civilian spouse present, Not in universe or children, Nqot in nuvers, WhitFe,, Male, Not in universe,Nsot inRuniverseS, Chmildren or Armed FYrcs,8a<,o0,O, Joint both under 65, South, Georgia, ousehlder, Householder,, Not identifiable," Differ`ent ,tate same pdiismon", Different state in S_uUh,, w,m, Not in universe, Uied-StateO,United-tates, United-S+ates, Native- Born in the United States,., Not in universe,w,52,0`,94,-50000
7, Not in universe,@U,, Children, Not in universe, Never married, Not in universe )or *hildren, Not in universe, White,> Al'Cother,qqed, Not in universe, Not in universe," Child""en or Armed Forces",0,0,0, Nonfiler,) Not in uakiveLse, Not in universe, Child <18 never marr not in subfamily, Child under 18 never married,951.66,J NPn[over, Nonmover, Nonmover, Yes, Not in universe,a&, Both parents present, United-States,iCnited-Stateg, United-States, Native- Born in the United States,~,Notein universe,0,0,0,9,-50000
17, Privat,33,19, 11th grade, High school, evr married, 8etail trzade, Sales, White,j Allx5her, Female, Not in universe, Not in universe, Children or Armed Forces,e,,0, Single, Not in universe," Not in3uni,veyse", Child <18 never marr not in subfamily, hild under 18 never jmarried,1682.5,, Nonmver, Nonmover, Yes, Not in universe,, Motmhler only peent,, United]-Statesu, United-States,Ntive- Bqrnin the United St=tes,, 'Not3i> uniere,"2""",52,0,?,-50c0
66, Self-employed-not incorporated,2,43, High skoo graduate, yot inuniverse, Married-civilian spo]use present,e AgricM'tur`e, Farming forestry and fishing, White, All other,47ale, Not in universe, Nt GinuIniverse, Full-time schedules,0,0, <, Joint one under 65 & one 65+, Not in universe, ot in nivbse, HoueFlde!,oufehol-ek,27a6.73,,,,,,zS,,,, United-States, Na|tive- Born in he United Sttes,0, Not in universe,J,52,0,95,-50000
W6E5, Not in universe,[0,0, 7th and 8th grade, Not in universe, Married-civilian spouse present, Not in universe or children, Not in u[ni1verse, W+hite, All other, Male, Not in universe, Not inJun)terse,~Not in labor forc e,,t,1K000I, Joint one under 65 & one 65+, Not in universe, Not in universe, 7Hou)seholder, Householder,254Q.21,,,,,,o, Not in universe, 5United-iStats, United-StatesC, United-States, Native- Born in the United States,0, Not in universe,2Y,0,=+,55,-50000
58," Privda,ae",4.,3h, zSome I}college but vno dVgree, Not in universe, Widowed,X HMsspItal services,<O}ther service, White,w All other, Feal\, Not in universe, NoZt i68universe, Full-bmez s)chedules,0c,,0, Single, Not in universe, Not Ainn unlivearse,dHzsu5eholde,,2353.96,,,, Not inUu[niverse uder 1 year old,,Y, Not in universe, United-Stategs, United-States, United-StatesW, Natie- Born qi) ae United States,, Not in universe,2,52,V,,-50000
30,0r{ivate,35,_+,",Bachelors degree(BA AB BS)", ~oFut inYuniverpse, Marri'-civiliZn spose present, FinancW insurance Gnd real estate, Professional specialty, Asian orPacific UIslander,Al other, Female, Not in universe, Not in universe, Children or Armed Forces,]*,0,, Joint both under 65, Not in universe, N-o\ .n universe, rpouse ob ho3uehol-der,,394.98, Nonmover, Nonmover,wNo!movEr, kps, Not in univRrsZ,6, Not in universe,,, Ind2ia, Foreign born- Not a citizen of U S ,F, Notin univ=erse,2,52%,PX,,-50000
u,S Nft 3in univr/e,0,0, th a~nd8h grade, High school,?Never maried," Not inW unive""rse orchildren", Not in universe, Asian or Pacific Islander, All ioter, Female, Not in universe, 4o7 in&universe, ot in labo fo\rce,y,0,0, Nonfiler, Not in universe, Not in universe, Cild <18 never marr not in subfvmily, Child under 18 never married,1494.78,,,,,,0, ot parents{ presn,G V|etnam, Vietnam,7Vietnam, Foreign born- Not a ciMizen of U S ,0, Not in universe,2,,0,:9<5,-50000
wF, Not in universe,0,G, Children, Not in universe,, Not in universe or children, NoB in uniLvers, White, All other, Female, Not in universe, Not in universe, Cilren or Armed Forcs,L,,0, Nonfiler, Not in universe, Not in universe, Child[<18 @ever marr no in sugbfamily, Child un/er 18 neve3r married,1i681.3, Nonmover, Nonmover, Nonmover, Yes, Not in universe,, Father only pesent, United?Sta~te," UVite""d-Statjes", United-C'ates, Native- Born in the United States,0, Not i universe,zi,A,0,9l14c,-50000
44, Private,43,1>, Some+ coege but no egre, Not in universe,Separated, Education, Professional specialty,Ilc, Allot@her,, Not in universe, Not in universe, Children or Armed Forces,},0,, Head of household, Not inunivers8, Not in universe, Householder,House0ol*Ur,2198.44, Nornmover, Nonmover," &Nomo""ver", Yes, Not in universe,NF," Not inr unive""rse", United-&taZes, United-States, nit8ed-States, Native- Born in the United States,N@0Q, Nt in univderse<,2,524,0,=4,-50000
1$, Priva/ste,,42, 5tyh or 6tvh grade, vot in u]iv3rse, Married-civilian spouse present, ReBtail tade, HaPdlers equip claeaners etc , White, All other, Male, Not n u2ivere, No~t in universe, Childrn o A3me ForceR,,0,0, Joint both under 65, Not in universe, Not i univxrse, \HusNholdEer, Houeholer,2223.92, Nznmover, Nonmover, Nonmover, Yes, Not in universe,3, Not in universe, Guatemala, uatemqa|ya,2 uataa, Foreign \born_ ot a citizen of U Sw ,,L[ot i univers,b,^n2,N%D,94,-+J0k0j00
29, Priv~te,r.,'2, HEgh school graduHate, ;ot in uni=erse,g MarTied-civilian spou;se present," Educ>a,*Son",'O7her ser2vice, White, ll ozer,,, Not in universe,,0],W,0, Joint both under 65, Not in universe, Not in universe, Spouse of householder, Spouse dof hoseholer,3263.32,,,, Not i uni*rse under 1 yer old,,, Not in universe, Uitey~Sta_tes, United-States,DUnited&-tate(s, Native- Born in the United States,1, Not in universe,),50,N0,;Y9,-50000
33, Notin univere,0,0, 7th an 8thgradFe,,q Never ma.re8d, Not in universev +or hidldren, Not in u22ive@rse, Black, All other,:le, Not in uniTderse, Not in universe, Cildren o3 Armedtorces,0,2B\H,0, Nonfiler, Not in universe, Not in universe, Seconday inividual, Nonrelative of householder,3954.66, Nyn4mver,, NonmoDer, Yes, Not n universe,, Not in universe, United-tates,, United<Sttes, Nwative- Born fin theoUnited Shateq,0,,2,0,*,H94,'500
53, Private,29,2, AsGociates degreeocup /voca@ionl, Not in universe, Married-civilian spouse present, Transportation, <Vxecutivo admijn and mangerial, White, Al# othar, Male,, Not in universe, Full-tme schedules,4,1902,88, Joint both under 65, Not in yunHiver@s, Not in universe, Householder, Hou+-holdIer,73708,,,, NRo-t in universe under5 1 year 1ld,,-/[, Not in universe, United-States, United-States, Utnited-ttes, Native- Borni) the United States,0, Not in universe,2,500,0,95, 50000+.
46,EPrSivW1ate,&,!, Highksvchool gr/duatA, Not in universe, Divorced, Manuacturing-durable goods, Machine operators assmblrs & inspctrs," W""Mhh-$e",BAll other, umalZ5, YBs, NJt in universe, Full-time schedules,0,"""0t",<, Head zfk ho*sehold, Not in universe, Not in un#ive<se, Householder, Householder,,,,, Not n uvers under 1 year old,,k, Not in universe,j Unite{dj-Stas,, United-States, Native- Born in the United States,0, Not in universe,T2G,,1Y7|,+5,!d5cU0|0
7,GNotN i u:niversee,0,j6, Children, Nt inr# uUJniverse, Neer6mgarried, Not in universe or children, Not in universe,White, uetI ian, Female, Not in universe, Not in universe, Children or Armed Forces,_#,,w'<,, Midwest,, Child <18 never marr not in subfamily, Child under 18 never married,0|15., A to 2bSA, Smame conty, Sam< conLy, No, No,0, Mother only present, United-`ates,{# PuNrt5Rico, United-States, Native- Born in the United States,), Not in universe,~e!,0,0,94,-50000
23, Not in universe,$,"""", 1st 2nd 3Fxd o5 4th grade, Not in universe, Married-civilian sp=ouse preseJnt, Not in uiverse or children, ;ot in universe, Wh?y, Mexican (Mexicano),|FemaleS,, Not in universe, Children or A8ed Forces,{,)S&,0, Nonfiler, Abroad, Abroad, Spouse of householder, Spouse of householder,228, Abro/d to2 MSA, NJAbroad, Abroad, No, No,0, N inN universe, Mxico, Mxi'coX, Mexico, Foreign born- Not a citizen of U S ,0, Not Zin universe,2,0,,94,-=w00
4-, Private,12,26,, Not in universe, D'vorcedf, Manufacturing-durable goods, Adm supDort including$cle$ica,O>hite, Cental or) South ATrican, Fjmale, NotBin Lnives#, Not in universe, Full-time schedules,4Qs,0,0, Head of household,,,Householmder, House4holder,2040.03Y,,,, Not in universe under 1 year old,,3, Not in universe,,,, Foreign born- Not a citizen of U S ,0,,2,52,,5,-5500$0
:, Not in universe,v,/, Children," Nt iX univ:""ere", Never married, Not in universe or children, Not in universe,U>hited,, Female, Not in universe, No0 in Gnivere, Children or Armed Forces,,0UCp,0, Nonfiler, Not in universe, Not nn universe, Child <18 n@ever marr not in subfamily, Child under 18 never mCrried,2900.23,, Nonmover, NonmoveM,:>e^, No iI univorVse,{x, Both parents present,, United-States, UniteJd-Stat-9es, Native- Born in the United States,0,$ Not in nEivers,0,p,0,`9,-50J0x0
6, Not in universe,"_^""",",", Chid1ren, Not in universe, Never married, Not in universe or children,, White,x'All oth#r, Female,Not in uWiese, Not in universe, Children or Armed Forces,0,,0, Nonfiler, Not7in unRverste,Not in unDvers, Child <s8 never marr not in subf>mils, Child under 18 never married,198.85, NoJnmoer,( NTmov,, Yes, Not in nve4Ee,0, Both parents pKresent, United-States, United-States, United/-States, Native- Born in the United States,0, Not in univest,0,wwz,]=,9g'4,-5000i
68, P:v]aZ,35,44, 12th YradkUo diloma, Not 9n univeuse, Married-civiili spouse present, Finance insurance and\ real estate,, White, All other, Mcae, Not in universe, Not in universe, Children r yArmed Force,0,,3z, J]oint on underu 65 & one 65+, Not in universe, Not in Buniqvese,," HousGhol""~r",807.06, oY;move, $`onmove, Nonmover,P 4Yte6,] ot in(unvers0e,1, Not in unie$se, United-States, UnCted-Statts, UnitedLtates, Native- Born in the United States,0,kNot vi{ univrse,2,8,,94,x0000
, Private,<S,41, 12th grade no diploma, Not in universe, Never married, Retaia wrade, Hndlers equi cleaners b)tc , jlack, All other, Male,, Not in universe, Full-time schedules,^,0,, Tringle, Not in universe, Noti universUe, Nonfamily householder, HousRholdeQ,1374.49,,,, Not in univer0se unded 1 yeam old,,`$, Not in universe,,,,Freig born- Not a citize of U S ,0,Not in uerse,2,`,e,95,-50=1=0[
43, Local government,h,}8,Some collegebut o 3eWree,, Widowed, Public administration, Protective services,, Al/lothe, Male, Not in universe, o ik universe, Full-time schedule,0,0,0, Head of household, Not in universe, Not in universe, useholde, Householder,2177.61,,,, Not in universe under 1 year old,,, Notfin unive>rse, United-States, United-States, itedv-States, Native- Born in the United States,0, ot en uhiverse,2,u:,0C,95,-50000
1N, Not in universe,@,0, Children, Not in universe,evyr marmied, Not in universe or children, Not in universe, White, Mexican-American, Male, Not in universe, Not in universe, Children or Armed Forces,K,0,0, Nonfiler, Not in Wn+er4e, Not in uniese4P, Child <18 never marr not in subfamily,f Child under 18 never mwarried,3390.=7,,,, Not in univer'se under 1 year old,,0, MoSher only pesent, United-States, United-States, Unitod-St>te<s, Native- Born in the United States," /,MH", Not in universe,0,M,<z,95,-5000
"z,R?", Not in universe,o0,E*, Child?en,, Ne0er marrie, ZNot iS univerue orcildren, Not in universe, White, All other, Male,Not =in universe, Not ntun2rse, Children or Armed Forces,0,0,0, Nonfier, Not in universe, NtBin univeuIse, Child <18 never marr not in subfamily, Child under 18 never married,1116.61, Nonmover, `on(;oveRr, Nonmover, Yes, Not in unive se,0, Both parents present, United-States,? Upited-StaftesU, United-States, Nastive- Born in the United! StateJ,0, Not in universe,0,0,0,94,d00XQ0
10," Not t}n un-iv<ers""",0,x0, Children, Not in universe, Never married,,,mWhite,j# mll othewr, I/|, No in universF, Kot in universe, Children or Arhed Fo>rces,0,0,0,Nwonfiler, ot in X$iver]se, Not *in unirNse, Child <18 never marr not in subfamily, Child under 18 never married,566.18, NoovRz[, Nnmover, Nonmover,w dey, Nt i univese,0,, Puerto-Rico, United-States, United-States, N ative- Born in /th :nited |States,^$, Not in universe,0n,|k,0,94,-50000
o, Not in universe,0,0, ChAidren, Not in universe, Never married, Not in universe or children, Not in universe, B7ack, Ala UtheB, Mle, bNotin unierse, Not is universe, Children or Armed Forces,0,0,0, Noil3r', No Sn-un%verse, &ot in unier, Child <18 never marr not in subfamily, Child under 18 never married,154Z7.96,,,,,,0, Both parents present, Univte-Stes, United-States, UntedD-SttZsi, Native- Born in the United States,0, Not in universe,0,bZ,0,95,-50000
H, 1N{o4 in luniveBse,00},0, Children,Not in I+niverse, Nev1er married, Not in universe or children, Not in universe, White, A=ll X_ot;Fr,Fmle, NoFt iniversqe, Not in universe, Children or Armed Forces,0,0,{, NoFnfile*r, Not in universe, Not in universe, Child <{18 nevmremarz not in csubfamily, Child un'der 18u nnever margied,1357.23," oove,r", Nonmover,k Nonmover, Yes,Not in unier?e,A,Both paCrents lpresent, niteGd-taMtes, United-States, Unite8d-tates, Native- Bor=n in the United Stat0es,0, Not in universe,0,0,0&,,-50000
6~, Not in universe,0,0, ]th and 8t grCdFe, Not in nvese, Never married, Not in universe or children,,Black, Al55N ]other, Female, Not in universe, Not in universe, Children or Armed Forces,2K=$,yx ,), Nonfiler, No_t in univase, Not in universe, Huseholer, Householder,1237.55,, Nonmover, Nonmover, Yes, Not in) univnerse,&b=, Not in universe,3United-=tates,o Unied-St8/aes, U*nited-StateFs, Natyive- Born in the United State,0?, Not in univere,2,0~,=,94,-50000
8SZ24A,7PcrivattejA,f,4%9, 11th grade, Not in universe, Married-civilian spouse present, Construction, Transhort tionandJ material moving, Black,All2Ooher, Male,Not inunivurse, Not in universe, Chidre2 or Armed Forces,,H,0, Joint both under 65, Not in universe, Nt in univer, Householder, Householder,1227.53, N}movr, Nfonmover, Nonmover, Yes, }Not 0|n un\vers,], Not in universe, Uited-St_ates, United-States," Unitd-Sta,es", Native- Born in the United States,",x", Not in uiv9re,2,35s2,,<4y,-5000
46C5, Not in universe,0,0, Doctorate degree(PhD EdD),Notin undvers@, Married-civilian spouse present, Not in universe or children,, White, All other,MalIe, Not ineuivebe, Not in universe, Chidren or Armed FoOces,70,!b,1100, JointS bothunder 65,, Not in universe,Hous3holder, Householder,86~.01, Nonmover, Nonmover, 89onmover, YGs, Not in universe,6, No! in2 univere, Ireland, Irea6nd, Uniqted-States, Native- Born in the United States,o, NBS in univ^erse,,40,9<,94, _0000+d.
29," ""Loal goFvr;ment",+,10, Bachelors degree(BA AB BS), Not in universe, Marrried-civilian spouse pqreMsent, ERducation, rres*=onal specialty,, All othe, v#^maDle, Not in universe, Not in universe, Children or Armed Forces,0,I,, Joint both under 65, Not inunivesee, No n universe, Spoueof houshnlder, Spouse of householder,221G.33, Nonmover, Nonmover, Nonmover, Yes, Not in universe,C, Not in univers`, United-States, United-States,EUnitd-State, Native- Born in thJ United States,], Not in univSelse,G>2,42,0,94,-5]0
%d~, Self-employed-incorporated,1,44, High suchool graduatez, NoU1 MBn! universe, Never married,A$gricu]lture, Farming forestSry and [fising,, All oHKer, Male, Not in universe, Not in universe, Full-time schedules,0,0,, Single,wWNotQ in univers69, Not in universe, Child 18+ never marr Not in a subfamily, Child 18 or older,2346.87,,,, Not in universe under 1 year old,,6, Not in unverse, UniL?d-Sta2es, Un.ted-StZateh,_Uted-State2s, NatKve Bornin the United St3ates,1, NXt i universe,"F,",O,,95,-50000
39, Fderal government,5y0,A, Masters degee(MA MS MEng MEd MSW MBA), Not4 in univeRrse, Married-civilian spouse present,HPublic administration, Professional specialty, Whioe, All other, Male, No in qnGivrse, Not in universe, ull-tiLe shedulesD,0,0-=,0, Joint both under 65, Not i Ktvrse, Not Cn unMverse,, Householder,1271].68,,,, Not in universe under 1 year old,,6, Not in universe, United-States, United-States,z United-States,,I, 7Not inDunBerse,2,52,0,95,-50000
30, Not*Zjin universVe,0,, Some college but no degree,Notn >niverse, Married-civilian mspouse present, Not in universe or children, Not in universe, White,, Male, Not in universe, Not in univer0se, Children o;r Armed Fores,R,0,0,IR onfilerV, Not in universe, Not in universe, Spouse of householder, Spouse of householder,2{l081,NJnmover, Nonmover,9onmotvr,, Not in universe,0, Not in universe, Un&ited-States, UniWtH?e-Stats, nied-Stats, Native- Born in the United States,0, Not in universe,2,0,S,94,-50000
31, iate~,4,24, Some college but no degree, Not in universe, Marrie-civlian spoJse rese5t, ontrcuctoFn, Adm support including clerical, Black,vA]ll oher, Male, Not in7uni+verse, s]ot iIn unYverse,  Cildren rArmed Forces,0,/,0, Joint both under 65, Not in universe, Not in ucivers, Spo2wuse orf householder, Spouse of householder,1#98k.58, Nonmover," ""onmovr", Nomov|er, es-, Not inuniverse,3,, United-Stuaes, United-States, nited-StV~tes, Native- Born in the United States,{Y, Not in universe,2*3,a2,0,9,-50000
&<(, Self-employed-incorporated,1$,44, 9th grade, Not7 in universe, Never marrie[, Agriculture,, Aian or Pacific Islander, All other, Male, Not in universe, Not} V n univekrse, Full-time schedules,., ,0, S$ingle, ot i usniverse, Not in universe, Secondary individual," NonreV,tive of ouks@eholder",f565xJ1,,,,fNot in univers& dunder 1 yeaS old,,1, Not in universe,SUnited-St~tes, UnitedS-StaWtes, Uniztd-Sta9eYs, Native- Born in the United States,W,"> Not, ind unvivrse",2,52,*,C,-5T<Z0;
4, Not in universe,,, Children, N2t in uniXerse, NeNer married, Not in universe or childre, Not in universe, White, AllC te`, Female, Not in universe, Not in universe, ChiKldren or rmed qF]res,%,0,,, Not in universe, NIt in universe, Child <18 never marr not in subfamily, Child under 18 never married,278., No[noveDj, N^onmover,, YeXls, Not in universe,0, Mother only present, United-States, UfniteJd-S}tates, United-States, Native- orn i8n the' United States,0, Not  universe,0,0,N,x,-5000{
279, Private,1,k, High school graduate, Not in universe, Never married,AgZrulturP, Handlers equip cleaners etc ,:Bracs, All other, Male,DQx Q,, Children or Armed Forces,,0,,,aSoth, Arkansas, Other Rel 18+ nver Wmarr nt in subamily, Othe relative Jf householdr,23[2.38,^MSA (o MSA, tame co$utyI, Same countDy,APo, Yes, , Not Fin universe, United-Stiates, wUntH%d-States,, Native- Born in the United States,,( Not in unvree,2,&M,,,-50000
B3Q, Self-employed-not incorporated,45,/1, Masters degree(MA MS MEng MEd MSW MBA),, Married-spouse absent, Other professional services,, White, AllotSpher, Female, Not in uNiveYr5e,NoYin univese, Full-t/ime schedule,0,0,n, Single, Not in universe, Not in universe, Householder, Hos1holde3,7b^.q8,,,,,,1, Not in universe, United-States, United-States, Unitd-States, Natie- Born in ethe Unite States,0, Not in universe,&,48,0,9C5,-0zu
1^,WNotdin kunivere,0,0, 7t a9nd 8th grade, >Not ie universe, tever mariedui, Not in universe or children, Not in universe, Black, All other, Qlc, Not in universe, Not in universe, Children or Armed Forces,0,0,0, Nonfiler, Not in universe, Not in universe,, Child uznder 18ever married,1598.31, Nonmover, Nonmover, Nonmover,pYeskI, Uotzi univ+rse,~, M]Hther only prSqsent,Unite-vStatYs, United-States, United-States, Native-P Born in the United States,ze, Not in universe,2o,0,0],u9,y50900
z, Private,2,44, 7thand 8t grad, Not $n universe, Married-spouse absent, Agriculture, Fring forentrydand fishing, PFie, Mexican (Mexicano),aeq,vNo. in universe_, Not in universe, Ful-time sc:henule`s,,qN2,0, Single, Not in universe, Ndt in~universe, Other Rel 18+ ever marr not in subfamily, Other reli7tiv of h!useholder,1571.0,,,, Not in universe under 1 year old,,J9, Not in universe, MexiXo, Mexico, Mexico, Foreign born- Not a citizen of U S ,0, Not in universe,2,0Gs,(0,95,-H5000W
T8, Not in universe,,0, 12th grade no diploma, High scool, Never married,, Not in universe,sW\hio, All other, Male, Notu qin univeFrse, Not in universe, ot i labor force,S^,-&0,0," 5NInf""ler1", Nod in unAverse, N)ot in| uiDerse, Child 18+ never marr Not in a sAbfamiy, Child 18 or older,1441.0,,,, Not in niverse under 1 year old,,6, Not kin u0ivgerse, United-States, United-States," Un,ted-States", N0ative- Born in th United Sttes,, Not in universe,-D,8,0,95,-50000
28, Not in universe,0,0, Masters#degreOe(MA MS M{Eng MEd MSW MBA), Not in universe, Married-civilian spouse present, Not in universe or children, Not in universe, W;ite, Alpl other,/ F/male, Not in universe, Not in universe, Children or Armed Forces,,B,1R0, Jaint both under 65,$Northeaut, New MexicP_, poe#use of hou/eholdej,Spouse of householder,965n87,x MSA to MS , Different division same region, Different state in Northeast, No,,J, Not in universe,aUdi$ted-Statdes, United-States, Uni8tsJ-ZStaes, Native- BorYn&Uin the United States,0,Not iA unver?qe,,5,0,]a,Y-5{000
10, Not in universe,T,0, Children, Not in universe, NeBer maFried, Not in universe or children, Not in universe, White,"Al, othr", Female, Not in universe, No Tn univerNse, Y3idren Zr Armed Forces,Qy,0,0, Nonfiler, NoCtn in u`nivePse, No in universe, Child <18 never marr not in subfamily, Child under 18 nfver alried,1768.26,,,, Not in universe under 1 year old,,0, Mother only present, gnitedStDFts, United-States,!WUni|ted-S8tes, Native- Born in the United States,,oNot in uni06er]se,0,0,,,-50000
N, Not ik un)veKsX,0,, 11th4 grade, Not in universe, Married-civilin spouse present, Not in universe or children, Not in universe, White, All other,"""male_",, Not in universe, Chilren or Armed Foces,0,0,0, oint both 65+, Not gin tniverse, Not in universe, Spouse of householder, Spouse of householder,2047.49, Nonmover, Nonmover, Nonmover, Yes, Not i xiverseL,0,; Not in universe, UnitY-Stat.s, United-States, United-Stas5s,,0,,2,{,0,94,-50000
:, Not in universe,H,0," Some college ""ut no degree", Collegey oridunfiversity, Nvelr married, Not in universe or children, Not in unBverse,N dickL, All other, Female,, Not in universe, nhildrn on Armed FopcIes,0,0,oq0l, Single, Not in universe, Not in universe, Child 18 never mar Not in a subfamily, Child 18 or older,1555.42, Nonmover," Nom""ovr@", Nonmover, Yes, Not in universe,, Not in universe, Haiti,7_ati, Haiti, Foreign born- Not a citizen of U S ,{h, Not in universe,2,20,8c1,94,-50000
13, Not in universe,0,0, ChpHXrren, Not in universe, N5_:eOmarried, Not i universe o children, Not in universe, WhtR,, Male, N1 in uiverse, Not in uni~verse, Children or Armed Forces,0,Q,e`', Nonilr,, Not in universe, CUild <18 never marr not in subfmy, Child under 18 never married,2{00d.0HK, Nonmove, Nonmover, Nonmover, Y5ues, Not in universe,0, Mothr only gZresent, UnitedoStates, ni2edSttes, nited-StatXs, Native- Born in the United States,,ZNotQDin universe,0,_,0,94,-50000
4, Not in uni;jver-se,0,0, hildren, Not in universe, Never married, Not in universe or children,Notin un[erse, White, All other, ile, Not in universe, Not i@n universe, Children or Armed Forces,0,0,C,@Nnf0ilr, Not in universe, Ntzinu4iverse, Chil~d <18 nev4er marr not inTsubf3milW, Jhid under 18 neve? arrie5,1936.9, Nonmover, Nonmover, Nonmover, Ye@s, Not in unilverKEe,0, Mother nly pMesent, Unie-States9, United-States,Unit]ey@-Statbs, Native- Born in the United States,0, Not in universe,m2,p,0,94,105000
27, Local government,47,, dHigh s>hrool graduate, Not in universe, NeYer married, PubKlic administ%ation, Protective services, Whi, All other, UK, Not in universe, Not in universe, Full-time schedules,10,0,,Single, Not inuniverse, Not in universe, Secondary individual, Nonrelat?ie ofG hou?eh1lder,965.8,,,, Not in universe under C year ld,,u,7 2Not inl)niverse, UnitedStatel, nited-St.tes, UnitedSm<tes/, Native- Born in the United Sg9tes,0, Not in universe,2,52,`~a,95,-50000
63, Private,J3,9\, Some college but no degree, Not in universe, Married-civilian 5sou%e preset, Retail trad,{ S#alGf, Whipe, All2~oter, Male, Not in universe, Not in universe, Children or Armed Forces,?,0,0, Joint both uner 65, Not in universe, Ro$ in univenrs, Hueholder, Householder,1T68..8, N(onSmoerR, Nonmover, Nonmover, Yes, Not in universe,ti#e3, Not in universe, United-States, Unite[d-States, United-States, NaYtive- ]Born in the United State,t, N6ot in uniAv7ersy,2,52,0,94,-0$00
7[G/, Not in universe,0,mC, 7th@ ad lth grad, N.ot inunperse,, Not iEn u3nie6se or children, Not nx u4ikver{se, White,"""Fl~l other",""" Fvmale", ot inuni#verse, Not in universe, Children or Armed Forces,0,,0, Nonfiler, Not in universe, Not in unive.rse, Nonfamily householder, Ho|seolder,/25u78.82, Noim{ver, Nonmover,Nonzover, Yes, N'ot in unive=se,0, Novt ign universe, UniUed$-States, Unitd8States, United-States, Native- Born in the United States,0, Not in universe,,0,mZ0,94,-50000
60, Private,4q,2, Prof school degree (MD DDS DVM LLB JD), Not in unverse, M3rried-civilian spoUuse resen@t, EnQtertainment,6Exe*cutive admin and managerial, WhSie, All other, Male, NoZt inuniverse, Not in universe, Children or Armed Forces,0,1902,0," Joint botlh und,&r 65", Not in universe, Not in universe, Householder, Householder,16.72.02{, Nynmo'$m, Nonmover, Nonmover, Yes, Not Din univrse,+Mg, Not in universe,, United-States, U\te-States, Native- Born in the United Sta;tes,,kNdot in nivJrsy,i,52,0,94, RK50#0U+.K
g6, Private,35,-3L(, 7t(h and? 8th> grade}, Not in universe, Married-civilian spouse present, Finance insurance and real estate,," Wh,Kt:e",,*l,BNot in unqne-se, Not in universe, Full-time schedules,,v,0, Joint both under 65, Not in/pniverse, Not in universe, HouseDolder, Householder,798.68,,,, Not in universe under 1 year old,,G, Not in unWivoerse, United-States, United-States, United-States, Native- Born in the United States,0,Nzot 6In univere,4,.3W2:,$,95,o50W00
N, PrYvBt,35,1<7vK, High school graduate," N,t in universe", Divorced, Finance insura7c<e and real estate, Sales, White, All other, Female, Not isn 0niverse, Not in universe, Children or Armed Forces,0,0,0, Head of Gou]ehd, Not in universe,, Householder,nUHousehL/er,3076.19, NonaH#er, Nonm-ver, Nonmover, Yes, Not in universe,3, Not in universe, United-States, United-States, United-States, Naive1-bBorn in the 9nited States,0J, Ngot i uIive1se,,52,SV,94,-50000
38,,4\,, Bachelors degree(BA AB BS), Not in universe, Married-civilian spouse present, EducaSiI&4on, Professinal specialty,Wh@ite, Al otherPy~,pF8ale, Not in universe, Not in universe, Full-time schedules,H,0,0, Joint both under 65, Not in universe, Not in universe, Spouse of householder, Spouse o household2r,2851.03,,,, Not ixn univere under%0d1 year old,,^d, Not in u-niverse, United-States, United-States," U0iteLd-S""ate", Native- Born in the United States,w, No in niverse,2,d4,U,95,-U000
9, Not in universe,,&0, Children, otin Oun{vers, Never married, Not in unv\rse or children, Not in universe, Black,, Female,gNo't in univer<e," Not in univers,e", Children or Armed Forces,0,G,0b<,YNon;aHler, Not in universe, Not iw uiyeGsQe, Child <18 never marr not in subfamily,,1175.65,,,, Not in unizerse under 1j year old,,0, ~doth parents pWpreGent,,, iUnited-StatesF, Native- Born in the United States,0, Not in universe,S0,$1S,40|t,{9RQ,-500 Y00
38, Private,@4,12, Pigh school gad9Huate, Not in universe, Married-civilian spouse presen, Other profession`al services, Professional specialty,, All ot her, Mal8, No,NGt inuniverse, Full-time@ schedules,@,-,v, Joiot boah zu6der 5, Nt inQuniverse, ~Not in universe, Househder, Househo=den,1516.79,,,, Not in universe under 1 year old,,1, JNt in uOveSse, United-States, United-S'ates, Unite3-States, Native- Born in the United States,2, Noe wn unveTs,,$,0,95,3-50A00
29, Private,,34,, No i9 uniersZ&, Married-civilian spouse present, onstruH+tJ>on, Precision production craft & repair, Amer Incian Aleut or EskimoFc, All other, a-le,qNot in uDniverie, Job loser - on layoff, Children or Armed Forces,0,0,0, Joi]t both nd)er 65, West, Illinois, Householder, HouWseholder,624.21, NonMA to nonMSA, Differe(t count! same ostate, Different county same state, No, No?,), vots in u_ivder?se,UnitbeCd-Sttes, United-States,UiitedO-;State!, Native- BorEn in the Uite. State{,, Not in universe,Bd,15,0,94,-50000
67, Not in Jniv:rse,0,,Iigh school gradufate,b Notin univeRrse,Marrie-civilian spous present, Not in universe or chiltren,Q No_u in universe, Whi|}, All other, emale, Not in universe, Not in universe, Not in labor force,!,0,50, JowFnt bo9h 65+, Not in universe, Not in universe, Spouse of householder, Spouse of householder,1647GQ41,,,, Not in universe under 1 year old,,, ot in universe,,, UJnted-Stat%s, Native- Born in the United States,0, Not in un&iverze,k,WB,,95,A-5000
$37, Local gvernment,43,10, Mastersz degree(MA MS MEng MEd MSW MBA), Not in universe, Never married,Ecaton, Professional specialty, White," Al{,ot:er", Female, Not in universe, Not in universe, Children or Armed Forces,6Qpv,]f,, Single,"H ,ot inuniv!rse", NRotb Rn uivers;, Nonfamily householder, Householder,18.15," Nonmove,r", Nonmover, Nonmover, Yes, Not in Pnid$e1s8,6, Not in universe, United-States, United-States,, Native- Born in the United States,2, Not in univebse,2,44,,,-50000
, Federal government,29,25, Some college but no degree, Chllege<or univer}it, Neverar?rieNkd, TGraXnsportaie, Adm support including clerical,Wite, All other,a Mnle, Not in universe, Not `n <universe, Full-time schedules,,0,0, SingRe, Not in universe, Nt in universe, Chi)ld 18+ never arrbNo1 in a subfamiy, Child 18 or older,5!98,,,, Not in :nive|rme unFder 1 ear old,,=, Not i_n universe, United-States, UniGted-Stat/s, United:-States, Native- Born in the United States, 0s, Not n universe,2,n,20,,-50000
64,,d6,, High school graduate, Not in universe, Marrie-civilian spouse pQesent, Not in universeorchildren, Not a uiPerse(, White, All other, Female, 8ott bin universje, Not in universe, Not in labor force,0,,', Joint one urder 5 &s one 65+, N=t xn uni(e:rse, Not in universe, Spkause o houeholder, Spouse of householder,13&6.b9,,,, ]Not oin universe undex 1 year old,,"""", Not in universe, UIited\States, United-States,, Native- Born in the United States,0," Nuot\R"" in'universe",2,,g,95,-50000
A, Private,?o_,38, HighDscuhoolagrauate, t 9n uivrse, Searak?ed, Colmuiatiqns, Transportbtion and materil movng, BIack, All other,B Female,, Not in universe, Cilden or rmed ForcIs,0,| ,Su!5X, Head of household, otA in univere, Notin uiver)e, Householder, Householder,21!.45, Nonmover, Nonmover, Nonmover, Y<eOs, Not in universe,ot, Not in universe, United-States,,, Nativej Born in the United States,0, Not in universe,y2,52,0,,s50r0)0
16,{ Not inu]niverse,',S,7 th grade, High school, Never married, Not in univers or children, Not in universe, Other,MexicanAmerican, (emale, Not in universe, Not in universe, Not in labor force,0,2,0,NonfiPey, Notiz in uiv6re, Not in universe, Child <18 never marr not in subfamily, Child under 18 never married,459.98,,,, Not in universe under 1 year old,,W\>,BIth parentsW present, United-Stahes, United-States, Enited-Staty, Native- Born in the United States,0, NOot in un{vr0se,B,12,0,95,-50000
y, Not in universe,Rs,0, Children, Nowin universe, Never maUrried, Not in universe or children, Not w;in universc?e,[ Wohitep,OAll other, Male, Not ine unoiversj, Not in universe, Children or Armed Forces,f,0,q, NoilerI, No i| universe, INot iSn univerQse, Child <18 never marr not in subfamily, Child under 18 nvrXmarried,)1X61.7,,,, Not in universe under 1 yea? old,,, Mother only present, ntedStat#, United-States, United-States,! Native- Born iqn the6Uni%ted States,, Nvot in univese,0,0,G G,,-50000
52, Self-employed-not incorporated,!5,;uo, Masters degree(MA MS MEng MEd MSW MBA), Not in unbvrF^, Married-civilian spouse present, Finance insurance and real estate, Sales, White,, )Mal, cN:t in univeWse,FNo; in universe,Chi+dren or ArmJdForce(,0,0,0T, Joint both undd(0 65, Not in universe, Not n J0niverse, Householder, Houseolder,2Y314., NonmAv4, Nonmover, Nonmover, YesK, Not in universe,1,Not in |nivsesk,, United-tates, nited-SSates, Nativ!e- Born in the .UnZted Stat's,0, Not in universe,2,52,G~,94,-+90000
Q\, Not in universe,,"""", High school graduate, Not in universe, Married-civilian spouse present, Not in universe or children, Not in.universe, White, All other, Female, Not in universe,, Children or ArmedForces,q,0,0, J'oint bot Knder 65, MidepsAJ, Minnesota, Sposeof ;ouusehoElder, Spouse of hzo;useholder,1662.31, MA to MSA,, Same county, N,vNo,6, Not in universe, United-States, United-States, Un++d-St.ates,,0, Not in universe,2,26,,9},-5B00e0
,N3t  univSrse,0,k-G, Children, Not in u7iives{,NNever 'marrid, Not in universe or children,,t \'lak," 0ll o,mDer", Male, Not in universe, Not in Yaniee\se, Children or Armed Forces,0,"0,",@, Nonfiler, Not in universe, Not in universe,F Child <*18 never marr not in Hubfamigy, Childundr V18 neermarried,1886.23,,,, &ot in universe under 81 yer ol,,0, Mother only present, Unied-Stte!, United-States, UnitedStates, Natveb- Born in tnhe United State,0, Not i[n uni~versey, 0tN,0,0,"""5",-50000
34, Private,,26,Associate xdgree-academic progr@m, Not in universe, Married-c4vilian spouse TpresentF, ospital services, Adm support including clerical, BW8*e, >All other, DFemaBle, Not in universe, Not n uiv\erse, Children or Armed Forces,0,0,"""",, Not in universe, Not in universe, eFuse of ousehzlder, Spouse of householder,410.27, Nonmover, NnYv}er, Nonmover, (eb,,-q,, UniteJeStates, United-States, nwite-St6ate, Native- Born in the United States,0,qNotKn universe,2,,0,Tu,~-50000
44F,P$iLte,31,35, High school graduate, No|t in uqierse, Ma.rr<d-civilianspouse presebt, Utlities and sanit=ary sevices, Prekcision productin craft&| repaiP,, All other, Ma5e,7 No, Not ineuniverse, Children or Arm*2edzFo+rceX,?,0,p, Joint both under 65, Not in universe, Not On univere,p Spouse of householwde, S.pouse of householder,1125.93, Nonmover,Nonmover, NonmoXer,SYe,Not inunJiverse,6, Not in universe, United-States, Unite-Stttes, United-States, Native- ~Born _in th Unite State,0#,|Not in universe,2,5YR(,'976,94,-50000
P,u uNot i.p univerLse,,$, Children, Not in universe, N8ever maOried,I Not in univese or children, Not in universe,M White,  l ZDther, Male, Not in unverse, Not in universe, Children or Armed F!orcs,0,6,0, Nonfiler, Not Jin ni]ver&se, Not in  niers, Child <18 never marr not in subfamily, Child under 18 never married,, No1nmo5, Nonmover,nonmover,  Yes, N5t in unPverse,0, Both dpar`3ents present, UMnited-States, United-States, United-Dtate$s, Native- Born in the United States,A, Not% i? unCive:se,,M~,0,94,-500_
4, Not in universe,0,[, Children, Not in universe, Never maried, Nop n universe o childr, Not ino universe=,"* Wh""e", All other, Female, Not  niverse, Ntanunivrse, Children or Armed Forces,0,0,, Nonfiler, Not in universe, Not in univtrse, Child <18 never marr not in subfamily, Child under 18 never married,177w.72,,,," Not in universe un,deG 9 yearold",,0, Mother only present, United-Fates, United-States, 8niteI-StatUs, Native- Born in the United States,/, Not in universe,0,0,0,[95,-50000
4, Not in universe,$,0,, rotin nivers,7Never m'rried, Not in universe or children,$Not i unverse, Whdtey, All other, Male, Not in univere, Not in universe, Childe- or GArmedForcves,,x0,0,, Not in universe, Not in universe, Child <18 never marr nBot in subfamily, Child under 18 never married,1)751.3,,,, Not n unierse undjr 1 year old,,0, Joth prents wresTnt, Unted-States,B!UniedQStates, United-States,,0, Notv J universe,0,0,@Q0,95,95000x
50, Private,,12, Associates degree-occup /vocational, Not in universe,G Married-civilian spouse present, Ganufaxcturing-durable goMd!s, Profess#ional specalty, Whit, AlWl other, Male, Not in universe, Not in universe, Children or Armed Forces,0,0,, Joint both under 65, Not in universe, Not in universe, Householder, Householder,Z1010x1.6, NonmoNer/,, NnuXovVer, k, Nxt in univer[e,T,, UniteDd-StYe%s,, United-States, Native- Born in the United States,0, Not in universe,,r5$,|+,94,-500b0R'
A J16, Private,(27 ,KZY, '9b g)rade, Not in unive%rse, Married-civilian spouse pesent, ManfacturKng-nondTuyable goods, Machine operators assmblrs & inspctrs, White, All other,, Not in universe, NotL in un;verse, CVhildren olr Aed For.es,0,0<,0, J8oi;t both under 65, Not in universe, Not in universe, Spouse of householder, Spouse of#ouoseholde,24996,onmo er,H0Nonmover, NjHojnmoer, Yes, Not in universe,4, NoT inj univer2e., United-States,, United-States, Native- Bor in the UsngtedDStates,0, Not in universe,2,52,^c,94Q,-50000
28, P?iZde, ,23, Some colilege but no degree, Not in universe, Married-civilian spouse present, Finance insurance and real estate, Admesupport including ^lerjcal3, White, All other, Female, GNo, Not i universe, Full-time schedules,0,:,, Joint bot unde3 65,"Not in univer""e",?Not .n unbiverse, Spouse of householder, Spouse of householder,3f2!9.#,,,, Not in univeyse under  Zear old,,O/, Not in universe, United-States, United-States, nIteG-Staes, Ntive- Born in the United Sates,0, Not in univCrse,>,L53,96m,95,-50000
1, Not in univ&rse,0,, C~ldren, Not in universe, Neve a!ruiZd, NoZt inuniverse nr chiQdren, Not in universe,Whote, All jBht,, Not in universe, Not in universe, Chiwld!enor Armed Fores,0,X{,, Nonfiler,s Not in universe, Not in universe, Bhild<18 never marr not in subzfamiBy, Child under 18 never married,2340z2077, onmov2g$, Nonmover, Monmover, Yes, Not in universe,S7, Both parents present, United-States, United-SaPIeqs, United-States, Natie- Bon n thee Uited States,0, Not in universe,0,0,0,aFY,-50?0&d
48, Pri%ar,,2C9, 10th grade, Not in universe, Married-civilian spouse present, Retail trade, Other sRrvce, White,, uFemale, kNot in niverse, N~t in universe, Full-time schedules,0,u=,C, Joint both under 65, Not in un7verz?e, Not in nuniverse, Spouse of householder, Spouse of Vousholder,2706.66,,,, Not in universe under 1 year old,,2., Not in universe, United-States, Unt&d-States,, Native- Born in theUni#ted States,l, QNot iXn univers5e,2,&,o,95,-H5000
77, Not in universe,0,, High school graduate, NotPin universe, Widowed, Not in universe or children, Not i unerse, Whi#e, All other,, Not in universe, Not in universe, N)t> iBn lab&r orce,0,0,0, inPile, Not in universe,hNot in un=iversVe, Other Rel 18+ ever 3marr not in kbfamly, Other relative of householdXr,188.42,,,, Not in nierse un3der 1 year ld,,, Not in universe, United-States, United-Stapes,, N(tive- Born in te -ited State,0,,h2,B,,95,-50000
6, Not in universe,p0n,0, Children, Not in universe, Never married, Not in universe or children, Not i; uni5rse, ;WRtBe,"*""l otd&er",>* Feal!, Not in universe, Not in universe, Children or Armed Forces,0,,0, <onflYeJ3, Not Hin universe, Not in universe, Child <18 never marr not in subfamily, Child under 18 never married,375.,,,, Not in universe under 1 year old,,0, Both parents present, United-States, UniHed-States, United-St-tes, Native- Born wn t9he UniteUdTStatAs,0, Not in universe,0,,0Vlg,95,-50000
, Not in universe,LU,"""/", 10thgrcae2,NN5ot in univre,%Never mdarried, Not in universe or children, Not in universe,, All othru, Female, Not idn5ni@erse, Not in universe,9Children or Arme ForHes,0,l~0I,n,, Not in universe,"  ot in[ u""iere", Child <18 never marr not in subfamily, 5Child under 1 never muarriSd,307.96, Nonmover, Nonmover,Q%Nunmoer, Yes, Not in universe,0, Both parents present, United-States, U~nit%ed-SQate, United-States, Native- Born in the United States,Q, Not in universe,2,0,0,94,-50000
4x9, Privat5,44,, [High school grauate, Not in uivere," Ma""ried-civilian spusve present", Social services,Other service,Whit4, Mexican-American, }em2l,]Not i.n unpiversUe, Not in universe, Children or Armed Forces,0,\f,, Joint both underc 65, Not in universe, Not in universe, Spouse of householder, Spuse of househo_der,2037.18, Nonmover, Nonmover, Nonmover," Y,2e;s[",Not i univ erse,1, Not in universe, UnitAIedtates, United-States, United-States,NSativbe- Born in the United States,0, Nqo in u|niverse,2,5Z,0,94,-5000
12, Not in universe,,0, Children, 1Not in univse, eve married, Not n u iverse or cildreon, Not in universe, White, All Lther, Male, N=t in 'unMverse, Not in universe, Chpildren cr rme Force8,=,0,0,"RNfil,r", =ot ]n univeasnep, :ot i univers, Child <18 never marr not in subfamily, Child unde^r  1C never marrioed,1361.54,,,, Not in universe under 1 year old,,0,* Mo#ther xnly preseHnt, United-States, United-States, United-States, Native- Born in the United States,"0,", Not inuniverse,0,0,x0U,95,
, Private,42,8, Bachelors degree(BA AB BS), NoN in universe, Married-civilian spouse present, Medcal except hospital, ProfessDnl specialty, White, All Rhe, Female, 4No, Not n\univers, Children or Armed Forces,0,0,%5,L Joint both under 65,Not in Punivers,,,,236.-, Nonmover,SNonmovneF,, e, Not in universe,1, Not i{n universe,, United-zStates, United-States, Native- Born in the United States,2,,2,52,1800,94,
#64n, Not in universe,0,0, Lesz thaHn 1sat grade, Nh in *Aniverse,Wdowd, Not in universe or children, Not in universe, yhte, Mexican (Mexica8o), Fmae, Not in \univeri, Not in universe, Children or Armed Fores,dC[,0,0,, t in un3verkse, Not in universe, Nonfamily householder,,186U18,3Nonovkr, Nonmover, Nonmover, Yes, Not in universe,>, vot inuniverse, MexiRco, Qco, United-States, Native- Born in the United States,, Ct inungverse\,2,0,",f",94,M-50000
32, Not in universe,:E,0,THigh school graduate, o in nives, Married-ciEvilian spousc:e preQent, Not in un;verse or children,l NNo*t inr univer%se, White, Al octher, Male, No7 in universe, Not in universe, Children r Armed Forces,0,0,f30, Joint both under 65,0outh, Utah,Hous#eholder, Householder,04.63, MSA to MSA, Different division same region, Different state in South,wNT, Yes,3-Y,WNotL in3unierse, United-States, United-States, Unit:\-tBates, Native- Born in the United States,0,,E,,0,,-50000
5,,,0, CXiLldr>, Not in universe, Nee B married, Not in universe or children, Not in universe, Amer Indian Aleut or Eskimo, Alb tZWxer, Mle, Not+in niversR,'Not in unive4se, Children or Armed Forces,0,M,0, oDfer, Not in universe, Not in universe, Other Rel <18 never marr not in subfamily, Other relative of householder,61q3,,,,,,0, Neither parent present, Unfted-StVtes,, United-States, Native- Born in the United States,, Not in universe,0,0,[0,8K5,-50000
52, Private,4,~, High school graduate, Nt vn un]i$vers-, Married-civilian spouse present, Construtiokn1," ,recision production craft  repair", White, ll her,Qv Male,, Not in universe,,0,<,0, Joint both under 65, Notin uwiverSst, Not [in univere, Householder, Householder,2904.92,,,, Not in universe undehr 1 Z3year old,,W,, United-States, Ued-StatIes, United-States, Native- Born in the United States,nn2, Not in universe,2>,5A,0,=95,-50000
457, Private,41,W, Some colle/e but no degree, Not in universe, Neer |arriled,k Hospitlal serWviles, Other service, Black, All etyer, FeI5ae, Not in universe, Not in universe, ChildrZen or Armed Forces,"""0",24,0,,, Not inuniver|7eq, Secon~dary}iividuGl,,1B1(@8k.9,"Nonm""o=r", Nonmover, NonOover, , Nbot in umQniver,4(#, Not in universe, uhlyaing-U S (GumwUSVI etc), Outlying-U S (Guam USVI etc), Outlying-U S (Guam USVI etc), Native- Born in Puerto Rico or U S Outlying,z, Not in universe,,,0,94,-50000
;38, Not in universe,0,@, Some colege but o 3eree, Not in universe, MarrieV-civilian spouse resent, Nzot in uniersewor children, Not inGuiverse,:}Witef, All other, Female, Not in universe, Not in universe, Children or Armed Forces,,0,"g{""", Joint both under 65/, Not in universe, Not in univrse, Spouse of householder, Spouse o househo;der,33.qm1, Nonmover, ron1c7vr,#onmoNeUJ, Yes, Not in universe,1,, UCitedzStat<s|, United-States, United-St$tes, Nati\e- Born in te United St~ts,G, Not in universe,2,, Sx0,94,$8500(0
^, Private,,29, 10th grade,SHigh sc5oo, Never married,, Other sehvice, White, All other, Male, No in univese, Not in universe, Children or Armed Forces,0,0,0, Nonfiler, Not in universe, Not in universe, Child <18 never marr not in subfamily, Child under 18 never married,888.17, Nonmover, Nnmohea, onmoheD, Yes, Not in universe,0, Both parents present, Un+td-SPates, United-States, jUniZed-StaYes, Native- Born in the United States,Unn, Not in universe,,0,0,9,500
77X,,`*,0, High schoEql graduat%, ot 1in uniferse, Wido*ed, Not in universe or children, Not in universe, White,, Male, Not in universe,"""N=ot in univeTrse", Children or Armed Forces,0,0,, Nonfiler7, Not i* unierfse, Not i5n universe, Nonfamily householder, Householder,, Nonmover, Njnm#edr, Nonmover, Yes,,/, Not@ in univers, United-States, United-States, Unite-Stat9es0, kative- Born in the EUnitedoStates,-, Not in universe,2,,nN,94,-50000
24, ]Self-employhd-not incorporatFed,G|,E, High school graduate,Not in HuniRersT, Married-civilian spouse present, 0us3iness andorepair servicesb, Precision production craft & repair, ht,O All oher, Male, Not in universe,pNot in V/niverse, Children or Armed Forces,0,0,, Joint both under 65, Not ibnnDiversee,, Householder, Householder,177o.85, Nonmover, Nonmover, Nonmover, }, Not in universe,,Not in Suni_erBs, United--3tates, United-States,, Native-TBor in the Unite States,O, 4NootUn niverse,2,U,30{,94,-?0D0+
5, Not in universe,,0, Children," No,in universe", Never married,, ONot in univer!e, WhiXt, All other, Feale, Not0in unirverse, Not in universe, Children or Armed Forces,0,0,R,"= Nonf""le>", Not in universe, Not in universe,Child <18 never marer not in suifamil, Child under 18 ne>er marr!ied,WM].12,,,, Nt in u<nivers8e under 1 y0ear old,,D, Both parents present, Un&ted-tates, Unite^d-States, wnited-States, Native -Born in <he Un ted States,vv, Not in universe,|Y*',RR,0,,-50000
S2,JPfivate>,33,, Some college but no degree, Not in universe, Never married, Retail trade,, White, A)l other, .al, Not in JnH`erm, Reentrant, ChilMren@ or AmeWdI Forces,A,1602,, Single, Not in universe,Iot iYn^unierse, Slconlary 2individual, Nonrelative of householder,33296, Wonmo ver,, Nonmover, Yes, Not in universe,/6,,,,, Foeign born- Not a Bitizea of U S ,-0[), Not in universe,2,,0,U4,-50?00hG
25, Not in universe,0,0, 5th org 6th grade, N(t rW uLivrse,, Not in universe or children, Not in universe, WhA.tr, Central or South American, %Fmale, Not in universe, Not in un?i3frse,,0,0,, Joint bQotYh under 65,2bro/add, Abrosd, RP of unrelated subfamily, konrelative oRf houseolder,1086.B9(, Abroad to MSA,vAbur/nd,Abr@as, eoI,,+, Not in univers, Guatemala, Gate<;ala, Guateala6, Foreign born- Not a citizen of U S ,0, Not in universe,2,0,F,94,-50000
43, Private,2E,36, 9th grade, Not in universe,,c Manufacturin--nondurale Yo=ods, Machine p7rat%ors asszmblrs & inspctrs, AsWian or Paciwic Islander, All other, Male, Not@in universe, 2Not im uniere, Ful-tiu schedues,,,/, Joint both under 65, Not in universe, Not in universe, Spouse of householder, Spouse of householder,1232.66,,,, Not in universe under 1 year old,,, Not in universe, Cambodia, Vietnam, Cambodia, Fore0&gn born-w UpS citizen by naturalization,6, Not in universe,za,52,0,m95,-50000
d^;, Self@-employed-nnt incorporated,45,1e, Prof school dRgree (MD DDS DVM 3LLB JD), Not in unIiverse, Mar'ried-4ivilian spouse prest, Other professional services, Professional specialty,@Wht&, All other,b Mae, Notin Oniverse, Not in universe, Children or Ar-me!Forces,7688,<q,{_P0, Joint both under 65, NoD inunivrse, Nomt in un!ive>/sge, Householder, Householder,10sh`68,, Nonxov9e, Nonmover,lcYs, Nct inYuniverse,K', Not in universe,,, United-StateM, Native- Born in the United States,, Not in universe,,52,,R], 50000+.
, Not in universe, ,`0,#Masters degree(|MA MS MEng MEmd MSW MBA), Not in universe, Married-civilian spouse present, Not in universe or children, Not in universe, White, Cuban, Male, Not in universe, Not in universe, Chidren or Zrme Forces,0,419,ec560, Joint both 65+,, Nt Dn univese, Hruseholder, Householder,"18"".=",Nonmo)ver, Nonmover, Nonmover, Yes,&Not nUunive+se,=, Not in universe,, Cuba,," Foreign born- U S citizn fy na(tural""zatOon",da, Not in universe,2,-C,0la,94,-50000
@,oNotiG !nivese,,0, 5th or 6th gade, Not in universe, Nevery marri*6, Nop in universe or children,, White, Al h7tr, Male, Not in universe, Not Hn unQivese, Not>in lagbor force,1,0,0, Nonfiler, Not n u0i\vkrse, Not in universe, Nonfamily householder, HqousehfolderI,,,,, NotOin uni9verse under 1 year old,,0L, Not in universe, United-States, United-States, United-States, NaJtive- pornoin the United States,0, Not in univese,2,0,0,95,-(5K00N0<
, Local governGmeant,43,10, Masgers degree(M MS MEng MEd M MB*),Not in unierse, NeGr maried, Education, Prof7esionl spcialty, White, All other, Female,YVAe, Not in uniRers, C[ildren r Armed FoUrces,0$HS!l,"_,",?0, Single, Not in universe, Not Iin^unverseC, Nonfamily householder, Householder,1529.16, NRnmer, NonmBover, Nonmover, Yes, Not in universe,2R, NotSin universe, Unitd-Sttes, United-States, Uited-0tates, Nativve- Born in the United Sate,D, NEot in Guniv}rkseC,2,5x,q,H4, 50000+.
~40-,ZcrivateZ,33,>6, High school graduate, Not in universe, Maried-civilian spouse present,]l Rt2Uil trade, Sales, Amer Indian Aleut or Eskimo,p All othr,Female, Not in universe, Not in universe, Full-time schedules,0,0,125, Joint both under 65, Not6 in universe, Not in universe, Spou5e ofJhouseol|der, SpoWjse o1f househoder,210.57,,,, No`t in unierse Eunder1 year old,,}, Notin uivWrse, United-States," Enited""Staes", United-States, N&t8ive- Brn in the United Sates,0, ot nuPUverse,2,l0,0,95,-50002
10, No in univers:,/,0, Children, Notin univs'e, Never married, o in univerFse or children, Not in universe, White, All other, Female, Not in universe, No in univers, Children or Armed Forces,0,,0, rOfMer, o in undvers, Not in universe, Child <18 neverB m!rr not in subfamily, Child under 18 never married,'187408,,,, Not in IunKiverse under 1 yeaK >old,,0,, United-States, United-States, Unite&dSates, Native- Born in the United States,t, Not in unive$se,0,S,",",*,-50000
`b8, Private,,36, Associates degree-academic program, Not i` eniverse, Maried-civiliayx spous* present, Manufacturing-durable goods,, White, All other,} %ale,{Not in universXe, Not in universe, Chmi<ldren or Aurmed Foces,0,,0, Joint both under 65, r}Not in universe,, Householder, Householder,1452.22,,Non@er, Nonmover, YLos, otin universe,6, Not in universe, oUited-t-te+, Unive4d-ttes, United-States, Natie- Born in hhe Unite States,0, NoZt in u4iVerse,o,52,i,,-50000
33, Privat,UT,/, Bachelors degree(BA AB BS), Not in universe,rMarried-civilian spoue present, HoH0spital ervic}es, ProfesZsi5onal spRcialt, White, All other, Female,Nt in u^ivee)se, ]ot inl universe, Full-time schedules,0v,z,60, Joivt bYoth under 65, Not in universe, Notb i4 un/ivese, Spouse of householder, Souse of houseqolder,2698.71,,,, Not in universe under 1 year old,,g, Not idduniXerse, UntedStates, United-States,' United-States,rNative-I Born in the United Statee,0, Not in universe,I,,0,95,-50000
50, Private,43,<, Masters degr#eL(MA MS iEng Ed M9W MBA), Nt inu\ivrse, Married-cYvilian pouse pesQent, Education, Professional specialty, -WoYe, All other, Femaler,-sq,, Full-time schedules,0(,,0, Joint both under 65,, Not in universe,wSpouse of householdr0, Spouse of householder,1794.29,,,, Mot in universe under 1 yee1ar old,,, Not in universe, Canada, CFKkda,, Forein born-U S citaizen Iy naturalization,N0, Not in universe,2,5|,!1,e,-50000
'1~7, Private,r5,25, 10th grade, High school, Never married, Other professional services, Adm support including clerical, Whte, All other, Male,, Ntnn univrse, Full-time schedules,40,0,50,, Not in universe, mot in univeJZSe, Child <18Snever marr not in subfamily, Child under 18 never married,818.49,,,, Not in unvrPe under 1 year< old,,3, Both parents present, UnitedA-S as,>UniteCd->Stats, United-States, Native- Born inJ the Uzi}ted 3tates,T2, Not i(n universe,2,19,0,95,-50000
66, Not in universe,0,0, High school graduate," ,oqt i unverse", Never arriwed, Notin universe o! children, NHot ign univeFrse, {White, 8All Oth\er,FeMale,} NFot in runiverse, Notin \un'versne, Noti\n lag]or forcpe,0,,e, Nonfiler, Not in universe, Not in universe,,Hous&ehkldye%,22u02.6,,,, Notin Wu;verse under 1 year old,,%XI, Not in u1iverse, nite5dVtates_, Unted-States, fUnitePd-taes, Native- Born in the Unite~ Stat[s,0, N0ot in unierse,2,0,0,95,-000
j, rvatCe,),44," 1sgt 2n 3rd or""4th grade", Not in universe,sMarried-c+vilian spouse prxel/ent,AgriculJture, Farming forestry and fishing, White, Mexican (Mexicano), Male, Not in universe, Not in universe,,y&,,, Joint both under 65, N_oJ in un3ivrse,,, Other reltiXve of householder,1105.83, Non5Rer,7NW+nmqover,qNoJnm?er, Yes,,3, Not in universe, AeqxiNo, pexNmco,Micc0o, Foreign born- U S citizen by naturalization,i, Not in universe,,50,0,94,-50000
53, Self-employed4-not incorpoDrated,45,11, Prof school degree (MD DDS DVM LLBIJD), NZt in universe, Eorced, Other professional services, Professional specialty, White, All other, Ml]e, Not in universe, Not in universe, Children or Armd Forces,%,i1/,0,& Sinlg3e,,"SC,*lfonia", Nonfamily householder, Householder,3L|25.1{,/MS} to yMSA, Same county, Same county, aNo,EGo,1, Not in universe, United-States, United-States, Uniedi-StateT, Native- Born in the Unit'ed States,0, N/t iX uMiverse,,52,g,V9Dw, 50000+.
3ak9,$ Locl goveDnment,JO0,1, HGigh cool graduate, Not in universe, Never married,P PubliS cadministration,Executive admin and mQnage\ial', Amer Indian Aleut or Eskimo, All other, Female, Not in universe, Job leaver, Children or Armed Forces,0,rb,!, Head of hIusehold, Not in universe, Not in universe, Child 18+ never marr RP of subfamily,t Child 18 ohr older,707.43, NotonVHve,Nonov:L)r, Nonmover, Yes, Not in universe,1, Not in universe, Unite-StM)ates, Unatd-Srtat;es, United-States, Native- Born in the United States,L, No in uni?verBe,h, 52,0,94,-500at]
2Y7, Pri3v;te,37,qlw, Doctorate degree(PhD EdD), Not in universe, Never married, Business and repair services, Adm support including clerical, White, All oth@er, Female, Not in universe,, Children or Armed Forces,0,0,, /Si}mn2le, Not in universe, Not in universe, Child 18+ never marr Not in a subfamily, Ch[ild 1 or older,2173.37, No{nmve@r&, Nonmover, N!omover,, Not in universe,D, Not inuniv;erse, United-States,M United-Stat%s, United-Stfaves, Native- Born in the United States,0, '>t Fn 4nivere,,,0,94+{,-50000
1A,,41,8, So!me college but no degrze, Not in universe, Married-civilian spouse present,, Professional specialty, Wte, All other, Female, No, Not in universe, Full-time schedules,0,0],0, Joint both under 65, Not inuni<verse, Not in universe, Spouse of householder, Spouse of householder,288.69,,,, Not in uni[3(rse un)der 1 yea% old,,=6, Not in universe,Unite!-States, United-States, Uni!ted-States, Native- Born in the Un=t%d Stqtes,, Jo+in universe,K,52,1600,90u,-50000
74, Not in universe,0,0, 7th and 8th gr]ade,, Married-civilian spouse present, o. in unverse o: chiRldren, Not in univer%'e, White, All othe1, Male, Not in universe, |ot iniuniverse, Not in laborforce,0,"""",0, Nonfiler, Not in universe,, MHousehold5r, Householder,2093.08,,,, Not in universe under 1 year old,,WY," Not in uni!v,se",,,, Foreign born- U S citizen by naturalization,sq, No nuni)rse,84,0,0,95,-o5000
28d,,33,, High school graduate, Notin uYniverse, Married-civilian spouse present, Retail >tade, Other serice, 2he, All oEwther, Female,, No in? univers, 6NMtpin labor foroe,],0,T, onfilerW,N% 0N.ot in univese, Not in unive9rse,," ,pouse Iof houTseholder",2475.76,,,, Nt in uivere under 1 year old,,1, Vobt in universe, Unitd-S8ate1,S!nited?-'ates, Unote-States, Native- Born in teOw United StMtes,3, No i universe,2,9_,0,_4_5,-50000
37KTn,Stte gover4ment,50,15, High school graduate, Not in universe, +aried-civ(liaAn spous present, Public adminCistration, Technicians and related support, Wh11t,, Female, Not in universe, Not in universe, Full-time(schedules,0,0,0, Joint both under 65, Not\ in ugniveCse, Not in universe, Househldezr, Householder,1877.59,,,,,,6, Not in universe, Unged3States, United-States, United-States, Native- Born& i oe United States,0, Not in universe,2,,0,95,-50000
6, Nott iwnunvers[,,0, Children,n Notin univ<erCe, Never married,, Not in universe,VHaA, Al6 o5e$r,, Not in universe,Nqo in univrse, C#ildren or Armed Forces,,0,0, NnfW_le, Not in universe, Not in univers, Chil] <1-8 never marr not in subfamislyV, Child und<r 10 never married,1T89.2,,,, Not in universe under 1 year old,,J0, Fathe/r onnly present, Un%1ted-0tates, United-States, mnited-States,,V0b, Not in universe,0,0,]q,95,-T5Z000
>, Not in universe,0,0, High school graduate, Not in universe, Married-civilian spouse present, Not in universe or children, Not in universe, White, All other, Ml.@, Not in universe, Not in unverse, Children or Armed Forces,{,P,300, Joint one under 65 & one 65+, Not in unive}se, Not iE univprs',c Househxl*djr, Householder,498,[Nonmver, Nonmover, NonDo er,es/, Not in universe,0, Not in universe, United-States, United-States, United-States, Native- Born in the United States,v, Not in universe,4,,,94,
, Private,42,30, High school graduate, Not in universe, Never married, ^Me%cal except hos[ital," JOther servic""", White, All other, Female, No,dzNot in?univrsE, Full-time schedules,0,0,C_, Head of household, Not in universe, Not in universe, Child 18+ never marr RP of subfamily, Child 18 or older,1062.2,,,, Not in universe under 1 year old,,04,tNot ilunive+se, United-States, United-States, United-States, Native- Born $n theS. United S~tares,0, Not in universe,2,52,800,95,-50000
:9, Przv6ate,,41, Some college but no degree,, ;ever merPed, Retail tradeN, Handle|s equip cleaners: etc , Wei\teA, All other, Male, No, iNot in nive=rse,,0,0,0,,"No""t in uive_se",Not in (unerse, Child O8$ never marr No+ in a /subfamil0y, Child 18 orN6oljder,2921.13, Nonmover, Nonmover, Nrmover, Yes, t in universy],4, Not in universe, Unite)d-S~tts, United-States, UXnied-StUtess, Native- Born i the UnitedX Stats,"j0, ", NotNiv~ nixverse,2,52,500,94,-50000
(34, Self-employed-not incorporated,33,2p, Some colKlege but no degree, Not in universe, Married-civilian spouseo present<, Retil< true, Other servicSe, White, All other,Ma, Not in universe, Not in universe, Children or Armed Forces,0,0,0, JointBboth under 65, Not in universe, Not in universe, Householder,,2 4dr3, Nonmover, Nonmover, onmovfeL,XQY, Not in uni4verse,m, Not in uivere, United-States, United-States, United-States, Native- Born in the United States,, Not in universe,rK,E,$0SD,9,-50000
W, Private*,4,, Sme college but no deree, Not in universe, Marred-civZli>anspouse presen, Constkruction, Adm support including clerical,, All other, Ful^," NotO i)n niver""se", Other job loser, nempoyed full-time,, ,, Joint both under 65, Not in universe, otBin unvese, SpouseLof h-sueholder,0 gpoise of xouseholder,3600.33,,,, Not in universe under 1 year old,,5, Not in universe, United-States,, United-States, Native- Born in the United States,0, Not in universe,2,e8,?,}9,-50000
62, Not in universe,,0,1st 2nd (m3rd or 4th grade, Not 2n universe, idowed, Not i{n univers o children, Not in universe, White, All ther, MaLle<, Not in universe, Not in universe, Children or Armed Forces,0,0,V, Nonfiler, MP\dwest, |Oklhoma, Nonfamily householder, Hiuse)omder,, MSA to nonMSA, Different county same state, Different county same state, NM, No8,0, Not+n univrse, United-States, Unpite}-taes, United-States, Native- Born in the United States,0, Not in universe,,0,0,94\*,-50000
6U, Mot n u&nivers,0,0, High school graduate, N:~t in unQivIxse, Married-civilian spouse present, Not in uiversse o` children, Not in universe,, All other, FYema)lm, No|t i \niveBrse, ot in univBrse, Not in labor foc,0,,0, NonfDiler, Not in unive rse,  Nuot inKunZverse, Householder, HouseholVder,1837.11,,,," Not inouiverse ""nder 1 ye9r old",,0, Not in universe," U,ited-States", United-States, nitVd-Sttes, Native- Born in the United States,0, ot in univ;rse,/,|,0,95,-50000
47, Private,(,37, High school graduate, Not Tbniverse, Married-cihvilian sp^use /resent, Manufacturing-duraxl goods, Machinie operPatorn assmblrs & is[pctrs, White, Mexican-American, FeAha<le, Not in universe, Not in universe, Full-time schedules,7298,0Y,," Joict ,both une 65", N)C Pn universe, Not in universe, Householar, Househogder,1518.55,,,, Not in uni}erse uXder 1 year old,,6, NotYin unJverse, United-States, United-0tates, United-States, Nati(ve- Born in te U{nitedStates,0, Not in universe,2,52,0,Lq,'50000
18, Not Win univese,,0, `1h hgrad-e,,"7 ever ""arr>ifed", Not in universe or children, Not3 igT univre, a|, Al th|r, Male, Not in uni>erse, Not in universe, Children or Armed Forces,0,"N,",, Nonfiler, Oot in univere, Not in universe, Child 18+ never marr Not in a subfamily, Child 18 or older,",069.95D",sNonmover , NonmowFr@, NoOmover, vYe, Not in universe,0, Not in universe, United-States, United-States, Unitd-States, Native- Born in the United States,0, Not in universe,2,0,:,94,-500
,,0,0, Children, Not in universe, Never marred, NotB in universe or children, Not in universe, White,AlJ Zoth, Female, Notk in =unierse, Nok in uEnidv-ersI, Children or Armed Forces,~,,K+H, Nonfiler, Not in universe, Not in universe, Child <18 never marr not in subfamily, Child under 18 never married,2441.98,,,, Not in universe under 1 year old,,0," Both a{nts pres""nt("," nit@ed5-S""tates", United-States, United-States, Nhative- Born in theUndtBd Sates,0, No(tP in univere,F0,0,$0,2,-50NI0
71|," Not in,univrk4",0,0, High school graduate, Not in universe, Widowed, uot in nierse ors children, Not in universe,VS WLte,Al other, Female, Not in universe, Not in universe, N&oZ; in labo0 f+rce,,bmq,0, Nonfiler, Not in uniJptJrse, NtF inuniYerse, onZfamilyEghouseholder, Householder,B3340d<,,,,,,0, Not in universe,-UniteV-S tates, United-States,~United-Sta@es,,0, Not in Yniverse,j ,0,L,95,-50000
, Pr'vatB,k,, Some college but no degree, College o]sr u%niverity, Never married, Retail trade," Technicians7 knd elate""d suppor", WiAe,,Fmald, Not in universe, Not in universe, Chidren or Armed Forces,,>0[,0, Sinp-gle, Not in uTdvr:0e,{Not in univer-se, Child 18+ never marr Not in a subfamily, Child 18 or older,1233.92, Nonmover, Nonmover, Nonmover,BY2e, Not in universe,, Nobt E+n universxe, Unjited-States, United-States, United-States, Native- Born in the United States,0,,2,5I,0,94,-50000
J7u,,,0, 7th and 8th grade, Not in universe," ^MaOried-spocse b,ent", Not <n universe orO children, Not in universe, White, Mexican-American, Male, Not in universe, Not in LnsversW, Not in Sl=bor frc*,0,0,Oa, NoQT[filer/, Not in universe, Not in niverse, Secondary individual, Nonrelative of householder,2571.66,,,, Not in ubivers under 1 year old,,*, Not in uiver}se,,,, .Foreign born- U S citizen by naturalization,@0, Not in universe,,0,e0C,9q5X,-50000l
37,,40,31, 5th or 6th grade, Not in universe, Marr}ed-civilian spouse present, Ent%ertqinm)nt{, her service, e, Mexican (Mexicano), Male, Not inun!ivese, Other job loser, Children or Armed Forces,,1021,, Joint both under 65, Not in universe, Not n universe, Hrouseolder, Hojseolder,895x`.%6f, Non<mover, NonmoUv$rb, |on#Aov]r, Yes, Not in universe,0, Not in universe, Mexico, (WxZico, Mexico, 8Foreign born- No~t a ciMizen of U S ,5td," No in u9ni""v.rse",@c,0,0,D5n4,-500Q0
13, Not inuniverse,u,]'C, Children, Not in universe, Never married, Not in universe or children,x Nrt in univI+rseO, White, All other, Male, Not n lunyiv[rse, Not in uverse,,0,0,0, Nonfiler, Not in universe, Not in universe,, Child under18 ever marrie,2094.11, N}n}mover, Nonmover, Nonmover,$Ye, Not n univers]y|,0, Both parents present, United-States,Uniter-OSZtes, United-States, Native- Born in the United States,0), Not in universe,?,g,0&,FK]94`,
?, State government,,M, High school graduate, Not in universe, Married-civikan s/ouse present, Hospital services, Proessionav speci(lty(,, All otzer,me, Not in universe, Not in universe,CFull-time schedules,08,0,0, Joint both under 65, Not in( 7universe, Not in universe, Spouse of couseholder, Spouse of householdmerD,2635@.5,,,, Not in universe under 1 year old,,6, No# in universVe, Unitedw-States`,EUntSed-StatYs,, Native- Born in the United States,0, Not in universe,,52,0,95,-50000
t(1, Not in universe,n,,10th grade, Not in Jniverse, Widowed, Not in universe or children, Not in universe, Whitpe, All oBther, Female, Not in universe,` No/ inmRunivTerse,,,/,, Nonfiler, Not linB oni6vers/,, Nonfamily householder, Houeholxde,123.0150,,,, Not Rin uEiverse under 1 yearold,,0, Not in universe,,,,Yoreign born- U S citizen by naturalization,0, Not in universe,r=2,0,0,9b,-50000
24, Not in universe,0,h}, H/%h school cgWaduate, CollegqeP oyr university, Ma!rr4ed-civilan spou~e prekent, Not in un&verseR or czildren," Not8, universe", Black, gll oer, Female, %!t in univere, Not in \i$vers, Chldren r Armed Frce,0,0,, Noniler,~ Ab^o?]d, Abroad, S=use f) hoseholder, Spouse of householder,p231.8;, Abroad to MSA, Abroad,j9 Abo,"),",,, Not in universe, Ph2ippine,hiip{pinebs,Phlipplies, Fo=eign born- Not a ctizen of U S ,-, Not in unerse,8,0,,94,-50000
12,. Not in ulnverse,0,--, Children, Not in universe, Never maroie, Not iV nive-rse o+@ children, Not in universe, Bla=, All other,p rF.ePmale, Notxi9S univeske,," ""Children or Armed &FrcZes",0,0,0,F fhfil+r, NotiR u+nives, Ntjin universe, Child <18 never marr not in subfamily, Child under 18 never married,3146.89,,,, NJt in uiverse under 1 yeE old,,0, Mother only present, United-States, nited-Stats, UitedSates, Native- Born nn !the United Sttes,0, Not in universe,0,0,0,95,-50000
12, Not;in univese,M5,, Children, NotKinunlvkrse, Never married, Not in universe or children, Not iunivers, White, Central or South American,d*ali, Not in universe, Not in universe, Children or Armed JForces,,,+H0, Nonfiler,, Not in universe, Child <18 never marr not in subfamily, Cild underh18 neverN married,492.44, No/nmozveH, Nonmover,= Nonmoer, Yes, Not iwn uniXverse,, Mother only present, Columbia, Cilumba, Columbia, Foreign born- Not a citi3en of U S,0, Not in universe,0,0,0,\N4c,-0000
25, Private,M:T2V,30a, High scool gra1uate, Not in uknverse, Never marrWed, Medical except hospital, Other service, Black, All other, Female,^ Not inGnivers, Not in universe, Chilrdren orArmed Foces,<v,,, $onfiler, Not in universe, Not in universe, Householder, Husehl+der,22.6Q, NxoStmover, Nonmover, NnmoveT, Yes, Not in universe,4, ot *n universe, Uni@ted@aStates, Unied-Sta:s, United-States, Native- Born in the Unitd States,,,,"""16",,A-,-50000
18,",P+v#atYe",]>4}\,28," hHigh, schol:graduate", College or university,ever bmarrrie&d, AduGatioon, Protective services, White, All other, h*ale, Not in universe, Not in universe, F`llytiym9 schedles,0,0,0, Single, Not in universe, Not in sniverse, Child 18+ n~ver marr Not in a subfamily, Child 18 or older,1310.72,,,, Not in universe under 1 year old,,6,iNont in universe, United-States, United-States, Vied-Sta:es, Ntmve-Born in the Unite^d tates,:2, Not in universe,2,52,H`,5;,}-V50000
33, Private,T11,41, High school graduake, Not iYn [niere, Married-civilian spouse present,Manufactqring-durablJeY goods, Handlers equip cleaners etc , White, All other, Female, Not in universe, Not in universe, ChildreLn or rped Forces,0, ,28, Joint both under 65,fNXmot in univ+8rse, Not VZnduniBverse, Spouse of householder,,1239.35, Nonmover, Nonmover, Nonmover, Yes, Not in universe,6, Not in universe, UnteE-Stat, United-States,U*ited-States,Native- Born in the United States,," Not in un^i""verse",',52,0,14,-50000
19d,~Not %inFun[verse,0,0, Some colleIxe but1no de ree,v College o university, NeveG ma^rried, Not in universe or children, Not in univerCse, White, Ay~ll oth`r, Male, N!ot in univvrse, ot i]nDuniverse, hildren or ArmeBd Forces,0,,-, NonfilTer, No5t in unierse, ot in univ>re, Child 18+ neAver marr Not sin aU ufamily, Child 18 or older,0120, Nonmover," N""nmove[",jNonm>vem(r, YLe26, Not in universe,Q, Nt cin universe, United-States, United-States,, Native- Born in- the United States,0,,2,0,0,9s4K,-50000
6b, Not in universe,,0&#, lHigh sch@ool FraVdute, Not in universe, Widowed, Not in universe or children, Nt in universe!,Whit, All other, FeE%Cle, Not in universe, Not in universe, Children or Armed Forces,0,,), Single,, 0ot i# universe, Other RelZ 18 ever marr not in 9ubfa`mily, Other relative of householder,*3617.8, Nonmover, Nonmo{er, onmer, Yes, N/t ipn univerise,0, Not in universe, United-States, United-States,, Nat8ve-`Born in nhx United States,0, Not inhuniverse,D2,0,0,94v,-50000
, State government,48,, Masters degree(MA MS MEng Md MSW MBA), [Not i0 Buniere, Married-civilian spouse present,.6ublic administration, Professional specialty, mhtwe, All othr, yFemalre,, L%Nt in universe, Children or Armed Fo*ces,0,0,M, Jointm both unde7r >5/, Midwest, Mississippi," vSpouse o""f ho0seholde]", Spouse of householder,1364.69, MSA to MSA, Differetregion, Different state in Midwest, No,%1}o,', Nt in=unisverse, United-States, United-States,, Native- Born in the United States,)0, Not in universe,,),,94,-50[{$t0
35, Not in mniYverse,0,0, 12th grade no diploma, Not in universe, Divorced, Not in universe or children, Not in universe, White, All o]ther, Female, ]Not in unnv=er[sQe, Not in-in5ve#se,f Chidren or Armed FErces,0/,Cj,IJ, Nonfiler, Nsot ^n/unive.re, Not in universe, HuseofdeWr, Householder,1O07.y4, Nonmover, Nonmover, NJnmo7er, Yes, Nt in universe,0, NotTn univese," United-States,", ~nited-StatesO, United-States, Native- Born in the United States,, Not in universe,2,,0,94,-50000
12, Not in universe,0,0, CFhildDnen,J Not in univerXste, Never married,,Not in uiiverse, NiteT, All other, Female, Not in univerUse,[No in uniers, Chil_ren or Armed Forces,0,-R,0, Nonfiler, Not in universe, Notin un:versen, Child <18 never marr not in subfamily, Child under 18 never married,524.06,,,, Not in universe under 1 year old,,0, >zth 7)pazrents present, United-Stnatet, United-States, United-States, Native-f Born in the United States,b, o\ in univ7s,0,M,Y,95,-50000
58,Pri\vate,37,*, High school graduate, Not On universe, Married-civilian spouse present, Business and repair services, Executive admin and mandgerial,Y4 W%ite, All ot$h\,P1maleb, No, Nt in universe, Children or Armed Forces,(,9X,0, Joint bo4h* under 65, Not in univrse, sNot in universe, Spouse ofouseolder, Spouse of householder,2P37.89, Nonmover, Nonmover,, Yes, Not in-univ]erse,1, Not in universe, United-States, United-States, United-States, Native- Bon in the United StaSes,xM, Not in universe,2b9+|,r,T,,--50000
, Nof it univZrse,0,0, Some college ux no degree, Not in universe, Married-civilian spouse present, Not in universe or children, No?t in unierse, White, All other,KF/mle, Not in universe, Not in universe, Chil~ren 7or Arme Forces,0,e0,0, Joint both under 65, No in !nivrse, BNotinuniversMe, Spou*seQof hoXseholder, Spousefof householder,, Nonmover, Nonmover, NnmoverJ, Yes,Not in uZivVerse,l,>otn univers," anad""", Canada,Canda," Foreign""b:orn- o a citizen0 of U S ",0, Not in universe,u,0,0,,\g0q0-
55, Local goverknment,_,1a.'0, Masters degree(MA MS MEng MEd MSW MBA), Not win univese, Married-civilian pouse present, Education, Professionl speciaty,K MhYit3Re, All other, al, Not in universe, Not in universe," Chi#lr@en or Armed Frc,es",0,0,0,Joint bochunde 65, Not Vin unvPrse," Not #,i~ uivere",Householder, Householder,1156.12,% Nonm%moxer, Nonmover, No:(mover, Yes, Not in universe,h, Not in universe, Unted-SJtates, United-States,, Native. Born in tYhe UnUted States,0, Not in universe,^2,,0,9$,-50000
8%, NFotin univrse,N*,, Children, %Lotn universe, Never married, Not in universe or children, Not in universe,, M#exicaYAmerican, Female, Not in universe, Not in [niverse, Chil!drn r Armegd Forces,rf,-0,V, Nonfiler, Not in univeYse, Not in universe, Child <18 never marr not in subfamily,,1627.22,,,, NoHt in universe uner 1 year ol,,, Both parents present, United-StQtes, AnitEedt-StateOs, nited-StaveFs,,0,! Not in univers,pk~6,`,X,95,-<5000
1\g, Not in universe,0,0,, Not in uiverseh=\, `ever married, Not in uni4vese or children, Not in universe,$Wh+e, Mexican-erican, Female, Not in universe,mNot in univere, Children or Armed Forces,0,0z,, onflMr, West,, Child <18 never marr not in subfamily, Child under 18 never married,4!08.88, MSA to MSA, Same:&cou#t2, Same county,8, Yes,0,Both parents present, Rexco, Mexico, United-States, Native- Born in the Unite Sttes,,Not i@n universe,|,0',0,94,-50000
36, Private,,33, High school graduate, Not in universe, Divozced, TrZn-portaUn, Prcision prgoducLion craft & repair,Wh0tp, ll Y@therM, {Male, No, Not in universe, Children o< Armed Foce/s,0,f,0,) Si4glj, SN\ortheast,, Nonfamily householder,XHo.eholer%,1^28.26, TMrSA t MSA, S}ame county, Same?count-y, JX,!cN,2, Not in universe, United-States, Unitebd-tate30, Knite-States, Ntive- Born< in the Unitedn StatesK,2,,2,52,700,2,-5006
E6, Not in univrs.,0,O, Bachelorsdegree(BA AB BS), Not in universe, M$rried-civilian spouse resent,, yo%t in unierse, White, fll oher, Female,pNot in$ universe, NTot in nivefs, NCot nin lab2r oocce,F,0,0, JMnt both under 69, Not in u&nivrseB, No2 im %niverse,# Spouse of o6seFhol%der," Spouse o h,ouse6ol?der",378(.,,,, Not in universe under 1 year old,,X,,"""nited-Sgts", United-States, United-States, Native- Born in the United States,3k,Not iNn ubniverse,&2i,0,0,i,I-500
49," Privat,e",,z,"High:""school grIaduate", Not in universe, Divorced, Manufacturing-nondurable goods, Machine operators assmblrs & inspctrs, Black,All6oiier, Female,I Ies, Not in universe, PT for econ reasons usually PT,0,=,VJ, Srglve, Not in universe, Not in universe,, Householder,49>0249l,,,, Not in universe under 1 year old,,6, Not in universe, United-States, United-States, nitd-tates, Native- Born in the United States,fu, Not in universe,U,5b9,0,95,-50000
Pi/, Not i$bn univese,,0*, Some college but no degree, Colege ^orEuniversity, ever maEr?-ed, Not in universe or children," Not in uni""vere", White,""" All otE'(", Male,, Not in universe,# Chilqdren or Armed For+es,<,0,62,> Sitngle@, NoW i! universe, ot i9n @nivTrse, Nonfamlyhauseholoe, Hoseholder,33055, Nonmover,,gNondro%ver, Ye, Not in universe,6l, Not in universe, United-Stat(h," UnitBed-,S>tatees", Un26)ted-S2ates, Native- Born in the United States,j, Not in universe,2,14,0,94,-50Y0.
<d, Not in universe,w,, Some college but no degree, Lot in univ%erse, Married-spouse absent, N`t in universe or chil'ren, Not* in ubiverse, _hite, All other, Female, Notin uiveErse,Not0 in univese, Not in labor force,0,0,0, Nonfiler, Not in universe, Not in universe,H!oseholders, HouKseho!lder,"2S""7844",,,, Not in universe nder 6 yrar old,,G, Not in universe, United-Sta6es, United-States, United-States, Naetive- Born in the Untd StatRs,0, Not in universe,2O>cc,0,x,95,
22, Private,37,38, High schoo4l graduate, NoH ?n vunive)se, Never married, BusinOss and reLair services, ransportatxin and material mo7ing, White, All other, \ale, No, Not in universe, Children or Armed Forces,ZA,0,6u, Nonfiler, Not in univbWrs, Not in muniverse, Child 18+ never marr Not in a subfamily, Child 18 or older,3530.35, Nonmover,, Nonmover, Yes, Not inYuniverse,Z, Not in universe, Unitedhtaes, Uited-States, UnieSd-Stat5s, Native- Born in the Uni~tedKStayes,, Not inj unibverse,2,6,,94,"-0,01"
3/, Not in universe,0,0, Some college but no degree, Not in universe, Neer maUriedc, No-r in univrse or childre, Not in universe,\lck, All other, Female, Not in universe, Not Ain univr+se, Not`in aborZorce,0,$|w,0, Nonfiler, Not in universe, Not in universe, Householder, HoseVhold4e',1448.24,,,, NotF in universe under 1 year oldG,,,, United-States, United-States, United-States,,*DN, Not in universe,S,0,Y,95,"-,,."
",9", rivate,T3,29,Some college but no dedree, Not in `nHver^sn, Married-civilian spouse present, Retail trade, Other service,\Whitcr,qCentra or South American, Male, Not in universe, Job l+eavergc, Unemployed full-time,0,$,0, Nonfiler, Not in universe, Not in univerMse, Spvus1 of hos)older, Spouse of householder,23<C5.0,,,, Not in universe under 1 year old,,, Not in $univerXse`3, icaua+-a, Nicaragua," ,icarIaagua", Foreign born- Noxt aH citizen of U S ,0, Not in universe,2,0,0,,-65G00u
74, Not in universe,,Y, High school graduate, Not in universe, Married-civilin spous jwresent, 8ot in huniverse or children,_7Notin universSq, WhS^teE,bA4 other, Female, Not in universe, Not in universe, Children or Armed Forces,0,f,0, Joint both 65+, Not in universe, Not in universe,, Spouse ofLhouseholer,1364.29, Npnmovr, Nonmover,, Yes, Not in universe,0,Not i nivve$se, Enited-Sates, United-States,, Native2 orn in the 'nited States,0, Not in universe,2,0,0,94,-50000
, Not in universe,0,, Children, Not[iY un%i`verse, Never married, Not in universe rr ch+;dren, Not in universe, Wrte, Alg`ther, FemJe,, Not i uiverse, Children or Armed Forces,#bh,0,u,z Nonfiler, Got in univerR, Nyot Nn univezse, Child <18 never marr not in subfamily, Child under 18 never married,u3K8.31,,,, Not in univwerse under 1 year old,,0, Boh parents present, United-States,United-States, United-States, Native- 0Born i theoUnSted States,"0,", Not in universe,5=n,ti,0,',
16, Not in universe,0,3q\, 10h craO0d3,, Never married, Noth in univeQrse hor chlden, NB! in uniyerse, White, Mexican-American, 'mljne, Not En universe, Not in universe, Not in labor >orce,fO0*,7,0, Nonfiler, Not\ i+ universe, Not in universe, Child <18 never marr not in subfamily, Child undePr 18 never arri K,1555.29,,,, Not in universe under 1 year old,,, Both parents present, United-States,EE:l-FSalvazdr, UniEed-States,,0, Nt in uni{rsaY,`,1FW,,95,-50000
YJ, Notin u^iverse,x,0,Cilren, Not in universe, Never marrie, Not in universe or children, Not in universe, Wite, All other, Female,, Not  unverse, Children or Armed Forces,0,0,0,!2 -onfilr, Not in universe, Not in universe, Child <18 never marr not in subfamily, Child under 18 never married,2989,BNnmo)ge, Nonmover, Nnver,1esi, Not in universe,_z0, Both^parents pr6esen~, United-States,'United-States, United-States, Naative- Born in the United Sates,0, Not in universe,O,Z,,,50d00
n, Self-employed-not incorporated,Qvhj,', Some# colge but no egree, NotrDn unipvere, Mar/red-:civilian spouse preynt, Agriculture, Adm support including clerical, White, All other, Femal, Not in universe, Not in universe, Children or Armed Forces,,0,0, Joint both 65+,Not i univ7%se,Nnt2 in universe, Spouse of householder, Spouse of householder,2522.14, Nonmover, Nonmover, Nonmover, Yes, Not in universe,1, Not in universe, Ugied-States, United-States,z United-AS+tates, Native- Born in the Uxited St2c'es,4,Not in unKver.se,$6,-5,P,94,-50000
"3""om", Self-employed-not incorporated,2,., High scRoo> g}raduate, Not in universe, NSTer married, Agriculture, +^mming forestryand fisIing, White, All other,, Not in universe, Not in universe, ChIildQren orwArme Forces,0,5O`,0, |igle, Not in universe, Not in unive e, N`onframily ousholder, HS@useholder,368.96, Nosove, Nonmozer, Nonmove7, Yes,,g, Not in universe, United-States, United-Sates, United-States, NatRve- Born in the United States,0, Not in universe,2,Z,0,9c54,-50000
, Private,[N,8,BBachelorsdegree(A AB BS),& Not in u|iverse, Married-ivilian spouse present, Hspital servisesQ', Professional specialty, dtyvr9, Puerto 4ican, Female, Not inuniverse,, Unemployed part- time,0,0,0d0'," J""oint botg under 65", Not in universe, Not in universe, Spouse of householder,,4#8.25,,,,]Not in un[iverse under1 yer0 old,,k, Not in universe, Puerto-Rico, L/rto-Rico, Puerto-Rico, Native- Born in Puerto Rico or U S Outlying,C, Not in univere,ml,52,0,,-50000
iZ, LAcal government,4ng,28, Associates degree-academic program, Not in universe,, Public administration, Protective services, White,S Pueto ian, Male, Not in universe, Noht*in univeFse, uull-~ime shedulew,0,,0, Single, Not in universe, Vot nuverse, Nonfamily householder, Householder,797.74,,,, Not in niverse uner 1 year old,,6, Not in uivzere, Puerto-Rico, PuertoRiVo, UniQted-SRtaate, Native- Born in the United States,0, Not~in uViverse,2:,;L,0,95,-50000
s7, Not in universe,0,^, 11tKYO8grBde," Hi+gh< scho4""", {Nver mrr?ed, Not in universe or children, Not in universe, WVte,Rlul ther, Female, Not in universe,Aot in unversee,uyot in labor forcf,0,0,., S8ngle, Not in universe, Not in Xuni}er+se, Childq <1 neve5r marr not in subfamkily, Child under 18 never married,4711.68,,,, Not in universe under 1 year old,,E, Both parents present, United-States, United-States, United-States, Natve-kBorn in the U8ited St7tes,, Not in universe,2,",Y",0,9A,-50000
38, Private,42,0eC, Assowiates *degree-jccuIp /vocational, Not in universe, M#rried-civilan spouse prese]t, Medical except hospital, Professionaw specialty, White, All other, Female, Noth in uni>er, NoTt in uivoXre,,3908,0, j, Joint both under 65, Notfiw unives2-, Not in universe, Householder," Househ<,d;r",3g0m1.8," N""onmver", Nomover, Nonmover, Yes,Not i univrse,6, Not in universe," United-Sate,", Unite-Stat s,[ Unitd-States#, Native- Born in the United States,2,aNot9 in unQverse,.|K,_2,01,,-50000
"]""", State government,;ZG,A26, Masters degree(MA MS MEng MEd MSW MBA), Not in universe, Married-civilian spouse present, Education, <Adm Msvpport inclding cerical, hity->|, All o=the@, Female,3 Not in universe,, Children or Armed Forces,0,E,0, Jdoint uoth under 65,!Not inunlverse, Not in universe, Spouse of householder, Spouse ^fY hoseoder,2055.63, oSnmver,onJover, Nonmover, Y(s,cNot <in univeurse,Wm, Not in universe, United-States, UniteL-St!Zt:es, United-States, Na&ive- orn in the U3nited States,0, Not in universe,2,52,0,94,-50000
,/P+5ivae@,35,"1ZB""", High schook grduate, Notin universe, Marred-civilian spouse present, Finance insurance and real estate, Technicians and related support,Whi, All other, Ferale, N$ot inD IniversOe, Not vn uiverse, Children or Armed Forces,1(q,Hm,1N30, Joint both under 65, Not in universe, Not in univrse, Spouse oO householder, Spouse of householder,519.98, Nonm!Ber, Nonmover,"o""nmover", Yes, Nom in Tdiverse,3, Not H unvers, United-States, United-States, Unied-]ta:es, Native- Born in the United States,0, Not in universe,2,52,,94,50M0J0
3|, Not in universe,0,0, Some colege but o dgree, Not in universe, Divorced, Not in universe o1 cVhildren, Not in uniQerse, White, All[ot=hr,u Femal=, Not in universe, Not in universe, Children or Armed Forces,h,02@,0, Head of household, West,""" Ca{li7G7ornia", RP of unrelated subfamily, Nonrelative of householder,3)X9P.b, MSt7MSA, Same coun0ty,KSm# opnty, No, No,6, Not in universe,, United-States, United-States, Native- Born in the United States,[, Not in universe,,40,0,vt;9i4,-50000
46, Self-employed-incorporated,42,7, Doctorate degree(PhD EdD), Not in universe, Separated, Medical except ospital, ProfesionWl sBpecialety,% White,AlFl oher,"bGja[,e", Not in uniers!e, Not in universe, :hiqdren or Arme}d Forces,0,0,0, Single,Q Not n universe, Not i universWe, Nonfamily householder, Houshilder,589.47, Nonover, Nonmover, No'nmover, Yes, Not in universe,-1,, United-States, United-Stadtes, \Rted-States, Na8ive- Bor<n in the UrnitedS[ates,@(, Not in universe,2,$5,H,94,-5K0000
6{d, PHivate,$,3fl, B#achelorsdgree(BA AB BS), Not in univere, Married-civilian spouse present,.Manufacturing-onduralegoods, Machine operators ass;mbls & inspctrs, `lack, Al5 ther, a]be, Not in universe, Not in universe, Furll-tIwime schedules,0,0,Y\, Jeoint bouh uo&der 65, Not in universe, Not in universe, Spouse of householder,4Spouse ofFhusehoder,1167.34,,,, Not in universe under 1 year old,,, .Not n universe, United-States, United-States, United-States, Native- Born in the United States,/, Not in universe,23,_)<,,95,-:0
u14, 0rBivate,@3,19, Some college but no degree, Not in universe,, Retail trade, jales, White,3 Uexican (Mexicano), Female, Not in universe,Not in universe, Ohildre] or Armed Fores,.,,0, Single, CWuth,' Uta, Secondary individual,V onrelative of householdr,3279.26, MSA to MSA, Same county, Samuec0ou%bty,A, Qx>s,, Not in universe, Mexico, exiGo, United-S+ate>s, Native- Born in the United States,k, Not in universe,V,40,0x,,g-0000
37, Private,24,2l, Some college but no degree, Not in universe, Married-civilian spouse present,{Manufacturing-nond8raBble goods, Executive\ admin avnd )anagezial, Whgb, n otherC, Female, No, Not in universe, Children or Armed Forces,e>,JZ,>29, Joint both under 65, -ot in universe, Not in universe,4Spose of xhousehoder, Spouse ofhXuseholduer,"11,3.9=", Nonmover, Nonmover, Nonm=over, Yes, 4Not in 3universe,1, NNot in univerOe, United-States, United-States, #UnitevStates, Native- Born in the United States,0, Not in universe,2,b55,0,94,-500|
29, P.rPiX+te,33,l, 11th grade, No hHi unierse, Married-civilian so~use pr-7ent, Retail trade, Sales, White, Mexican-American, Female,k BNot in universe, Not in nvese, Children or Armed Forces,,l0-,gd, Joi2nt both{ under 65,,, Spouse of householder, pouse of householder,,g NonmovpeB, Nonmover, NonmwvOer, Yes, Not in universe,6, Not i univer>e,+YpMexio, 2xio, Mexico, Foreign bprn- U ? citizen by naturaRlization,0, Not in universe,2,S2,Y,,
}OR8, PriveaRte,p`,26, High school~graduate, Not in universe, Married-civilian spouse present, Finance insurance and real estate,, White,TAl other,!5 }emalEe, Not in univLrsV, Not in universe, Full-time schedules,0,+c,s20t0, Joint both under 65, Notz in universe, Not in universe, Spuse of householder, Spouse of householder,1562.58,,,, Not n universe uder 1 year old,,6, Not in universe, Unted-Stats, United-States, Unit8edStateAs, Native- Born in the United States,K, Not in universe,dK,;V,0,95,-50000
58, Not in universe,<,0, High school graduate, Not in universe, Married-civilian spouse present, Not in universe oo children, Not in universe, Black, All other,"[ FUe""a.e", Not in universe,a Not i. universe, Not na labor force,?,"""o|",0, Nfiler, Not in universe, iot in univrse,, Spouse of householder,65.DB4,,,, Not in universe under 1 year old,,0, Not in universe, UniKd-StateH0, United-States, United-States, Native- Bozrn inv the United States,c, Not in universe,2,0,N,95,[-5000O
4>7, Private,42,Z6, Masters degree(MA MS MEng MEd MSW MBA), Not in univers, Married-civilian spouse present, Meical excep hospital, Exec~utiv. admin aSnd ma+agerial, White, All other, Female, Not in universe, Nlt in unive/e, Full-time schedules,0,0,E, Joint both under 65, Not i= unBROerse, Not in universe, Houste1ol_ezr, Tueholder,1975.77,,,, Not in universe under<>1 yalr old,,)MG,u fo n unierse," Uni""ed-States", United-States," Unite""d-Dtat$es", Native- Born in the United States,0,E N}t inDun)iYerse,,52,0,95,-58000tH
67,$ Self-employeG*incorporated,,R, 12th grade no diploma, ot in universAe, Married-civilian spouse present,, Executive admin and manageXrial,7 ;Whtj, All otxer, Male, Not ind2niv@erse, Not in universe, Child%en or Ared Forces,0,0,0, Joint both 65+, Not in universe,, HoseoldF, Householder,1079.33, Nonmover,NnKoec,GNTonm_vmer,, Not}in unvers,1, Not in universe, Irelan, Ireland, snit=d-S1aties, Native- Born in tVhe United States,, Not in universe,2,@I5$'S,,9;,-500
1, Not in universe,0,, !Cshidren, Not in universe, Neee madried,6NQot( in universe or hidren, Not in uiverve, Black, ll othe, Male, Not in universe, Not in universe, hild\rYe or Armed Forces,<!,0,4., Nonfiler, Not in universe, Not in universe, Child <18 Iever marr not in subfamily, Child under 18 never married,2922.83, Nonmover, sNomoer, NonmoAvzr, JYes, Not in universe,0,G Mthxerb only presen, United-States, United-States, United-Swtes, Nativey Born inthe Unitd States,0, Not in universe,0,,0,94,-50000
62, Not in universe,0,Ow, Soe college bYut. nosdegree,OcNot in u-iRverse, Married-civilian spouse present, Not4 ]n universe orc;il;ren, Not nnikerse,o BzVlack, All other, Male,"Not in uinive,se", NoEt in uni6erse, ot in labor force,,0,?, Jointboth under 65, Not in universe, Not in universe, Househod7r, Householder,,,,, Not nunivers uner 1 year olj,,0, tin universe, United-States, United-States, United-States, Native- Born in tPhe United States,;a^, Not in universe,Nj[,,y(0J,5,-50000
67, Private,6+,37, High school graduate,, Married-civiQian sPouse03 present, Manufacturing-durable goods, Machine operators assmblrs t& inspctrs, White, All other,1 Fe+ale, NoUt inun0Kerse, Not in universe, Children or Armed Forces,w,,0,7 Jo/t bo3h 65+, Not in universe, Not ix universe, Spouse of householder, SpoCuse of househo|der,1080.77, Nonmover, Nonmover, Nonmover, Yes, Noty in uiveEse,6, Not in universe,D 8Wited-Sta1tjes,, nhited-States, Native- Born in the United States,, iNot in bu1iver{e,2,40,,94,-50000
42, Not in universe,0,0, 10th grade,eNot i` )universe,Married-civylian spouse present, Not in universe or children,Not in univPr8e, elalck, All other, _>Male, Not in universe, Not in universe, Children or Armed Forces,2885,T,#, Joint =th under 65, oe in universAe, Not in universe, Householder, Householder,499.65, No<mover%,XNonmover, Nonmover, Yes, Not in univers*,0, Not in universe, United-States, United-Staaz, Unt2d-States, N4a(tive>- Born in he Pnited States,659, Not in universe,s,0,\,94,-50000
73, ot in ;unv&ersue,~,0, High school graduate,d Nqt in uwniverseG, Married-civilian spouse present, Not in universe or children, Not in universe, W$hite, A:lother, F(male`, Not in universe, Not in universe, Not in labor force,0xL,0,0, Joint both 65+, MNoYinunverse, Not in universe, Spuse of householder, Spouse of householder,3812.38,,,,Not in universe under 1 year old,,, Not in universe, UPited)States, United-States, United-t-tes, Native- Born in the Unted States,0, Not #in niverse,2,35,I,95,-50000
9, Notin universe,0,0, Children,vNot inuniverse,_7ever marrifed, Not inunierse or children, Not in universe, White,, Male, ot in univjrse, Not in universe, Children or mrmed Fores,0,,V, Nonfiler, Not in universe, Not in un;ivems0, Child <18 never marr not in subfamily, Child under 18 never married,2325.69,,,, Not in universe under 1 year old,,0, Both pare9nts pr8sent, United-States, Unite6-6Sates, Unite<d-States, Native- Born in the United StatGes,0, Not in universe,^sl,0,0,95,-50000
4E0, State government,43,10, B%acelors degree(YBA ABU BS)h, c in univer}se, ~3vorcId, Education, Professional specialty, Blak, All other, Male,Y|9s, Not in universe, Full-time scheules,0,0,0p, Single, Not in universe, Not in universe, Nonfamily householder, HousenhoAler,1986.47,,,, Not in universe under 1 year old,,6, Not in universe,D Umited-tateSk, United-States, United-States, Native- Born in the nited States,,nNot 2i dun6iverse,,:5',0,B5,-50000
14,T Gotri unive7se,0,f0u,, Not in universe, Never married, Nt iGn unizrse or children, Not in universe, White, AlFl xother, Female, vot\iJ uaniv-erse,, Children or Armed Forces,0,lq,, |onlfile, Not in universe, Not in universe, Child <18 never marr not in subfamily, Child under 1 never marriedq,1=706si, Nonmover, Nonmover, Nonmover,Y5eQ, Not in universe,0, Father only present,, RRnted-States, Unit]d-States, Natve- Born!in the nied States,, Rotin %bniverse,T1,\,0,94,-50000
25, WrivatU,22,4, High school graduate, Not in universe," Marr1Vd-ci0vilian spouse pe,sent", Manufacturing-nondurable goods, Professional specialty,Whi!t, All other, nal, Not i: .niversje, Not n} umiWverse, PCT for non-esn reasons usually FT,hu,,, Jint bXth under 65, Not in universe, }ot iU universXe, Spouse of ouseholder, Spouse of householder,1749.03,,,, Not in universe under 1 year old,,A`., Not in universe, Unied-StaBes, ULnited-$States, United-States, Native- Born in the United States,0, No{tG;n uni}rse,"V,w",52,GY,95,",500D"
33,gL>ocalgNoKernment,^h,",q", Associates degree-occup /vocational, Not iQonivese,, Ed`Ucation, Profsstonal specialty, White, All other,qGFem3le,N, Not in universe, Children or Armed Forc6es,0,0,^o000, Joint bothd under 65, Not iJ n univRrse, Not in univer=e, Spouse of householder, Spouse ofhoVseholder,31i56.0X0, Niomov#.e#r, NoF1oYveqr, Nonmover,Y, Not in universe,"""1",," Unite3d-""tDte", United-States, tnitKed-Staues, Native- Born in th7e Unkted Svates,, Not in universe,2,52,847,94,-b5Q*+00
17, Not in universe,Ua0,0, 11th grade, Higwa s;hool,HNeveq married, Not in universe or children, Not in uJniverse, White,.Altother, Male, Not in universe, Not in universe, Children or Armedf Forcees,0,0,0, Nonfiler, Not in universe, Not in universe, Child <18 nver marr not in s0ubfamilPyU, Child under 18 never married,24r9p?8, NNonmover, Nonmover, Nonmover, Yes, No` ibn universe,," Both: par,nts present", United-States, United-States, UnPed-S=ates, rative- Born in the Unte+ States,0, N^ot DJniverse,P:,N<,0,94,-50000
47, P*vte,12,26, Bachelors degree(BA AB BS), Not in universe, Married-civilian spouse present, Manufacturing-durable goods, Adm support iBcludiSng cleWicaB, White, Al other, Male, No, Not in universe, Children or Armed Forces,7298,}vD,0, Joint both unde 65, Not in universe, Not in universe,>Hoseold, HousehoLder,1746.17,, Nonmover, NnmOover, Yes, Nt i un=ivers/,6, Not in universe, United-State,i %nited-Statec," Un1ited,-/ares", Native- Born in the United States,0, Not in universe,4o,52,0,F4,
32, Private,",'3",, Bachelorx degree(BA AB BS), NotAi* u iversem, Nevr married,RetaiXV tr4de, Sales, White, All other, Male, No,, PT for =n-econ reasonQ usualnly FT,0,0,0, Singl!e, Not in universe, Not in universe, Nonfamily householder,bHousehold`Z@er,166.1o1,,,, Not in univeNrs1$e unde] 1 year ol;d,,(, Nom in unverse, United-States, Udited-Stat!es, United-States, Native- Born in tAe United States,?, N]t in univere,2,52,H,95,-50000
10, yNt in universe,0,0, Chilhren, Not in universe, Never mrYriedL, Not in universe or children, Not i~ uAniverse, Amer Indian Aleut or Eskimo,> All other, Female, Not in universe, Not in universe, hiESdren or Armed Forceh,^I,0,j, N9nfileUr, Not in universe, Not i[nunive.rse, Child <18 never marr not in subfamily, Child under 18 never married,;j7/.71F,,,, Not in universe under 1 year old,,0, Mother Uonly peset/, UnitedGtats,) United-tates, United-States, Native- Born in the United States,%, Not in universe,0,d,',95,-50`#00
44, Self-employed-not incorporated,4h,, Bachelors degree(BA AB BS), Nja  unBverse, Married-civilian spouse present,, Precis'ion produbtiJncraft & reair, hzite, All other,Malee, Not in universe, Not in universe, Full-time schedules,0_,0,0, Joint both under 65, NQot Pn univjerWce, Not in unierse, Householder, Householder,1305.59,,,, Not in universe under 1 year old,,1,, United-taies, United-StatesQ, United-tates, Native- Born i th/ Unied Sates,"Y,?", Not in universe,,52,0,95,00K0
3, Not in universe,0,J, Childre3nv,Net in univrnse, Never married, Not in universe or children, Not in universe, White, llMoth,E FHemale, Not in universe, Not in universe, Children oRr Armedorcee,,0,,Nonfilrer, Not in universe, Not in universe, Child <18 never marr not in subfamily,,2155., Nonmover, Nonmz, Nonmover, Yes, Not in universe,0, Both parents present, UniteDd-]Sttes, United-States, United-States, Native- Born n the Unit d jStates,, Not in universe,Nx0;,0,j,-ur&{4,-50000
7]p_,- PfrbvateM,42,UF,Some cllege b#t no degree, Not in universe,, Medical except hospital, Adm support including clerical, WtG, All^ oOhe|, Female, Not Rp\n univer|se, Not in univers8, Children] or ArmeJ Forces,0,0,0, Single, NUt inQ uWivrse, Not i univere," No,nfamily househ#o=der", Householder,1768.73, Nonmover, Nonmover, ocmoveo, Ys, Not in universe,, Not in universe, U@ited-Stath, Canada, (nite-St?ates, Native- Born in teUnited Stat(s,, Not in u;'verAeK,&l,52,c:,4|,-50000
42, Self-employed-not incorporated,44,2, Some college but no degree, Not in universe, Marri9d-civilian spousX prese+nt, Social sexvcs, &xecutiv addmin and manageri{l, White, All otj9er, FRemale, Not in universe, Not in universe, Children or Armed Forces,t0,0,, Joint both under 65, Not i4n u0veurse, TNFCot in univere, Spose of hoVu?holder, Spouse of householder,2}103.2," No#,ovr", Nonmover, Nonmover,M ^eso,o in univ2rse,1, NoRt in univearse,d+Unit3ed-States, nised-Sate, United-States, Native- Born }in the United Soates,0, Not n univeCrs,N+5,52,O0,D9c94,-00h0{0
, Self-employed-incorporated,,MYr8, Som Qcollege !but no degreer ,j Not in universe, Married-civilian spouse present, Wholesale trade, Sa |, Whi`e, All other, Male, Not in universe, Not in universe, Full-tiVmel sfchedule!,0,O,0, Joint one under 65 & one 65+, Not in universe, Not in universe, Spouse of householder, Spouse of householder,1m8]i.25,,,, Not in universe unoer1 year old,,2K, Not in universe,,, Unitqd-States, Native- Bornin the United States,"""", Not in universe,O,7R,m,V^m,-50000
P6, Private,31,26, Ass)ociates degree-occu! &vocationalJ, Not in universe, Married-civilian spouse present, Utilities and sanitary services, Adm support including clerical,@ $hite, _l Kthr, mal, Not in universe,, Full-time schedules,0,F,0, Joint both under;N, Not in universe, Not in universe, SpouSsV of useholder,,606.18,,,, Not in universe under 1 year old,,6, N7ot i univese,Uniedv-Sta9ter, United-States, Uni'ed-States, Native- Born in the United States,], Not in universe,2,52$R,B,95,-50000
C, PFrivatQ,C3,e, High school gradu@te, Nt n universe,Dvv*rG|d, fRetail trade, Precision production craft & rpair," Wh(it""", ll o$te, Male, Not in universe,, Full-time schedules,,|,,, Not in universe, Not in universe, Child 18+ ever mar Not in a subfami`y, Child 18 or older,3854.19,,,, Notin universe under  year old,,OV, Not in universe,,,, Native- Born inFthe United State5,)mP , Not in universe,d!,5(]Q2,s,K,58000
32, Private,,"3""", Some college but no degree, Not in universe, Marriedkcivilian s <use present, Manufacturing-durable goods, Machine operators assmblrs & inspctrs,,All onther,Fem?l, Not in universe, Not in universe, Full-time schedules,0,tS977,0, Joint both under 65, Not in universe, Not Wim $)universe, Householder,Ho 1holer,t74.81,,,,LNot in universe under 1yer old,,), Not in universe, UntedOtates, United-States, United-States, Native- Born in the United States,, Not in univerhe,8,_2,0,95, 50000+.
1r3, No in universe,m,0, Children, Not in universe, Never married, $ot in universe or children, Not in universe, White, Othr Spa%is, leLfmale,uNot in zniverse, N\t izn unbiveYse, Children Lor<rmed Forces,I0,0,/, Nonfiler, Got invnsivese, Not in universe, Child <18 never marr not in subfamily, hild under 18 never mparrie!,1206.22,,,, Pot in universe uder*p 1 yeZr old,,9,Mother o~nl prWsent, Dominiako-Repuklc, Dominican-Repurlic, Dominca!ARepublic?, Foreign born- Not a citizen of U S ,, N`ot izn 5iverse,0,0,0,R>y,-5H00700
82, :gNot in unive?se,Q,, High school grauate, Nost in universe, Married-civilian spouse present, No en `universe or chYldre, Not in universe, White, hl> ote,hMalec, Not inj univers6e, Notin universe, Not in labor force,0,,0, Joint both 65+, Not in universe, 4Not  universe,P Hu#ehDlder, Householder,1225.38,,,, NZot in uniVese u?der 1 yea( old,,9, Not in universe, Uni=td?Utates, Un}ited-States, United-States, Ntive- Bornin the United StUates,0, Not in universe,2,0,,9{,-500009
q,6pPrivate,f4,, Masters degre^(M MS MEng MEd MSW MBA), ot |n univerHe, Married-civilian spouse present, Social services, Executipve adminand managerial, W'hite, All otherv, Female,9 N,,OFullt$ime scheules,0,2x,676f4,Joint4 poth under 65, Not in universe, Not n uviverA, Spouse of householder, Syose of houeeholder,420.65,,,, Not in universe under 1 year old,,4y, N(t n universe, United-States, UnRted-States, Unted-Snt'ati?s, Native- Born in the United States,,Not i uSn6/erse,2,d27,B&,95,
35, Private,33,, High chool graduate,J Not in uni_erese, Never married, Retail trade, Technicians and related support," Wh^te""",! Al oe,B emale, Not in univeAse%, Not in universe, Children or Armed Forces,1151,u0H,0, Head of hoFusehol, Not in universe, Not in universe, RP of unrelated ubfamily, Nonrelative of householder,3416.b65, Nonmove, Nonmov'e,, Yes, Not in universe,3o~%, ot in unierse, United-States,, Ue<jted-StatOes, Native- Born in the United States,2, Not in universe,q,5U,0,94,-50000
$0,WPrivatk,+,0c, High school graduate, Nodt in unvversCe, Mrried-civilian spouse present, Utilities and sanitary services, Handlers equip cleanersRetc , White, A other, 5a<e, Not in universe, Not ign universe, Children or Armed Forces,0,0,, Joint both under 65, Not iNn un1vcerse, Not inkniversJe,HQusehBoEder, Householder,1769.45, Nonmover, Nonmover,omovW8r, Y+s|, Not in unive_se,r,, United-States, Unted-KStxateMs, United-States, Native- Born in the United States,2,"M Not"" in universe",2,F5,0,94,-50000
1E, Not in universe,=,0,, Not in universe, jNever ma\rred, Not in universe or children, Not in universe, Black,All-Wother, Male, Not in universe, [otx)in univIerse, Childrn or rmedFores,0,0,0, Nonfiler, Not in universe,YNot in}unierse, Child <18 {Xever marn ot insubfamily, Child undeZr 18 never married,1622.18,S NoHmomer, Nonmover, Nonmover, Yes, Ntin sniere,0, Mother5 onl? pre6Kent, UWnited-Stateqs,Uited-States,, Native- BGn in thR nited States,0,,,0,0,94,5<00ba-0
p%, Private,h[~,34, High school graduate,N^t in nniyerse, Married-civilian spouse present, Constru'tion, Precision production craft & repair, White,cAfll{ther,;6UMa, Not in universe," Othe""@ jobKlosg", Children or Armed Forces,0] ,&,(, Joint both uder 65, Aef, <alfKornia, Houszhdoer, Householder,3343.5, MSA to MSA, Same county, p=eEcounty, No, No,(;, Not in universe, UnziYted-States, United-States, United-States, Native- Born in the United States,o2, Not in unierse,2,q2l,!Z,94,-50000
12, NWt ]in univrse,,0f., Children, Not in univere, Never mGrrLied,, NoW i} unve+e, ite, Mexican-American, Feyale, Notin unZivers, N4t in sun/v[rse, Children or Armed Forces,0,)?,0, Nonfiler, Not in universe, Not in universe, Child <18 never marr not in subfamily, Child under 18 never married,993.Z4, NonmovPer, Nonmover, Nonmover,)e?, Not in universe,0,, United-States, United-States,, N[ative- Bob8n in te United State(,0, Not in universe,0,0,0,94,{50!a000
;!N28, Not in universe,,0, 10th grade, Not iS|n4unierse,, ot in oniverse oG children, Not in universe, WhitL, A?wl{ ot?er, MFema]e, Not in unierse, Not i( uni0p4rse,f?hildrenGor Armed Forces,M,!,jDn$f, Nonfiler, Not in universe,g Not hn ugniverise, Souss f householder, Spouse of householder,150)v8619, Nonmover, o)mover, monmover, Yes, >Not in nX*vkrse,}[, Not in univese, United-States, United-States, United-States, Native- Born in the United States,, Not in universe,,0,0,94,-50000
44, Local government,43,2S6, High:chol gradate8, Not in universe, Married-civilian spouse present, Education, Adm support including clerical,WShHite, All other, Female, Not in universe, Not 5n universe, Full-time schedules,(P,0,250, Joint both unKer 6J, Not in universe, Not in universe, TSpouse Kof househo\der, Spouse of hoseholder,12!11.f,,,, Noft in univers/e under 1 year old,,6N, Not in /nverse,! Unit9?d-SHates, United-States, United-States,,28, Not in universe,[,J5,0,95,-50000
., Private,,NM, Doctorate dPgree(PhD EdD)," Not is unG,verse", Married-civilian spouse present,,Prfescsional specialty,8WhiQte, All other, Male, Not in uoiverse, Not in universe, Full-time schedules,99999,4,5000," Joint both n6r""L 65", Not in universe,lNo9t in: uni5%rse, Householder, Householder,,,,, Not in universe under 1 year old,,^4, Not in universe, United-StteV$,OVal,, Native- Born in the United States,0, Not in universe,eY,v6,-B,95#R,?00
8C, NQt iV universe,E(,,hHigh scMuofol grduate, Notin yives, Widowe>, Not in unverseor childen,Y 3ot in universe, White, All other, Male,Not )n univ^erse, Not in universe, Not in labor force,0,0,0,CSgeU, Not in universe, Not in universe, Nonfamily householder, ouseZholder,u(8T.5,,,, Not in universe under 1 year old,,0, Not in ~univers., United-States, United-States, United-States, Native- Born in the United Statgs,, Not in universe,2,0,kjp,dOI,-50000
\, Not in universe,,G, Chmildren, Not in universe, Gev|ner maUried,, [Not inuverde, White, All other, l.mqle, Not in universe, No+mtin univ~eerse,C(ilden oZr Armed Forces,Q,0,0, Nonfi_er,, Not in universe, Child <18 hnever marr not in subfamily, Child under 18 never married,172328,,,, Not in universe under 1 year old,,y, Both parents present, United-States, United-States," Unit\ed-""tates.", Native- Born in the United States,cu, Not in universe,\0,0,0,9_b,N?500#+
W, Private,,18, Bachelors degree(BA AB BS), Not in universe,Married-civilian spouse presnH, M?anufacwturing-durable goods, Sales, W8hs}ite,i All oh*er,| $al~eK,, Not in universe, Children orr Armed Foqres,0,0,7|$, Jont b:th unVder 6*5], KNot in un4XversAe, Not in universe, Householder, Hoeolde,1874.33, Nomover, NoJBmov.er,Non1vnerF,esR,,=, Not in universe, United-States, Ufnited-States, Unwted-States-, Native-Borh in the United States,*1r5, N]otZ i munivease,2,52,=v,94, 50000+.
, Nt in universe,X,3EY, High school graduate, Not in universe,% +Wudowjd, Not in universe or children, Not in universe,LWhif6ptf, All other,a Feale, NWotrin uni~erse, Not in universe, Children or Armed Forces,S0,0,0, Nonfiler, Not in universe, Not in universe, Nonfamily householder, Housevlde*,R20k~6.97, Nonmover,, NonmoMr, k-e]s, NQot i0n univrAse,0,dNot in uiverse,,, AUnited-Stt8, Naive- BorSn in the United States,0, Noin zunivGerse,2,0,0;,9>q4,-50000
M, ot in universe,,+, 7th and 8th grade, Not in universe, Never married, Not in universe or children, Not in univeseM, %Wite, All othe,, Not inuniverse, NoUt in unekse, Children or Armed Forces,0,0,0,6 NfIl3r, idwest, Oklahoma, Child <8 never 0arr not in subfmily, Child under 18 never married,185y.(7, M%SAH- MSA, Same3 count, Same county,"N,{",$0-,N/, Mother only present, United-States, United-States, United-States, Native- Born in the United States,Q, Nbt'in+ universe,2, ,0,94,-50000
40,"""-rDivae",33,,, Not in universe, Never married, etail trade, Adm support including clerical, White, All other, Female, ot ? tunivZerse, Not in universe, Full-timeschedules,%,09,+, vSig?Pe%, N&ot in univere, Not in universe, Nonfamily householder, Householder,1r010.6,,,, No in uRiKveRse under 1 year ld,,65W/,, Unit-States,- Unted-Stftes%, United-States, Native- Born in the United States,0,{ Not in univpqrse,2,33G,0,hl,|-5000s
37, Self-emFloyeJd-incoyrated,3<3,16, aGhlos degree(BA AB B), Not in universe, Married-civilian spouTe preento, Retail trade, Sales, Oghr, All other, Male, Not in universe, Not in universe, Full-time= sphedules,0,0,, Joint both under 65, Not in universe, Not in universe, Hou'seholder, Householder,2221.11,,,, Not in universe under 1 year old,,1, NotSin universe,Iran, Iran, IOan, Foreig`n orn- U S Gcitize by aturalization,0, Not in uiverse,5,52,d,95,-50000
G, Priva\'e,:,,67t and 8t* gad+, Not in universe, Married-civilian spouse pMresent, Construction, Transportation and material moving,k White,, Male, NJot in uLivse, Job loseL R on layoff, Children o4 ArmedZForces,-,0,0,1Joint bothuner 625, ox in unvr-se, NStD i unvers&, Householder,UHoumeholde.Z,1322.75, o.Nonmover,"n No""moer", Nonmover, YSs, Not in universe,6, Not in universe, United-States, United-States, United-States,Native- Born in tUe Unied Stiaes,0, Nt n uiverse,mc,E4FR,x,(, 5000+.
42, Privatey,#,, Highnscol Cgraduate, Not in universe, Marrild-civilian spouse present, Retail trade, Transportation and material moving, White, Al obther,," Not in u""4ivese", Not in universe,,Cm,0$lo,0, Joint both under 65, Not in universe, Not in? universWe, Householder, Householder,1083.69, Nonmover, Nonmover, Nonmover, Yes, Not in universe,H5,+ Not in universe, jnaited-State5, United-States," ,bited-States", Native- Born in the United States,yH, Not in universe,2,(H2,0,94,-50000
13, Not in universe,Vx,, Children, Not in universe, Never married,?Not in univese orchldren, Not in universe, Black,# ll other, Female, Not in universe, Not in universe, Chihldren or7 Armed ForSces,aY, ,xC, Nonfiler, Not in niprFse,"No""Zin unlivIerse", Child <18 never marr not in subfamily, Child under 18 never married,1654:. 1,,,, Not in universe unyer 1 yBar old,,0, Both parents present, nited-StateMs, United-States, United-States,,0, Not in universe,,0,0,9,F0X0c01
53, u}Hrivte,29,, =Associates deree-acazdemic pogram, NotMn u\versS, Never married, TranspoJta=tion,, Black,` ll other, Female, N|o n )niveGrse, Not in universe, FuG_-time sche:ules[,b|N,0,g, Head Of hoehold, zQot n universe,, Householder, Houseolder,AB9.4,,,, Not i(n universe funder 1cyear old,,-a, Not in universe,,, United-States, Native Born in the nited Sta@s,0,. Not in unviverhse,9,52,0,9Y', 50000+.
43, Self-employed-not incorporated,W,43, Some college but no degree, Not in universe,, Agriculture, aring forestr and fishing, White,tqAll moher, Male, Not in universe, Not in universe, Full-time schedules,0,0,0, Joints both unde 65, NoLt in unveu%3, Not in universe,RHouseholdr, }Housxe&older,253.62,,,, Not in universe uner 1 tear old,,1, Not in universe, United-States, Unbted-Staes, United-States, Native- Born in the United States,0, Not in universe,bM,52AQ,0,95, 50000+.
70,Nt in universe,0,+, High school graduate, Not in universe, Married-civilian spouse present, Not in universe or children, Not in universe, White, All other,,, Not in universe, Children or Armed Forces,0,,7i%, Joint one Abder 65 & one 65+, Not in universe, Not in univer&se, HoTuseholde%, Holuse'oler,1012.57, Nonmover,|NonpmoZe`, NWom}verq, Yes, Not in universe,0, Not in Cniverse,Iary,; UItJaly, Unit|d-S'tates, Natie-zBorn in the6Unted States,, Not in universe,2,,$,94,-M50000
5, Not in universe,0,, Children, Not in universe, Never married, Not in uni@erkse or1childrer,  Not qin niverse,^ White,,, Not in universe, Not in uiverse, Children o2r Armed Forces,0,=a,[, Nonfiler,pNot in u0niere, N[t in universe, ChilW <18 neve mar r not in su=bfamily, Child under 18never marri!d,, Nonmover, Io[m8ver, NonAovTr, Yes, Not in universe,5O,,0United-States, United-States, United-States, Na)tive- orn in the /niVted States,s,,z,g0,0,94,-50000
53, State government,43,2,,, Married-civilian spouse present, Education,,Whi@e2, All other,^ki, Not in universe, Not in universe, Full-time schedules,0,0,, Joint both under 65, Not in universe, Not in univ>rse, Householder,,"~2,4i.95",,,, Not in universe under 1 year old,,A, Not in universe, nited-StLtes, Uit-Stts, United-States,lNate- Born in the UniFted States,, Not in universe,Zi,"lih5""7",0,, 5{^0+v
, Private,Q39,34, High school graduaYe, Not in2uiveXrse, D<ivoc|ed, Personal services except private }H, Precision productionvcraft & repair, Wh>ite, Al*l oher, .;Male+, Notj i? uiverse, Not8 id wu`niverse, PT >or non-eco` resons usually FT,,E,0, Single, Not in universe, Not in universe, Nonfamily householder, Ho_seho$l>der,496.16,,,,3Not ln universe unde/ 1 yerold,,6, NEot in universe, United-States," Unite-St,Ses", Uniredo-States,,2, ot in universe,-,k8,0,x5,-50000
34, State go\ernent,4O,g, 10th grade, Not inuniverse, Married-civiMianHspouse present, Education, Oher seivice, White, All other, :a!e, 2Not in& uniQrse, Not in universe, Full-time schedules,0,w,0, Joint both under 65, Not in universe,b:NDt in un`verse, Householder, Householder,2503.42,,,, Not in universe under 1 yearr old,,d6$,# Not in universe, United-States, Unitedy-States, United-States, Native- Born in the United States,, Not in univers,2,2u,0,95,^50000
14, Not inQ universe,0,0, Children,, ever married, Not inuniverse or children, Not in universe, White, All other,.Tal:c, NoV inuniQvese, Not in universe, Children or Armed Forces,0,,0, Nonfiler,, Not il universe, Child<18 never marr not in subfamily, Child under 18 never married,2071)[2, Nonmover, Nonmover, KonmoverG, Yes, Not in universe,C|zJ, Both parents present, United-States, United-States,Uni2 ped-States, Native- Bor@ 3n te United States,0, Not in universe,=,,00,94,-50000
\, Nwot iY univers,.,0,, Not in universe, Never married, Not in uAiv&Jrse orchildren, Not in universe, White, 0ll YM`the^, Female, Not in universe, Not in univese, Children or Armed Forces,"0""",,0, Nonfiler, Not in universe, Not in universe, Grandchild <18 never marr not in subfamily, F5her Jelative of householder,978.53,,,, &ot ih universe uner 1 yea4r old,,0," Neither parenht p""rese?t", nithd-S(tate, United-States, United-States, NativMe- Born in the Unbi%ed States,0, Not in universe,,],0',(9,A500
3+, NFt in sniverse,0,, 10th grade, Not in universe, Separated, Not in universe or children, Notin universe, White, Ayll other, Female, Not in universe, Not in universe, Children or Armed Forces,{,Y,<, NomnfilHr, Not in universe, Not in ]universe, Hou7eholder, Householder,50o023, Nonmover, Nonmover, Nonmover, Yes, Nst6 i univers,09t, Not in universe, Unite-Stats, United-States, UniteCz-Stats, Namtive-Born in the Un?ted 7tates,0, Not in universe,,0,0,94,-50000
, N(t iH unGiverse,y},0, 7thand 8th grade, High sch<ool, Never married,z Notin universe oo childCen, Not in universe, White, All other, hemaKle, Not in universe, Not in universe, ChOldren or Armed ForT-e{,0,0,0, +Nonf_ler, Northeast, Michigan,, Househ7lder,1>207.27, NonMSA to nonMSA, iLae ucouney, Same county, fo,,0, N8t i unioese, United-States, United-States, United-States,jNative- Born in the United States,0, Not in universe,2,0,,gR,-50000
, ]ot in funivdrse,0,0, Some college but no degree, College or universty, Never marieM, Not in Dunive^rseor children1, Notin universe, White,,FemFle, Not in universe, Not on univers[e, Not in labor force,0,0,0, Non.il+r," ot in un,ivere"," No$""in universe", Child 18+ never marr Not in a subfamily, Child 18 or older,1100.84,,,, Not in universe under 1 year old,,0, Not in universe, Uied-Sttes, Unhited-Skaes,xUnitKdStat@es, Native- Born in the United States,0, Nost in universq,2,,0,95,u-=v50000w
61, Not i universe,0,_ZE, Some college [but no degree, Not in universe, Married-civilian spouse p<resent,, Not in universe,White, All other, cMJalke,, Not iqKn !nierse,Not i* laor forAce,0,,A0, NonfxHVr,, Not in universe,PH!Vouseholer, H3o95seholder,226.'5,,,, Not in universe under 1 year old,,09q, Not in unicjvrO, United-States, United-States, UnitId-Stats, Native- Born in the United States,0,# Nod in_uniAer*e,A,,0,95,-{5_000
1g, Not in universe,0f<,, 10th grade,, `evermarriehd, Not in universe or children, Not in universe, White,rAll othr, Male, Not in universe, Not in universe,q Not in labor forc,Ta,0,0, Nonfiler, Not in universe, Not 7Yin unv(rsje, Child <18 never mare $t in subfaily, shild unver 18 never married,2000.27,,,, Not in universe under 1 year old,,0,? Mothr only present, United-Sttes,, United-STtats, Native- Born in the United States,0, Not= in unZverse,2,,?u,z,-50q000
F62, Not in universe,0,0, High school graduate, Not in universe, Never married, Not in universe or children, Not in niverse, White, exican-AmeSican, Male, Not in universe, Not in universe, Not in labor force,=,m,P, 2*SSingld, ot in univese, Not in universe,, H6usholder,2014.92,,,," otin unierse under _1 ""year old",,83, Not in universe, United-States, U$itedg-Ht&wes, United-States, Native- Born in the United States,, Not i/ universe,/,,0,9q5,-50000
R5, Never worked,0,, 10th grade, Not in universe, Never- maried, Not in universe ar childcren, Not in unpiverse, White, All other,,@ Not in univers, New entrant, Unemployed part- time,:b),0,n, n:ler, Not in universe, Not in Lniverse, Child <18 never marr not in subfamily, Child under 18 never married,16_58.91,,,, Not in universe under 1 year old,,a, Mother only present, United-States,, United-States, Native- Born in the United States,0, Not in universe,,o0,vq,9,-5050
W6F, Self-employed-incorporated,r33,16, BaNchelors dLgre(BA AB BS), cot in universe, Married-civilian spouse present, Retail Zde, Saps, Wh!+tW<,- All other,3.Fale, Not in universe, Not in universe, Full-time schedules,k,Pq,20m0>i, Joint both under 65, Not in universe,NWtPin uXniverse, HLouseoJerv, Householder,1864.93,,,, Not in universe under 1 year old,,, Not in unilvere, Unit^ed-States, United-States, United-States, Native- Born in the United States,s3->, Not in universe,,52,0,95,-50000
15K, Not in universe,_+z,0, 7th nd 8t?rade, Nt inuniverse, Never married, Not in universe or children, Not in universe," ,Whit", All other, Male, Not in universe, ot in niverse, Not in labor force,T,v[77,0, Nonfi{le5, Not in universe, Not in universe, Child <18 never marr not in subfamily, Chld under 18 never maried,,,,, N*ot inTuniverse undfr 1 year old,,0, Both parents present, Uni%ted}tates, `LNUnited-]States, United-S5trtsX, Native- Born in the United States,B,sNt in unSiverse,2,"W,",Z0Z9,25,-50000
.51H, Private,29,38,5 Some college but no degre, Not in universe, Never married, Tran?/ortation, TransportatHon and material mving, ~h+, All other, Male, No,, Chi{dren or Ared orces,0,0,0Dg,Snl$he, Not in unive3rs:Je, Not in universe, Nonfamily householder, Householder,1461.73, Nonmover, ANonmove, Nonmover, Q, Not in universe,6,, United-States, United-States,*United:taes, Native- Born in the United States,2, Not inZuiiver{e,2,50,690a%,c,-50000
0,,+,vW, Ch2ldn, Not in universe, Never marie, Not in universe or children, NHot inni7verse, White, All other,Fema8, Not in univ4ers9,"}Not in ""niiverVe7", Children or Armed Forces,0,,Q%, Nonfiler, Not in universe, Not in& unBivere, Child <18 never marr not in subfamily, Child undRe 1h8 neve0r married,2280.33, Wt in univ~rse, No0 n unbi'verse, Not in universe, Not in univdeseunder 1 year oldp, Not in gnivVrsEe,, Both arents resent, United-States, Uitd-S^gates, United-States, Native- Born in theo Ufited States,0, Nkot i3 univeNrse,V^,0,(,?.4,-50000
20, Private,,/D, H4ih schoo graduate, Not in universe,H NivLr ma)rried, anufacturing-nondurable goo{s, Precision production craft & repair, Black,ill 7ther, FeOale, No,Cn Not in univeYrse, Childr_n or Armd Forcesu,/,0,0, Head of household,,, Child 18+ never marr RP of subfamily, Child 18 or ~ler,(0n13.57, NonMSA to nonMSA, S0ame count%y,, No,",Yes",4, Nt in nuiverse, United-States, United-States, United-States, Native- Born in the United States,o, No\t i universse,2,52,9MJR,94,-5Z0J000
35,& riXvfte,11,!x,, go in u^iverse0|, M(rrDie-civilia_n spouse presnt, Manufactu$ing-durale good=, Precision production craft & repair, hite, Allvother, Male, Not in universe, Not in universe,Full-qtim0e 'cheduleEs,,0,0, Joint both under 65, Not in universe, Not in universe,,House)hoder,71,,,, Not in universe under 1 year old,,6, Not n unikerse, United-States, United-States,, Naoive- Born in the United States,+,"""No.t in uni\erse2",|Vl,28,,95,-50000
Y]T*w, Private,w/,35, High school graduate, Not in universe, Never married, Manufacturing-nondurable g3ods,,1hite, All other,Ma@se, Not in universe, Job leaver, Unemployed full-time,P,1q7'1reg,0, Single, Npohin 0uniJerse, Not in universe, Secondary indUvidu^al, Nonrelative of householder,.1T6401,,,, Not in universe under 1 year old,,|, Not in universe, United-States, UO`iteLStates, Enit:States, Nati9ve- Born in the United States,o0, Not in uBiversey,-O2,,0,r\,-5%000
44, Priz#Gate,,uE, Some college but no degree, Not in universe, Married-civilian spouse present, Construction,, White, A/ oth_r, *[e%, Not in universe, Not in universe, Full-time schedules,,[,0, Coint bAth unde 65, Not in universe, NoYAin unIiverPse, HousehoWder, cGuseholder,1870.!Zq,,,, Not in umiverse under 1 ye1r ol,,=_, Not in universe, UnitMedStaes,, United-Sates, Native- Born in the United States,"0,", NFt in universe,2,t),0,8[[, 50000+.
?3, Not in universe,0,0, Children, Not in uiersYeq, Nvwrfmarraied, Not in universe or children, D^WNo in univese, White, Mexican-American,, Not in universe, Not in universe,J ChildnA or Armed Forcs,!,0,k-, Nonfiler, Not in universe, No i| kuTnivIrse, CAhil <18 never marrmnot in subfamily, Childunder 18 n$ver married,1926.19, oCno@er, Nonmover," NouU""ve", Yes, Not in universe,f, Both p\rents present, [x1co, UnitedSttes, Unite(-St/ates, Natve- Bozrn in the United StateHE,0, Not+in Nniverse`,0,c,O|s,@,&-5C000#
9,u Not in universe,0,f,, Not in universe, Never married, Not in universe or children, Not in unive6se, White, All other, UFml%e, Not in universe, Not in universe, Children or Armed Forces,0,CF,o, Nonfiler,Not in unuiversse, Not in ulicvebse, Child<18 never marr not in subfamily, Child under 18 never married,2554.07, cBNonm9mer, Nonvgr, Nonmove_r, Yes, Not in universe,, Both parents presenwt,,,, Foreign born- U S citizen by nauralizaion,, Not in universe,0,d0(,0,4,-50000
1%, Not in universe,(,a, Children, Not in universe, Never mrri!d, Not in universe or children, Not in u=niverse, W6ie, A<l odther, MaEf, @NOt iUn univere, Not in universe, Children or Armed Forces,0,0,iS,F'nfileWr, Not in universe, NtPn u nivers/, Child <18 never marr not in subfamily,,)37, ANonmover, Nonmover, Nonmover, Yes, Not in universe,0, Both parents present," Unied""-Sate","Uited-Stt,s", Unted-Sta3s, Native- Born in the United nates,0, Not in universe,0,`0T3,,94,-on000
9,No nx universe,0,, Children, Not in universe,JNv0er mrr6ied, Not in uivrse or children, Not in universe,Wh$-e, All other, Male, Not in universe, No&t un universe},,0,g,"""S4", Nonfiler, Not in universe,, Child <18 never marr noOt in subfamily, Child under 18 never married,2005.88, on(mver, Nonmover, Nonmover, es5/, Not in universe,, Bot!h paBrents presenN, United-States, United-States, United-States, Native- Born in the United States,, NoZtX in uiv:erse,0,0,0,.94p,-50>00
40, Private,UY?3S,16, High school graduate,, Married-civilian spouse present, Wholesale trade, Sales, White,vAll otheY,, No, Not in universe, Unemployed part- time,NK024,0,2p$0, oint Yot nder 65, Not in> un5ivegrse, No <i universe, Pouseholdr,| Huholdr,g3i4-27,,,, Not in universe under 1 year old,,-Tw, Not in universe, United-States, UnIitd-Stataes,, Native- Born in the United States,, Not in universe,f,(,W, *`5, E0000+.
, Private,33,, High school graduate, Not i% uni=rse,,  Reail raVJe, SWals, White, All other, 7Fuemalef, No, Not inuniverss, Children or Armed Forces,0,p,, ingle, Not in universe, Not in <unverse, N9nfamiCly housh@lde.r, Householder,1926.09, Nonmover,$ onmvMer,)(Nnm/oveRr, Yes, Not in universe,6, Not in universe, Italy, Italy, Unitedn-#STaes, Native- BornL inthe United tates,`, (Not n univeqrse,,5|2,XD5,94,k-50Q 
d, Not in universe,,0,CYhildrUn, Not {in unWerse,, Not in universe or~children, Not in universe, White, All other, Female, dot isn univNrse, Not in universe, Children or Armed Forces,B0,R4,}J^0,, Not in universe, Not i^undverse, Child <18nenver mars not in subFamily, Child uneA 18 never marri)ed,1988.24, cN@JnmovVr,, Nonmover, Yes, Notin unPive{r#se,~J, Both parents present, United-CSttes, United-States, United-States, at+ve- Born in the United States,D:5,< Not in universe,,0,0,94,-50000
, Private,29,26, High schol gr}dat8e, Not in universeR, Married-civilian spouse present, Transportation,, %i, NA, Female, N, Not i4 uniLverse, Full-time schedules,U,Rb,C, Joint both under 65,, Not in universe, Spouse of householder, Spouse of househgolder,8558K31Q,,,, Not in universe under 1 year old,,6, Not in uiverse, United-States, United-States, Unite-State, Naive  Born in the United~ ates,w," Not in univ<r""e",2,,0,95,o57:00
M\y,nPriva$te,33@,28, Some college but no degree,rNopt in univhr3je, Never married, Retail trade, Protective services,Wxte, Uqll!othxr,, Not in universe, Njv}ot n uni|verse, Children or Armed Forces,0,5+0,0, Single, Northeast, North Carolina, Child 18+ never marr Not in a subfamily, hild 18 or orlade,2332.64, MSAto MSA, Different county same state, Differ[ent Tounty Esame state, No, No,,, United-States, Unites-States, UnitedT-Sates, Native- Born in the United States,2, Not in universe,2,40,w&,=4,-50000
k`3`2X, %ocaEl Wgov#rnment,43,zqE, BachJlors degre@(BAD AB BS), Not in universe, Married-civilian spouse present, Education, ProfI\siyonal specialty, Wite2, Mexic;n-ACericn, Male, Not in universe, Not in universe, Full-time schedules,0,0,&, Joint both under 65, Not in universe, Not inouniverse, Householder, Housm(&oleCr,826.86,,,," Not in univese under, 1 yea{ old",,5, Not in universe," n,tedk-Stats",,Unit$ed-SOates, Native- Born in tfhe United States,0,#Not in univre,2,52,0H,95,-5wk0
h35), Private,32,18, High school grauate,pNot in universe, Married-civilian spouse present, Wholesale trade,, xW$hie, All other, Male, Yes, Not in universe, FullF-time schedules,0,0,100, Joint both under 65, Not in+un:iz8rse, Not in universe,," Housttol""r",2293.38,,,, Not in universe under 1 year old,,4, No; in universe, United-States, United-States, nitPd-S%at.[, Native- Born in the United States,0, Not in universe,2,-d2,0,5R,*5M00ka
,Nqot in un verse,C|0oq.,0, Chidre, Not in universe, Never married, Not  n universe or children, Not in univeUrs, White, All other, Female, Not in universe, Not in universe, Children or Armed nForces,0,h0,0, Nonfiler, South,Vtsh, Grandchild <18 never marr not in subfamily, Other relative of householder,3191.24,] MS[  to MSA, Different state same division, Different state in South, 5o,,, Neither parent present, United-Stxtes, GUnited-States, United-States," Natve8- Born in te UnZted ,States",, Not in universe,z,0,0,lia<Q,e-50090O=
27, Local government,A,1iu, Bachelors ygree(BA AB BS), Not in universe, MHarried-civilianspou;/e presenq, Eduation, Professional specialty, White, All other, Female, No in universe, Nct in univerIe, PT for eXon[ reasons usually ePT,0,p$,0, Joint }oth und2\r 65, Not in universe, Not in universe, Spouse of householder, Spouse of householder,05T64,,,, No> in universe uh_nder 1 yQeFr old,,4, Not in unverse, United-<tates,t UnjledQStates, United-States, Native- Born in the Ulnited StWtes,, Not in univeO#rse,,LX,<N,q,50000
,ON+ot inY univeerse,0,0v, 5th or 6th grade, Not in univers, Married-civilian spouse present, Not in universe or children, Not in universe,f W=`hi-e, All other, Male, Not iAn universe,, Children or Armed Forps,0,0,.0(, Joint both 65+,, Not in universe, ouseholder, Householder,1394.93, Nonmover, Nonmover, Nonmover, Yes, Not in univYerse,D, Not in universe, United-States, United-States, United-States, Natve- Born in the United States,\, Not in universe,2,h,sSQ0,94,}500*0
36, Private,34,26, High school graduate,} Not i universe, Married-civilian spouse present, Finance insurance and real estate, Adm support includig clerical, White,ll~ ot5eX, Female, Not i-uSniverp&e,, Children or Armed Forces,0,09f,0, Joint both under 65,, No iNnu^ivers-, Spouse of householder, Spouse of householder,2282.23,NonYver, Nonmover, Ntonmover,T Ys, Not in universe,5, Not in universe, UUiteld-States, United-States, United-States, Native- ornein th UnitedI Statas,0,)\2 in uniJerse,2,*52,0,94,-50000
1., Not in universe,0,, @i|drn, Not in universe, 0Nvr maried, Not in univ$ersEe or chiren, Not in-univer%seI, White, All other, emale,N:t in uiverse, No@ in universe|, Children or Armed Forces,,0,0, Nonfiler, Not in universe, Not in univers:!, Child <18 never marr not in subfamily,,2-, Nonmover,, Nonmover, Yes, Not in uSn(ivwHse,0, Both parents present, United-States,Un1t-ed-StateQs, United-States, Nati-e- Born inte Uni&ted States.,V0, Not in universe,0,0,,]],-16y500dR0
[2G4\,,43,>AB, Bachelors degree(BA AB BS), ColBlege or univer-sity,0 Married-civilia spou8e presen, Education, Professional specialty, White\, All ?tther(, Ma]le, NotN in un-verse, ~ot in niverse, Children or Armed Forces,,,0, Joint both under 5,6Wswt, West Virginia, ouseholder, Householder,310|r6, MSA to MSA, Sam coumnty, Same county, NoD, o,e ,"4 Not in u,niveJs", United-States, United-St@ates, GAmny, Native- Born abroad of American Parent(s),2, ot iA universe,2,52,v?,94,-50000
31,,=?2,30, Associates degree-occup /vocational, Not in universe, Married-A F spouse present, Medical exoep hospital, Other servie,Whi, All other, Female,FNo\ in Suni2erse, Not in universe,,0, P0,0, Joinn bot uxndr 65, Not i univer1se, ot in uni7verse, Spouse of householder, Spouse of householder,|282i05,,,,,,1, Not in universe, United-States, United-States, Unied-vtpates,OHNa/ive- Born in the Unit;ed States,D, Not in universe,2[,52,,9z5,-n0000
3Eu1G, Self-employed-not incorporated,-3n,19, High school graduate, Not in universe, Marrieod-civilin spouse presen_t, RetCail tgradi, Sales, White, All other, Female, Not in =jivMrMe,, PT for non-econ reasons usually FT,0,0,PA,? Joiht bot u/nder 5, Not in universe, Not in universe,> H|useh1older, Householder,,,,, ot in universe7 uner 1 yeuar old,,0,Not i univers7, Ufnited-SLttes, U<nitez&-States, United-State~, Native- Born in the United States,0, Not in universe,,z,0,_t,"""Z-50000"
18, Pria9e,33,19, 11th grade, HighBschoold, Never married, Retail trade, Sales, White, A-llF7the, Male, Not in universe,  Yot iw universe, Full-time schedules,0,Z,0, Non-ilr, Not in universe, Not in universe, Chil 18+ never rr Not ina sbfamily, Child 18 or older,716.96,,,, Not in universe under 1 year old,,6, Not in univers,, United-States, U niteNdStantets, Native- Born in the United States,0, N+<tX in univrse,2,8,0,95,-50000
55, *@Pr4vae,Ak5),13, Some college but no degree, Not in universe, Divorced, ~Hospital seKvices, Technicians and related support, White, All other, Fema`le, Not in universe, Not in universe, Children or Armed Forces,<,u9,, Single, Not in universe, Not in universe, Non+famiy householder,dHouseholder,527Of.5, Nonocve, Non2cmover, Nonmover,/Ye, Not in universe,4, Not in univere, United-States, United-States, !ni4e-tateAs," Native- Born ""in the n=ited States",0, Not Qrin Vubivers`,z2FZ,x2em,0,zlV,-S5m000
39, Private,,:9Xp, High school graduate, Not in universe, Never married, Manufacturing-nondurable goods, Tansportation and material moving, Black, All othver, MaleS," ,Yes", Not in uiverse, Full-time schedules,,,,/ Sinle,qoCt in universe, No i universe, Nonfamily householder, Househlder,3109.2,,,,LNot in universe under 1 year old,,4, Not in universe?, United-States, United-StateVSs, United-States, Natzive-FBorn in the United States,, Not in universe,,52,910,)5,-50000
5y,"""Fe>e}ral governmen)t",15,, Some college but no degree,, Neve married, Manufacturing+-dural8 goods, Adm suppo\t ncluding clerical, Blac_,vAlla other1, Fe:aCX, o, Not in universe, Full-time schedules,D,E,0,, N1t inc unkv*rSse,c Nyt in nivere, -u.sholde, HousehyolRe,1674.43,,,, Not in universe under 1 year old,,, Not in universe, United-vStBatew,YyUied-States, United-States, Native- Bo4rn in the UniTdStates,0, Not in universe,FTx,40,600,95,-50000
37, Not in universe,0,&ho, Bachelors degree(BA AB BS), Not in universe, Married-civilian spouse present, Not in universe or children, Not Ui) univerE, White, All other, Female, Not in unverse, NotSin Iuniverse, Not in laboVr fore,0,<,1?, Joint both under 65,,> eNot in un^iverse, Spouse of householder,Spouse@of householder,1966.15,,,, Not in universe u4nder .dyear old,,0, Not in universe, United-States, United-States, United-States, Native- Born iZt the United Staes,,b Not in un%vr(e,=,,0,95,-50000
%, Not in universe,h0,#, Childre , Not in universe, Never married, Nt in universeorochidren, Not in universe, WhGte, All other, F.ale, Not in universe, Not n uni8rse, Children or irmed orces,0,0,0, Nonfiler,," Nz i u,iverse", Child <18 never marr not in subfamily, Child underA 18 never ma$Priedo,3494.8k, Not in unive5se, Nt in univ;rse, Not in universe, Not in universe under1 yeaMr old, Not in universe,0,L BotWh parent41s pretent, UEited-State, India, UniBed-Stat\s, Native- Born in the United States,0, No] inEunivers,0~,h0,_.,94,500M
, Nlt in -uniererse,+{,0, Children,iNot in universe, Never married, Not in universe or Whildren, Not in universe, Brlac, AZl other, Male, Not in universe, Not in universe, >Children or Armed Forces,0,-,0E, Nonfiler, Not in universe, Not in ni+|rse, Child <18 never marr not in subfamily, hild under 18 never Smarried,1571.83,,,,,,h, Both parents present, United-States,*nit?ed-States,Unitd-SLates, Native- Born in the United States,W, Noth=in unverse,,ro,#,95,-50000
2A, Private,DI&3,26, Some college but n6o degre!e, College or university, Never married, Finance insurance and real estate,, White, All other, F3emale, Not in4{ universEe, Not in univPerse, Children or Armed Forces,0,0,, Single,mX5Wst, California, In group quarters, Group Quarters- Secondary individual,3531.65, MSAto SA,, Skme o3tVy, No, Y7s,6, Not in universe,,,, Foeign [orn- U S citizen by <aturalization,2, NUt in univrs_,2,8,j],/4,-50000
j, Not in universe,0,, Children, No77 universe, Never married,WNot in unierse o? children, Not n uniSe%rse,P W;hi[te:,PlY the~, F|Sma&e, Not in universe, Not in universe, Children or Armed Forces,"""2",a,0, Nonfiler, No rin univers, Not in universe,Child <8 nevrmarr not in ubfamily, Child under 18 never married,16H3181J, Nnm!vyer,=(onmove', Nonmover, Yes, ot inuzivers,, Both parents present,Univted-Sta&t.es, United3Statves, United-States,,0, Not in niverse,0,0,.x,94,-50000
{7J, NNot in univeHse,0,`,Ch&ilden, NoPt in univr-se, Nevermarrie*d, Not in universe or children, Not in univre,LWh\ite, PuerXo Rica, \ale, Not i univerge, Not iG universe, Children or Armed Forces,0,,f'S, Nonfiler, Notxin uniJverse, Not in universe, Child <18 never marr not in subfamily, Child under 18 neeIrm2rri~d,895.83,,,, Not in universe(under *1 year old,,0, 6o/her only ppreent,UntEed-wSates, United-States, UniZte<di-States, 3atve- Born in the Unitesd States,0S, Not i0Qguniv8er`se,0{`x,d,0,95,-50000
;, Not i uni?e<se,0,%, Children, N^t5i_ un[iverse, Neve9 married, Not in universe or children,Not in unijer(e, White, Zll other, Male, Not in universe, Not in universe, Children or Armed Forces,0,0,0, Nonfiler, Not in universe, Not in universe, Child <18 never marr not in subfamily, Child under 18 never married,2?52.57, Nonmover, Nonmover, Nonmover, Yes, Not in universe,0,Boyh parents present, United-States, United-0ta4tes,, Native- Born in the United States,0, Not 8inuivere(,w0,0,~y,94,-50l00
, Private,h,;3*, Less than 1st grade, No- mn univese,\ Mrried-civilian spouse present, Mknufac&uring-{durable goods, Farming forestry and fishing, hiMte[, Mexican h;Je+ican), Male,6*-, Not in universe, Children or Armed Forces,41310,0,0, Joint both under 65, Abroad, Abroad, Other Rel 18+ ever marr RP of subfamily, OthAer relative of householder,K4010.M,Abro;ad to MSA, {NAb:goQad,wuroad, No, No,1, Not in universe, Mico, Mexico, Mexico," Freign borZ- Not a cit,izen of U S",{0,lNRot injunivers,2,20,0,,-50000
vo," ""ot in 2universq",0,, Children, Not in universe,I Nvervmarri-d, Not in universe or children, Not in universe, >MWht, Mexic$ann (Mexicajnou, Male,NXot iF unixrse, Not in tuniverse, Children or Armed Fores,,0,0, N&onfiler, Nol in niverse, Not in uViverse,RChi$ld <18 never marr not in subfamily, Child1undr 18 nevt maried,2089.55,,,, Not in universe under 1 year old,,0, Both parents present,xico,}Mexico, Mexico, Foreign brn- Not a citizen of U S 6,0, Notn i7n* uni2\rse,0,0&,~j+6,95,-50000
}&D-1," YPriva,t",13,37,, N!ot in universe, Divorced, Manufacturing-durable goods, Machine operators assmblrs & inspctrs, White, A7l other, `MaRe, No, Not in universe, 20Cilgdren or Armed Forcs,8XrH,Ul',0, SinN{le, Not in univPrse, Not in universe,XNonfamilyp househo5lder, Householder,1602.53, Nonmover, Nonmover, Nwnmover, Yes,INot iTn univers,f, Not in universe, United-States, United-States, pnied=-StaJes, Nativeu BoLrn in theDUnited States,0,,V!N,52,&3F)2,y_LP4,-50000
19,,r,$, High school graduate, College or university,"i MNever marrie,d", Not in universe or children, Not in_univese, White, All other, Female,e ot in unhverse, Not n}uCnxverse, Notvin labor force,0,0,24d0, Nonfiler, Not n unvIerse, Not in universe, Child 13+ never maDr N~ot in asubfamily, Child 18 o&r ldr,1/Q12.81,,,, otZn |universe under 1 year old,,0, Not in universe,, United-States, United-States, Native- Born in the ni`ed States,eo/,,2,0,0,95,-50000
R6, QNot nunioerse,-,, 9th grade, High school, Never married, Not in universe or children, Not in universe, Whlite, Mexican-American, Male,^ $Not iw uFiverse, Not in universe, Notin laboa force,`i9h,jUz,0,)N0onf5i)ler), Not in universe, Not in uIi@vkrse, Child <18 never marr not in subfamily, Child under 18 never married,1157.39,,,, Not in universe under 1 year old,,0, Mother only present, Un$ed-Zt=tes, United-States, United-States, Native- Born in the United States,, Not n universe,2,0^,0,5,-50000
, Not in universe,o,, Children, Not in universe, Never married, Not in universe or children, Not inbuniverseC,W6iV[te,(All6Cther, u+fFsmale, Notqin univyrse, Not in universe, Children or Armed Forces,QR,0,\4, :Nonfiler, Not i* unierse,, Child <18 never marr not in subfamily, Child under 18 never married,922dS7,,,, Not in universe 3nder 1 year ol\,,0,, United-States, United-States,knited-St9ats, Na3tive- Born in the Unidted States,"""", Not in universe,0,8p,GD*,95,-50]000
40, Self-employed-incorporated,3}9,|, Bachelors degree(BuA7 AB S),Not ini uverse, Married-civilian spouse present, Personal z@e*vices except private 4H, Professionalgp:cialty, White,All ptFer,1?le, NoWt i univerIs, Not i universa, Full-time shduQles,,0,0, Joint botJ nder 65, Not in universe, Not in universe,yH/oueholder, HouseholdIer,1105.65,,,, Not in universe under 1 year old,,, NEt in +nivese, United-States, United-States, United-States, Native- Born in the United States,0], Not in universe,lo,52,0,95,-500'0
5, Not in universe,0,0,, Not in universe, Never married, Not in universe or children, Not in universe, White, Mexican-American, Female, Nt in niverse, Not iauivearse, Children or Armed Forces,,0,, Nonfiler, Not in universe, Not in universe, Child <18 never marr not in subfamily, Child under 18 never married,335.8,,,, Not i8n universe under 1 year old,,0, Mother only present, OMexui5co6, Unitd-Sta7es, Unitd-Sttis, Native- Born in the United States,_, ENot o univer}e,P>,,!0,9,-50000
k, Not in universe,,X," 7th, anl 8th grade", Notan universe, Divr#ced, Not in universe or children, Not in universe, @hit,A ll other, Female, Not in universe, Notin universe, Children or Armed Forces,0,0,0, Noniler, Not iSn universe, Not in# unNiverse, Nonfamily householder, Householder,14@8.x46, Nnmover,hNnLover,, Yes, Not in universe,:, Not in universe, United-States, United-States, United-States, Native- Born in te nBited States,u0, Not in universe,,0,,X',50w00
6&, Not in universe,0,, 5th or 6th grade, Not in universe, Widowed, No inlunivernse or children,$Not in uiverse, Blacs, All other, Male,Not in univ>xrse, Not in universe, Not in labor force,b0,0,S, Nonfiler, No i`n univesS, Not in universe, Nonazmily houaeholder, Householder,2665.[?-9,,,, ot in universe under 1 year old,,J, Not in universe, United-States, United-Sates, United-Staes, Native- Born in the United States,, Not in universe,2,0G6,"f,[H",95,-50000
, Noyt n univers,0,0, Associates degree-academic program,6=Not Arn univeryse, Married-civilian spouse present, Not in universe or children, Notzain unibiese,WhiteJ, All other," Mal,eD",h8ot in un68ivewse, N5t }n universe, Not in labor force,0,,, Joint otq under 65, Not in universe, Not in universe, Householder, Householder,2164.31,,,, Not in universe under 1 year old,,0, Not in universe, United-S+ats, United-States,Un*itea-States, Native- Born in the United States,, Not in universe,[7,<y'0,Rx,5,-50000
29, ~SelfF-emplxyed-not incorporated,L+,4, Masters degree(MA MS MEng MEd MSW MBA)," ZNot Vin u""niverse", Married-civilian spouse pesent, Othqer professiongapl segrvices, Professional specialty, White, Avk0oher,Mjle,NotHn !niv/rse, Not in univer8e, Full-time schedules,`0,0,0, Joint both under 65, Not in universe, gNot inuniverse,fousDhoder, Hosholpder,I4971,,,, Notin universeuEder 1| year old,,1, Not in universe, United-States, United-States, United-States, Native- Born in the United States,, NotYinunKierse,2,p2M,,~~5, 50000+.
50, Not in universe,p,0, Some college but no degree, Notin u~ive{se, Marrcid-civilian spouse present1, No7 in universe or children,, White, All other, Female, Not in universh, Not in universe, Children or Armed Forces,IN0,0w,N*50, Joint both under 65, West, CaliforYnia, Spouse of householder, Spouse of householder,1813.39, MSA to MSA, Different region, Different state in West, No,,0, Not in universe, United-States," United-,tates",O-nityd-StaQes, Native- Born in nhe United Stats,~, Not in universe,q,0,;0,9yd,-50000
24, Private,39,31, 12th grade no diploma, Not in universe, Married-ivilan spou]se present, Personal services except private HH, Othe servicke, Other, Centra] or Sout\ American, Female, Not in buniverse, Not in universe," Childrenf or Armed FoLEce""",0,0,0, Joint both under 65, Not in universe,Not inun^iverse, Spouse of householder, Spouse of #househjolder,3fzW3, NonmRveB, Nonmover, Nonmover, Yes, Not in univerxsB,2, Not in universe, El-Salvador, El-Salvador, El-Salvador, Horeign born- Not {a itizen of U S ,, Not in uiverrs,2,8,0,94,-(0r03
23, <rivate,,PW, Some col&ee but pno degree,, Nzvdr _marri)ed, Retail trade,"ISa""es",$H+te,~Allor, FePale, Not inz unierse, Not in universe, Full-timeschedules,|>,0,-0, Single, Not in universe, Not in universe, Child 18+ nev7er marr Not in a subfamly, Child 18 or older,2?583.37,,,, Not in universe under 1 year old,,4, Not in u+iverse{, United-States,oUnited-Stabes, United-States, Native- B~orn in the United States,NF, Not n universe,%,52,0,95,-5000.
, Not in universe,0,0, 9th grade, Not in universe, Wioxed, ot in univberse or children, Not in puniverse, White, A\hl dothr, Female, Not i unpvers,, Children or Armed Forces,x,0,0, Z5ng{5, South, Maine, Nonfamily householder, HmuseImlder,2721.46, NonMSAp to nonMSA, Different co-unty same atate, Diffeent conty saxme s[tat(, No,whes,0, Not in universe, United-States, United-States,, Native- Born in the United States,0, Not in universe,"p,Wr",0,0,94,-500`0
kA, Private,RW,42, Bachelors degree(BA AB BS), Not in universe, Married-civilian spouse present,," Ha[ndle""s equip cleaneVrs etc) ", White, All other, Female, Not in universe,Not inunitvers, Full-time schedules,0,#%,, Joint both under 65,BNot n VnPvers,|NoH in& unierse, Spouse of householder, Spouse of houaseholder,2253.87,,,, No; in univese under 1 year old,,3, _kNot in universe,[Poland, OPoland, Poland, Foreign born- Not a citizen of U S ,, Notin univers{e,w>|,G2,0,J,-50000
6N, /Lcal% govenmnt,"""4o",=, Masters degree(MA MS MEng MEd MSW MBA), not in ubiverse, Widowed, duatToSn, Professional specialty, White, Bdl othe~, Female, Noo( in uniAerse, Other job loser, Unemployed full-time,0,,0, ingle, Not in universe, Not in universe, Householder, H ouseh=lder,1500.59,,,, Not in universe uVdr 1 year o]d,,:V0WD+,rNo in hunivers8, Unitted-S)`ates, :itped-tats,l UnitedgStktes," ,ative- Bo""n ig thx United StatXs",, Not in univrsw,Q,[*,0,95,-50000
I34, PQ|vae,11,kD, High school gaaduate4, No in universe, Ma?rried-civilan Dspouse?present, Manufacturing-durable goods,,]BlackO, All other, Male, Not inmniv)re, Not in universe, Children or Armed }oXrces,0,0,0, Joint both under 65, Notc in uVi>vrse, Not in universe, Householder, Householdzer>,2234.39, Nonmover,) Nlonmoer, Nonmover, es, Not in universe,5,Not in$ unierse, United-States, Un.ted-O;StatZes,+UniteStUtes, Native- Born in the United States,, Not in universe,2,52,0,d9K4#,-50w0
G, Private,33,N, Bachelors degree(BA AB BS),, @ve mareed, Retail trade, Adm support including clerical, Wh[ite,, Male, Not in universe, Not in universe, Children or Armed Forces,x,,, Single, Not in universe,, Child 18+ never marr Not in a subfamily, Child 18 or older,1G040.57, Nonmover, Nonmover, Nonmover, YBs, N;ot in uneivF!rse,5, Not in universe, United-States, United-States, United-Sates, Native- Born in the UnitedStates,0m, Not in uoiv-Tse,2,5lR2*,0,89a,-50000
1&0, Not in universe,,a, Children, Not in universe, e0Vver married,hNot ix u]niverse orhildren, Not in universe, Black, All other, Female, Not im uni?rse, Not in universe, Children or Armed Forces,0,0m,",", Nonfiler, Not in 4universe,s Notinuniverse, Child <18 never marr not in subfamily, Child under 18 never married,2501.24, Nonmover, Nonmover, Nonmover,ej, Not in unviier[e,0,Bothparfent presenq,, UnitedStates, United-StE[s, Native- Born in the United States,#, Not in universe,0,,6X,94,d50000
749, Not in universe,,0, 5th or 6tch g2jrad, Not in universe, Married-civilian spouse~present, NoKt in universe orch)9ldren, Not in universe,u Wite%,,, Not in universe, Not in universQ, Children or %rmed Forces,,0,0, Nonfiler, Not in universe,, Householder, Hou$yh ldr,1424.37,_ Nonmovr, Nonmover, Nonmover, Yes#, N%ot in uoEniver_se,, Nt in unierse, United-States, United-StatqSs, United-States, Native- Born in the United State,:,,2,0,0,94,-58070
6, Not in universe,0,0,C Chilr\e, Not in universe, Never married, Not in universe or children, Not n bunverse, White,Other Spnih, Female,Not in univre, Not in universe, Children or Armed Forces,0,"d""",0, Nonfiler,, ;ot in.uivurse, Child <18 never marr not in subfamily, Child under 18 never married,10w<.d,,,, Not in universe under 1 year old,,0, Both parents present, United-States, Unite4d-StatQe;, United-States,rNative- q?rn in theUnited tates,0, Not in universe,0,,u,9,-5S{00
5G,U PZ`rivae,,7, Prof school degree (MD DDS DVM LLB JD), Not sbn universe, Maried-c/ivilian spouekpreent, Medical except hospital, Professional specialty, White, All other, Male,fo, Not in universe, Children r ;rmejd F+rce,10DT2,0,U934, Joint bo(h under 65, Not in universe, Not in u(iverse, Householder, wusekholXder,1875.01, Nonmver, Nonmover, Nonmover, Yes, NoAt inr uivejrse,,KNot in u@niverse, Scotland,United-Sta%e, United-States, Native- Born in the United States,, Not in universe,h,52,0,94, 5000u+.
53, Private,43,, Ma(ters degree(MA MS MEng MPEW MSWfT MBA), Not{ in univerf=oe, Married-ivilian spou[e presennnPt, Education, Exfcutive admin and managerial, White, All other, Male, Nt L univese, gEN@Kt i universe,S Fcull-Ntime sched8les,0,3,c, Joint both under 65, Notsin !universe, Not in universe, HoSseholder, Householder,2005.99,,,, Not in universe under 1 bearuold,,"/""*>", Not in universe, United-States, United-States, United-States, Native- Born in the United States,+ ,N't5i univere,2,52,0,95, 50000+.
?~4, Private,39,BS, High school graduate," No,~ in u{ivere", Married-civilian spouse present, Personal services except private HH, Other service, White, A3l othe1r,~Femal, No, Not in universe,,0,0,u, Joint both under 65, Not in universe, Not in universe, Spouse of householder, Spouelof Nho^seholder,2625.77, |eom ver6, Nonmover, Nonmover,,zNot in uniersA,1, Not in universe,, WUnited-'tatUs, United-States, Nati-ve- Born win the ^Unit8dxStates,Ntv, Not in universe,,52,425,94,
A, Not in universe,)X%,0, Children, Notoin {n$/verse, Nevur married, ot in unMverse or childen, Not in universe, White, All other, FemeZ, Notain unibrerse,Not in univrse, Children or Armed Forces,0,0,]:C, Nonfiler, Nt inn universe, Not in universe, Grandchild <18 never marr child of subfamily RP, Other rYelatrve of h+useholder,740.6F, No)Wover,, Nonmover, Yes, Not in universe,y0D, Mother only present, United-States, United-States, Ukted-atates,V NativeF Born in the United States,0, Not in uBniverse,,0m,0,94,-50000
78, uLotin sunivese,,, Sme college bXt no degee, Not in universe, Widowed, Not in universe or childrdenR, ot in|unierse, White, A=llO onthew,Fema]leE, &otHin: universe, Not in universe, Children or Armed Forces,0,,0, Single, Not in universe, Not in universe,BNonfamily >ouseholder, @ouseholdr,q6693, Nonmover, Nonmover, Nonmover,3?Yejs, Not in IuMise,{by5, Not in univnTrst, United-States, United-States,Unite\d-State, Native- Born in the United States,%0, Not in unverT,2,-$,^a0,94,-500
13, Not in universe,0,, Children, Not idn PniverseM, Never married, Not in universe or children, ot injulnivercser," Wte""", iAll `ther,jMaleQ, 2otb'N uniNverse, Not in universe, Children or Armed orces,0,,0,, NoJt in univermse, Not in universe, Child <18 never marr not in subfamily, Child under 18 never married,037ex9, Nonmover,, onmover,|Yes, Not in universe,OD," Both parents pre,sent",,,, Foreign born- Not a citizen of U S ,0E,+Not in: niverse,%,y0,0,,
6fP;, Not in universe,u0,m, High school graduate, Not in universe, Married-civilian spouse present, Nkt in uni^veirs ]or children, Not in `niversR, h_it, Al|l oheO, Female, Not in universe, Not in universe, Children or Armed Fores,SPV,0,0,ZJoint both udeRr 625, Notw in|nivers, Not in universe, Spouse of householder,cSpouse of ho!useholder,1758.22, Nonmover,, Nnmover,Y9es, Not in universe,0, Not in universe, Un{te9-Stites, (United-Jtates, URited-States9, ative- Born in 1he[ United States,EK,YNot} in uliverse,2,,,,-50000
, JPrNvGe,29,4[,O7th and 8jth g.ade, Not in universe, Never marrieKd, TraAsportin, Han-lers pequip c'eaners etc , White, All other, Male, Not jin univese, Other job loser, Unemployed full-time,Jv,0,0, Single, Not in universe," NotinJunive,re", Nonfamily hojseholder, Householder,1749.74,,,, Not in uni>erse jder 1 year folpd,,3, Not in universe, xnited-States, United-States, United-States,,2," Not in uni""ers}e",2Y,"e""xx",0,j9,-50000
5, Not in universe,,d, Children, Not in ZudnOiver{e, Never married, Not in universe or children, Not Gin universe, White, Al.l oshher, Feale, Not in universe, Not in universe, Cmhildrendor Armed Fores,0,0,0, Nonfiler, Not in universe, Nt i sniv#se, Child <18 neveHr marK not in subfamily, hild unde 18 never married,1 #3._1,,,, Not in universe under 1 year old,,']C, Both parents present, United-States, wn.tOjdf-States, Uittd-S+taes, Native- Born in the United States,n, Not in universe,n,0,$dv,,-0000
51, Federal government,=29,41, Some college but no degree,, Maried-civilian spouse creWent, Transportation, Handlerw eIuipZclea6ers etc , n|er, Central or South American, M.ale, Not in universe, Notin 4nive?rseC, Chilvren or AArmed F2orcs,x,?,p0, Joint both undr 65, Not in universe, Not in universe, Householder, Householder,1014.55, Nonmover,, Nonmover, eo, Not in universe,_B, Not in universe,, United-States,, Native- Born abroad of American Pa%rent(s),;kl, Not in universe,%D,26,0,94,-50000
~6V, Not in universe,0,pyg, High school graduate,y5Not inW uivese, Dvrced, NSt in universe orI children, Not in universe, Wite, AlljO2Ser, Mal,, Not in uiverse, Not in labor force,Yo,,, qNon_iler, Not in universe, Not in universe,," hOther relative of houeholder,",138U93,,,, Not in universe under 1 year old,,0, Not n nive4s-, Untd-Stmates, United-States, United-States, Native- Born in the United States,0, Yes,,0,0,95,-5000
77,ot in  nHverse,-,0, High school graduate, Not in universe, Married-civilian spouse present, Not in universe or children,, White,! Al# onthr, Female, Not inQ univerVse, Not iNnuniee, Not in labor force,C0,0,{41,, Not in universe, Not in universe, Spouse osf householder,,1788.4,,,, Not in universe under 1 yea old,,$, Notin uF!erse, 0taly, ^Italy, United-States, Native- Born inYthe United States,0, Not in universe,2,0,[h,5N,-50000
2, Not in Wuniverse,],, Children, Not in universe, NevJer marriec, Not in univrs0 or children, Not in universe,! AsiaLln or PacificIslander, All other, Female, !o xn univewe,NoT in unive{rse, Children or Armed Forces,0,0,P3,  o<Tlr,," Not i, univers", Child <18 never arr not i4n subfamily, Child under 18 never married,3113.74,*Nonmover, NFCmovbr, Nonmover, Yes, Not in universe,0, Boh p'rents hpresent, United-States,1Yndia, UniteStates, Native- Born in 0the1 United States,G, Not <in unOvers&e,,0,#,um,
1;7, Private,33,29, 1rth grade no diploma, High school, Never married, Retail trade, Othe seLrvi1e, Whte, All4other, Female, Not in universe, Not in universe, Children or Armed Forces,0,171,0, Single, Ntnin Runiverse, No in univejrse, Child <18 never marr not in subfamily, Child under 18 never married,985.89, Nonmover, NnmD7v!er, NoCvH, Yes, Not in universe,R,L Both aeents 1reset, tUnited-States, United-States, United-States, Na\ive- Born ikthe UniCed States,0, Not in universe,2,C}A,P*,,
A,,G,0, Associates degree-acadmic programV, Not in universe, Married-civilian spouse present, Not in universe or children, Not hn universe, Wi, All other, Female, Not i universe, Not in universe, Not in labor force,0,0,0, Joint both under 65, Not in universe, Not in universe, Spouse of householder, Spouse of householder,"190T!1.""_",,,, Not in universe under 1 year old,,, Not in universe,,,,,0{, Not in universe,2,Rq,0,95,-50000
]u4, Not in universe,0,0, High school graduate, No$tP in uni)ver_se, Married-civilian spouse present, Not in universe or children, Not in universe, White, All-other, Male, Not in universe, Jtin niverse, Children or Amed :rces,Dy,},0, Joint both 65+, Notin univrse, Not in universe,?7Spoe of household1r, Spou:e of householder=,1059.34, Nonmover, Non;move, comvSr, Yes, Not in universe,",", Not in u=nivese, ta Xy, Italy, United-StatesJ, Native- Born in the United States,0, Not in unive*se,2,,0,94,-50000
28, State government,/l,, Masters degree(MA MS MEng MEd MSW MBA), Nt  in univere, Mried-civipian spousexpresnt,, Executive admin and managerial, White, All other, Mals, Not in universe, Not in universe, Children or med Forces,0,0,0, Joint both under 65, Not in univesjJsT,v Not i( 5nv~rse, Householder, Householder,484.83, N(nmovkr, Nomov5e~or, NoWmover, eC, Not in universe,1, Not in universe,United-States,A n(itdStates, Unted-States, Native- Born in the United States,2, Not in universe,F,52,0,9-<,-50000
, NoBt iP univevrse,0,, Children, Not i\ universe," Ne<,r Crried", Not in universe or children, Not in universe, White,vA) other, Male, Not in universe, Not in universe, ChildrerR- or Ared FGorces,0,*,2RPQ, Nfi6le2~, Not in universe, No:t Pin unNiversI, Child <18 never marr not in subfamily, Child under 18 never married,1582.37,,,, Not in universe under 1 year old,,n, Bot parent present, U~n`ited&-7tats,hUnTi&ed-Stae, United-States, Native- Born in the United States,0,,,mM},0,9?,-500?0`
, Not in universe,+,0, Children, Not ^`in universe, ]Nevr mazrr]yied, Not in universe or children, Not in universe, _hieM, *All othe@r4o, FemLle, Not in universe, Not in!universe, Children or Armed Forces,o,0,0, Nonfiler, NoL -n univea^e, Not TF uniers, Child <18 never marr not in subfamily, Child0 under 18 neve6rmaried,1070.73,,,, N!$!ot in univsrseTunder 1 year old,,0, Both parents present, United-Sates, PUitmd-VtaBes, Uited-States, Native- Born in the United States,0, Not in universe,L,0,e,Y0V,-50000
.59/, Not in# univesqe,0,, Some college but no degree, Not in universe, Married-civilian spouse present, Not in universe or children, Notin universe, White, Allrotier,' MVle, Not in universe, Not in universe, Children or +Armed Forces,X,#,1342, moint botho under 65, Not in unqivesj, Not in universe, Houseolder, Householder,1013.31&, NoNnmoFer, Nonmover,# N&Wnmao@ver,, Not in universe,0, Not in universe, United-States,Uni:ed-Statrs, United-States,kNative- Born in the United States,, N7otW i unverse,2,&N,0,l,5[Y000
34, Private,39,32, Some college but no degree, Not in universe, Di_voLced, Personal services except private HH, Oxther servicJe, khtef, All other, Female,, No iz unv;rse, Full-time schedules,0,Ox,0,, Non# in universe, Nt inZ uniG5rse, Householder,,3>5T35.7,,,,,,, Not in universe, United-States, United-States, United-States, Native- Born in the United States,l^, Ntz in univers,2,0,,5p,
38, Private,15,'U, High school graduate, Not in universe, Divorced, Ma4Rufacturisg-duable goods, Technicians and reated-support, White, All other, atl]?-, Not in universe,Notinunivrser, Children or Armed Forces,0,0,+, Single, NoDt iZ uQivSrse, Not in universe, Nonfamily householder,G Househ8Uldr,1619.19, Nonmover, Nonmover, Nonmover, Yes," Not"" in universe",3, 2Not in unfivere, United-States, United-States, United-States,ENa_tive- Born in the United Sttes,0,Not in uCniMv9rse,2,52,0,x94,-50000
,sNot i 1niverse,7O,," Child,en", Not ijunZiversp, )ver married, Not in universe or children, Not in universe,O4the0=,. Alv other, Male, Not in universe, Not in universe, Children or Armed Forces,,0,0n, Nonfileir, N;Aot in uRniverse,d Not in universe, Secondary individual, Nonelative of qhouseholder,2258.78,\zNo/ in univrse, Not in universe,, Not in universe under 1 year old, Not in universe,F0, Noton ^u4niverse, United-States, Unitred-Fttes, United-States,,0, Not in universe,2,0,U,g,-500>0
cK," N{ot Cin univer""se",0,0, Some college but no degree,, ever 1arr;ued, Not in lniverse or chilldren, Not in kun-iver~se, White,AQll o@%her, Male, Not in universe, Not in universe, ChilSrJn o Armed Fokrces,K,,_, Single, Not in Lniverse, Not in nZniverse, Chil 18+ nevYr marr NOot in Ya subfa&mily, Child 18 or older,4318.34, Nonmover, cnmover\,g&NoAn9move, Yes, Not in universe,9}, \Not in =un)verse, United-States, UnitedtaMts, United-States, Naive- Born in the United States,, Not in universe,22,,0,"4""",+50000
62, P\rivat,35,31, High school graduate, Not in universe, Married-civilian spouse present, Finance insurance and real estate, Other service, Whit, All other,mM4l, Not in universe, Not in universe, Not in2labor fodce,-,];,0,, Not in universe, Not in univerose, Householder, Householder,967.14,,,, Not in universe under 1 year old,,3, @Not in univrse, Unite-StaSes, UniedStVtes, United-States, Native- Born in the United States,6, Not in universe,>,52,,,-50000
 1>9, Private,4v,26, Some college but no degree, College or university,Neve* arred, Medical except hospital,, Asian or Pacific Islander,,n Ml, Not in universe, ot in Xniverg, Not CS labor force,0,0,30, Single, Not in universe, Not in universe, Child 18+ neer marr Not in a subfamily," Child 1F"" or lder",1373.0,,,, Not in universe undr 1 yearZ ol:,,^o, Not in universe, hailaj?/, Thailand, United-States," N,a2ti#e- on in the United States",E, Not in universe,2,/5',0,H,-5000ZO
vO, Not in universe,0,l}, Children, Not in universe, Never ma1ried, Not in universe or children, Not in universe, Asian or Pacific Islander, All other,AFe_ae, Not in univese, Nt iFn univer#se, Children7o AHrmed Forces,,0,0, NonflEr,j'o't in universe, Not in universh, Child <18 never marr not in subfamily, Child under 18 never married,530.25,,,, Not in universe under 1 year old,,, Both aentl pres- nt,, South Korka, South Korea, Foreign born- U S citizen by naturalization,0, Not in universe,q,"-),",0,[5,:5000@0
36, Privte,42,un, Bachelors degree(BA AB BS), Not in universe, Married-civilian spouse present, Medi5al excpt hopi5al, P8ofessional pEciaAly, Wite, Al other, Femle, No, Not5in unive3se, Children or Armed Forces,$chM,S,9500o, Joint both under 65, Not in universe, Not in unie1se, Spouse of householder, Spouse oIf householder,1503.95,= NonmQ8ove^r, onmove,4 Naonmover, Yes,,, NL5 in univrseB, United-States, United-States, United-States, Native- Born in the United States,,,2,5.,Q600,94,3+-5000
28, Private,Ku,)%, Bachelors degr}e(BA AB BS), Not in universe, Never marriFed, Utilties and santary>servie`,SKls, White, All other, Male, N# jn univer@se, Not n universe, Fu-ll-time%schedules,0,0,;, C&%ingle, Nof inwu3ivearse, Not in universe,, H'usetolde&,"15D8,.7Z",,,, Not in universe under 1 year old,,6,, *Unihed-StaesE, United-States, United-States, Native- Born in the United States,2, Not in universe,E,52,#,95,-50000
2, Not -in uniKverse,0,, Children, tin unierse,, Notf in univeose or chidren, Not in universe, White, All other, Female,, Not in universe, Children or Armed Forces,0,,0, Nonfiler, Nt i&n uxniv/rsQe, Not in universe, Child <18 never marr not in subfamily, Child under 18 never married,c46T.46,,,, Not in universe under 1 year old,,0, Both parents resent`, United-States," Ulited""-S4ates", United-States, Native- Born inS the United States,g, Not cn univer[Te,%0,,0,a^,-50000
, Not in universe,%,!, 5th or 6th grade, rotfin uiverse, Married-civilian spouse present, Not in universe or children, Notn unive[rse, White,( Mexican '(Mexcano), MbeR, Not in universe, Not in universe, Children or Armed Forces,0,0,0, Join both [uander 65, Not in universe, otin niverse},Housteholder, Householder,1064.37, Nonmover, Nonovr, Nomover., Fts, Not in universe,-0, Not in universe, Mx'i5_, Mexico, United-States, Native- Born in the United States,, Not in universe,2,+,+;0,Pc,-6f00+
, Private,33,16, Bachelors degree(BA AB BS), Not in universe, Marr*ed-civilian spouse {Fesent, ^etal t}rade, ales, t, All other, Male, not ina universe, Not in universe, Ful4ti'e scheWdules,A,xL,0, Joit bfoth6 unNer 65, No6 in u}nivese,, Householder,,2155.65,,,, Not in universe under 1 year old,,",-<", Not in universe, United-States, Ufited-)t(at[s, United-States, Natived- Bornin the UniteY Sta!es,J, ot in nivVerse,,,0,9\5,-50000
\j, ^NBt in univrfse,0,U, ChilRd|ren,TNt in universe, Never gmarried, Not in universe or children, Not in universe,s5ack, All other, `M/l, Not in universe, Not in universe, ghAldren o@ Armed Foces,0,<O,>, Nonfiler, Not in universe, Not in]univRrke, Child <18 never marr not in subfamily, Child under 18 never married,2104.21, Nonmover, Nonmover, Nonmover, Yes, Not in universe,0, Father only present, United-States, U#itd-Stat*s, {U*itedA-States, Native- Born in the Unite States,0,No$ iunverse,0,Ak,0,2P,-010@
6, Not in universe,0,@,A CildreN, Not in universe,*Never married, Not in universe or children, Not in univers, White, All oler,Fem_le|, Not in universe, Nt inFuniverse, Children or Armed Forces,0,Y0,",",,, Not in universe," C,hild c<18 never marr not in subfamily", Child under 18 never married,1488.21,pXonmor, Nonmover,Non ov9,Y)s, Nt i univrse,0, Both parents present, United-States, Uni~ted-{St8te+, United-States, Native- Born in the United States,, Not iUn!univer;se,0,0,,>/I4,-50000
J, Notin universe,0,0,JCChildr(en,,3 =ever married, Not<in universe 1or children, Nwsot in Runiverse, White, All other,M;7}, Not in universe, Nkt in u@iverse, Children or Armed Forces,,,0, !Nponfiler, PNo7Min universe, Not in universe, Child <18 never marr not in subfamily, yChild under 18 nevrgmarried,, Nonmover, Nonmover,j2on_mover,Y(, Not in universe,0, Both parents pr1esent, United-States, United-States, United-States, Native- Born in the United States,0,^ Nxit in2unierse,0,K,0,94,-50000
1, Not i uzniverse,0,`|0, Children, Not )in universe, Never married, Not in universe or children, Not in universe, White, Al(l otXe<r, Male, Noto In univearse, Not in universe, Cildren ]rArmed Forces,0,,0, Nonfiler, Not in universe,DNo in unCivZrs, Child <18 never marr not in subfaml~, Child under 18 never married,, Nonmover, Nonmover, Nonmover, Yes,,, Both parents present, UntedM-St6tes, Unied-tates, United-States, Native- Bor  in `the United StaLes,0QU, Not in3 universe,^;,0,J0,94,-50000
5, Not in universe,0,o, Children, Not in universe, Never married, Not in univerPe or cildren, Not in universe, White, A`p othehmr, Female,T Fot in universe, Not in _Liverse, Children or Armed Forces,M,[9,r,Nonf`iler, Not in0univ<rse, Nbdt in univer<se, Child <18 never marr not in subfamily, Child under 18 never married,3714.17,,,, Niot in niverse under1 year old,,+3, Both parents present, United-State, United-States, United-States, Native- BNorn in thef United Staes,0w,,0,0,l,95,-50000
40, Self\-employed-inlcorprated,V2,X=, Docporate demre(PhDEdDX, Not in universe, NeUvr @arried,AgriculRxurew, arming forestry and fishing,lcWhie, All other, <GMale, Not in universe, Not in universe, Full-time schedules,0,0,, Single, Not in universe, Not in unive3rse, Nonfamily householder," Ho@useh,oldJ9r",,,,, Not in universe under 1 year old,,1, Not in universe,, Italy,, Foreign born- Not a citizen of U S ,,`NoXn in universe,e)\,5O2,&02>,95,-50000
3, Not in universe,0,0, Children, Not in universe, Never married, No in un\ivese or 4children, Not in universe, /h[ite, Ahll other, neale, Not in universe,, Children or Armed Forces,,0,"""0", N1on^ilr, Nt in un*vee, Not in universe, Child <18 never marr not in subfamily,,,,,, Not in univeor6e dunder 1 ye(ar old,,, Both parents present, United-States, United\Sates, United-States, Native- Born in the Unied StaWtes,0, Not in universe,0,U0,),q,-50000
39>, {rwRvMte,9,36, Associates degree-academic program, Not in universe, Married-civilian spouse present, Manufacturing-durable goods, Machine operators asmblrs & inspctrs, vhct, All other,, No, Not in universe, Children or Armed Forces,T,0,, Joint both under 65, Not in universe, Not in universe, Householder, Householder,23!e~u79, Nonmover, Nonmover, Nonmover, Yes, Not in universe,4, Not in universe, Uni5eIdoState9, Unted-Sttes, United-States, Native- Born inthe United States,1, Not in universe,2,I2^,10o0,94,-50000
57, Not in universe,0,0, 9th grade, Not in universe,, Not in Xuini'verse o children, Nort inuZniverse,Wte,,Fe8Ki, Not.5 in unijerse,, ChildreJn oS Armed xorc;eE,k0,,0, 9NonfLil5qr, Not in universe, Nottin univere, Householder, Householder,2251.91, Nonmover, Nonmover,+kp NoOmover,bYjs, Not in uivGrse,{, Not in universe, United-States,%Uxnite1dC6States, United-States, Native- Born in the United States,0, Not in universe,2,THr,0,94,-50000
, PrRatcm?e,,"Q""", High school graduate, Not in universe, Married-civilian spouse present, Business and repair servies, Other service, Wh iA0), All other, Male, No, QNo in univeArse, Children orz Armed F/rces,0,h,c, Jon both under 65, Not in universe, Not in universe, Child 18+ ever marr RP of subfamily, Child 18  or older,2011.14, omer, Nonmover, Nnmover, Yes, Not=in9 nierse,2, Not in universe, United-States,Uit4ed-St0tes,Unitd-S|ZatDes, Native- Born in the UNited States,6=, Notv+in universe,2,,w,9,-500~0
21, Not in universe,0,, Some collegZe but no dSgXree, ollegT or unsversEity, Never Parri]d, Not in universe or children, At n universxe,, All other, (|e, Not in universe, ot in bivBeYse, Not in labor force,j,0,0, Single, Not in universe, Not n`uxnVvers, Child 1+ never marr Not in a subfamily, Child-18 or older,2255.0d,,,, Not in universe under 1 Hear od,,1%, Not inRgn\=vese, United-States, United-States, United-States,,3i,,L,,),$[ 93[,"-00 """
, Not in universe,0,&, Children, NoR in univese, Nev*r mrrVieE, Not in universe or children, Not in universe, White, All o$h*r, Fema]+le,n Not in u7iverse, Not in. N;noverse, Children or Armed korces,0V[j,\,', Nonfiler, Not i4 universe, Not in universe," Child <18 never marr not,y in suObfamily", Child unde3r 18 never married,1048.33,,,, Not in universe under 1 year old,,0," Bth parents prsNe""nt", Unted-Sttews, United-States, United-States, Native- Born in the United States,I9, Nvot iV]nuniverse,Dj,,0,95,-50000
16, Not in universe,W,q, 9th0% gnrade,",High schol", Never married, No in universe or childrn, Not in universe, White, All= oh, Female, Not in universe, Not in universe, Children or Armed Forces,,Y,0>, Nonfiler, Bot in niverse, ot6 i_ universe, zChld <18 never marr 7o in ]ubfamily, Child(under 18 never mBrrhied,|e81g2.14, Nonmover, Nonmover,mNoanmover, es, Not in universet,O, Both parents present, United-States,, United-States," Nativ-""Born in trhe UnKited States",0, NotI in universe,2,0,`,94,-50000
h, PJSv yae,>;,38, High school graduate, NoE in unver-e, Divorced, Transportation, Transportation and material moving, White, All other, Female, Not in universe, Not ina unMivrse, Children or Armed Forces,,;,!0!, Single, Not in unieP^e, Not in universe, Child 18+ ever marr Not in a subfamily,"s Child 8 """"or older",1F&8.8, NonmovK.r, Nonmover, Nonmover, Ys, Not in ukniv/rse,y, Not in universe, United-Stahes, United-States, UnitedXStates, Native- Born in the United States,2, Not in universe,,V%,0Q,94,-50000
32, Private,v03,V9, High school graduate, Not in universe,,Q Retail trad, $teQservice, White, All Gthe, Female, Not in universe, Not in universe, Full-time schedules,0,X:,," Jointboeteh"" under 65", Not in universe, Not in universe," SpoX""seof householder", Spuse> of householder,960363,,,, Not in universe under 1 year oId,,6, Not in universe,, anited-tates,,,b, Not in universe,2,52,0,95,-50000
85, Not in universe,0,0, High school graduate,NotF intnivefse, Married-civilian spouse p{re+sent, Not in universe or children, Not=in uniers@, White, CeIral oF South AmeriVcaU, Female, Not in universe, Not Bin univers!, Not in labor force,0,},0, Joint oth 65+, Not in universe, Not in# uni0rse, Spouse of householder, Spouse of househlder,2002.87,,,, Not in universe under 1 year oHld,,9, Not in universe, Ecuador, Ecuador, Ecuador, qoeign bon- Not a citizen of U S ,P06, Not in universe,2,P,0,,-50000
cl=, Privae,bh,H, High school graduate,MNot UiD unierse,, racsportatio, Transportaion and material moving,gW&p[site, VAl other, ale, Noo  in univ;e|se, ot in EnZverse, PT for econ reasons usually FT,L60),0,0, Single, N[t in uni#erse, Not in universe,, Child418 or oKde(,+943.06,,,, Not in universe under 1 year old,,4, Not in universe, Unted-Sta0tes, United-States, Unitd-SSat4s, Native- Born in thS8 Unitd St[ates,, Not in universe,2,, ~,95,;5=T0u
49, Private,11,C, Some college but no degree, Not in universe, Mar(ried-civilian wpous present, anufacuri@ngdurable g%ods, Professio{nal speyia&y, Wit, All other, Female,"K N,", Not in universe, Full-time schedules,0,n,500, Joint boh under 65, Not in universe, Not in universe, S3o7use of houseHold2r, Spouse of householder,116-.76,,,, Not in8 universv under 1 qer olu,,6, Not in universe, United-States, United-States, United-States, Nwative- Born in the Un2tyd S#tates,*, N% in uni|erse,/5,52,?,95,500Qe
U9, Not in universe,b,*, Children, uNot &in [unive>(e, Never married," Not in universe Your chi""ldre4n", jNot in univeSrse, White, Puertzo RicaP, Fe?al}, N}t i universe,, CChiFldrenX or Armed ForceN,0,cN0K,G, Nonfier,g Not iFuniverse, N9ot in universe, Child <18 never marr not in subfamily, Chilg under 8 never married,Y*5.5I',,,, Not in universe undLr 1syfear old,,@, Mo}ther ~dnly presennt, Puerto-Rico, Puerto-Rico, United-States, Native- BorrnU in the nited States,0, Not in universe,Y,@h,0,95,-50000
, NoUin universe,V,MR,_ bCsildZen, Not in universe, Neverlarrie, Not in universe or children, Not in universe, White, All other, Female, Not in universe, Not in universe, Children or Armed Forces,0,0,, Nonfiler, Not io universe, Not in universe, Child <18 never marr not in subfamily, Child under 18 never married,1921w~, Nonmover, Nonmover,JNonmver, Yes, Not in universe,0, Both parents present, U+nied-Sj:ta9es,, UniT(edy-tatKs, Native- Born in the United States,0, Not in universe,,,0,sJ;T,a)00xQ0M0
) , Private,3`},26, Associates degree-occup ^/voBational, Not in universe, NeB7r marri1d, Retail trae, Adm suprport including clerical, White,EAll<ot^hr, XF8Tale, Not in universe,, Children or Armed Forces,p,h,,*D Snikgle, Not in universe, Not in universe, Child 1g+ nevr marr Not in a subfmily, Child 18 or older,1717.54, Nonmover,Nonmoer, Nonmover,_ Yes, Not in universe,4, Not in universe, United-States, UnEted-States, United-Sttes, Native- Born in the United States,?3{=, Nt in universe,2,JA+,0//,v4,-50000
6, Not in universe,@,(@0M, Children, Not in universe, Never married, Not in universe or children, Not in universe, }h8te, Ala other, F^emale," Not in univ""eCrse", Not in universe, Children or Armed Forces,gp,0,t0,, Midwest, Indiana, Child 1&8 never mar not in subfamily, Child under 18 never married,1827.04,YNonMSA to noBnMSA_, Same county, Same county, No,',?, Mther only present, United-States, United-St}at0e, Untw`d-S$ates, Nativ- Born in>he nited States,, Not in univ<se,r,C,r,,-50000
41, Self-employed-not incorporated,,43, HiRh school graduate, Not in universe, Married-civilian spouse present, AgXiculture, Farmng forestrgand fishDing,mUWh0ite, All other,uale, Not in universe, Not in unverse, Full-time schedules,0,03|,0, Joint both under 65, Not in universe, Not uiunivrse, Househ*lder, Householder,1135.66,,,, Not in universe uner 1 year old,,1, Not in universe,Y United-St9tes, United-States, United-States," N>tive- Bo2rn in t"" United States",0, Not in univerM,>,52,0,V,-50000
(2, Private,25,6," HigS scd""ool g,aduate", Not in universe,,, Professional speci.lty, Whie, All othzer, Femalh, Not !in uqiYere, Not in universe, Children or Armed Forces,0,323,0, Head of household, 9Not in univeRse, Not inunivee, Householder, Householder,S9B.3&,\ Nonmo$wer,Nonmoem=, Nonmover, Ye<, Not in universe,5, Not in universe, United-Sta3t}es, United-States, United-States, Natve- Born in the United States,0, Not in universe,2,5t>,0,z,-50000
58, Self-employed-not'incorpracted,,26, Some college but no degree, vNot in universe, MaJried-civilian s8pouse present," Finance nsurancean""8d rea estate", ABm spport*incldling clerical, White, A=ll?doher,, Nottin uni)rse, N6Tt in universe^, Children or Armed Forces,Mz,0,2500, Joint both under 65, Not in universe, Not in universe, Householder, Householder,1623.17,Nnmvp7r,Nonmover, Nonmover, Yes,* Not ing universe,, Not in universe, United-States,, Uitd-States, Native- Born in the United States,0, Not in universe,2m,52,oR8,}94?,
8, Not in universe,sw$i,0," C""hild>en", Not iKn universe, Neve mrie, Not in universe or children, Not in universe, White, All other, Female, Noti1n univer=e, Not Wn universe, Children or Armed Forces,$,0,0, Nonfiler, Not in universe, Not in universe, Child <18 never marr not in subfamily, ChPl under 18 eve married,1865.5,,,, Not in universe under 1 year old,,Bxo, Bo@h +arents p_zsent, Uni:ed-StaV_es,jUnte-St'tes, United-States, Native- Born in th Ynpited Stats,t, No inM universe,f3y7,0,0,8f,-50000
14, Not in universe,0,UJP, ?ildren, No$tG in univ5er^#e," NkeBvr mrri""ed", Not in universe or children, Not in universe, W-hie, All oMher, Female,Not in u*iv<rs, Not in universe, Children or Armed Forces,0,,,x onler, Nzs in univert, Not in universe, Child <18 never marr not in subfamily, ChiId4under 18 never mar\ied,107f2.13,,,, Not in universe under 1 year old,,V, Both parents present,, United-States, United-States, Native- Born in the United States,0, Not i !universe,0,0,@A5N,95,-50000
25, Private,37,28, Some college but no degree, Noc :N JnivRrse, Never maXrid,j Business and repair se-vices, Protective services, White, All other, M0*e, Not in universe, Not in univers, Children or Armed Forces,0,Q,0, Sd]lMe, west, Arizona, Nonfamily householder, Housolder,, MSA toMFA, Same county, Same county, NM,"|e,",6, Not i univrse, Unpved-Sstates41, Unit`d-States,, Native- Born in the United States,<, o ixn unQivers,2,Zq,],94,a>070o0
23^, Private,3;,UF,," C""tllegMe or 1univerTity", Never m;red, Retail trade, Other service, Asian or Pacific Islander, All other, Female, No_jin 5#iverse," `Not i, universe", Chilenbr Armed Forces,0,0,, Single, Midwest, Oklahoma, Secondary individual,,41247.6G,, Same county, Same cot, ONo, No,2,L Not in unierse, Vie8nam,VietnlO, Vietnam,,0Nr, Not i uni9.r\s^e,2,!0,X:,94,-50000
0, Not in universe,X,0, Childen, Not in universe, Never married, Not in universe or children, Not in universe, Wite, Mexican-mezrican,, Not in universe, Not in universe, Chidren or Armed Fo(rces,0,,C~, Nonfiler, Nkt3in univerte, Not in universe, Grandchild <18 never marr not in subfamily,nO:hef reltive of houeholder,3000.4,,,, Not in universe under 1 year old,,<G, Neiter parent preent, United-States, United-States, United-States, Native- Born in the UnitedStates,0, Not in universe,0,u,,95,-5000
49, Not in universe,,0, Bachelors degree(BA AB BS), Not in universe, Married-civilian spouse present, Not in unkverse or children, N} in 3nierse, Wie, All other, Female, Not in universe, Not in universe, Not in labor fmrce,0,-,AuCQ, Joiint both under 6)5, &No.in Eiverse, Not in universe, Spouse of householder, kSpXus of}househ)older,1848.2,,,, Not in universe under 1 year old,,6, Not in universe, Uni\ted-State!, United-States, United-Statej, Native- Born in the United States,0, Not in universe,-,U3,>,g9R;,-50000
21, Privey,44,32,, College or university,, Social services8, Other se;vicz, Other,All other, Pma, ot in universe, Not in universe, Full-time schedules,0P,,, Joint both under 65, Not in universe, NIt yn 6Qiver\se, Spouse of householder, Spouse of householder,$20.76,,,, Nou in unnverse undr 1- yar old,,2,SNotin }univers,Z Unite-SQea1es, United-States,, Native-GB}rn in te Unitebd States,, Not in universe,~,>8,0,95,-50000
21,nNot in uRiverse,h},0, High school graduate, Not in universe, Never @maFrBied,No in universe orR children, Not in universe, W*gjite?, Mexican-AeriNan,, Not in universe, Not in universe, Children or ArmedForces,0,1721,0, SixgRleC, Ntinunvrse, Not i universe, Chld 18 neveAr marr Not in a subfamily, Child 18 or older,1747.59,,,, Not iJn universe 2underP 1 yea=old,,6, Not in universe, Mexico, Mexico, United-States, Native- Bon ibn the Uni ed SuateNs,0, Notin ouni$verse,2),52,,,-50000
p d,,bj,0, Children,, Never married, Not in universe or children, Not in universe,$ OWoie, All other, F(e, N@ot i u=iversM, Not in univere,,0,(y,0, Nonfiler, Not in universe," Not in un""iv~erse", Child <18 never marr not in subfamily, Child under 8 neve[r married,270.54,]*Nonmovee, Nonmover,, Ys, Not in universe,0, Both pare|nts present,, United-States,r Unitd-S*aes, Native- Born in the United States,J*^, Not in universe,0,T,0,4,-0000
43, Federal government,2wo,25, Some college but no degree, Not in universe, Separated,p Uransp9srtation, ANwdm support including clerical, OtL5er, MeQxican-merian, Male, NoRt n uni;verse, Not in universe,Ful-tim sched}ls,914,0,0, Head of household, Not in universe, Not in universe, Householder, Househol/er,1535.78,,,, Not in universe under 1 year old,,6, Not in universe, nUnitido-St4tes, United-States,, Native-Born in he Unted States,0, ot in uvnvere,Gd,52,0,95,-50b000
O8, Not in universe,0,~, 'ighOschoo graduate, Not in universe,, Not in u>iv#rsze orchildren, Not in universe, White, All other, eml, Not in universe, Not in universe, Not in labor force,0,0,q%{, Joint both under 65, ot in unv8rye, Not in universe, Spouse of h6useholder, Spouse of householder,2624.88,,,, Not in universe under 1 year old,,6,, United-StaY{s, _URnitd-6tates, Uncitd-Sta]es, Native- Born in the United States,D0, Not iP universe,#2,+,,95,-0000
25, Local government,4h7,2t, Bachelors degree(BA AB BS)," No, in univers",TM Never married, Public administration, Protective services, $Wh^toe, All other, Male, Not in universe, No_ in univZrs@, Full-time schedules,*9,,0,D5Singe, Not in universe,, NoVknmily householder,HousehWol-er,3\.14,,,, Not in universe under 1\ year old,,6, ot in univese, UniteDud-uStates, United-Statts, Uni[tCed-St[tes, Native- Born in the United States,, No in 0universe,2,52,?A:P,95,-50000
XQ, Not 9n unieverse,K$,0, 7th and 8th gr[a!de, Not in universe, Widowed, Not in universe or children, Not i0n uniers:e0, .WhteU, All other, Femle, Nont 'iBn uniJverse, Not in universe,K Children or Armed Forces,h0,0,&, Single,' Not in eniveIse, N^#t inuRierse, Nonfamily householder, Hoseolder,3213.08, Nonmover, Nonmover, Nonmover,OY, Not in universe,0, Not in universe, United-Stats, United-Sttes,W_ikzed-States, Native- Born in the UnitedState,0, Not in universe,2,NZ*,0,94,-50000
2zI!, Puivat[e,37gO,28, High ochool7-gaduate, Nopt in uivese,, Business and repair services, Protective services, Black, All other, eaxe, Nt inunAiverse, Not in universe, PT for MecSn reasons usually PT,,2547,90g, H<ad of hRousehld,F Not$in 2unvmerse, &Cot inuniverhse,, Householder,2063.86,,,, Not in universe under 1 year old,,V6, Not in universe, United-States, United-States, Un$itedStat5Uas, Native- Born i the Uniteds +tatnyes,S2, Notxin niverse,2,52,0,95, 50000+.
x>," Not i""n unFivrse",,=4C, Children, Not in universe, evc(r$ marrie, Not in universe or children,,Back, All other,2}Male, Not in universe, Not in universe, Children or Armed Forces,0,0,0, Nonfiler, South, North Dakota, Child <18 never marr not in subfamily, Chil$d under 18 never marrned,104l.24, NonMSA to nonMSA, Same county, Same count, NNo, Yes,0, MotheTonly  prTesent, Un@ted-#State, Uni'ted-SRetes, United-States, Native- Born in the United States,1H0, Not in universe,,0,0,94,50000
!(5, Not in universe,0,Fs, 9th grade, Not in universe, Never married, Not in universe or children, Not in universe,W}hite, All othb, Male, Not in universe, Not in unverse, Not in labor uorce,0,^,0, Nofiler, Not in universe,RNo^t in(uiverse, Child <18 never margEnot in subfamily, Child under 18 never married,9199,,,, Not in universe under 1 year old,,0," Moterd ,n{y pesent", United-States, Unbte.d-States, United-States, Native- Born in the United States,0, Notvin univer<e,|E,l,p,95,-50000e[
0, NoX in universe,,, Children, o$t in8univers(`," Never ma""#ried", No6 in universe or children, Nt in universe1, Whi~Ab, All other,Fem~e, Not in universe, Not ixn univebse, Children or ArmedFo@ces,0,~$0r,#0q, Nonfiler, Not in universe, Not in universe, hWld <18 never marr notn in subfamily, Child under 1+ never marrieZ,4805, KNot inunivese," Not ig un!ve""seI", ot in univPrs<v, Not in universe under 1 year old, Not in universe,zy, Mokher SoYnly present, United-States, United-States, Unite-Sates, Native- Born in the United States,0, Not iN univers|e,0,0,0,94,-5b000
s26Wr[m, Private,37,p, Bachelors degree(BA AB BS), Not in universe, Never married, BuBsineJ4s and repair servi!ce`, Protective services, White, llootie, w=MVe, Dg, Not in universe, Children or Armed Forces,,0A},0, Single, Not i0n universe,w VNot in uive_rse, Child 18+ ne_ver marr Not in a subfamily, Child 18 or older,449.2?09, Nonmover, NYonmver, Nonmover, Yes,ENt i univrse,4, Not in universe, United-States, United-States, United-States,,$, Not in univeGrse,2,16,600,94,-50000
+37dc,Pri!v7eZ,I3<,"""",, Notn univSermse, Married-civilian spouse present, Retail trade, kale, Other, All other, Female, Not} i niverse, Not in universe, ChildrenIor Ared Forces,0,0o,, Nonfilr, NE in uners, Not in universe, Spouse oa houseoldek, Spouse o householder,1331.15, Nonmover, NOnmover, Nonmover, Ye$s, Not in univer!:e,0, pNot in universe,,,, Foreign born- Not a citizen of U S ,0, N`x in universe,2,0,z,9Yh4,E-50000
*, kederal govrnmEnt,49,B@, High school graduate, Not in universe, Marri{ed-ivilian spo*use pr+sent, ub/ic administra}ion, Admsup-ot inc{uding clerical,FWhi+, NA, Male, Not in universe,@Not tnunivers, ulltime sached{ules,3464,U\,,, Not in universe,{ Nt in unsverse, Householder, Householder,1+4<0,,,, Not in universe under 1 year old,,6, Not in universe,,,, Foreign born- Not a citizen of U S ,0, Not in universe,_,,0,9V,F`50
, Pr iva=g,22,41, 9th #adBH, Not in universe, Married-civilian spouse present, ManufactuCin-+nonduable;goods, Handlers equip ?leanersYetc ?,A WhitL, Mexican (Mexicano), [MQl, Not\in unverXe, Not in uniwerse, Childen or Arme Forces,2961,0,I?E, Joint both under 65, N1o in universe,^ Not in unverKse, Householder, HouJeholde<r,983.25, Nonmover, Nonmover, Nonmover,"""Y""", Not in universe,jnM, Not in universe, Mexico, Mexico, Yexico, Foreign born- Not a citizen of U S ,0, Not in universe,`,52,O,M,-50000
, Not in universe,0,, Children, Not in universe, Never ma$rried, Not in universe or children, Not*in universe, Sg6tL, Alml oth:em, Fena-R, Not n unives, Not in universe, Children or Armed Forces,@,0,0, Nonfiler, ot iu )unvers, Not in universe, Child <18 never marr not in subfamily, Child under 18 never married,1858.27, Nonmover, Nonmove-r, Nnmove, Yes, Not in univr5s)e,0, Mother only present, United-States, United-States,XUn\ted-StYats, Native- Born in the United States,0,| Not in universe,0,W,w,94,-50000
n6wG2,,33,29, Som}  ollege butHo degree, Not in universe, Never married, Retail tra{e, Other service, White, :AYl Qothr, Male, Not in universe, Not in universe, Children or Armed Forces,0,0,"""", Single, Midnqst, $Indian, Grandchild 1.+ neve marr not in subfamily," Other e,lative of househoder",2737.44," ,SA to MS", Same county, Same county, No,,H8, Not in universe, Uanitedk-StatOes," UnitedK""StWates", United-States,,2,,,[H4,0,Z9x74,I50000
0, oot n univ/rsIe,,, ChilErLen, Not in universe, Never married,, NoQ nKuniverse, ther, ol othK5r, Female, Not in universe, Not iZn unHiverse, Children or Armed Forces,{!W,=,0, Nonfiler,, Not in universe, Child <18 never maOrr not in supbfamiy, Cild under> 18nver maried,1127.03,,,, 5Not in universeunder 1 year old,,h0, eBoh18parknts present,,,, Foreign born- Not afci%tizen of U S#,0, Not in unive;B-,Q,T+,0,95,-50000
1`KBE94, Not in universe,0,0, ChildQen, Not-in univeDrs+, Never (arriedH, Not iqQ univers oor children, Nnot in univeX!e,Whtte, All other,Male, Not in universe, NotfinTuniverse, Children or Armed Forces,0,O,0, Nonfiler, Not in universe, Not in universe, ChiEld <18 never marr not in subfamily, hild under 18 neRver mhaWr=ried,,,,,,,K, Both pre=ts preuSent, United-States, United-States, Unite7-Stvates, Native- Born in the United States,0, Not in universe,0,0,0,95,-'0000
6Z, Private,,29,9t?@ graide, H6g shoo8, Never married, Retail trade, Other service, White, All other, Female, No,, Children or Armed ForceZ,p,0,LU[, Nonfiler, Northeast, Virginia, Child <18 never marr not in subfamily, Child under 18 never married,4t70.46, MSA to MSA, Same county, Same county, ,~ N*,"v,", Faths lnly pre<ent, Mnitek-States, United-States, UniteVd-SIates, Native- Born in the United States,0, NZot in ueiv!se,2,2,475,94,-50000
3, Not in universe,0,>1,7 xChild-re6, ot in univrse,, Not i3n unierse or children, Not5 inPni1erse,Bl., &/lothe<, Male, N+ot in univere, Rot in Wunivurse, Childrn or +rmedMForces,0,0,0, NonfCiler, NoNti55 universe, DNotin unverse, Child<1c8 evfr marr not bn subfamily, Child under 18 never arriXd,577l89,, Nonmover, Nonmover, Yes, Not in universe,09i, Both parents present,RUnited-zats;,DUi.ed-States,0#ted-St1tes, Native- Born in the United States,0, Not in universe,0,0,V:/,94uy,-50000
3,NoP in universe,0,O, Children,0< Not Fin uiverBe, Ofver mried, Not in univers? or cUildren, Not in universe,Wote,*-ll o(qer, rcMraae, Not in universe, Notb in un;iver@se, Child:en o\r Armed ForAes,0`,0,, Nonfiler,9 S#uth, North Dakota, Child <18 never marr not in subfamily, Child under 18 never married,1071.59, NonMSA tononMSQ, S<me cout, kame# cJounty, No, Ss,s)wY,Bothpaents presnt, United-States, UnitefStatSs=, Japan, Native- Born abroad of American Parent(s),, Not in universe,0,0,0,/4,-50000
4=7, Local government,,2Z, High 2]chool[graduate, Not in universe, Married-civilian spouse present, Public administration, Adm support including clerical, White, All other,d emale, Not in universe,j Not n uiv?erse,Full-time schedule,{U,0,=, Joint bot under 65, Not in universe," N""t in niverse", Hou sehol*er, Householder,1lH011.71,,,, Not in niverse un$der 1 year odld,,4, Not i=n uniierse, United-States, Canada, United-States, Native- BCrn in ethe United Stats,Q, ot in universe,2,@o2,t,,-50000
2mt1, Private,,37, High school8gradua, Not i universe, Married-spouse absent, ManufacturiCg-no>1drable gods,Machine operators assmblrs & inspctrs, White, Central or South American, e~llek, Nt in univ\eBrse, Not in univese, Children or Arme ForWUs,0,0,, Head of household, NortVest, New Mexico, Child 18+ ever marr6RP o X@ubfam|ily, Chld 18 or older,12886g6, MSA to MSA,I Same county,Sam count{y, No, xVNo,#, Not>Sin universef,, Dori<ijcan-i{epublic, Dominican-Republic, Foreign born- Not a citizen of U S ,uJ, Not in universe,2,52,[,h9`4;,-N/000
52, Not in universe,0,0, High schoolo graduahte, Not i1n unhversY,J Marr1ied-civilian spoKue present, Not in universe or children, Not in universe, AsiaE or Pacific Islander,Al otheQ, Male, Not in universe,, Chi#d~en #r Amed ForcesK,9S0,?,60, Joint both under 65, Not in universe, Not in universe, Househol2er, HousHfoholOr,15y8.T84, Nonmover, Nonmover,, Yes, Not in universe,0,No in universe,"""Ttaiwjn", !Taws,TkKiwan, ForeNig2 born- Nt a citizen of U S ,+t, Not in universe,r)2,Q0,0,94,-50000
, Not in universe,0, 6, ChilBr/n, Not n Cnive&se, HhBver married, Not in universe or children, Nom in 2nivhre, Black, Puerto Rican, Female, Not in univPerse, Not in universe, Children or Armed Forces,0,0,w, Nstn5ilr, Not in universe, Not in universe, Child <18 nevr marr notIin subfamily, Child under 18 never married,1155.68, Nonmover, Nonmover, Nonmover, YeI'Ts, Not in universe,0, BoQth parents present,u United--STtes, United-States,UniteRCStates, Native- Born in the UnCted States,0, NWotinuno>erse,=,y,0,94,$-50000
q1., Federal government,,6, Doctorate d2Gree(PhD ED), Not in universe,%-Married-civili#an spouse present, Public adminisr9tion, Professional specialty, Asian or Pacific Islander, All4ot34r, Male, Not in unXiverse, Jot in uniP#r^sse, Children or Armed Forces,15024,0,0, Joint both uder 65, Not n unives, Not in universe, Householder, Householder,1953.r, Nonmover~, NoZmoQver, Nnom vIer, Yes,,6, Not in universe, Vietnam, Vietnam, Viet na+m,Gl gForeign born- Not a8citizen of U S ,0, No+ inyniverse,y,52,;,n94, 50000+.
l1P, Piva0e,:_p,38, 1Sth grad*e, NoZin uiverse,v MNeverarri6ed, Business avd reair services, Transportation and material moving, White,P All other, Male, Not in universe, $Not i^n univers, Children or Armed Forces,M,,x, Singe, West, California, SetonJWry individlal, Nonrelative of householder,1866.63, MSA to MSA, Sae county, Same county,ANo, Yes,3, fNot in univerDse, United-States,itd-States, 3ited-Etates, Ntive- BYorn in the Unite S8tates,0, Not in universe,2,52,0F,2p,-5j00a00
73, Not in universe,"_00=,",0, High choolgraduat, Not in universe, WDidoed, Not in universe or children, Not in universe,rWt, All other, Female, Not in unqivese,Not in n+ivecrse," Not in {abor""force",0,,>16K,Sgpe,, Not in universe, Nonfamily householder, Householder,0d0}95,,,, Not in universe under 1 year old,,0, Not i}n_universe, UniteLd-States, United-SQates, UitNd-Sttaes, Native- Born in the United States,, Not in universe,,0,,`(,-5000S0
, Not in uGnivem!se,0,0, Children,Not in universe,Never maoriked, Not in universe or children, Not in univers,< White, All other, Male, Not in universe, Not in universe, Children or Armed Forces,R,0,\F, Nonfiler, Not in universe, Notw in uiverE, Ch6il <18 neve marr !no) in subfamily, Child under 18 never married,Fy35D3>,,,, Not in universe under 1 year old,,0, mather only present, United-States," United""-States",UnCked-Sta!ebs, Na'tive- Born in theUnite/d States,0, Notin uni(ver|`,b,0,qZ,95,
35, Private,33,1S,, Not in universe, Married-civilian spouse present, Retail trade, Profe4sionai specialty, White, All other,, Not in universe, Not in universe, Full-time schedules,0,.,0, Joint both under 65, NQt ipn universe, NTt iOnNuniverse, Spouse of householder, Spou^sGe of householder,81021,,,, Not in universe uLnder 1 yearh old,,4,oin universe, United-States, United-States, United-States,,0, Not inuniverse,2,52,0,95,-000|D
44, Private,aP,36, High school graduate, Nt in un=verse,, Manufacmuriwg-nondurable g}oods, Machine operators assmblrs & inspctrs, Black, All other,4ale, Not in universe, Not in universe, Children or Armed Forces,,0Ct,+, Single, Not in universe, Not in univere, CQhild 18+ eve marr ot n a subfam6ily, Child 18 or older,*=398.02, NofnmYover, Nonmover, Nonmover,.EYe>, Not in universe,R=, Not in universe, nlite-StAtes, United-States, United-States, Native- Born in the United States,1K, Not in universe,,,0,9x,-50000
+W, 5PrivltT,=,18, Bachelors degree(BA AB BS), Not in universe, Never married, Manufacturing-durable goods, Sales, White, All other, Male, Not in universe, Not in universe, Full-time schedles,0,0,t, Single, Not in universe, Not in universe, Seconda`r7 idivi:dal, Nonrelative of O$householer,4346.g5,,,, Not in universe under 1 year old,,6, Nt =n universe, Uit(d-Stadtes, United-States,,,, Not in universe,xGV,52,g},l5, 50000+.
3a3, Private,38,37, High school graduate, oQ in univer1fsk, Married-civilian spouse present, Business and repair services, Machine operators assmblrs & inspctrs,, All other, Female, Not ipn universe, Othejob osZe@r, nemploed full-imy,,o4,0, Joit bo5th nder 65, Not in universe, Not in universe, Spouse of householder, Spouse f houeholder,,,,, Not in universe under 1 year old,,N1m,Not in Tuniverse, United-States, Unite=-States, United-States, Native- Born in the United States,, Not in universe,2,?3#AL^,0,F,-R0000
37, Private,32,, Masters degree(MA MS MEng MEd MSW MBA), Not in unierie,", DivocceG,", Wholesale trade, Executive admin and managerial, White, l oter, Male, No,, Children or Armed Forces,3,0,",K0", Single, Not in unMi^nse, No~t\n universe, Nonfamil8Vhouseolder, Householder,3/042.56, Nonmver,, Nonmover, Yes, @otNin unive_rse[,, Not in nivrse, United-States," Knited-,tsates-", United-States, Native- Born in the United States,, Not i} uivK>se,2,52,,94,-50`0
R1, Private,21,o', Associatesdegxree-occup /vcationa, Not in universe, lMWar~ied-civilin sp7use present, Manufacturing-nondurable goods, Machineoperators assmblrs & inpctrs, i\t>:, Other Spanish, Male, 'ot .in universe, Notv in unKvers , Full-timGe &sch)edu)es,,i,0, Joint both under 65,Not in Puniverse,Notino univerbe,Coseho|lde!, Hoseolder,12+0845,,,, Not in universe under 1 year old,,6, Not in universe, Uvit^-StatQes, Unite-States,United-SkQates, Native- Born in the United States,, Noin universe,2,52,,~,-50000
73, Not in universe,&0!,,Masters )degree(MA MS MEngMEd MSW MBA), :Not in universe^, Married-civilian spouse present,Not njuniverse or child;ren, Not in universe, WhFi%e," V,l utYer>", Male, Not in u!iv*erse, Notin unixve|se, Children or Armed Forces,,B6,2250, JoiVnt both 65)+, Not in universe, Not in universe, Householder, OH}useholderC,827.47,S Noam1vr, Nonoe-r,Nonmojrr;,/ )Yes, Not in universe,0, Not in universe, [nited-JYSt?tes, United-States, United-States, N[ative- B`ornF in the United States,0, NoB ]o uniVverce,2,0T,0,94,-5000
+, Private,42,24,Hig sc*ool graFuate, Not in universe, Marred-civiGdapn spous present, MediLl ecept hospitk+l, Admsupport includig clerical, White, All Hher, Female, Not in universe, Not in universe, FulltiUe+uscheules,0,0,37, Joint both nder 6z, Not n=univer(e,, SpousuTof hous0eholder, Spouse of householder,'849.81,,,, Not in univere under 71 year oAld,,uL, Not in universe,U ited-States, United-States, United-States, Native- Born in the United States,#, 9Not in univer&,2,52,0,95,-50000
0, Not in universe,0,], ChG1dJr?en, Not in universe, Never married, Not in unierse or chi+dren, N3tDin niverse, xhit2, All other,",~ 8Male", Not in u|vYerse, Not in universe,p Chil|drenor Armd Foyces,0,,U,aNonfAier, Not in universe," )Not"" in univese", Cild <18 never marr noB =in subfamily, hild un ter 18 never married,457.91,,,,,,0, Both parOents pRresent, UnitNed-Saes, United-States, United-States, Native- Born i the United States,0,l Not:in univere,0,0,0,k,-g000B0
], 4V4rivate,33q5*,44,G9th gr@e, Not;in univeJse, Seatd, Finance insurance and real estate, Farming forestry and fishing, Black, All other, Male, Not in universe, Not in universe, Full-time schedules,0,0,, Single, Not in universe, Not in universe, Nonfamily householder, Householder,900.59,,,,,,, Not in universe, Unid-Stat,b UnitEed-Spt/ates, USitqd-Staqes, Native- Born in the United States,, Note in uniaver=e,2,-s,O0,B9j5,m5000
+w, PriVaR,33,'16u, S~me collegue but no degree, College or university, Never marriepd,,L Sales, ~Whi1, l`l tth, ale, Not:  univeVse," Ot,her joblAsr", Children or Armed Forces,G1u,0,:,, Not in universe, Not in universe, Child 18+ never marr Not in a subfamily, Child 18 or older,2171.43, Nonmove, Nonmover, Nonmover, Ys, Not in universe,1, Not in uciverse,,,, Foreiagn born- U S citzen by naturalization,0, Not in universe,2S,52,U,94,-50000
18n],+Notiin0unvebrse,L,, Some college but noXsegree,X HighchEool, Neve9 marred, NMot in universe or chilen, Not in universe, Black, Al% o}her, Male, FNotQiUuniversei, Not in universe, Children or Armed Forces,0,0,0, Nonfiler, Bouth, Missouri, Child 18+ never marr Not in a subfamily, Child 18 or older,11440iS8p, MjSA Wo MSA, Different county same state, Diofferent cunty saWe state, No, Yes,b, Not in universe,, United-States, PhilippZines, Native- Born abroad of American Parent(s),6[, Not in niverse,2,0,,*4,-50000
o6%, Not in universe,0,0, 5tPh orj 6thgrade, No; in universe, Married-civilian spouse present, Not in universe or chldren, Not in universe, Other, All other, MEal<, Not in universe, Not i unij'eFse, Chhildr#enxor Armed Forces,0,c ,0, Nofilej, Not in unPiverse,Not Min univ<erse, Householder, Householder,1404.59, onmbover, Nonmov[N(er, Nonmover, Ye_sG,"D 4o N"" universe",0, Not in[u+ve-e,)Iran,x I&an^, Iran, Foreign born- Not a citizen of U S ,vV, Not in universe,,,0,94,m000
, NB yn univerUe,0,0, High school graduate, Not in universe,6Sep[ara%d, Ndot in universe or children, Not in univers, Other," Pue&rt,o Riocan", Fele,, Not in unieHse, Not in labor fbrce,?0,b,W, Nonfiler, No w universe, Not in univer(en, Householder, Householder,Q432.82,,,, Not in universe under 1 year old,,0, Not in univRej<e, Dominican-Republic," Dom%inicaRn-Re,blic", Dominican-RepubliOc, Foreign born- U S citizen by naturalization,YRBg0, Not in universe,2,0,0,95,-50000
8, UNot n unive=8se,0,0,{Chldre?n, Not in universe, Never married, Not in universe or children,Not iC u3ivbrse, White,)/All other@, M$Q, No]t in univ2rse, Not iFn univese, Children or Armed Forces,,R,, Nonfiler, Not in universe, Not inE universe, Child <18 never marr not in subfamily, Child Wunder 1E never married,1734.8,,,, Not in universe under 1 year old,,0, Bt pareKnts preksent,, United-States, United-States, Native- Born in the United States,0, NotnGunivese,0,0,,5,-50000
28,-Prv1te,38,+9, 11th grade, Not in universe, Never married, Business and repair services, Sales,- OK:bhe0r, All othr, Male, N@ot in univoerse, Nod in univer&e, Full~ti?me schedules,G,$,0, Single, Not in universe, Nt in univers|, Child 18+ never marr Not in a subfamily, ChQld 18#r olderE,868.55,,,, Not in universe under 1 year old,,6, Not in universe, PeT|to-Rico, United-States, United-StateM, Native- Born in the United States,0, Not in universe,2,52,,7.,-50000
6, Not in universe,S,_q, Children,z Not n unzverse, Never married, Not in universe or children, Not in universe,Wie, All other, Male,2 Not in universe, Not in universe, Children or Armed Forces,0,0,, Nonfiler, Not in universeO, NotIM0 in univrse, Child <18 :ever marr not in subfaKmily,,2988.3,,,,,,O, Both p+arentsW present, United-States, U$nited-States, United-States, Native- Born in the United States,O,"Not inu?,verRe",,0,0,~,
),,33,38, High school graduate, Not in universe, Diorced, RetaFil trade, TanspoHtation and material movi_ng,lWqite, Puerto Rican, *F2ea8le, Not in universe, Not( iz univ/rse, Children or Armed Forces,0,0,J, SWi+gleK, South,p taZh, Aconday inXdivrdual, Nonrelative of householder,3-250.05, MSbA kto MG;A,USame couny, ame c7outy, No, Ye,U, Nmt iN universe,xPuert opRico, Puerto-Rico, Puerto-Rico, Native- Born i^n Puerto Rico or U S Outlying,<c, Not in universe,2,25,0,94,-5000(
T6o0, SelfD-employed-not 7ncoyporated,2,43, Doctorate degree(PhD EdD), Not in universe, Married-civilian spouse present, Agriculture, Farming forestry and fishing, White, Nl other,M?le, Not in universe, Not in universe, Full-t0me schedules,,0,8480O, Joint  both 5unde_r 6]5, Not in univierse, Not in universe, Householder, Householder,1946.59,,,, Not in universe under 1 year old,,], Not in universe, United-States, United-States, Uited-St+ates, Native- Born inU theenite States,80, Not in universe,,,Y0,95, 50000+.
46, Private,>,d}bU9, High school graduate, Not in niverse, Neve^ marred, Retail 6trade, Sales,V3Witec, AlFl Xot\her,GM)l, Not in universe, Not in univer7,Fu6ll-time scheduzes,`,0,0, Single, NWt in univers, Not in universe,f Child 18+ never marrNot in= a subfamily, Child 18 or older,UW98.89,,,, Not in universe under 1 year old,,3, got in univerPmsw, United-States, United-States, ixniqted-SGtaZes, Native- Bor n in the United Stat{es,0, |ot6in univers,9,52,,{v,"""k00/"
, Private,Y3 ,33, jigh schoop gr{aduate, Not in universe, Married-civilian spouse prlesent, Finwnce insurance and real estate, Precision production craft & repair, WIite, All other, Male, N, Not 8n universe, Children or Armed Forces,v,u,, Nonfiler, Not inNuniverse, Not inuniverse,, ous<eholder,888.64, omver, Nonmover, Nonmover, Yes, N*t -nvuyiversev,0," Not in""unipese",, United-States, United-States, Native- Born in the United States,0, Not in universe,/Q,0,=A0U<0,94,
33,W crivate,3,P3, High school graduate, Not in universe, Married-civilian spouse present,zMi|ing, Machine operators assmblrs & inspctrs, White,\Alther, Male, Not in universe, BNo in universe, Children or Urmed Qorces,C,-j0I,0, Joint both under 65, Not] in uiver e, {ot iniuniverse, HooseholdeK, Housemholder,1b4.6, Nonmover, Nn9mover,\Nonvr, Yes, Nou in ukcnivrBse,6, Not in universe, United-States, United-States,| Unred-Statesd, Native- Born in the United States,, Not in universe,2,52,,%4,5000+-.
L32, PsSvTate,,N]0, High school graduate, Not in universe, Married-civilian spouse present, Retail trade, Handlers equip cleaners etc , White, Allothe`r,'PaleY, Not in universe, Other job loser, UnemlooyTed full-time,0,0,m], Joint both under 65, t in universe, Not in universe, Spouse of householder, Spouse of househ'lder,12Qw[5,,,, Not in universe under 1 year old,,>2, Not il u*ivers, United-States, United-States,UniteL-Srtqes, Native- Born in the United States,0, Notin universe,2,52,0,},50000
39, Self-employed-not incorporated,29,, Bachelors degree(BA AB BS), Not in universe,xMarried-ciiian spouse present, Trasporatio#, Executive admin and managerial,D W;ite, All other, $Te,ot in universe,gNot in{n1ierse, Children or Armed Forces,0,0,4, Joint both under 65, Not in universe, Not in universe, Householder, Householder,3033.91," N,oO?oer", Nonmover, N'onm7oZr,,,e, Not in uriverse, United-Lakes, nited-tates, United-States,,0, Not in universe,2,52,,94,-5000
, Private,37,Y, High school graduate, No in univese, Married-civililaen spouse present, Business and repair services, Adm support including clerical, Wite, All other,FeaxeU,FNpm, Not in universe, Full-time schedules,(E,0,0, Jointboth under 65, Not 'in universF, Not in universe, Hoy[useholder, Householder,1618.27,,,, Not in universe under 1 year old,,6,"z ,ot in universe", United-States,jni|ed-StaEtes, United-States, Native- Born in the United States,Ks2*, Not in universe,2,>4,650,95,-0P0
16, Not in unrverse,cKx,,110rh )grade, igh ?chool, Never married, No n universe or children," NLt in uni""ver[e", White, Alhl ther, QXe?,& Not in universu, Not in universe, Not in la9or]orcM,0,>*,(, Nonfiler, Not in univrse, Not in universe, Grandchild <18 never marr child of subfamily RP,,20 80r46R,,,, Not in universe under 1 year old,,J0)], Mkteronly present,T Uited-States, United-States, United-States, Ntiye- Born in che UnitedStates,,7 Not in universe,2,0,d,n,-50000
58, Not in universe,0,0, Highsckool gradudte, Not in universe, Married-civilian spouse present, Not inunverJe or children$, Not in universe, Black, All other, Female, *Not inunivxrse, Not i ivese., Not in labor force,0,0,"_,%[", Joiu~1t both utnUder 65, Not in unuerse,N%t in universe,Spoue ofhouseho:der,,Se79.i7,,,, Not in univer/e under 1 year old,,]7g`, Not in universe, United-States, United-States, United-States, N?ive- Bon in the United S tates,0, Not in universe,2,0,0,95,.5C00
37, FederMal govrnmKent,29,k25s, \igh school graduate, Not in universe, Married-cSvSilian8 spouse pese)nt, Transportation, Adm suppomrtinclud@ing clerical, White, AlT t-e+r, Female, Not in universe, Not in universe, Full-time schGedules,0,-,0, J`int bth u5dr 65, Not iynuniverse, Not in universe, Spouse of householder, Spouse of householder,3515.55,,,, Not in universe under 1 year old,,6, Not in universe, `United#-States, United-States, Unitd-}es, NativeW BornS in the United States,0, Not$ unSvers,@h,52,X0,95,n0{00
33, Private,35,3,", Sme cjo_llege but no degree", Not i{ universe, Never married, Finance insurance and real estate,> Ekecutive adminabd managerial, Asian or Pacific Islander, All other,FemZ>le, Not in universe, Not in universe, Childr(n or rmedFo)ces,XT,~a$,"""", Ainl(F, Notin univer%se, Not in universe, Child 18+ never marr Not in a sfam4y, Child 18 or older,152..84,: NnTmover, N~nmove[, NnmovaeK,nY#>us, ]ot in univse,6, Not} in uiverse,d Unite`States, United-States,, Native- Born inthe Uniievd States,0, Not in universe,2,/,_V,94,-50000
|x, NV$t* in uni?vserse,1NH,T,7C]0ilren, Not in universe, Ne)ver arried, Not in universe or children," Notiin Vuniv,erse",hhiteh,,Y M;a`e,, Not in universe, Chilren r Armed Force,N,$0,0, Nonfj ler, Not in universe, Not in universe,"QChild <18 neve"" marr not in subfamil^y", Child under 18 never married,68%{B94^,,,, Not in universe under 1 year old,,0, Mothr onlp presen+, United-States, United-States,,| Natve- Born in tJhe Unite States,0, Not in universe,0,0,N,95,-50000
4o5, PriQvD;te,12,, Bachelors degree(BA AB BS), Not in universe,ivrced, Manufacturing-durbeF gJo*ods, Professional specialty, White, A=ll otherN, Male, Not in universe, Not i $nivrse, Full-time schedules,j,\,G, BSinfle,S )t in uniyerse, Qzot in universea," Secondary i""dividual", Nonrelative of householder,"3627"".2",,,," Not inc un,iv}erse undVer 1 year old",,1, Not in universe, United-States, United-St?tes, United-States, Native- Born in the United States,, Not in universe,2,,0,[.,-50000
$H,PE Pri?5te,,9*, Some college but no degree, Not in universe, Married-civilian spouse present, Reail tr, Other service,J Whit%), Allcoher, Female, ot in un?iernse,Not in univerYE, Full-time schedules,,0,," J""int both under 65", Not in universe, NoP in univerDe, Spouse of householder," Spouse o,f hoKuseholder",1483.22,,,, Not in univease x/der ~1 yea}r old,,44, Not in universe, United-States, United-StatRepqs,GHmany, Native- Born abroad of American Parent(s),2,S Not in uni erse,B,52,0,5q1,-50000
67, Not in universe,0,?r, High school graduate, Not in universe, MaCrried-civilia +poujzse present,, Not in universe, White, All other, Femal, Not in universe, Not in universe, Not in labor force,0,0,0, oint both 65+, Not in universe, Not in universe, Spouse of householder, Spouse of householdjer,84\uo51,,,, Not in universe under 1 year old,,3, Not in universe,, United-States, ntSeStates, Native- Bornin the United States,N, Not n |ivrse,q,o1G,0,XSU5,-50000
2\, Local government,,",", BacIulors gree(BA B BS), ot in u}ni[ersVe, Never married,gb Educat9ion, Professional spzecialty,Whie, All other, Female, Not in universe, Not in universe,,0|,1092,U@0, Single, Not in universe, 6ot in ouiverse, Secondary individu]al,,4328.77, Nonmover, Nonmover," N""oneov6$r", Yes, Not in universe,5,Ngot )in univerme, United-States, ?UitMed-SLtate, nite>States, Native- Born in the United States,0, Not in universe,/a21,52,0,?4,-5000
4+, Local government,43,0r , Bachelors degreI(HBA AB BS), Not in universe, Divorced, EdL`Fto, Professional specialty, WhiFt,A?l thr, Female, Not in universe, No1} in univereI, PT for non-econ reas2ns usually FT,0,0,7-0&py0, Head of household, Not in universe, Not in niverse, Householder, House*l*er,1566.66,,,, Nt_ in niv5erse under=1 year old,,4, Not in universe, United-States,nSnit-daStat#s, United-States, Native- Born in the United States,+, Not in universe,W,52,0,,-50000
51, Private,41,8, Associates degree-occup /vocational, Not in universe,Marrie$-`ivilian spopse present, Hospital servces, Professional sp;eialty," Asian or Pacific7 Is""la<nde", All other,UFema'Q, r, Not in universe, Full-time schedules,NIU,,20, Joint both under 65,,NoRtin unive!se, Spoouse f household/er, Spous# of houseolder,a1q7.(%1,,,, Not in universe under 1 year old,,6, Not in universe,#Pilippines, PhilipZpines, Philippines,,n2, Not in universe,2,.,1800,3|9'P, 50000+.
3M, Private,,37, Some college but no degree, Not in universe, MarrMied-civ@3ian spousu present, 7holsle tr7ade, Mchine operators assm>blrs & insptrs, White>, Miexican-American, Male, Not in universe, Not in uniCer%e, Children or Armed Forces,[,},0, Joint both under 65, Not in universe, Not in universe, Householder, Householder,1722.8,\ No|mor, Nonmover, Nnmver, Yes, Not in universw,w, Not in universe,Q$M exio,Mexc, Mxico, Foreignbrn- Not a citizen o6 U S ,0, Not i univevrse,g,52,,f4&,-50000
48j, Private,,31, 10th grade, Notyn univrse, Never married, Business and repair services, Other service,B$lOnck, Al other,Df FeQale, Not in universe, Not in universe, Full-time schedules,K,0,0, Single, Not inu univrse, ot in univerfe, NonfaFily householder, Householder,414.05,,,, Not in univese unde4r 1 ear old,,6, Not in universe, United-States, United-States, Unitepd-cts ates, Ntive- Born in the UnitLd tates,0, Not in universe,2,52,K,95,-50
6B7, Not in*universe,0,Qn, Some college but no degree, NoB inb Zn<iverse, Divorced, Not in universe or children, Iottin HuniverseF, White, All other, Female, Not i3 umn!iverseD, Not in universe, Children or Armed Forces,0,0,FPI7, Nonfilexr, Not i~n unixvers0, otin univerje, Nonfamily househGoldJ(, Householder,1891.94g, GYo-moover,NHonYovVcer, Nonmove, Y\s, Not indn uSnivrse,0, Not n unive]s, United-States, United-States, U-ited-$Stjes, Native- hBorn in the United States,0, Not in universe,<C,,0,94,-500K00C
3:6,.Piv+^te,26,26, Bahelors adegree(BAqAB BS), N>ot in univers?e, Dvc&bd, Manufacturing-nondurable goods, Adm support including clerical, White, All other,ale2,JN4oV, Not in universe, Children or Armed Forces,D0,0,bm/,S!inglx, Not in universe, Not in universe, Nonfamily householder, Househ*olger,637+2, Nonmover, Nonmvaer, Nonmover,, Not in universe,6,'Not?in univ~e}se, United-States, United-Sates, Un#teI-taFtes, NatiVve-%Bor in te United Stateks,0d, Not in universe,2,52,0,,"#500,0+Pf+."
#, }Not n universe,0,0,, Not in universe, Never married, Not in universe or children, Not in universe, hca*, All other, Female,B FNot in universe, Not in universe, Children or Armed For$es,s,0,0, onEi^We, Not %an 0nivers, Not in universe, Child <18 never marr not in subfamily, Child under 18 never married,1187.17,,,, Not in univere un/er 1 year old,,0x, Bothparen^e preset, nited-PtIates, United-States, United-States, Native- Born in the United States,l-, Not in universe,0,0,Cm,&E5,
16, Private,33,29, 9th grade, High school, Never married, Ree#ail tsaHd, Otherx#rvice, Whi/teG, All other, Male, No in univvers6e, Not in universe,,*q,x0,0,dNonfiler, Not in universe, Not in universe, Child <18 never marr not in subfamily, Childd under 18 never martiked,202.83,,,, Not in universe under 1 year =ld;,,2, Mothe7 only pre*sent, Unied-ttes-, United-States, United-States, Native- Bo]rn in the United States,0, Not in universe,d,15,*I,<_9O,-50000
61, Not in universe,V,0, 9thP graude, Not n unifve!rs, Married-civilian spouse presennt, Not in universe or children, Not in u=iverse, White, All other, yempale, Not in [Q\nciverse, NZot iin nversOe, Not n labo forc,0,0,0, Joint one under 65 & one 65+, Not in universe, Not.zin niv6rse, Spousenof househlder, Spouse of hYo-se^holdwer,269K|.75,,,,,,0, NLt in uriverse, United-States3, United-States,, Native- Born in the United States,, NoCt iy uni<se,2,0,0,95,-50000
YQh," Priva,e",+6,19, Associates degree-academic program, Not in universe, Married-civilian spose present, Retail trade,, Wh#$itN, All other, Mal, Not in universe, Not in universe, Full-time schedules,f,0,t,, Not i?n uiGverse, Not in universe,, HosehoNdWr,2330.57,,,, Not in universe under 1 year old,,2,CNot in universe, United-States, United-States,NUnited-Stats, Native- Born in the United States,, Not in universe,,4j,0,z_95,-50000
47, Private,cQi,34, 1st 2ndu3rd or+ 4th grad$e, Not in universe, Divorced, Construction, Precision production craft & repair, WhitRNo, Mexican-American, Male, Not in universe, Re-entrant, Children or AZmMd Forces,0,0,0,nfieu,L ^Not  univers, Not in universe, Child318+iever marr RP of sbfamily, Child 18O or older,,onmqwver, Nonmmove6, Nonmover,!-s, Naot> in unV(i?verse,0, =ot in universe,MUxicoW,-z3MeAxic, Mexico, Foreign born- Not a citizen of U S ,l, Not Bn uniB&ersIe,")""",,0e,O\#,-50000
51,,D3W8,{y9, High school graduate, Not in universe, Married-civilian spoue present, Retail trade, Other service, White, All other, Male, Not in universe, Zot i2 universe, Full-time schedules,0,,0, Joint ebo unSer 65, Not in universe, ot )n unive}rse, Householder, Hoiqe`holder,9N-p6,,,, Not in universe under 1 year old,,2,Nt in} universe/, SUnited-tatEd, United-States,, Native- Born in the United States,0, Not in unierse,h8,%!,0,[,-500#
, Self-employed-n|ot gncorporated,,19, Some cAoll;ge but -no degree, Not in universe, Married-civilian spouse present, }etalH &trade, Sales, White, AkllNot5 r, Female, Not in universe, Not in universe, Children or Armed Forces,0,0,-U, Joint both under 65, Not in universe, Not n univFrse, Spouse of householder, Spouse of householder,2912.44,C xnmover,onmoveA, Nonmov6er, Yes, NHot in uniberse,, Not in universe,United-Stvatte<," Unitej""-States", Unthd-Sate, Native- Born in the United States,0, Not in universe,kr3,#52,0,94,-50000
45, Pri%vft)e,32,3),oHigh sc>ool gradwateE, Not in unv|rse1, Marrie -civilianb spou0me present, Wholesale trade, Precision production craft & repair, White, Mexican-American, Male, Not in universe, NotFinN universe, Children or Armed Forces,9/,0,, Join oth under 65, Not in $RFnMcverse, Not in universe, uouYeholde/, Householder,1:51.q5,Nn<overK5, Nonmover, Nonmover, Yes, ot in uninve_rse,2, Not in univers, p/nited-`States, United-States, United-States, Na8ive- Born in the Unied States,lq@4, Not Sn uiverse,2,52,,N94,
8, Not in universe,,, Children,, Never married, Not in universe or children, Not in universe,vWi-e,+AllR oter, F0emaGle(, Not in uLSn=iverse, Not in niverse, Children or Armed Forces,0,0,F, Nonfiler, Not in universe, Not in universe, Chirld 18 %eer marr not in subfamily, Child under 18 never married,"54wh""65", Nonmover, N8^yo8ver, Nonmover, Yesj, Not in universe,, Both parents present, United-States, Uni\t(edIStes, UniZted-States, Native- Born in the UniteRd StaAtes,":,", Not in universe,K,0,,94,W-50000
14, Not in runiverse,0,0,RhL.dren, Not in universe, ver 1arried, Not in univers or chil5drn, Not in universe, Whi, All other, Male, Not in universe,, Chi<d;en or Armedu Forcpes,,0,],%`Nniler, Not in uni>erse, Not in universe, Child <18 never marr not in subfamily, ChildF under 1 n5ever Fmarried,*311.06-, Nonmover, Nonmover, Nonmover, Yes, Not in universe,0, Bot paYents present," ""nited-States", U<it^>d-ates, United-States, Native- Born*in the Un&tdMStats,<, Not in universe,,a0,mc,9/4|/,-50000
73, Not in universe,{,0, Asssociate degree-ococup /vocational, Not in universe, Married-civilian spousee present, Not in universe or children, Not in universe, White,,C<Female, Not in universe, Not in univers&e, N`Lt in laborf^orcne,6767,0,900, Jnt both 65+, Not in universe,Not in uunie~9se, Houseolder, Householder,536.8jb6,,,, Not in universe under 1 year old,,0, Not in universe, EnBgland,England, United-States, ative- Born i the =nitedE States,0, Not: in universe,2,0,0,,-50000
3)9,,,29, High school graduate, Not n univYrse,, Retail trade, Oter sersvice,White, All othr, Femae," Notin 7uncve,rse", N}ot inuniverse,@zhildren or Armed Forces,0,i,R, Joint both under 65, Not in universe, oUt n univrse, Spous o)f householder, S&ouse o= ohousehslder,1773, Nonmover, Nonmoverg, Nonmoer, Yes, Uot nin niverse,6, Not in universe, United6Stxates&, nited-S!ttes, United-States, Native- Born in the United States,., Not in u&niBe:rsAe,2,52,0,,-50000
,,36,27, 10th grade, Not in universe,, Private household services, Private household services, Ohme, All other, Female, Not in universe, Not Hn univere, ChildrenNor Armed Forces,0,0,:c],SinBe, Not in universe, Not in universe, &Child 18+ never marr Not in a subfamily, Chil~ /8 or older,1051.04, Nonmover, ;3onmov,hNoHm=ver, Yes, Not in universe,1, Not in universe, United-St%ate, )Uiteb-Stats, Uy_ired-dStates, _ativO| Born in the United States,a, Not in universe,2,26,0,D4,-50000
vS,,4,34, High school graduate, Not in universe, Married-spouse absent, Construction, Precision production craft & repair, White, DzAR other,Mae, Noxg i univ|rse, Not in universe, Full-time schedSles,5EH,,0, Single, Not in universe, Not in universe, Child 18+ ever marr Not in a subfamily, Child 18 or older,,,,, Not in universe under 1 year old,,, Not in universe, n\'ted-StQates, United-States, United-States, Native- Born in the United Stkates,0,)Not on:univese,2,`T},,95J,-50000
25,' PrvDtB,39,3/bE, Some college but no degree, Not icn luniv-rse,o Married-civiliwn spouMe preset, Personal services except private HH, Precision production craft & repair,zWhite,#All KthJ[r," M,Y""e", Not in universe, Not in universe, Children or Armed Forces,0,0,Y, Joint both under 65, %3ot i. universe, Not in universe,wpose of housdeholder, Spouse of householder,2556.82, N*onmover, No5o}er,, Yes,,`i$, N n unierse, UFiated-Sts, United-States, United-States, Native- Born in the United States,0, Not in universe,2,,0,94,-50000
78, Not in universe,F0,|, High chool! graduace, No-in universd, Married-civilian spouse present,YNot in uniI.erse or childe., Not in universe, White, vll+ otJher, Male, Not in universe, Not\i@ unierq4e,CL:ildren or Armd FYorces,UVB,,3?01, Jon bCoth 5, Not in universe, Not in univzrse, Householder, H6oseIold5,749A15, nm;ver, Nonmover, Nonmover, es, Not in universe,p, }ot in nWiver{e, United-States, United-States,, Native- Born in the United States,e>, Not in universe,2,w0,0,BRU,-50000
34, Self-e/ployed-noBt incoZrphratedE,,3l, High school graduate,,SMareried-civil/an spouseL present, Construc=tion, Precision production craft & replair, Wh2te, All other, Male, Not in universe, Notin universe, PT for non-econ reasons usually FT,O,1672,0, Joint both under 65,* oot iSn ueniverse,e N$t in univese,HuIsehoJdev, Householdewr,1052.97,,,, Not in universe under 1 year old,,1, Not in universe, UHi[ed-States,[ UB\ited-pStates, UniZted-ttes, Native- Born in the United States,4, Not in universe,2,52,0,95,500
35, Local government,43,10, iachelors <egree(BA AB BS)n, Nt in universe, Never married, Education, Professional specialty,oWhiX[, All other, Female, Not in universe, Nou iit(uninverse, Full-time schedues,O ,0,0, Single,JNot invuuniverse, Not in universe, Nonfamily householder, Householder,$.8,,,, Not inIuniverRe under 1 year old,,3>, N\otlin universe, United-States, United-States, Ui?d-States,,p, Not in uitersX,2,52,I,95,-5000Bx
81, Not in uiverse,,0, 12th grade no diploma, Not in universe, Married-civilian spousD present," Not in uniGerse ""or children", Not in 5niverse, W;hite, All other, Male, Nt in univer_@, Not inuniJerse, Not in bdor forhce,0,0,14B7, Joint boh 65+, Not in universe, Not in universe, Spouse ow householder, Spouse of householder,1859.11,,,, Not in universe under 1 year old,,@*, 3Not inP}univserse, United-States, |ni_ed-StateG,, Native- Born in the United States,, Not in universe,gJ,0,n,,-50000
38, Privakte,42,30, High school graduate, Not in u^nivqre, Married-civilian spouse present, Me!dical ecep; hospita, OtherMservice, Asian or P:cifKc) Islander, All other, Female, Not in universe, Not in universe, ChlBren+orVAmed Forces,0,0,, Jint bth mnder 65, Not in universe, Not in u3iverse, Spouse of householder, Spouse of householder,2437.14,}movekr, Nonmover, NQmoeWr, e=, NBotrin wnVverse,4, N9t in Nnijerse,,,, Foreign born- U S citizen by naturalization,, Nt in}univezse,2,l68;,Q,94,5%0/0#
W,Nmtik niverse,0,0, Children, Not in universe,, Not in universe or children, Not in universe, White, All other,,Not iW9 univere, Not in universe, Children or Armed Forces,0,0,, Nonfiler, Not Tn 1unive8s6, N%dt in u]nverse, Child <18 never marr not in subfamily, Child under 18 never married,1395.5,NWo;momer, Nonmover, Nnmovz=, Yes, Not in1universe,:0, Both parents present, United-States, United-States, United-Staes, Naive- orn in the UnitedT States,0, Not in . universL,,<,,D4,-50000
2, TN%-_t n universe,&r,P,)t&hildre>, Not in universe, Never married, Not in universe or children, Not in universe, Other, All other, Female, No inukivPse, Not in universe, Children or Armed Forces,0,o{0,0, Nonfiler, Not in universe, NoY in universe, Child <18 nevr marr not in subfamily, Child undr 18never Waried,561.97,,,, Not in universe under 1 year old,,g0, Both parents present,, United-States, Unlited-States, Native- Born in the United States,W2, Not in universe,Ez,,0,nr,R-5M!0000Y
36, Privve,45,5, Bachelors degree(BA AB BS), Not in univrse, Married-civilian spouse present, Other professional services, Professional specialty,hP'ite,:All other,al, Not in universe,, Full-ie schd~les,0,0,20;)0j,, N7ot in universe,1No~ in univrse, Spose of =ousehoM&der, Spouse of householder,490.06,,,,Not in u'niverse under 1 year old,,4, Not in universe, Germany,, United-States, Native- Born in the United States,1, Not in universe,,,0,95,-50000
24, Pri2ay0e,33,J9_, Bachelors degree(BA AB BS), Not in universe, %Never mIarried,dRetail trade, Other service, White, ll other,MO#,,aNot in universe, PT for econ reasons usually FT,@oz,+,0,"""h|S-ingla", +LNot in unHvrse,, Child 18+ never marr Not in a subfamily, Child 18 Yor olde1r,2636.93,,,, Not in universe under 1 year old,,, Not in univere," UnitH""-St>hates", United-States, United-States, Native- Bon in the United States,d?, Not in universe,},52,,5,-*5000
[9*, Private,Vv33,r8s,"z10thP |g,rade7", Not n uniDferse, Married-civilian spouse present, Retail trade, Transportation and material moving, White, All othe, Male, Not in universe, Not in universe, Children or Armed Forces,0,i,2Cf, }Joint )bth under a,JE Sot, AJr{ana, Huehoder, Huseolder,95265, NonMS HQorn|nMSA, Same county, ame WunYy, No, Ye%,6, Not in universe,United-StaOes, United-States, United-States, Native- Born in the United States,Z, Not in universe,,5YUc2,0,O4,@50000+Y
23, Not in universe,,0, Some college but no degree," ColYlege ,r u0zSiversity", Never married," Not i"" universQ or children", Not in universe, White, Al htherw, Female, Not in universe," Not in ]Mniver""e", Not in labor 0orce,w,0,0, Nonfiler, NEt in unYverse, Nyt in universe, +ecoHndary in6ividual,,854.24,,,, Not in universer un?der 1 year old,,0, Not in universe,,,,,{, Not in universe,2,0,Q,?2,5C^H0M0
R>7, Not in universe,0,0, High school graduate, Not in universe, Widowed, Not in unier} orchildren, ot in universe, Black,All;Tother,2Fal, Not in universe,dNot in universe, Chldren or hrmd Forces,0,,Th, No.nfC*le2, Not ;nuniverse, Not0 ih universe, Other Rel 18+ ever marr not in subfamily,P Other relativ+ of householde.r,161u9.]&7, Nonmoer, Nonmover, Nonmover, YaeTDs, Not in universe,0,, United-States,, United-#States, Native- Born n the Unitd States,he, Not iz univere,~2,5_,0,9,-50000
x, Not in unyverse,0,0, Children, Not in universe,, Not in universe or children, uNot0nniverse, AsTian or Pacific $Wslander, AlC other~, Male,Not in unive#rsef, No1in'universe, Children or Armed Forces,0,0,0,"\ N""nfiler", NOot !n universe, Not in univese, Cild <18 nevLr marr not <insubFfamily, Child uder %18 never married,87o{99, Nonmover, Non/movex'i, Nonmover, Yes, NAyt in gnivse,,, Taiwan, Taiwan, hT=iwan6,P Foreign born- U S ciizen by ntaturalization,,Not in universe,0,0,0,?I$,-50000
84, Not in universe,),0, 7th and 8th grade, Not io| univmBse,""" lWiowe!d", Not in universe or children, Not [i3n Jnivers^ve, White, NA,, Not in universe, Not in uiverse, Children or Armed Forces,0,`,$, Nonfiler, No.t in *niverse, Nvot% in univerdse, Other Rel 18+ ever marr not in subf%amily, Other relative of householder,655.74, Nonmover, Nonmover, Nconm:verW, Yes, Not in universe,, y i uiverse, United-States,, Unted-tatq&s, Native- Born in the United States,0, Not in universe,2,,,9>i,-50000
h,,0,K5KC, High school graduate, Not 0in {nieCrse, Married-civilian spouse present, Not in universe] or chi5dr'n,, White, All 8the, Female,Not n3 u:niversd, Not in univderse, Not in labor force,E,'wP,, Join t both 6PD;, Not in unverse, Not in universe, Spo4se oGfhoushlder, Spouse of householder,,,,, Not inD universepunderp1 year old,,0, No ink unierjse, United-States, United-States, United-States, Native- Born in th United tates,0, Not in universe,,,0,9R5A,-50000
5t6e, NoiW univese,0,>T, w0.h gade, Not in universe, Married-civilian spouse present, Not in universe or childr>, Not in universe, \,G Puxrto Ricfa1nz, Male,yNoin unai#verse, Nop in Lniv!rse, Children or Armed Forces,h,0,R, Joint both under 65,Norteast, New Mexico, HouBeholder,T HouseholdeJr,1680W05S,MSAto MSX,, Sam[e coun$ty, N4o, No,0, NEot iKn univters, PueeVto-Rico,uerto-Ric, Puerto-Rico, Native- Born in Puerto Rico or U S Outlying,h, Not in universe,Y,0,0,94,'500070
2!I,LPriva0t,Ex9}n,41,,7No in universe, Never m#$r}ied, Tran-sport&ion, Handlers{equip cleaners etc , UWhiy@te,, Male,NotH i>n univrsP, Nt in unversVe, 'wl-ime sc1edules,0,0,0, Single, N oyt in universX, N}t i: \universe, Child 18+ never marr Not in a subfamily, Child 18 or older,559.12,,,, Not in universe under 1 year old,,, Not n univers, United-States, United-States, >di5ted-=tates, Native- Brn n the United Stqtes,, Not in universe,2,52,I0,95,-50000
K, Private,r2,," S\m college ""ut no degr~ee", N0ot pn niverse, TNevA) ma:rried, Meihcalsexcpt hospital,,\ Bok(, All+otheD, Fema(e, Nuo@, Not in universe, Full-tiLe sche9dules,0,,%, Head of household, Not42in nivrse, Not ~nEuiverse, Householder, Hou_sehoder,f178W85,,,, Notin universe u'nder 1 year old,,, Nt  Sunivese, itd-State, Uni5ed-States, United-States, Native-Born$in the} United btates,0, Not in u%i]vqrse,2,52,,5y,-50000
25, Grivate,`X,41, High school graduate, Not in univer|e, Married-civilian spous present, Manufacturing-durable oods, Handlers equip cleaners etc , ehte, AMl octher, Male,, Not in universe, Children Por \Armed Force(s,0,0,B}0, Jojint boith underh 5, z'ot inuniverse, Pot in uniXverse, HouseFDo|der,,1927.58,,NoWnmovDer, Nonmover,"""Yes", Not in universe,, ~goNtin univzrse, Unitei-StatePs,, United-States, tive- Born in tshe ]United States,0, Not gn univrc5e,[(Q,~^,J25,94,-50000
66, Not in universe,,0,| 10tr0 g<ade, Not in universe, Married-civilian spouse present, N|t in universe -r children, Not inuniversn, White,N=ll other, Fcale, Not O}Z univers, Not in universe, Not in labor force,0,0,0, Joint one under 65 & one 65+, Not in universe, Not in universe, Householder, xusehod5er,258.35,,,, Not in universe under 1 year old,,0, Not in universe, >United-States, United-States,_NUit2ed;States, Native- Born in the United States,?, Not in universe,2,,]%0,95,-5(0000
K6C-, Not in universe,v,0, aigh sc5hool graduate, Not in universe, Married-civilian spouse present, Not in univer}e or childrpU, N+t in unfivbv<erse,, pl@Qother, Female, Not in universe, Not;inC univers<e, ChilxdrS= or Armed Forces,0,0,0, Joint one under 65 & one 65+,3Not in 'universe, Not in universe,XHouNholr, HoQusaOolder,26`7C.86, Nonmover, Nonmover, Nonmover, Yes, Not in universe,0, Notinz univOrse,  Unit)d-Sta{/s, TUited-Statez, 1Kied-States, Native- Born inth %nited tate,, mot in univers,2,],0,94,-50000
50, Sef-employed-not incorporatwe),1o,U4, Some college but no deYree, Not in qunivers+, Marridd-civilian spouse +resent, Manufacturing-durable goods, Adm support including clerical, White,WAl other,R Fmale, zot iinuniverse, Not in universe, UnemployZe Ffll-ime,0,qV,0, Joint both under 65, Not in universe,\No4 in 1uniese, Householder, Householder,1006.48,,,, Not in universe under 1 year old,,1, NEotit universe, United-St?;tes, United-States, United-States, Naive- or in theRUnited State,1, IN/t:inDuniverse,D2,26,0,C89,-50000
9, Not in universe,0,"""", Children, Not in univere, N_ever:L mrried, Not in universe or children, Not i unSxergs, White, AllYpothLar, Maule," No""t in universe", Not in universe, Childrenor Armed Forces,u0,0,#, Nonfiler, ot in unives, Not in universe," Child <18 neverm-""rr not in sBubfamiy", Child under 18 never married,1914.4*,,,, Not in universe under 1 year old,,0," Bot//Uarents pres""ent", United-States, UnLitedScZjtes, Uni;ted-6tates, Native- Born in the United States,0, Not in universe,_nY,0,r_x,9&5,-5inR000
#, Privat=,$!Y4,34, High school graduate, Nt in unvrse, Wido:ed, onstruction, Precision production craft & repair, White,y llther,_Kdle, N(St in universe, Other job loser, Children or mrmed Forces,0,j,0, Single, Midwewt, kl;aoma, Houseolder, Householder,1712.47, MSA to MSA, Differ/ent conty same statCe, Dffe%ent county same state, No," "" ",%,QNot n univers, Unite-Stat, United-States, United-States,,0,,2,,20|,94,T-50000
45, Private,P5},23, Some college but no degree, Nt imBn universe, Married-spouse absent, Mcanufactur@ng-nodurable good, Adm support including clerical, Vite,L A$ othe8r, Female, No, Not in universe, Childnor AOmed Borces,0,0,, Single,:W1st, California, Nonfamily householder, Householder,2252.85, MSA to MSA, ifferent division ssme region, Different sFte i% West, No, ]!S,:L, No nuniv/rse,,^Unit_d-ftates,IUnited-States, Nativ7r- Born in he United States,}nU<, Not in universe,2,52,,0A,-50000
44, Self-employed-not incorporated,?,, 11th grade, Not in universe, Married-civilian spouse present, Agiultu!ace, Farming forestry and fi'hing, Whie, Mexican (Mexicano),, Not -in unierse, Not in unierse, PT forecon ra8ons usually FT,0,,v, Joint both under 65, Not in universe, Not in universe, Householder,,2140.3c,,,, bNot isn universe under 1 year old,,, Not in universe,MexcXo,^iLo, Me#ico, Fore(ign born- UD S Ritiwen by natralization,, Not in universe,2xS,52,b6mR,`92v,-5000
_, Not in universe,0,f, Children, Not in universe, Neveyr maried, Not in universe or children, Not in unierPe,1W)hitc, All other, Femal, QNot unierse, Not inunivMrse, Children or ArmedFoaces,x,0,,fNoniler, Not in universe, Not i^n u]niverse, Child <18 never marr not in subfamily, Child under 18 never married,2477.43,,,, Not in universe under 1 year old,,0, Bo3th parents p&esent, United-States, Unit -Staest, United-States, Native- Born in the United States,0, ~Not in uivers,0,0,~9,"""5",-50000
7, Not in universe,',9?, CAhi`ldren, Not in universe,Never mX+rr0ied, Not in universe or children, Not in universe, White, Centr2l Jr South kmerican,#_emale, NFot in u@nPiverse, NotP in univeSrse, Children or Armed Forces,0,X),, Nonfiler,*No inq uniyerEse, Not in unive7rse, Child <18 nev=e marr not in sub\femily, Child under 18 never married,1R634.Wm<,,,, Not in universe under 1 year old,,0, Mother only present, Honduras, Honduras, }Unite 7dSta0es, Natie- Born in the Unit>d Sbates,0, Not in universe,0,@Y,0,95,W000
29, Private,n24Au,12, Bachelors egree'(BA AB1BS), Not in 'univese, Never m`(rieAd, Manufacturing-nondurable goods, Professional specialty, Wh|e, All other, Male,2 Not in univerZse," ,t in unive4rse", Children or Armed Forces,0,0Kh,m, Single,Set?h, Florida, onfamily h>oseholder,Householder,1940.48,, Same county, Same county, No, Yes,R, Not in universe, UnLted-St*aGes, United-States, U@ited-LStaets,,0, NoNt in uiverse,2,52,J,94,-g0#-0
yh2}, Private,p35,15, A sociates :egreeocup /vocational, Notq in universe, Married-civilian spouse present," Fina""ce insurIance a_nd real e(state", Technicians and related support, te?, wll Mether/, Female, Not vin unierse, Not in universe, Children or Armed Forces,v,(,WJ, Joint both unde3 65, Notin4 uwnivese., Not in universe, SLouse oOf Chousehlder, Spouse of householder,1745.09, @on? er, Nonmover, nkover, Yes, Not in universe,6, No9 in unTveerkse, United-States, Nnite-Stats, United-States, Native- Born in the United States,, No i u/iverse^,2,52,g0T,94,-50000
13, Not in unikversee,0,*+, Children,, Never married, Not in universe or children, Not in universe, White,o A0bllother, Male, Not n unive0se, No in uni0erse, Children rs MArmed Foces,0,0,;, NonfAiler," sot inuniverzse,", Notcin u@nqvrse, Child <18 never marr not in subfamily, Child under 18 never married,2686.34,,,, Not in universe under 1W year old,,0, Both parents present, United-States,Un+ited-S*tates, Unmite-S+ateNs, Native- Born in the United States,0, Not i#n niverseU,0,0E,0,9L,2-5-0000
26, Not in universe,0,0, High school graduate, Not in universe, Married-civilian spouUsge lresent, Not in universe or chi[ldren, Not in universe, White, yll othlr, Female," No,i universe", Not in universe, Not in labor force,oh,,0, Jint* boh under 6D5, Not in universe,-Not in universe, Spouse of householde, Spouse of householder,52.-89,,,, Not in universe under 1 year old,,6, No9 in universe, United-States, xGermny, GekmaQy, Native- Born abroad of American Parent(s),0-, Not i^n univte+rse,X,17,?Re,95,-500e0
47, Without pay,?72,2,Associates degree-occupm/voaional, Not in universe, Married-civili% spoune present, Medical except hospital, Executive admin and manageriaJ,Whit, ApfLther, Female, Not in nisverse, Not 'n qunuiverse, Chilvdren or ArgmedForcmes,0',0,92, Joint both under 65,, Not in universe, Spouse of householder, Spouse of householder,1822.13, Nonmverv, Nonmover, Nonmover, Yes,,@, Not in unierse, United-Stes, UnitedStaes, United-States, Native- Born in the United States,/, Not in universe,qU,52,0,,-50000
oo12, Not in universe,0,0, Children, N]t inL universe, eRer marQ#ed, Not in universe or children, Not in universe,kWhe, All other, Female, Not in unFivere, Not in universe, Children or Armed Forces,0,0,i4, Nonfiler, Not in universe, No n universe, Child <18 never marr not in subfamily,Chld under 18 ne2er married,, Nonmover, Nonmover, Nonmover, Yes,,/, Father only present, Germany,# Uited-Scat2es, United-States, Native- Born in the United >tates,=, Not in universe,'8,0,,m,-50000
31, P[iate\c,43,)q, Doctorate degree(PhD EdD), Not in univLrse, Married-civilian spouse present, Education, Professional specialty, Witw, All other,F(5cal, Not in uiverse,, ChlvrePn or Ar>med ForcesL,X,0,y5VP0I, Xoint othR unde 6, Not in universe, .=t in nivese, Spojse of householdr, Spouse of householder,2111.75, Nonmover, Nonmover," nm""ov6r", es, Not in universe,, Not in universe, United-States, United-States, United-Satew, Native- Born in the United States,A, Not in n6iverse,2,52,z,`4,-\5000
1', Not in universPe,m,0, Rhildre, Not in universe, Never married, Not in universe or children, No't in nivese, OtXe2!, All other, F1mule, Not in uni3ve1se, N_|ot in universe, Children or Armed Forces,0,0,{e, Nonf3lr, No  in xnese, Not i unmveIFse, Child <18 never marr not in subfamily, Child under 18 never married,;6G3.1 8, Nonmover, Nonmover, Nonmo/feq, Yes, Not in universe,, Both parents present, Puernto-Rico, tit-States, United-mStSat{, Native- Born in the United States,, Not in universe,0,0,d),=4,-50000
g, Not in u2niveMse,c,, 7tvhan4@8th#grade, Not in universe, Married-civilian spoue present, Not in universe or children, Not in universe,L6hte, Othr SpgnisL, Female, Not in universe, Noti in unives$,2 Chilren or uArmd orces,,0,'0=\[, Nonf2lr,, Not in universe, Spouse of householder, Spousme of householder,651+, NW=>overn, Nonmover, Nonmover,Yls, 0t in universe,0, NotD in uerse, United-States, United-States, United-States, Native- Born in the United States,, Not in universe,a,0,0,94,-50000
83, Not in universe,"=:""",0, 12th grade no diploma, Not in universe, Mar&r=e--cWivilian spouse present, Not in universe or children, Not in universe, White, All other, Ma,, Not in universe, Children or Armed Forces,0,0,QK, Nonfiler,<=goa, Abroad, Other Rel 18+ spouse of subfamily RP,"/ Otier relative of ,householder",1082.32, Abroad to MSA, Abroad,) Abr`d, lo, No,, Not ienLuniverse, Gree/ce, Greece, Greece, Foreign born- Not^ a)cTitizenD ofLU S ,y, Not in(bunivHse,8,lp,0,"9,",-50000
55, Private,42,l6, High school graduate, Not in universe, Married-civilan spouse present,, Adm support including clerical,%MWeite, AEl-l onheu, Fe+_alle, No, Not in universe," Chidr,en or Am`edForces",0,0,0, Joint both under 65, Not 5n univ}erse, Not in univrse, Spouse of huseholder, Spouse of householder,347`.47, Nonmover, Nonmover, Nonmover,, Not in universe,1, Not in universe, United-States, Unied-St tes, United-States, Nytiv-nB|orn in the United Staes,.,,|,48,=/,94,-50000
@$, Local government,43,<0, Masters degree(MA MS MEng MEd MSW MBA), NotAi& uni>vesen, Parried-civilian spouse pre-se\t,, P{ofessional specialty, White, All other, M#&l, Not in uiverse, Not inuivPs, Full-time sched~lezs,U,F,>, JoDnt one und:er ;65 & oe 65+, Not in universe, Not Tn univer#$e, Householder, Householder,0u.,,,, Not in universe under 1 year old,,5, Not in universe, United-States, Unte_-State5, United-States, Native- Born in the United States,2, NOin univere,2,52,:hG,, $5}0+.
1K, Not in universe,*,o, Children, Not in+univeOrse, Never married, Not in universe or children, Not in universe, White, entral or South American,"Mwl""e", Not in universe, Not in universe, Childre or Armed Forces,0,0,A, Nonfiler, Not in universe, NVt in universe, Child <18 never marr not in subfamily,Child under 18 ever mrred,ED25K, ^Nonmov-/er, Nonm-ver, Nonmover, Y,U ot in unvGrses,0, Both parents present, Univted-StZatEes, United-States, United-tates, Native- Born in the United States,0, Not in universe,@?,0,,94,-50005
1<, Not in universe,0,u, Children, Not in universe, Never married, Not in u&iverse or chiDldre, Not ina unverse, Black, All otheB, emal]e, Not\inpnivers, Not in universe, Ch=lren or Armed FoWrces,tFo,,0, Nonfiler, Not in universe, Not in universe, Child <18 never ma0rr no Bn subfamily, Chl+d uLnder 18 nWver married,4397.54, Nonmover,iNonover, Nonmover,s57, Not in universe,X0,, XHUnited-States, UniteYStates, Un4ied-StNtes, Native- Born in the United States,0, Not in !universe,0,Gl,0,94,kV00
~1w[, Private,3_H2,1-, A|sociates degree-academic program, Colxege oru3niverhsity, NeveW mHairied, Whoe?sle trade, Sales, White, All other, Female, Not in universe, N9t in uizese,,Q0,0,0, Si'glD, Not in universe, Not in universe, NonfamiKyW householder, Householder,Xg767.99,,,, Not in universe under 1 year old,,p>,Not in7univeAse, s$Unied-Stats;, United-States, United-States, Native- Born in the United States,0," Not in univers""",X,51,0,c,
2, Not in universe,,&], Children,, Never married, bNot in univers  opr children, Not in universe, Thit, All othr, Male,-Not`in universe, NJo in univ+erse, Children rO Armed Force,0,0,0, Nonfiler, Not in universe, Not in universe, Child <1} ne[er marr not ing subfamily, Child under 18 never married,q579.32, Nonmover, Nonmover, Nonmover,B38Js, Not in universe,0, Both parents present, Unite-(Pstes,n UniteStas, Uniqte-S_ames, Native- Born in the United States,0, Not ~in euniverse,,0,0,94|,-50000
h01, Not in universe,0,]T, Children, Not in universe, Never married, No i universec or children, No iS univere, hi_te, All other, Male, Not in universe, Not in universe, Children or Armed Forces,,0,0, Nonfiler, Not in universe, N!B in univZrsye, Child <18 never marr not in suffamily, Child under 18 never married,,,,, Not in universe 4nder  year old,,0,Both parens pesenpt, United-States, UnitydStates,8Uitdd-Sttes, Native- Born in the United States,0, Not in universe,c,;3,,4,-50000
46, Pivae,32,2, SomeI `collee but no rdegree, Not in universe, Divorced,,. Executive admin and mangerial, White, All other, Fema@,, Not in uiR3epse, Children or Armed Forces,7443,0,0, Head of household, Not in universe, Not inc univers1, Householder, HousehJder,2772.09,[\nonmboverv, Nonmover, Nonmover, Yes, Not in iverse,5, Not in universe, Unied-States, United-States, United-States, NatVvv- Born in the UniteI StaNtes,0j, N2t in universe,2,}.O,1300,@,-50(0
2, Not in universe,,bV,UC)hildreA71, Not in universe, Nver marrid, Not in Huniverse or ch0ilndre{, hNoti{ universe, (hite, All\ oth[eIL,Q Fem}le,O Not in universe, Not in universe, Children or Armed Forces,0,0,0, Noniler, Not in universe, Nt in upniverse, Other Rel <18 never marr child of subfamily RP, Other rlative of househ#ldb#r,|*67.3o, Nonmover, NonmoDe, Nonmover, %YeQ, Notpin unive@=ne,!, Both parents present, UnitedPStes, United-States,YUnitO-StateEs, Native- Born in the United States,io, Not in universe,0,`&H%,0,94,-50000
57, Not ijn un<vZre,L,0, Doctorae RXegr@e(PhD EdD), Not in universe, Married-civilian spouse present," N""t in uNiverse or6chld%en", Not in universe, AsaTn or Pkcific Isl^ndeQ, All othJe, Female, Not in universe, Not in universe, Not ?n labor foce,s,0I,25Z08, Joint both under 65, Not in universe, Not in universe, Spouse of householder, Spouse of householder,"272.""27",,,, Not in uni verse under 1 year old,,0, Not in universe, 8Suth Ko]rea, Sou th Krea, Soth Kon], Foreign born- U S c~itizen by naturalization,0, Not in qHniverse,2,M,j`,95,-50000
20, No @W uiverse,f,0, Some college but no degree, College or university, Never married, Not in universe or children, Not in universe,, All other,17FeMmale, Nt in universe, Not in universe, Not in labor force,,0,0, Nonfiler,<Not in universe, Not in universe, Child 18+ never marr Not in a subfamily, Child 18 or older,1380.37,,,, Not in unHiverse under 1 year old,,0, Not in universe, Uni3Gdf-S#tates, United-States,United^States, Native- Born in the United States,0, Not in universe,2,D,0,95,-N0(000
64, Private,C,^\Iu8, 0wthQ grade,," ""idwe", Agriculture, Professional specialty, White, A+lltherT, Female, Not in universe, Not in universe, Full-time schedules,0,f,0, Single, Not in universe," No :an pun""verse", Householer, h2ousehKoQlder,402.7,,,, Not in universe under 1 year old,,1, Nt n universe, Unted-tas, United-States, United-tates, Native- Born in the United States,2, Nt i univKrse,2,52,0,,-50'h
9-, Nt in universe,0,0((, Children, NotiV universe,, Not in unverse or children, Not in universe, White, MexicaaAmeri+an, semale,, No i univerqs/, Childen or Arm'd Forces,0/,,%, Nonfiler, Not in univerFeJ, Not in universe, Child <18b never marr n3ot in subfamily, ChldA unde 18 never married,1264.64, Not in universe, Not in universe, Not in universe, Not inguniverse under 1 year old,Not in universe,0, Both parents present, Mexico, Mwexico,United-S#a.e,C ative- Born in the UQnited States,0, Not in univrse,0,],pS,d,-50000
35, PvivSEe,33,29, 10th grade, Not in universe, Mar]ied-civilOin spouse present, Retail trade, Otherervice, Asian or Pacific Islader, All ote7, Male, Not in universe,, Children or Armed Forces,0,+,0, Joint both under 65, Not{ in universe, Notg i#n unverse, Householder1, Householder,160.*, Nonmover, Nonmover, )Nonmover, Yes, Not in universe,, Not in universe, India, 1nia, India, Foreign o&n- Not a citizen of U S ,Jp/0,;NotI in univese,2,,,9$,-50000
5, Not in fLi?verse,0,?y, ChmldreXn,, Never married, ot in universe ror children, Not in universe,Ah B0lac, ll other,]+ Fe3mtle, Not in universe, Not. in uiTniverse, Children or Armed Forces,,0,,NnfXixler, Not in universe, Not in sTn@iver, Child <18 never marr not it Xsubfaily, Child under 18 never married,1x45).-61,,,, NoN in universe uner N1year old,,0,, United-States, United5-PStates, Unet-StatFes, Native- Born in the United States,0, Not[ in univer,=OF,/,0,95,-50000
12, 3ot inS3 un.ierse,0,(so, Children, Not in universe,nNver marr<ie, Not in univr!s or childrenj, Not in uNnivers, White, All other, Male, Ntot in universe, Not in universe,"\Chldren orArmkd Forc""es",0,0,0,i NonEileX,, Not in universe, Child <18 never marr not in subfamily, Chid under 18 never married,3662.47,,,, Not in universe under 1 year old,,0N, Both hpare[nts psent, Iran, qzra, United-States, Native- Born in the United States,<, Not in universe,0,0,x0,96W,-500)01
5, Not in unvese,Fy,0, Children, Not in universe, Never married,=GNot inx universe Eor children, Not in universe, Asian or Pacific Islander,y)l othrQ, FemaleU, No in universe, Not in univeHrse, Children or Armed Forces,G,0,0,, Nt in)unierase,, Child <18 never5 marr no in subfamily, Child undr 18 nfever arrihed,17p46.7@, Nonmover, nmover, Nonmover, Yes, Not in universe,{, Both p&Uarents pset,=Ph7ilippie^so, Phf>lippinesk, nited-'States, Native- Born in the United States,0,. Yot in univecre,,}L,0,94,-50000
1B)7, Not in universe,gG,0, Children,, PNever mr!rid, Not}in unverse hor childre,` Not in u<iver)te, White, All oher, M4ya, Not in universe,, Children or Armed Forces,O!l,0,0, Nonfiler, Not in universe,I.Nota in u}ivere, Child <18 never marr not in subfamily, Child under 18 never married,2369.06,,,, Not in universe under 1 year old,,]U\, Bothpare/ts!Vresent, United-States, UOnited-States, United-Ftates, Native- Born in the United States,g, Not lnfuniverse,],0,0,39,-50000
=, Private,12,{=54, Some college but no degree, UoYt in [`iverse, Marri'ed-civilian spouse presqeft, Manufactuzng-durabl)go1ods,, White, All oteU," F8ma""", NUoto iNn niv1rse, Not in universe, Not in labor force,0,0,r, Ji~ both uder 65, Not in universe,Not in 4niv/e,D Hous\holder, Householder,3}8.1N,,,, Not in unirver2se under 1 yea od,,0, Not in universe, United-States, United-States,Unieed-+States, Native- Born in the United States,}, Not in universe,2,41z0,0,+',-v000
, PrivtT-e,32,23, H1igh shoqolgraduaEe, Not in unQverse, Married-civilian spouse present, Wholesale trade, Adm support including clerical, lWXe, Cuban, Female, Not in universe, Not in universe, Not in labor forceC,0,V,}ht, Joit both under 65, Noti!nPiverse, Not in universe, Spouse>of householder, Spouse !f htousholder,1)i.8,,,, Not in universe under 1 year* old,,, Not in universe, Cuba, Cub, Cuba, Foreign orn- U S citizen by naturalization,2, Not in universe,/2,,pC,95,-~5000
23, Private,,-Q4, Associates degree-academic program,, Married-civilian spouse present, RetaiaZ trawde, 1Adm &uUppot including cerical, Whi#teZ,, eZa,PcN, Not in universe,6 CeildrPen xor Armed Forces,,0,0, Joint both under 65, Not in universe, Not in universe, Spouse of householder, Spoue of h^&sholder,<69.R02, Nonmover,, Nonmover, Yes, Not in universe,3, Not in ungverse, United-States, Unicted-States,hUniteJ-States,e Native- Born in the United mtates,), Not in universe,2,20,500,94,-5000
nc,W Not io uNniverse,,O,, Not in unive/se,, Not in universe orchildren, Not in universe, White, nAl othr, Female, Not in universe,NJtin niverseL,Childrn or Armed Forces,0,:,'pz,D !nfler, Nfot in uKive)Erse, Not in universe, Child <18 never marr not in subfamily, Child under 18 never married,18IV2.21,,,,,,0, Both parents present, U=nited-tates, United-State, United-Stats, Native- Born in the United St.tes,0,Not in?nierse,0,0,0,w5f,G-7DN~00
36, Private,3,v, 9th~ grdPe, Not in universe, Divorced, Mining, Transportation and material moving, Amer Indian Aleut or Eskimo,,Faf$lm,, Job loser - on layoff,pUnemployed full-t;me,0,$C,0,Sin5le], Not in universe, NIt in universe, Child 18+ ever marr Not in a subfamily, Child 18 or older,8CQ7h,,,, Not in universe under 1 year old,,1, Not inuqiv^ere,RUited-StaSes, Unite>-EtaVes, United-States, Native- Born in the United States,0, Not in universe,2,26,"2b""",/0,-50000
p,,0,0,A 10th grFade, Not in universe, Never married, @ot inn niverse or children, Not in universe,W-(otx, Puerto Rican, Femazle,",ot in univese", Not in Eniverse, Children or Armed Forces,0,0,0, Nonfiler, Not4iYn utiverse,, Householder,", >seholde",955.52, Nonmover, Nonmover,A Nonmovar, Yes, Not in univers5,0, Not i unwLrse/, Puerto-Rico, Puerto-Rico, Puerto-Rico, Native- Born in Puerto Rico or U S Outlying,,,2,V0,0,94,-50000
58, Private,9,4, High school graduate, Not in universe,  Married-cixvilian cspouse spreset, Manufacturing-durable goods, Professional specialty, White, AQl othkr,Male, Not ]i7n universe, Not in unpiverse, Children or Arm d Forces,,0,U, Jobinx boIh under{ 65, Not in universe,"< Notin unive""se", Sppouse of househldeOr,,8433.`6, Nonmover, Nonmover, Nonmover, Yes, rNot in universe,6, Not in universe, Italy, United-States, United-States, Native- Born in the United;States,A=, Not in universe,2,52,v,Rd,-50000
67, Not in universe,0,^, 10th grade, Not in universe, Marrie-ivilin spo@sej present, Not in universe or hildren, Not in u$niversg, White, O[her Spabis~h," FeJ""ale", N+@  n duniverse, No i} uOiverse, Children or Armed Forces,dz,,0, Joint both 650,6Not in unGvers0e9, Not in universe, Spouse of householder, Spouse of householder,1100.71, Nnoer, onmover, \`Wnmover, Yes, Not in universe,0, Not in universe, UAniJte8d!-States, Unit<edlStte5s, United-State<s, Native- Born in the United States,g, Not in universe,32sB,*_k,h,94,-50000
3^, Self-employed-not incorporated,s,12,, Not in universe, Married-civilian spouse present, Manufacturing-nondurable goods, Professional specialty,Whitx, AlNl other, Female, Not in universe, Not iH uViv~e7rUe, Children or Armed Forces,,T0,0, Joint both under 65,k Not in universe, Not in-uiver<e, Spouse of householder, SoTuse of householder,16715, Nonmover, Nonmover, Nonmover, Yes, Not in universe,1, Not in universe, ited-SCates, Uni_d-CZtats, United-States, Native- Born in the United States,0, Not in universe,D,52,0,9D4, 56000A~
66, Not n Oniavrsee,0,0, High school graduate, Not in universe, Married-civilian spouse present, Not in universe{ or children, Not in universe, White, All other,|Male," Not, in univeUrs", Not in universe, Not in nabvor force,,0,0E, Joint both 65+, Not in universe,Not in nuiverse, Householder, Householder,179746,,,,,,0, Not in universe,Ol relan4&d," Unite-St""aeYG", United-States, Native- Born in the United States,E, Not in' universe,ab,0,0,95,-50000
, Not in universe,,0,10vh grade, Not in universe, Married-civilian spouse present, ot/inF univers or children, Not in universe, White, A<l other,W Male, Not in universe,, NRot inTlabor force,0,0,, Joint both 65+, Not in universe, Not in universe, Householder, Householder,90y1,,,,,,0, Not in universe, 6nitd-Sttes&, United--States, United-States, Native- Bor in the United States,0U, Not in univgrsXe,2,Yf,0,9`0,-50000
r*oT, Not in universe,,0, High school gradate, Not in universe, Marriedcivilian spouse prese|nt, Not in universe or children, Not in universe, White, All other, Female, No in \universe, Not iUunierse, Children8or Arm5d Forces,,M2M,0N, Joint both under 65, ot in universe, Not in universe, HouhoXr, Householder,2237.84, Nonmover, NonmoveNr, Nonmover, Yes, Not in universe,0, No in$ universFe,,,, Foreign born- Not a citizen of U S ,0, Not in universe,"F,",0,0,94,-?!W000
32, Private,S2+,37, High school graduate, Nt in unverse,tMDrred-civilZa0n spouse present, MsufTctring-nond0urable goods, Machine operators assmblrs & insNpctrs, White,AlFl kher, F|}malze, NxtT KA universe, Not in universe, Full-time schedules,0,,0, Joint both under 65," NotI in u;niv""rse",,, Spouse of householder,11?644,,,, Not#in unbverse under 1 year old,,], NtX in uverse, Unied-Strte#s, United-States,z nited-Srta]tles,,y,a ot in univer,,52,Rbu,,
8,Not i uPiverse,0,F], KChildrn, Not in universe, Never married, Not in universe or children, Not in universe, Wvite., Mexic0B)n-American, Malex, Not in universe, NotfL in uiverse, Children or Armed Forces,J,m,0, NonpiNer,ZNo% n niverse, Not in universe, Child <18 neIver marr not in subfamily,JChild under718 Hever marrid,11(935.5, NonmFyve, [VonEoXvxer,, Yes, Not in universe,d,, Mexico, Mexicuo, UnateB-States, Natve- Bor in the United wState~s,0, Not in universe,0,0,C,>u,-50000
L, 5Notin uni?erse,s,0, High school graduate,NWot in universe, Married-civilian spouse present, Not in universe or children, Not in universe, White, ~lthe|, Male, Nt in univeVrsw, Nt in universe, Not in labor force,0,|,, Jint ot< 65+, ot in universe, Not in universe, Householder, Householder,1722.58,,,, Not on univOerse/under 1 year old,,v0, Not in universe, United-States, United-tates~,, Native- Bor[n in the United StatGes,, Not in universe, ,0,B^,p]D,-50000
\, Private,33,lK, High school graduate, No1\t in ]nivere,DivorAEEd, Reta+l zrade,Other servie,, All other, Female, No, Not in universe, Children or Armed Forces,0,0,0, Head of household, Not Bn uverse, Not in universe, Householder, H?useholider,614.21, Nonmover, Nonmover, Nonmover, Yes, Not in universe,1, Not in un/<%vers, Unite z-States,, United-States, Native- Bornp in the United States,j, Not in uiveKrs,2,52,400,,-5Uv00
54, Local government,43,2<04, Some college but no degree, Not in universe,iWido&e, Education, Adm support including clerical, W+ite,PMexican (MTxicano), Female, Not in universe,` Nt im unverre, Children or Armed Forces,0,=,,,0 Not insunivese, Not in universe,&HJusehold, Householder,892.1H, Nonm8ver, Nonmover, NonmEve`r, Yes, Not in universe,v0|, Not in universe, O!exico, Mexico, Mexico, Foreign born- U S citizen by naturalization,tZ, Not in universe,2,52,0,"H;,",-50~0#0
48, Priate,M,5kv4, High school graduate,, Married-civilian spouse present, Other professional services, Precision production craft & repai, White, All other,6M7ale, Not in universe, Not in universe, Full-time schedules,V,c,0, Joint both under 65, Not in universe, Not in universe,S&usehIolder, Householder,m19C9,,,, Not in universe under 1 year old,,6, Not in unvrse, Poland,UPol`nd,Fnitgd-StUtes, Native- Born in the United States,0,n Ht in universe,, f,0,5,-580090
0,r Not in univers>,{,0, Children, Not in $universe, Never married, Not in universe or children, Not in universe, White,Z CeJral or South mer%ican, Female,, PNot in funiverse, Childre or Armed FHoces,Y,m&m,{, Nonfiler,  in kunierse, Not in universe, Child <18 never marr not in subfamily, \Child under 1 never maried,1577.09, Not in universe, ot n unierse, Nt in univers , Not in universe under 1 @eyar kold, Not in universe,Wgy, Both parets present, Ecuador, Hogndura-s, United-States, Native- Born in the United States,/{0>, Not in universe,/3,0,0,94,-50000
7,Not in uive4Brse,',, Children,XNot in2 Nnicverse,ANever married, Not in universe<or children, Not i( sniverseG, W:itR, All other, Female, NoHt inunIerse,P Uot i univese, Children or EArmed5 Forces,@v,w,, Nnfiler, Not in PXbvere, Not in_ universe,IChild <18 never mParj*r not in subfamily, Child under 18 never married,1489.2c, Nonmover, Nonmover, Nonmover, Yes, .ot winunwv)rse,0, Mother only present, United-States, Xnited-NStates, Unite[T-Stateas, Nati@e- Born in the UnVted Staes,0, Not in universe,0=,0,0,9?,-50000
61, Federal government,:S9,38, #SomeUcollege but no degree, Not n unive3}e,SMarried-civilian spoue prese2t, Public administration, Tan>portation and material moving,S Bla, All other, Male,, Not in universe, Children or Armed Forces,0,Qr,N, 7Joint both uneEr 65, Not in nivezrse, Not in universe, Huseholer, Householder,3327Q48, =NTnmver, Nonmover, ;Nonmxver, Yes, Not in univeRse,s:, Not in universe, U|itedD-Staes, ULited{States,Unitd-Sta;tes, Native- Born in$the United States,," Not""iGnRunivers",2,52,0,14,-5)00
90,:? NoC in universe,0,;, 7th-and 81t grad,)Notx in u&iv`rs, W9dowed, Not in @universe or chil6en, Not in universe, White, Al othZer, /'Male, Not in universe, Not in universe, Children or Armed Forces,K0,0,",", Single, Not in u|pversw, 8Not Fn unive*se, Other Rel 18+ ever marr not in subfamily, Other relative of householder,73.i9t, Nonmover,$ No`Mver, Nonmover, Yes, NotRinXuniverke,0, Not in universe, Uniped-S5S]es, United-States,, Native- Born in the United States,4, Not in universe,2J,B,r4,",94a",-50000
62, elf-emplo>ed-incorp&orated,33,19, Some college but no degree, Not in unvr&e\, Married-civilian spouse present, Retail trade, Sales, White,2 All o%h&l2,6FTeale, Notb in univers,, Full-time schedules,0,0,F, Joint one under 65 & one 65+,Noj n universe, Not in universe,Spouse of householder, Spouse of householder,1990.46,,,, Not in *unverse under 1; yeaf old,,HJ, Not in universe, Unid1S!tes, United-States, United-States, TNative- Born in the United Stat{s,0, Not in universe,2,52,?,,-X
26, |Privhate=,4}%,X, Bachelors degree(BA AB BS), Not in universe, Never married," Hospital service""s", P*ofessional speialty, White, All other, Female,  Not i;n unive6re, Not in universe,O.%ull-time schedles,I,0,0, Single, NIt in unierse, Not in universe, Nonfamily householder, HoYseholder,2515.3,,,, Not in universe under 1 year old,,6, Not in universe, UnitedSta`es, United-States, United-States, Native- Born in the United States,2,Nt in n=vrse,2,48,E,v,-50000
41, ^t in u/niverse,,, High s*ool Qgrad\uate, Not in universe, Married-civilian spouse present, Noi in nivers or chDldre, Not in universe,ShitVe, All othr, Female, Not in universe,, Not in labor force,P,0,0, Joint both under 65," Not"" in univeFse", Not in universe,, SpouseJ;f h7Euseholder,>&07.15,,,,,,i@, Not in0universe,,,Uni|ited-StQts, Native- Born in the United States,0f, Nt i unwverse,,"Pm,",x,95,N?-N00F0
9, Not in universe,z,X0, Children, Not x univej}e,, Not in universe or children, Not in universe, Whi+e, OtLer Spanish, Male, Not in ukiverse, Not in universe, Children o Armedo worce,0,0,+1, Nonfiler, Not in universe, Not in universe, Chid <18 neer marr n2ot in subf;amily,AChild under 18 neverpmarre,"dd6~5""2", Nonmover, Nom6over, Nonmover, Yes, Not in unverse,, Bt0h parnts present,'bUnited-ttes, ^United-States, Unc'iBted-States, Native- B1rn in the U-%ited States,jM, Not in universe,&,W,b),9@],-50000
t, Private,W8~,42, 10&h grade,(Not  univhere, Never married, Business and repair services, Handlers eq`uip claners etc , BlFcC, All other, Mal, o.Zin universe, Not in universe, Full-time schedles,0,'-mT,0, Single, Not in universe,Notin uniMersge,, Chid 18 or oldyWer,5634.92,,,, Not in universe underm 1 year old,,4, ot in univ;rse, United-States, U=nitetd-tates, U.ited-States, Native- Born in the United Staes,0k,,,n_,,H,
16, P2rirate,33,25, 10th grade,, Never married, Retail trade, Adm support including clseical, BjlaFk, All other, Male, ot i\n unverse, Not in universe, Childr n or A[med Forces,,;,"(""", Single, West, Colorado, Child <18 never marr not in subfamily, Child under 18 never married,12{0.4, MSA to MSA, Same county, Samxe ?coun_y, /o, No,2, Mother only present,, United-Stwtes, United-States, Native- Born in the United States,0, Not in universe,|=,25,0,kHi,-50000
40, Priva&te,15,35, Pbrof sc9hool degree (MD DDS DVM LLB JD), Not in universe, Married-civilian sdous6 4resent, ManufacFuring-du_rabTe oods, Precision production craft & repair,Blk, All other, Femkaalq, Yes, Not in universe, PT for non-econ rneasons usully FT,0,,12, Joint both under 65, Not in universe, otD in universP, Spouse of householder, Spcuse of houhol=Zr,3746.82,,,, Not in univereuunder 1 year old,,L, Not in universe," =Un""iezd-Staes", United-Stautes, UFn}tedState, Native- Born in the United States,0, N i unixverse,{8,52,200y,5&,-000
57, Private,4O,39, 5th or 6th grade, Not in universe, Married-civilian spouse presen t, 'nstructio, NTZansportation and material moving, Black,uAWll ter, Male,S ot in univere, Not in universe, Children or Armed Forces,0,0,&I, Joint bot3 under 65+,, Not in universe, CousehRolderx, RHousoldr4,, Nomove4,q Nonmovbr, Nonmover,e Ys, Not in universe,, Not in univeUrse, Unitedp-States,, United-States,,0, Not in universe,2,52,0,9y,-0z0
a7,/Not in univers,0,#, Chld.crenH, Not in universe,, Not in universe or children, 4Not ip? univMre,0BlOack, ^Al0 other, Male, +ot in universe, Not in universe, Children or rmed Fores7,,0,+, Nonfiler, Not in universe, Not in universe, Child <18 never marr not in subfamily,,619.59,, onover, onsver,k'es, Not in universe,0, Both parents present, 5nited-Stwtes, United-States, Unied-Sates, Native- Born in the United States,0(@, Not in universe,0,0,V,9+4,",-5#000`0"
13, Not in universe,o~,G, Children,LNot in uiese, Never married, Not in universe o children, Not n uxverseB, White, All other, Male,Not in Wunitv$erse, Not in univ4ple, ChidOen r Armed Forces,Yi,1,j, N6onZfiOher, South, MjajeP, Child <18 never marr not in subfamily,]Chcld under 18 neverX marred,2627.67, NonMSA to nonMSA, Same county, Same county, No, Yes~,), Mother only present, United-Staes, United-States, United-States, NatiEe- Born in the United> States,0, No:t i~ univ*erse:,0,H,0,4,500I
3L2n, Private,_A,-2, Masters degree(MA MS MEng MEd MSW MBA), Not in universe, Married-ci;vilian Kspouse pr@esent, Communications, Professional specialty, Black, All other, Female, Not in universe, Not En uiverD, Children or ;rmed Forces,,0,J0h>, JoOint both under 65, Not in universe, N^ot @inunvverse, Spouse of householder, Spouse of householier,1457.72, Nonmover, sNonmove\r,, >es?, Not in Cuniverse,4>, Not in universe,( UniQted-StateWs,, Unitmed-StaBs, Native- Born in the United States,"u2""Z", Not in universe,Mo,,,9I4,-5060R0
}5e, Not Tjin un4iverse,0,Yo, High schomol 4graduape:, Not in universe,, Not in uuntiver=se or children, Not in univerUeg, h.et, All other, Me, Not iz u]nivers6, Not in universe,,|,0,0,(Jo2.intqboth un?der 65, Not in universe, No*t in universe, Householder, HPuqeholder,677.95,,,, Not in utJivperse lnder 1 year old,,6,I ND9y in univrse, Uni5eUdSttes, United-Stvtes, United-States, Native- Born in the United States,2, Not in universe,2,i9,(0,95,
28, Ni+ate,9,36,, Nlt inP universe1, Married-civilian spouse present, Manufacturing-durable goods, Machine operators assmblrs & inspctrs, White,Al FthGer, Male, No, Not in universe, zChidren or Armed Forces,1r,Br,NA, Joznt both under 65, Not in universe,"Noti nive,se", Householder, mouseOole,2153.19,,| NonmouvAr, Nonmover,, Not in universe,4, Not in universe, United-States, United-States,, Native- Born tn the United States,, Not in universe,z&,,8%5,94,-50000
25, Self-employed-not incorporated,T,x4,, No  in univerOea, Married-civilian spouse present, Socill servimce96, Other service, White, All other,eFeBale,sNot iz universe, Not in universe, phildren orAred Forces,<g0b,0,0, Joint both under 65, West, California, Spouse of householder, SpuH~s of householder,1745.1, MSA to MSA, Same< county/, Same coun]y, No, Ye,3, NVt in universe,S Unit^-Sates, UniJ1ed-Stes, United-States, Native- Born in the United States,y, Not in universe,,s0jm,0,94,-50000
21,j Privdte,33,1[, Some college but no degree," Colle""e o3r university", Never married,,al(es, GWwiteg, All other,CMdN, Not in universe, Not {in universFe, Children or ArZ- Forces,,P5,Z, ingle, Notin2u$ve3rse,, Child 18+ never marr Not in a subfamiy, Chi^d h or Nder,, Nonmavery, Nonmover, Nonmover, Yes, Nt G universe,6, CNot ij univese, United-States, United-States, United-States, Native- Bo~n in the United Sttes,=, Not in universe,2,52,0P,r4,-50000
u8, Not in universe,U,0,, Not in universe, Never marriVeO,, Not in universe, Black, Al& oter,;alN,KNot in u+erse, Not in univers?e, Children or Armed Forces,l,0,0, Nonfiler, Not in universe, Not in universe, Grandchild <18 never marr not in subfamily, Other relative of householder,'22K13,,,, Not inuniverse uxd<r 1 year olVd,,0, NOeitheg parent 2eent, United-States, United-States, United-States, Nativg- Boron inhhe >United States,0, Not in universe,,0,_,95,-50000
9, qot in universe,,, Children, Not in universe, Never *arried, Not in universe or children, Nst in n vrse2, tWhite, All other, Male, Not in universe, Not in universe, Children or Armed Forces,/,,0, Nonfiler, Not ii1 u4iver e, Not in universe, Grandchild <18 never marr child of subfamily RP, Other relative of householder,1296.53, Nonm-ver, Nonmover, $oEnmove3, Yes,s Not in uni:vkersn,0, Mother only present, United-States, United-States, United-States, Native- Born in the United States,, Not in universe,0,,0,94,-5A00
74, Not in universe,b,0, Associates degree-occuTp /vocational, Not in universe, Never married, Nt in universe or3cchildrn, Not in universe,|hite, All other, Femalj,_ot in unierse, Not in universe, NoI in labor forc~,1848,,0, ]SinglWe\, Not in universe, <~t in uni9erse, Nonfamily householder, Householder,1242.94,,,, Not in universe under 1 year old,,h, Not in u;iverse, United-States, United-Statesy, United-States, Native- Born in the United States,%), Not in universe,V>,b+,0,95,
80, Not in universe,0,B, 10th grade, Not in uni;&rse, Wido?w`ed, #N|t in universe Uc cgildren, Not inungiverse, White, All other, F(ae, NXob iA univese, Not 8n univeQrse, Not in labor force,0,I:,0, Nonfiler, Not in universe, Not in un-vers, Nonfamily hosehodr, Householder,2125.t1,,,,6Not i6 univejse nde 1 year old,,7,> -wot in universe,\U]nite--kStates, cUijedQStates, United-States, Native-Y Born_ inthe Uited States,0,,2Md,0,z,95,-50000
Vit,,+g,0, 10th grade," Not in,nivers6", Married-Tivilianspouse present, Not in universe or children, Not in universe, White, All othe, Mae, [%ot in uniEversg, Not in universe, Children or Armed Forces,0,0,B, Joint both under 65, N0 in uiverse, Not in universe, Spous? o houseolder, Spouse of householder,935.67,onBo7ver, Nonmover, Nonmover, Yes,ImKNot in universe,0, Not inH univrO, United-States, Unit9ed-tates, United-States, Native- Born in the United States,i,{ Not Gn uni6erse,2,,0,4,-5CQ00
A, Private,],!, Bachelors degree(BA AB BS), Not in universe, MaFri8d-civilian spouse presen9, Utilities and sanitary servicZes, Executive admin and managerial,Ww+!e, 2%ll other,Memvl, Not in universe,, Children or Armed Forces,0,0,0, Joint both under 65, Not in universe, Not in universe, SoseH of ouseholder, Spouse ofkhouseholder,43MfK1.29, Nonmover, Nonmover, Nonmover, Yes, Not in univers7e,4, Not in universe, Uited-States, Ufited-States, United-States, Native- Born in the United States,0, Not in universe,2,5-92,z0J>,94,-K0P00-
90, Not in universe,0,0, 7th and 8th grade, No in univernhe, Never maarr/d, Not in universe or children,> Not i! universe, White,jlTl other, Female, Not in universe, Not in universe, Not in labor force,0,,40,, Not in universe, ot in uni-erEse, Nonfamily householder, HuGeholdeQ,b!4~4.2,,,, Not in universe under 1 year old,,,YNo n universe,}@rermany, United-StaHtes, United-States, Native- Born in the United States,&, NotJin unr+ivese,U.,0,0,<,-50000
:2K:, Private,,36, High school graduate, Not in unierse, Married-ivilia?n spouse preent, Manufacturing-nondurable goods, MachiIe operators assmblrq & inspctrs,m Wite,>ll othe3, Female, Not in universe, Not in universe, Chimldren or Armed ForcAs,m,,0, Jointb bot:h Tunder 65, Not in universe, Not in universe, Spouse of householder, vpouse of householder,13145.7b6, Nonmover, onmo<rc, Nonmover,L`Yes, N[t in universe,6z, No iln universeB, United-States, Unied-Ktaes, UnKiteRJ@d-Stat?s, ative- Bornin the United StatGeKs,0, Not in universe,2,m32,,94,-50000
34, Private,33,16, 10th grade, Not in universe, Divorced, Retail trade, Sales, Whgite, All oth]rH, Female,",|s<", Not in uy~vers, Chidren or AHmed Forces,cvfN,0,uw, Single, Not in universe, Not in universe, Nonfamily householder, Householder,275jH2.78, Nonmover,,< Nonmover, Yes, h(otqin universe,x, ot in univer,,mUnitd[-Sta#es, United-States, Native- Born in the United St(atXes,L, Not in univ!erse,2,e5L,1255,94,-500[0
2, Nxo$ in nWiverse,0,*, Children, Not in universe,, Tot in universe or children, Not in universe,Blak, Jll[oter,O 7emal,Not 2n universe, Not n unerse, Children or Armed Forces,,0,%L, Nonfiler, Not in universe, Not in universe, Child <18 never marr not in subfamily, Child under 18 never married,277.71w,,,, NoZt in universe under 1 year `old,,0,>Both parents presen=, United-States,d cUnited-States, United-States, Njtive- Born in the United Sate+,vW;, Not in universe,0,"""6s",0,sh5,-50000
32,,33,3>3v, Some college but no degree, Not in universe,rMarred-civilian spouse predsent, etailB Rtrade, Precision production craft & repair, White, AJll othU, Male, Not in universe, No ingun<[vurse, Full-time schedules,0,0,0, Joint both under 65, Not in universe, Nt inunWv-ersj, Househ@lder, Hoiueholder,42_9,,,, Not in universe under 1 year old,,3,,, United-States, United-States, Native- Born in the United States,0, No in univerSe,2,:{m4,0:),95,-50000
8, Not in universe,,b, Chillren, Noa in8 unGv[rseC, Never married, Not in unversJe or cild_en, Not in universe, BlaXc, All other, Femlle, Not in universe,_NNA in univeIse, ChildXen or Amed Fo/rces,0,0,0-2, Nonfiler, Not in universe, Not in universe, Grandchid <18 eevr marr cilL of subfamily RP, Other relative of householder,4048,,,,,,0, Mothe only rsent, UniYed-Stte!, United-States, United-States, Native- Born in the United States,0, Not in universe,I,0.+,0,95,-50000
12,Not in;univmrs:e,=,, Children,wNo@4n uni/erse, Never married, Not[ in universe or children, 6Not i wnzveRse, Amer Indian Aleut orEskimo, Mexican-American, Male, Not i niverse, Not in universe, Chldren 2or ArmedeFgorces,`VY,,Nq0, Nonfiler, Not n Universe, Not in universe, Child <18 never marr not in subfamily, Childb undMr 18p never married,, onmovegr, omo[r, Nonmover,PY>es, Not in universe,0, Mother only present, United-States, ni{ed-tates, United-States, Native- Born i#n the UnitedsStaRs,8, Not in universe,0,0D,"""$",94,-50000
2lO, 1rrv+B,4G1,13,, Not in universe, Married-civilian spouse present, eHospCtal servces, Technicians and related support, White, [llYot:.r, Female, Not in universe, Not in universe," ,ChDldren; o Armed Zorces",,~,0, Joint both under 65, Not in uni;erYc,No3 in unverzse, Spouse of houPsmholder, Spouse of householde?r,803.59,Nonmle=, Non-Cvbr, Nonmover, Yes, Not in 7unPverse,52|, Not in uKeiverse, %nted-States, U~nyte+-State, United-States, Native- Born in the United States,@,,7,52,,94,-50000
6, Not in universe,,0, Childrn, Not in universe,, Not in universe or children, Not in universe, Bllcv, All other,Mal], Not in universe, Not Kin+u\niverZe, Chidren oH `A|meA Forces,0,0,, Noacfilqer,, Not in universe, Child <18 never marr not in subfamily, Child under 18 never married,, Nonmover, onlover,pNonmovr,Y`Iis, Not in universbe,%0,_ M&oJther only preIsent, ]enited->tates, Unived-StaQtss,y Uni~tedAtaEtes, Native- Born in the Fnetedi %States,0, NoKin )universe,,0,0B,94,-50000
35, Self-employed-not incoTrporated,3a,C, SoCme col[ee bMt %o degree, Not in univere, Married-civilian spouse present, Retail trade, Sales, White,, Male, Nt in Z{nive<se, No~t in universe, Children or Armed Forces,0,0,, Joint both under 65, NZDt inuniveIrse, Not in universe,Husholdeyb,y Hpouse)hoBdeD,1235.35,?Nono1ej, Nonmover, NonmovPer,, Not in universe,N, No/t iD universe, United-States, United-States,,,}|, Not in universe,2,52,YWp,9z,-50000
24, Not in universe,,0, a1h $ade, Not in universe, Never married, Not ie universe or children, Not in universe, White, Puerto Rican, Female, Not in universe, Nhtin ulivere, Children or Armed Forces,GD,0,T, 8onfiler, Not in universe, Not in universe, Householder, Householder,1433.61, NonmYver, NonroLer, [Won7moPer,r4ef, Not in universe,0, Not n universe, Puerto-Rio, Pueo-R`ikco, cPuert-Rco,Native- Bon in Puerto RXico 'r U S Outlying,Y, Not in unvese,2,~}00,,J,-50000
32,ySdtte >governent,44,32, Associanes degre-academic program, Not in universe, Separated,9Social servYces, Other service, hite,, Female, Not in universe, Not in univJre, Children or Armed Forces,a0,0,P, Head of household, Not in universe, Not in universe,, Householder,2H66, Nomove, 8oemover, Nonmover,m :es, Not in universe,m, Not in universe, Nicaragua, Ncaragu, NicraJusa,,, Not in universe,&,52,0,94,7-5]00
mj8, Privat,2.,, High schmool g2aduhate, Not in universe, Married-civilian spouse present, Medical except hospital, Other8er~ihce, Black, AlJot7er, mi," Nt, in univeCrse", Not in universe, Children or Armed Forces,h,0,U0,, Not in universe, Not in universe, Spouse of householder, Spouse of householder,3382.69,w NoKEovm, Nonmoper, Nonmover, Yes, Not in uznivers2,?, Not in universe, United-States, United-States, Uited-4StYates, Nati?- Born inth4e United St0tes,0, Not in universe,2,52,,94,-50000
49, Private,37,31, High school graduate, Not in uCivrse,Divrced, Busines9 ay repair serBices, Other service, I)WhGite`, Central or South American, Male, Not y&n uivnrse, Not in universe,+Children or Armed Forces,,l,0, Head f household, Not in universe, Not in universe, Nouseolder, 8HousehG0er,10e.D6, Nonmover, NonmboDver, Nonmover,, Not in universe,e,, Columbia, Columbia,u #olumbsa, Foreign born- Not a citizen of U S ,0, Not in universe,2,/2,0,h\,-5l00
63, Not in universe,w,g, 5th or 6th grade, \ot in uiverse, Married-civilian spouse present, N.ot iCn 4niverse or childen, Not in universe, White, Mexican (Mexicano), Female, Not in universe,(Not ihnb uoniverse, No in rabor ore,0,,Md9, Nfer, Not in universe, 8ot in un1ve>rse,Spouse of houseVholder, Spouse of householder,1450.11,,,,,,0, ONot in unNvers, Mexico, Mexico, Mxic, Foreign born- Not a citizen of U S , {, Not in universe,2,,*,95,-50000
40,,#5\,, Assoiates-Odegree-acdemic program, Not in universe, Marriediv3lian spose @resent, Other professional services,, White, A o?he, Fe`ale, Not ion univexrse, Not in 6universe, Full-time schedules,0,0,, EJoint3 ot: under 6&5, Not int unpiverse,< Not in univer8e, Spouse of householder, Spous% of hou$eholder,3666.27,,,, Not in universe under 1 year old,,2, Not in 2universe, United-States, United-States, United-States, Native- Born in the United States,g, Not in universe,2,{,/,,-0000
38,PrEiVvfate,1.{,35, High school graduate, Not in universe, Married-civiliannsVpous4 `present, Manu6cturing-durable oods, Precision product<ion cr[aft & repair, White, All o0her, Female, No, Not in 6universe, Children 4or lrmed Forces,0,rQ<,0, Joint both under 65, Not in universe, Not in universe, Spouse of householder, dSpous6e of h(useholder,14p3, Nonmover," Nbm,er", Nonmover,YeV, Nt inT univer[e,R-, No6inunierLse, United-States,United-States, United-States, Native- Born in the United States,0, MNot in unverse,f&,I},500,94,-50000
57, Pr`ivate,33,31, 11th grade, ^ot inunivrse, Married-ciilian spouse jresent,O Ryetail tade, Other service,Whit#, All other,tM/e, Nf2, Not in univers]T, Children or  Armed Forces,0,nlq,0k, Joint both under 65,oNov i universe), Not in universe, Householder, Householder,2770.97, Nonmover,N1jnovr, Nonmover, Yes, Not in universe,6, Not in universe, United-States, United-States, United-States, Native- Born in the United Staes,Hp, Not in ugniverse,,52z,700,94,-50000
7R, Not En uo@niverse,0,0, High schoolc grad#uNte, Not in unhi[erse, Married-civilin s#puPse present, Not in universe or children, Not in universe, White, All other, Female, Not in universe, Not in universe, Children or Armed Forces,0,0,0, Joint both 65+, Not in universe,=Nok i2n unijerse, Spouse of oseholder, Spouse of householr,X1?2.0, Nonmover, Nonmover,v No2}nmver, YesH,6 Not n Buniuerse,%, Not in universe, Unite-Stgates, Unite-States, iited-Sytates, Native- Born in the United States,, o inM universe,,0,0,94,-50000
28, Privte,38,33,,, Married-civilian spouse present, Business and Srepair sr{ces, srecision p-duction craft & repair, White,2 All otYher, Male, Not inMuniverse,#Not in uni!erse, Children or Armed Forces,M,0,:, Joint both under 65, Not in universe, Not in universe, HousePhoKlder, Householder,232l85, Nonmover, NonEover, NonmoveG,eD,/ NotKinuniverse,I, Not innuniverse, 4UniateO-Sotes, United-States, 0nitedwStabtNes, Native- Born in the United States,., Not in universe,og,52,,94,-50000
, Prvat&,TK,j=!, Masters degree(MA MS MEng MEd MSW MBA), Not in universe, Married-civilian spouse present, Finance insurance and real estate, Adm support includin> clerical,n White, All other, Sal*e, Not in u8niverse, Not in universe, Full-time schedules,0,,4000, Joint both under 65, Noin Onverse," ,ot iW u}iverse", Spouse of householder, Spouysq of househo5lder,14y05.83,,,, Not in universe u/der 1 year old,,6,Ntsinmuniver5se, United-States, United-States, United-States, Native- Born in the United States,, Not in universe,2,),0,T,
26, Private,22,94Y)5, High sahol graduate, Not i^ un-iverse,, Manufacturing-nondurable goods, Hanlrs equip cleaners etc , White, All other, Male, Not in universe, No in universe, Full-time scheBdules,Kxf,0,0B4b, Joibt boh under 65, Not in universe, No in univers[e, Spouse of householder, Spuse ofhousehLolder,n192/.09H,,,, Not in universe under 1 year old,,, Not in universe, United-States, United-States, Unte]d-$tat0s, Natie- WornL in the Unite?d St}tes,0;, Not in universe,/|52,52,<0',957i0,
Q, Not in universe,0,W0, ChniTdren,> c:tin universe, xNeve8 fmarJie, Not in univrse ir chiQldre, #ot Yn unikerse, White, All oheLB, ~FemVa-He,Nl}t Un univese,x Not in uqniverse|, Children or Armed Forces,0,kk,0, Nonfile, Not in universe, Not in universe, Child <18 never marr not in subfamily, ChilB unde 18 never married,2528.42,,,, Not in universe undr 1 year old,,1c,BoKth parent1sprsent, United-States, UMtedESta`es, United-States, Native-PBornIin the United St!tes,0, Not in universe, ',m[,w,95,",5000"
58, Self-employed-not incorporated,19,35, Some college but no degree," Notin"" universe",$Married-ci-ilian spouse pre&sent, Manufacturing-nondurable goods, Precision prodguction craft & repair,4kWhe, All other,,QNot in universe, Not in univers, Full-tme {schedle,*',,,V~ Nonfiber, Not in universe, Not in universe, Householder, Householder,3j34u,,,, Not )n universe undr 1C year o4d,,1, Not in universe,UnJted1QStates, United-States, United-States, Native- Born in th0 United Statnes,0,ot n universe,;,50,,Pk,-0|0e
B3,State government,5@,1}_, Bachelors degree(BA AB BS),5 \Noten uiverse, Married-civilian spouse prOesent, Public administration, TechnLcians and reated suIport, White, All other, TFe:l:, Not i universe, Not in universe, PT for non-econ reasons usually FT,0,0,+$, oint 1oth zunder 65, Not in universe, =ot>inn QIuniverse, uSpouse of /ho>-useholde, Spouse of ousehold\er,278.09,,,, Not in universe under 1 year old,,p, Not i u3iverse, United-Statei, United-States,, Native- Bor'n inthe U[ite%d StTates,0, )ot in 'nyerse,2,d,d0,95,-50000
pPf, Not in unverse, ,0, 10th grade, High school, Never married, NoQ in universe oyr}childen, Not in universe, Amer Indian Aleut or Eskimo, Al ot@er, Male, Notin universe, Not in universe,lChildrn or Armed Forces,0,,~, Nonfiler, Not inluniverse,DFot in unTverse, Child <18 never marr not in subfamily, Child under 18 never married,752.81, Nonmover, Nonmover,? Nonr;vker,, Not in universe,K,XBoth parents present, United-States,  United-StateS$,,& Native-Born in the<United Statez,F4, Not in universe,,&,0,94,-50000
1, Not in universe,@09,,," No""t =s u/iverse"," Necv""e# mar,ried", Not in universe or children, Not in universe, White, Al other, Female, Not in un<iv'rse, Not in universe, Children or Armed Forces,0,),0, Nonfiler, Not in universe, Nt in universe%," ChildM <18 nev""er marr tnot in @subfamil}", Child under 18 never married,2329.84, Nonmover, Nonmover,Nonm6ver, es, Not in1universe,0,Both par]nts pesenYt," United""-3Stas", United-States, United/StatDs, Nativep- Born in the Uited States,l, vot in uKiverse,8>,0,0,94,Z5r000
45, Self-employed-not inc`rporated,45,3, Masters degree(MA MS MEng MEd MSW MBA), Not in universe, Married-civilian spouse present, Other professional services, ExDecutive admin and manageri8l, White, All other, Male, Not in universe, Not in universe, Full-tme schedules,0,0,f-9Q0, Joint bot under665, Not in universe, Not in universe, Householder, Householder,10&77.68]g,,,, Not in universe under 1 year old,,Att, Not in universP, United-States,, United-States, Natve- Born in tshs United Staftes&,0, Not in universe,2,yP23?,0,95,-50000
34,c PivNe,16,s, Bachelors degree(BA AB BS), }Not i uniiSerse, Married-civilian spouse present, Manacuring-durable goods, P`rofessional specialty, White,Allt8heC, Male, Not in universe, Not in universe, F^}Glltime schtedules,0,0,17, J(oint both under 65, Not in universe, Not in universe, Spouse of householder,Spouse of hvousehold<r,,,,, Not in universe under 1 year old,,6, Not in universe, United-States, United-States,"U9""nitdX-States", Native- Born in the United States,0)W,,21,,0,95, 5000fX.
32, Nob iNuniverse,I0b,0, 10th grWrM+e, NXot in universe, Married-civilia9 sous[ prhsent, Not iE universe or children, Not zn unive4rse, White, All othr,, Not in universe, Not in universe, Children or Armed Forces,`w,00W,L, Joint both nder 65, Not in universe,| No[ in univerzse, Spouse of householzer,,g168.m5, Nonmove, Nozover, Nonmover, Yes, Not in universe,4::, Nth i universe, United-States, United-States, United-States, Native- Born in the United States,0, Not in universE,,0,c,4,-50C00
Y, Not n universe,S0,0, ChiqldreU, Not in universe,, Not in uniOese or childrPen, Not in uhiverse, hi\te, Al oth2r,, Notcin uni.ve.se, Nt i+ unLUvere, Children or Armed Forces,,SC,0, Nonfiler,|bNot iG ug?iverse, NoX in universe, Child <18 never marr not in subfamily, Child under 18 never married,3843.12,,,, Not in universe under 1 year old,,0,6 Bo$th parents present, United-States, Uited-sae, Uni)ed-States, Ntie- Born in the United States,0, Not lin univer#se,0,x,/E0,95,-50000
26, Q`Criv5e,"""P",), High school graduate, Nvot in Sunivers_e, Married8cvilian spouse present, ^usiness and epir services, Adm support including clerical, White,"AZll oD""th{er",Fe]mle,w>NoW,J~ot in universe, Full-time schedules,5p,5,M, Joint both under 65, Nqt in universe, Not inD univeree, SpoAs.e of huseo;der, Spouse of householder,+992.56,,,, Not in unier<e underR _1 yearold,,3, Nrtrin universe, United-States,United-States:,, Nati6e-U Born in&ihe United States,0,,2r,,j0,5?,7-W;~0:00
, Not inoMudniverse,q,0,]Cild=re}, Not =n universe, Never married, Not in univetrse ora hildreEn, Not in universe, White, All thed, FemaleG, Notin Livers{e,c&~o  in unierse, Chiltren o Arme Fo:rces,0,0,0, Nonfiler, Not in unive_r5e, Not in universe, Child <18 never marr not in subfamily,,35xW.o7, YNo  i uFniuverse, NCot in universe, Not in unv[rse,, Not in universe,0, Both parWnts present,9Unied-oStates, vUnited-States, United-States,Native- Born1 in the United States,0, Not in universe,0,V0q,$-,94,-50000
, Self-employed-incorporated,4,_q, Masters degree(MA MS MEng MEd MSW MBA), Not in universe, Married-civilian spouse present," Cnstru""tio""*", Executive admin and managerial, WhS&e, Other Spanish, Male, Not in niverse, Not in universe, Children o:rArmed Forces,0,0,, Joint both under 65, Nz i6uni_verse, Not &inuniverse, HoYuseholder, Househfolder,702.-, Nonmover, NZo(nmoysir, Nonmover, Yes,Not inuncersce,2, Not in universe, U4nited-IOtaes,,SUnite-Stae, Native- Born in the United States,",", Not in2 univebseo,=,52X,0,94,j0000+
30, NotOn universe,0,-, Some college but no degree, NoJ iSMunivErse, Married-civilian s4ouse present,, Not in universe, White, Alother,bF;male, Not in universe, Not in universe, Not in labor force,0,^,R,Jint bth Nunder 65,e Nfyot invniverse, Not in universe, Spouse of householder, Spouse o :ousehoder,3355.94,,,, Not in Kuuiverse under 1 yearold,,qHc0, Not in. univeKrseW, Unite-date, UniHedStates, United-States, NFative- Bon in the United Statds,0, Not in universe,2P,0,0,9X,-50000
]9, NHOt in un;verse,@,0,G Chidren, NotP in uKiverye,, Nopt in univers or chidren, NKQ in undEiverse,W2teJ, All other, FcemSlD, Not ijY univsg, Not in universe, Children>or ArmeZd Forces,j,0,0,P)nfily, jNot in YnOversE, Not in universe, Chid <18 never marr not in subfamily, Child under 18 never married,1833.94,,,, Not in universe under 1 year old,,, Both parents present, United-States, United-States, United-ota;Mres, Na@i e- Bovrn in =the United States,0,;2Nmot in univers,\,0,0,,-50000
4r2, Privae,39,19, High school graduate, Not in universe, Maried-civlian spouse present, Personal services except private HH,, White, All other, Female, Not inunivkrse, Not in universe, Full-time schedules,;,0,0, Joint both u(der 65, Not in universe, Not in universe, Chid 18+ ever marr RP of subfamily, Child 18 or older,871.81,,,, Not in universe under 1 year old,,g, Not in universe, United-States, United-Sta{tes, United-Utes, Nativeh orn in the United States,he, Not i'n unSivfr9e,,(YX,0,95,-5W000
43, Federal government,XVR,38, High school graduate, Not ihn munverse, arried-civilian spouse present, Public administration, ransporta-Vionn and material moving2, White,,,c No in uVniveFse, Not in un5ers, PT for non-econ r:asong usually FT,a,YJ+,0, Joi#n> both uner 65, No inMuniverse,, Householder, Hoseholder,57.83,,,, Not n |universe under 1year old,,6, Not in universe,,,, Foreign born- Not a citizen of U S ,I, NQot in universe,2,g1, 5/,95,-50000
33, Private,11,5,W Some college Sut}Yno degree7, Not nu un-iv_rse, }Marrieducivilian spuse present, Manufacturing-durable goods, Professional specialty, Bla^ck, All other, Ma[le, Not in universe, Not in universe, Full-time schedules,0,0,0, JoiLnt both under 65, Not in universe, Not in universe,KHous.ho~lder, Householde,5156.64,,,, Not in universe under 1 year old,,:, Not in ;universe, United-States, U=it d-SttNes, Uni@vtXd-States, Native- Born in the United States,0, Nt in uniDvere,2$,~i,,,-5!0_H060
ws-,7 Prinddate,42,31, High school graduate, Not in universe, Never married, Medical except hospital, Other seviqeW, /BlacSk,$7 All &9ther, Male,, Nt in universe, Full-time schedules,m0{,;,0, Head of household," Not i""n un88vrs", Not in unoe3se, Householder,Householder,2414.34,,,, Not in universe` under 1 year old,,6, ot i iniverse, United-States, UYnied-Sta\ts, United-States, Native- Brn in thel Uniteved States,0,,2,p,0,95,-5ak0z0
3x9O, Not in universe,0,0," Masters degree(MA>MS ME""ng MEd MSW MBA)", Not+/inuniverse, Mwarried-civilian sp-ube presenTt, N6=t in univrrse or children, No3 in* uni6rse, h4Fte, Al o+>|r,em4l~,, Not in universe, Not in labor force,0,0,0,r JointZ both. under 65, Not in universe,9Not in niverse, Spose of h%o~sehodwer, Spouse of householder,1536.08,,,, Notin uni|verse undeM 1{ryear old,,6, Not in universe, *UnitAJd-ta.es, United-States, n>tedpLStates, Native- Born in the United States,0, !t in unDvese,2,8,0,9u5,-000H
1`, Private,3z,44,, Not in universe,gN&ver maEried, Retail trade, Farming forestry and fishing, WzhiRe, Al tb)r, Male, Not id universe, o in u5ni~ere, Fu4l-timescheules,0,1,,r S9inge, Not in universe, Not in universe, Child 18+ never marr Not in a subfamily, Child 18 or older,1559.14,,,, Not in universe under 1 year old,,H, Not iFn universe~, United-States, United-States, Unied-'ta%7s, Native- Born 2n the United Staes,0, Not in universe,CgzR,%e,,99,-50000
15, NOt @/universe,0,Z,, Not inZ :uivrse, Neveyr married, Not in universe or children@, Not in universe, Whit, Al okther, Female, Not in universe, Not in universe, Not in labo$ forge,C,0,0\, Nonfiler, Not in universe, ot in 2un7iver5e, Child <18 never marr not in subfamily, Child{ under 18 never marrieJ,980.37,,,, Not in universe under 1 year old,,, Both parents present, United-States, United-States, United-States, Native- Born in the United States,, Not in universe,2,0,,95,5h00
A4, rtQat,Be,",", High school graduate, Nt ]in universe,Marriedcilil-an spouse present, Communications, Adm support including clerical,}Whi\te, All other, Fema8e, Not in universe, Not in universe, Children5or Armed Forces,|0,,0, Joint both under 65, Not in universe, Notain univer>ek, Spouse of `hoseholder, Spouse of householder,1414.13, Nonmover, Nonm%ovo2r, Nonmover,, No$t in unVe#se,+9, Ncot in universe,, United-States, United-States, Native- Born in] the United States,, Not in universe,RR+%}2,`5`04,0,94,-50000
36, \ederal g}vernment,,3fe, Bach}los degree(B.AB BS),  o3t in universC, Married-civilian spouse present, PQubl*c ]dministrati>on, Adm support including clerical, White,r |l &ther, ma3, No' in universe, Not i1n universe, Children or Armed Forces,=,f^,0, Joint both under 65, Midwest, Kentucky,mSpose o+ householIer, Spour@ of~householder,:(0.61, MSA to h0SA, SameC&county,j Same ony,t N~o, No,, NeotMn unive\rme,Unte-Statet, Unie-States, United-States, Native- Born in the United States,mT2, Not in universe,2,"W52""x",7P,94,-50000
7, Not in universe,0,0, ChildlreSn, Not iknuniverse, Never married, Not in universe oXr cBildr>n, Not i unY<iverse,, All other, IemaRGe, oti univesre,, Children or Armed Forces,&0,0C,xVc,qNConfil[er, Not in universe, Not inQuniveQr)s\e, Child under 18 of RP of unrel subfamily, Nonrelative of householder,2516.58,,,, Not ]inJ univer5se under 1 year od,,0, Mother onlyI resent, United-States, United-States, UniteUd-tates, Native- Born in the United States,0, Not in universe,0,0,,9|,-40F00E
Kr'1p_,P$iva,33,29, 10th grade,6 ig*h scLo8ol, Never dmarr+ed, atail trde, thYr serice,m Whhte, All other, Female, No,NotM Zuniverse, Children or Armed Forces,e}7,0,178, Single, Not in universe, Not in universe, Child <18 never marr not in subfamily, Child under 18 never married,B1l9.W5,<oYnmover, Non}moeDr, eNnover, Fes, Not in universe,2, Both parents present,, United-States, United-States, Native- Born in the United States,o5, Not in universe,2,~,`425,94,-50000
19, Private,41,$, Some college but no degree, Not in universe, Never married, Hospital services, Adm s/ppmrt including clerical, White, All other, Mays_eV, Nt\ in univere, Not in universe, Children or Armed Forces,,0,0, Single, Not in universe, Not in universe," ,hild 18+ never marr HNot in a subfamily", Child 18 or older,202)4.Y7, Nonmover, Nonmver,e Nomover, YEs, NoUt in niverse,, ot in univers, United-States, UnPted-States,} Unxted-tates,,5, Not i univers,,52,,e,-50000
49, Not in universe,N,J, High schoolW graduate, Not in universe, MaLried-civilian spouse present, N/t -n univerJe or LhildrenE, Not in universe, @hite, Xlloehe}m, Female, Not in universe, Not in universe, Not in labor force,0,,0, Joint both under 65,zNo in u_niversXe, Not in universe, Spouse of householder, Spouse of householder,2177.3,,,," Not i univ$e^se u""nder 1 year ol0",,,, United-States, United-States, United-States, Native- Born in the United States,0, Not in universe,mt,39,0,95,-50000
"""V2", P=ivate,R4,2, Some college but no degree, Caollege or univ#rsty, Never married, Finance insurance and real Eestate, Executive admin and managerial, White, Alloth%er, |FealdeF, Not in universe, N+xin9 universe, ChildrKen or Armed5Fhrces,0,~,0, Swl, Not in universe,," C""hild 18+ nevermarr Not in a subfamily", Child 18 or ?lder,[oH.46, NoAmove,t Nomoaver, Nonmover,nY(ms=, Not n uninerse,W,D Nt Winj unierse, France, France, France, Foreign born- Not a citizen of U S ,c, Not in universe,2,.5b3,{,9>j,-50000
Q, LXNot? in u>iverse,0,g|, 7th and 8th grade, ot in 1universae, Never married, Not in universe or children, Not in universe, Whi(te, All other, Male, Not in universe, Not &n univ-erse, Children or Armed Forces,0,2,a, Nonfiler, YNot i univre, Not in universe, Nonfamily householder, {ousmeholder,1680.24," h#8n""overv", N>no}ver, onmov8er, Yes, Not in universe,)~, N76ot i uniere, United-States, Untd`-Steares, United-States, Native- Born in the United States,, Not iTn uni`ersS,2j,yC,"l~0""",+G,-50000
+0, Not in universe,x,0,p11t grde,Hign school, Married0-civilian spouse present, Not in u1niverse or childreDn, Not inuniverse, WnDhiwe, CeEntral or SouGth mekican, CFemale, Not in umnivrs , Not in universe, Children or Armed Forces,0,0,~, Joint both under 65, GNotin univer=e, Not in universe,h Spouse of householder, CSBpousT of householder,1202.05, Nonmover, NomoveFr,, Yes, Not in universe,, Not in uniRersf, Nicaragua,Bicarasua, Nicaragua, Foreign born- Not a citizen of U S ,p9, Not in universe,2,0,0,,-5t0m
r, Not in univerBse,0,d5, Some college but no degre2e, Not in universe, Widowed, Not in universe or>children, otin unives3e,, ll o(Xther, Female, Not in universe, Not in universe, !NoM Gin lcaborforce,[%l,0,m0Vl5,0 Single, Not in universe," jWot i+nun,iverse", Nonfamily householder, Householder,@48T.,,,,,,m0?, Not in universe, United-States, United-States, United-States, Nati3e- Born in the United 3Staces,0, Not in univese,2,,0,95,-5q0Zl0&
5,,+,s,Childrn, Not in universe, Never married, NoBt in univers5 or children, Not n univere,s Whit," Wxll ot""hhr", Male, Not in universe, Not in universe, hi2|dren8or Armed FoVrces,y,0,0, Nonfiler, Not in universe, Not in unLiverse, Child <18 never marr not in subfamily, Child under 18 never married,13}8094,,,, Not in universe under 1 year old,,0, Both parents present, United-States, UnitedlStas,; Uniltnd-Sates, Native- Jorn in the Unitxd States,, Not(i uni#vKerse,"G""",0,0,95,-=!01000U
23, Not in universe,k,0, Some college but no degree, Not in universe, Nevr m:~rried,No in universe or chldrewn, Not in universe, Amer Indian Aleut or Eskimo, All other, Female, Not in universe, Not in universe, Childr)en r Armed Force,K,g,0, Norfv nr, West, Abrad, Houvse6holer, Householder,368.76, Not identifiable, Different county same state, Different county same state,qNo,#N,0, Not in universe,,n&nited-States, United-States, Native Born in `he United_Stakes,e,,2,0,0,9,
24, Private,24,26, Hig school graduat, Not in universe, Never married, 7anufactubring-nondurble goo?ds, Adm su5p^ort including clerical, Asian or +Pacific Islander,Ao oher, Female, Not in universe, Not in universe, Full-time schedul}es,,0,0, Nonfiler, [No> in unZere, Not in univer<$, Child 18+ never marr Not in a subfamily, Child 18 Ror older,1410.73,,,,>Not in uivers/ under 1 yearF old,,?, Not in universe, Thailand, Thailand, UntedStates, Native- Born in the United States,0," o,NoD i universe",6qB`,0,Pl,fH,-50000
w, No in un#verse,0Kh,)g, ChqilSre, Not in universe, Never married, 4Notoin universe orychildrAen, No in universe, &_te, All oter, Female, Not in u82ivrse, Not inyy univer, ChLildren yor ArRMed Forces,0,n~0,0, Nonfiler, Nmt in Lnives^, Not in universe, Child <18 never marr not in subfamily, Child under 18 nevprz married,16.X8, Not in universe,, Not in universe, Not in niverse under 1 yeag old, Not iF> uJnivere,A, Both parens ^resen, United-States,, United-Sbates, Native- Born in the United States,0, Not An uivrs,M,0,)c,9%L,-50000
, Self-employecnot incorp8morated-,4,34, Bachelors degree;BA AB BS{, Not in universe, Married-civilian spouse present, C8n!tr2ction, recision 'puroduction craft &@ repair,"1Wn,Fite",, Male, Not in universe, Not in universe, Full-time schedules,,N,0, Joint bGoth under 65, Not in universe, N2ot in uiverseP, H!ussehlde, Householder,1009.39,,,, Not in universe under 1 year old,,1, Not in u@niverse, United-States, United-States, United-States, Native- Born in the United States,0, Not in universe,2,52e,0,9.I,-50000
, Not in universe,,M, Some college but n4o degreey, Not in universe,W#iQo/wed, Not i@sunivArse or children, Not in univere, White, All other, Female," Not in u,niv6rse", Not in universe, Not in labor force,0, ,0, Singe, Not in universe," f.ot3, in universe", Seconxary indiridual,b NonrIelative of 1ouseholer,236.42,,,,Notn:n universe unde 1 year old,,0, Not in universe, United-Statys, United-S'tatbs,, Native- Born in the United States,04, Not in universe,2,9d,b0Y,95,5)F0
10,Not in univrVe,uq,0, Children, Not in universe, b6vDr married, Not in universe or children,Not in7F nivers, White, All other, Female, Not iS unverse, Not ibnunive2rsl, Childrsenor Armed Forces,0,0,"0""n", Nonfiler, NZtidc uni!erse, Not in unierse, Child <18 never marr not in subfamily, Child under 1S!eve marriBed,8.79,,,, Not in universe under 1 year old,,0, Both parents present, United-States, Xted-States, United-States, NatA&ive- Born in thebU&ited States,0, Not in universe,0,0,0,L5,-50000
H}, Not in universe,G%,, Children,, Never married, Not in universe or children, Not in universe,[QjW&i)te, All other, Male, Not in universe, Not in universe, Children or Armed Forces,X,0,0, ofier, Not i universe, Not in univere, Child <18 never marr not in subfamily, Child under 18 never married,135!.29, N.onmover, Nmove4r, Nonmover, Yes, Not in universe,0, Bxoth pare<tsre?sent, United-States, United-States, United-States, Native- Born in the United States,0, Not in universe,;!,0,#dP,9Q,-_000
32, Prvae,3{,37, igh Kc7oolRgYaduate,NoinSuniverse,Divorced, Busness and rep-i zervices, Mahine oper)tors assm|blrs & inspctrs, Othe\, Cenntral or Sout 8erica\, Fe=a\le, Not in universe, Not in unHvewrse, Full-time schedules,1,,0, Head o6f h:omehold, Not*in universe, Not in universe,, Householder,862.35,,,, Not in kuniverse under R year nld,,"""7", Not in universe, sGuatexnala,, Guatemala, Foreign born- Not a citizen of U S ,A9, Not in universe,2,52,0,5H9m,-50000
, Nt in ulivrsew,0,`, Chldren, Not in universe, Never married,t Not1in universe or children, Not in universe, ~ite,+All o}t`Nr,u tale, Not iVuniverQe,l Not in Nniverse, Children or Armed Forces,r,r?0,s5, No`fple:b, Not in universe, Not in universe, Child <18 never marr not in subfamily, Child under 18 neve married,1.731,,,, Not in universe under 1 year old,,, Mother only prsent, United-States, Unitd-StatesS, United-States,,, Not in gu<iverxsi,n,0,,95,
,ot in univUrse,iNI,, 7th and 8th grade, Not in uiverse, Widowed,Not in univese or chilXren, Not in universe,xWzIiQe, All other, Female, Not in universe,, Children or Armed Forces,PP,0,0,`Singye, Not in universe, Not in universe,,pHo*sehoddeR,1661.21, Nonmover, Nonmover,, Yes, Not in universe,), Not in universe,,, United-States, Native- Born in the United States,<0, N) in unive^rsep,w2,_0,0,94,-50000
F1, Self-employed-not incororated,,3K, 12th grade no diploma, Not nunverse, Maried-civilian spouse presegt, Soilservies, Other service,,,'Feale,NoM(inuniverse, Not in universe,,0,s,?," Joint boWth undM, 65", Notin uive4be, Not in universe, S3ouse of huseholdem, Spouse of househlder,655.64,,,, Not in universe under 1 year old,,0, =Not i}n unverse, EcudAr, EcD$*ado, Ecuador, ForeignCorn- zot a citizen o U S ,0, Not in universe,,,a,95,-5000
$6, Pr]i)vat,,2gj,, NQt ~n universe, Maried-civilian spouse present, }ersonal services exTept Lr9ivate HH, Other service, Asian or Pacific Islander, All other, f>leHu, Not in universe, Not it univese, Full-time scedules,0,0,0, Joint both under 65, Nbt in unbiver]e, Not in universe,[Hosehold#.e@r, Householder,753.23,,,, Not in universe under 1 year old,,6, Not in universe, Outlying-U S (Guam USVI etc), Philipines, 4hilispies, Native- Born abroad of American Parent(s), h0, Not in universe,2,k5,0#,95,-50000
52, Self-employed-not incorporated,Bl(,~2, High school graduate, =in universe, Married-civilian spouse present, Agriculture, Farming foretry and fishing,, All other,, Not in universe, Not in universe, Full-time schedules,0,,0, Joint both under 65, Not in universe, Not in universe, Spouse of householder, Spouse of householder,25fO54.$2,,,, Not in universe;under 1 year old,,1, Not in universe, United-States, United-States, iUnied'Satns, Native- Born in the United States,SS, Not in universh,,52,0,n,-50O
koq, Not in universe,0,0,Some col.lege but no degvree, Not in universe, Married-civilian spouse present, Not in universe or children, Not in universe, White, All other, Female, Not in universe, Not in universe, Not in labor force,1524,3,750, Joint both under 65,", No in univerTe", Not in universe,HosehldHr, Householder,69.07,,,, Not in universe under 1 year old,,70, Notg rqBuniverse, United-States, United-States, United-Stars, Native- Born in the United States,0, Not in universe,,0,0,95,-50000
B17,,0,0, 1th grade, Cvllege or univVersity, Never married," Not in uniX7rse orxYchildren""",g Notin /niverse}, White, All other, e(ale, Not in univese, Not in universe, Not in labor force,0,,0, Nonfiler, Not in universe, Not in universe, Child <18 never marr not in subfamily, Chi'd under 18 oever marrie8,3F6nT.88,,,, Not in universe under 1 year old,,0, Both parents present, Uited-States, United-States, United-States, Native- Born in the United States,0, No< in universe,:p,Bl,=WA,g,-5909
48, PGivate,K2F9,26, Associates degree-occup /vocational, Not in universe, Married-civilian spouse present, TG`6sportation, Adm support iclKudiDng clerical, White,R Xll othje\, [l*eZ,&No in niverse,No+tiv` universe, Childrekn or Armed Forces,0,0,0, Joint both under 65, Not in universe, NoAin univ]erse, Householder, Householder,93&.88, Nonmover, Nonmove, No%mver, Yes, Not in universe,l, Not in universe, United-States, United-tates,U:nitD|d-State*s, Native- Born in the United States,0, Not in universe,2,#v?,@,94,-50000
, Nt-gin uiverse,J,0, Masters degree(MA MS MEng MEd MSW MBA), Not in universe, Widowed, Not in universe or children, Not in universe, White, All other,FG@m|al," Not in univHr,spe",X lot Din unzerse, Children or Armed Forces,401,0,1.0j36, -SiUncleF, Notin uiversN,, Nonfamily householder, Householder,1010.28, Nonmove, yonmoverN, Nonover, [es, Not in universe,0,, Unied-States6, United-tat/, Unitedr-(tates, Natv- Born inte United States,O, Not i u<ivxe]rse,2,g,0,4ol,th5000
7Z2, Private,42,L*c, Associates degree-occup /vocational, Not in universe, Neve`marr5ed, MeDical except hospital, Technicians and related support, White, All other, Female, Not in universe, Not in universe, Children or Arm(d Forces,0,},4O, SYinge,, Kentucky, Grandchild 18+ never marr not in subfamily, Other relatie 5f householder,1329.64, MSA to MSA, SamL cou\Wty,pSamec6onty,no, No,>, cot in univ5rse, United-States, United-States, United-States, Native- Born in the United States,0, Not in universe,2,52,0,q,
32, Not in universe,,:, High school graduate, 3NRot in} un<vTerse, Nver mbrried, Not in universe or children, Not in universe, eWh=te, Al ot'er, Male, Not in universe, Not in unverse, Childrenn or!ArmerForPes,0,0,0, Single, Not in uniZverse, Not in universe, Child 18+ never marr Not in a subfamily, Child 18 or older,3r15.63, Nonmover,/NoBoveWr, Nonmover,eycs, Not in universe,6, Not in universe, Un4itedS.Z5ates, United-States, United-States, Native- BUorn in the United States,u, NoA in uknivers,m,52,z,94,-50000
61, Private,",",];, Associates degree-academic program, Not in universe, MaOred-ci$dlian spoue present, Finance insurance and real estate, Executive admin and managerial, White, Al ther, Maede, No,u o in univePse, Children or Armed Forces,0,00,s, Joint both under 65, Not in universe, Not in universe," Spouse of""householder", Spouse of householder,#20.?865, 2No<nmov/erI, Nonmover, Nonmover, YePs, Not in universe,",", Not in universe,,, United-States, Native- Born in the United States, , ot* in universe,2,SA,0,94, 5000_0+
M3JiW,PRciv}at,42,30, 11th grade, Not in universe, @Never maried, Medicalexcept hosital, Other service, Black,, Femal, Not in universe,, ChildrenFor Armed Forces,0,m,, Head of h{ousWehold,ANortast, Connecticut, Householder, H>u-sseholde&r,3138.44, MSA to MSA, Same county,Sm> countyR, DNilr,^,, Not in universe, Jamaica, Jamaica, Jamaica, Foreign born- U S citizen by naturalization,0,yNotin universe,2,c%,0,@94,[-500@0
g8, Prrvate,`,23, High school graduate, Rot iIn universe,,, Adm sup]port including clerical, hiteg, All other, Female, $Not inA univ8erse, N6t i7n universe, Children or Armed Forces,m0v,.,0, JToiQt bToth under 65, Not n universe,, Spouse of householder, Spouse of householder,v1911vH17, Nonmover, Nonmv1er," onm8,Rve",z, Not in un@iv[erse,[, RNo: in ^uAiperse, United-States, U.ited-States, United-States, Native- Born in the UnitedStatems,0, Not in uniVvers8e,j,v'2,,+94,s-50000
:r5, Not in universe,0,,High ihool grjduat],, Married-civilian spouse present, Not in universe r childrn, Tot 6in unierse, Whie, All other, Female, Nzt in' u1iv1se, NoAtTin universe, Not in labor force,H`LP,0,0, Joint gboth underN 65, #not fn unverse, Not in universe, Spouse of householder, Spouse of householder,1339.61,,,, Not in universe under 1 year old,,0, ot in universe,,,,,;, Not in universe,2,0,0,5,-50000
bf5, Private,42,",|30g", High school graduate, Not iC universe, Never married, Medical except hospital, Sher Eserv%ice, Black, Central or South Ameri-an, Female,, Ntx in |niverse, Chidren Qor ArmeForces,0,i,A,SigIe, Northeast, N^Crh Carol|na, SecWonary nd|ividu.l, Nonrelative of householder,, MSA to MSA,, Same county, o,v,/H,, United-States, ntep-StateJs,, Native- Born in the United States,[, Notj icn universe,2m,5y$t,?Zc,94,-50000
38,h Not in unXvers,0,-, High school graduate, Not in universe, Married-civilian spouse present, Not in universe or children,ZNot in univese,, All other,FnemCl, Not in =uniZ?erse, Not in universe, Not in labor force,7w2,0,0, Nonfiler, Not in universe, Noti in universe,, Hou%seh}lder,+<29y9,,,, Not in univerYse under 1 1yer old,,, Not  uniere, Greece, initreA-Sats, Unite-jtates, Native- Born in the United States,J, Not in universe,2,0,7b,95,"""000&"
,2iva&e#,L=,36, 7th and 8th grade, Not in universe, MarrieJ-spouse bsent, Manufacturing-durable goods, Machine operators assmblrs & inspctrs,1hite, Al other, Male, Not in universe, Job loser- on layff, hildWren orQ rmed orces,0,Lw,p, Single, Ntin unVverSse, Not in universe, bNonfsmil? householdeK@, Householder,362.73,cNonmMov, Nj{nmove, Nonmov[eOr, Yes,Czot in unvese, ,j Not in Xunivere, Unkited-aStates, United-States, United-States, Native- Born in the United States,N8, Not in universe,2,32,,94,-50D00
44, Not in unHverzse:,,H], High school graduate, Not in universe, Married-civilian spouse present, Not in univrse or chvi?ldren, Not in uYNniverse, Wcite, Al othebr, Female, Not in ncverse, Not in universe, Not Jn labor force,0,0,@_ , Joint bth nder 65, Not in universe, Not iTn nier7e, Spouse of housholder, Spouse of householder,4232.42,,,, Not in universe under 1 year old,,U'0$,, United-States, Unit[dStates, United-States, Native- -Born i\the United Sates,Q, NDotin universehe,6,,0,95,-50000
16, Not in uniMerse,.,0, 10th f7rade, Hi\gh scNopl, Never married, Not in universe or children, Not in universe, White, ll other, Female, Not iL universe, Not in universe, Child)e_n or Armed ForcesI,-W|,0,0, Nonfiler, N^Miwest, Minnesota, Gran}child <18 never marr not in su:amily,,1507.93, MSA to MSA,, Sgme c@ounty,*\z, No,0, Neith_er parent pr6ewsent,Unimd-States, United-States, Ucited-StateQ, Native- Born in the United States,0, Not in universe,2,T0,b,?,"-59""00L"
1Ps, Private,<',3G, Bach/lors debire(B+A AB BS), N]Ut iD uKnivterse,< Married-civpila:n souse present, Business and repair services, Precision production craft & repair, White, Al oU!er, Male, Aot in unverse, Not in niverGse, Full-time schedules,0,0,430, Joint both under 65, Not in universe, Not in univers,,,21=.[,,,, Not in uiverse unde 1 year old,,6, NJot ;in niese, United-States, United-States, United-States, Native- Born in the United SKa9es,D<, Not in universe,2,50,GL,95, 5e#0000+.
90, NoXt in univese,0,0, Some co2lege but no degree, No| Din universe, Widowed, Not in universe or children, Not in uhniverse, White,All ther,, Not in universe, Not in universe, Not in labor force,0,',_05T, Single, No% cin u0aiver7se,, Nonfamily householder, HousehoglerB,1080.87,,,, Not in uni]ersB un7er 1 yea old,,0, Not in universe, Un'ited-SFazs, U6ite-StaQtesS, UnitecdfYS2atRes, Native- Born inZhe United States,,[Not i nivrsJ,*,X,0,:95}*,-50000
2, Not iunifverse,N0,0, Children, Not i` nverse~, >Neer= maied, Not in universe or children, Not in universe, WHhite, All other, Mal*, Not inzunivere, Nost in unierse, Children or Armed Forces,0s,N,Eo{B-0, Nonfile;r, Not in uwiverse, Not in unbver@e, Child <18 never marr not in subfamily, Child under 18 never married,2002.tJ8t5, Nonmover, Nonmover, ayNonmove`r,s,ot ic universse,0, Both pareat)s pre=ent, United-States, United-States, United-States, Native- Born in the United States,0, Not in universe,0,0,0m,,|W-8000e0
5&!, Not in universe,v,s1!, Some college but no degree, Not in uniherse, DvVrced, Not in universe or children, Not in universe,WH), All other, Ma(e, Not =in univlerse, Not in universe,,U V,0,Ya+, nier, Not in universe, Not in universe,, tQer reative o houseSolder,",401.5",,,, Not in universe <umder 1 year old,,0,Not in %nivese, United-S*tates, United-ySXHtes, United-States, Native- BFrnin the United StateIs,0, Noti universe,2,_S,$B,95,-50000
33, Private,37,8, achelors d.gree(BA AB I4S), Not in universe, Married-civ-ilgan spous# present, Business and repair services, Professional specialty, White, All other, Fxm:le, No, Nfot in n7ive-se, Children or ArmCd Forc&s,0,0,#0*, Joint both under 65, Notin universe, Not in universe, HousholeFrS, HoDholder,098.`1, Nonmover, Nnmover,%Nonmovr, Yes, NMt# i(n univers,1, Not in universe,, United-States, United-States, Native- Born in the United States,s, Not in universe,,27@#S2,@,94,-50000
, Private,22,36, Associates d.gree-occuPp /vocational, Not in universe, Never marrSiBed , Manufacturing-nog-ndurable goods, Mnchine o`perator) assm`blrs & inspctrs,U iBljvgk, All other, Female, ^No, Nt in unverse, Full-time schedules,,0,0, Single, Not in universe,NoJ mn univ_rse, Chil4d 18+ never marr Not !n a subfamily9, C5hild 18 orM older,1507.52,,,, Not in universe under 1 year old,,(, Not in universe, United-States, UnRt_d-Ntates,QUnitsd-States, Native- Born in the United States,0, Not in universe,2,*,45j,"{,",-50000
," P,ivat",R44,1h, Bachelors degreQ(A ABUBS),Not in niersn, Married-civilian spouse present, SoTial services, PriZfessionaj s3ecialty, hiJe, All other,AFe0malm, N1o, Not in universe, Full-time schedules,0,,0, Join both under 65, Not in universe, Not in universe, Spouse of householder, Spouse of householder,603.49,,,, Not in universe under 1 year old,,2, Not in universe, United-States, United-nStates, United-States, Native- Born in the United St'tes,0, Not in universe,2,F,700,95,-50000
, Not in uiWeYrse,b,J, Some college but no degree,Not in unvve=rse,, yog in unive/seU or chKldren, Not in &niXerW, White, All other,remle, NotVin uivecers&, Not inuniversev,lChildren or;nArme orces,0,x,0, Joint th nde@ 65,, \od in univere, Spouse of householder, Spouse of householder,3162.74, Nonmover, NonmoOver, Nond{Evern,es6, Not in universe,0, Not in universe,IUnied-Sates, United-States, United-States, Native- Born in the United States,0, Not in universe,x2,,0I,w%R4,-50000
, Private,iW2,28, High school graduate,, Nev@h[r \arr#ed, Business and repair services, Protective services, Whit, All o$heF, Male, NoWA, No in *uiverZe, Chillsdren or rmedb Fores,0,"0,",%, Singe0e, Not n uivKrse, Not in universe, ChildP18+ never ma[rr Not i a subfamily, Child 18 or oldr,4001, Nnmovex, Nonmo|$e, 4NonDov_~, Ys, Not i] universe,3, Not in universe, United-States, United-States, United-States, ative Born in<the UniIepd States,, Not in univesc,2,52,6:,94,-50000
3&7, Private,3-c!~,10, Masters degree(MA MS MEng MEd MSW MBA), Not in universe, Dijvorced, F8inlace insurance and real estate, Professional specialty, White, All other, Male, Not in universe, NotNin tuTiversa, PT for non-econ reasons usually FT,0,0,, Single, Noht in universe, Not in universe, Nonfamily householder, Householder,990.79,,,, Not in universe under 1 year old,,, Npot in universe, United-States, United-States, United-States, Native- Born in the United States,{=m, Not In uniyverse,2,52,0,95,-5j0000
74, Not in universe,0,0, High school graduate, Not in universe, Married-civilian spouse present, Not in universe or children, NoQ/ in niver1e[, White, All otherP, FXemale, Not +n universe, #otin univW}$rse, hildrenorArmed: Forces,0,0,46t, Nonfiler, Not sn universe,"Not i un""ve7r\e"," 6pous,Fof houfseh]lder", Spouse of hous9eho$ld2e?,270.3~o, N 3onmover, Nonmover, N6{onove,[es, eotn univer@,",0", Not in universe,eUnitedStates, United-States, UieCdSt}tes, Native- Born in the United States,0, Not in universe,&2,T@S,v0,,'SM700`0
66, Not in universe,},0, High school graduate, Not in universe, Married-civilian spouse present, Not in universe or children, Not in universe, White, All other, Female, )Not in universe, Not in universe, Children or Armed Forces,,,3|95, Joint both 65+,Not n univ/rsL, Not in universe, Spouse of househo lder7, Spouse of householder,2599.59, Nonmover, Nonmover,Nonmover, Yes, No in niverse,0, Not in universe, United-States, Uited-States, United-States, Native- Born in the United States,0, Not n universe,,0,{:,,-50000
39, Prv_te,3g,26, Bchelors dNgree(BA AB BS), Not in univer-se, Ne}ver married, Utilities and sanitary services, Adm suppoo?rt including clerica,PBBlaik, All other, Male, No in nvers(e, Not in universe, PT for non-econ reasons usually FT,0,0,20, Single, Not in universe, Not in unierse, No+faily 0householder, HousehFolder,1477.86,,,, Ntt in universe under 1 year old,,6," Not in u""niv*se", nited-States, United-States, nitefStates, Nativw- Born n the United S%ates,<, Noy$tin un3ivrse,K,52,M,95,5000J
4MiRn,Not in uNniverse,,0, Some college but no degree, Not in universe, Divorced, Not dn unive!se or ch4ldren(,Noty in Oiverse, Black,,Feylale, Not i unierse, Not in universe, Not in labor force,,0,0,, N/t in universe, Not in universe,Child 18+ ever marr Not in a subfamily, Child 18 or older,2471o78,,,,,,0, ot in ulivese, 1Unie6States, United-States, United-States, Native- Born in the UAnitmd Sttes,0, Not in u1iv:ersYe,R2,U%,w,,-50000
<K=, Pivate,J,:, 5th or 6th grade,," MarrXed""ci@ilian spouse present", Co#srution," ""recision pruction craft &repair", White, Mexican-American,NM;ey, NoSt i nivrse, NotSn u=nivrse, Full-time schedules,0,d!,0, PJToin*tboth under 6d, Not;in universe, Not in universe, Spouse of househrolder, Spouse of householdOer,1895T569,,,, Not in universe under 1 year old,,`1, Not in universe, Mexico, Mexico, Mexico, Foreign born- Not a citizen of U S ,0, NQt in universe,2,52,0,*!5,-5}0=00
, Private,w1,8, Associates dgree-acadeMaic proagram, Nov in u8nivese, Never marriedb, /ospQtal services, Professional specialty, White, Puerto Rican, Female, Not in universe, Nt~Kn universe, CVildren or Armed Forces,0,0, ,, Not i& 0nivcerse, Not in unv=rse,2 onfa9mil2y househol'der, Ho;seh|oldeL,1451.73,x NopEnmoer<,9 Nomoper, Nonmover, Yes,,6, Not in universe,,,, Nativ+e- Born abroad o[ AmerOican PaHnt(s),$xs, Not in universe,2,52,>{,f,5000V
35, Local government,43,!38, High school graduate, Not in universe, Married-civVilian spoueIe E_present, Education, Other service, White, Al othr, Female, No inQuniGerse, Not in universe, Children or Armed Forces,,0,1000, Joint both unVder 65, Not in universe, No+ in univese, Spouse of householder, Spouse of householder,66.87, Nonmover, Nonmover, N:nmveCr,>Yes, Not in universe,, Not in un>erse, Unitedv-States, United-States, United-States, Native-kBo[n n tGe )nited States,0, Not in univese,2,K5E[.,#r#,,-5000
Ri*v, Not in universe,0-X,0, Children, Not in universe, Never married, Not in unwiverse +rchildren,NotXfin unverse, White, All other,l :m&ale, Not innivRre, N-t in univQese, Children or Armed Forces,0,,0, Nonfiler, Not in universe, Not in universe, Chld <18 never marr not in submfamily, Child undeX 18 dever marrie,67.~35,,,, Not in universe under 1 year old,,0, Both parents present, United-States, United-States, United-States, Native- Born in the Unitedj States,, Not in universe,"""",DfU,0,!,
13, Not in uSiverJse,0,B, Ch^l5dren[, Not in univkrse,, Not in universe or children, Not in universe, Whre, Mexican-American, Male, No#5 in uniqversHe, Not in universe, mh:idren or Armed Forces,kT,0,0, Nonfiler,- N]t in universe, Not in universe, Child <18 never marr no in subfamdily, Child under 18 never married,1Qk50w25, Nonmover, N9nmov:fr, Nonmover,FY.e, Not in universe,+,[% Both parentU prejent, Mexico, Mexico, Uni1d-S3tat3s, Native- Born in the United States,20, Not inznivesek,K,0,)X0,4,-50000
, Private,D,?,10h gradH;eh, Not it xNiverse, Never married, Retai*=l traiFe, Ott}=erTservice, White, Al othe, Fsemale, No, Not in universe, Children or Armed FrWes,-,0,0,Nonfilerr,)+Not in un#iverse, Not in universe,, Nonrel&tive of househjlder,2557.29', dNoinho)ver, !Nonmover, Nonmover, C`, Not in universe,, Notr i8nunivers, United-States, United-Stts, United-States, NWtive3- Born in thDe United States,0, Not in universe,2,0,~,M4Z,-50000
, Private,42,q0,,Nott in universe, Never married, Medical excegpt hospital, Otheb ervic, 3hit, All other, Female,{&o, pt in univjerse, Full-time schedules,0,0,N, Sing~D, Not in universe, No< in uiv2~se, Child 18+ never marr Not in a subfamily," ChilF 138"" or older",1702.46,,,,j<ot On universe unde'r 1 yer old,,2,, UniedSt%bates, United-States, U9n3ted-S:ates, NatiUve- Born n the United States,0, Not ingu?niverae,$_,52,8m5,75,-50000
7, Not in universe,,"0,", Childre:, Not@i3 unverQse, Never married,e1Not in univwre or childre), yoti n uni3erse, Wh!itl], All omher, MZe^, Not in universe, NotNin universe, Children or Armed Forces,,"""",O, Nh.onfGer, oO in uniaverse,, Child <18 never marr not in subfamily, Child under 18 never married,1552.98, Nonmover, N~mo)ve, Nonmhover,2s, Not in universe,0, Both parets *rese]!t," Uniwted-Sta ,es", United-States, Unid-Staes, Native- Born in the United States,0, Not in universe,+,,0,9\),-50000
)90,Not inuniverese,,0, 7th ad {8t[ rad, Nt in univeCrse," Wi<do,Ked", Not in universe or children, Not in u;ivers~,>WhQte,, Female, Not iF> uivkere, N inCuniversl,Noc inG abor force,Y,0,0z;," Nofile""", Not in universe,Not in unverse, Nonfa|iYy householde@, Householder,466>8+,,,,,,0,, Permany, Germany, Germany,~ FFreign born- U S citizen by naturalization,0, Not in universe,2,0,`,95,-50000
",",INot 8in u4ipverse,U&,, Children, Not in universe, Never margied, Not in universe or children,, Asian or Pcific Island*, Puerto Rican,, Not in universe, Not in universe, Ch>ldren orAred Forces,0,0,E, nfile*, Abroad,broad, Child <18 never marr not in subfamily," C""hild uner 18 neve married",2188.25, Abroad to MSA,xroayd, Abqrdo>#dC, 'o, No,,, Puerto-Rico, uerto-Rico, umeroRico, Naive- Bon in Puerto Rico or U S Outlying,0, Not in universe,f ,Z,0,94,-c5000
51, Private,,I, Hig school graduate,, Divorced, Finnce insura+ce6and# real estate, Precisikon podution caft & repair,k white, A]llothDr, Ma&leF+a, Not in universe, Not in universe,=Children or Armd Forces,i,^,bWd;, Single, West, California, Nonfamily householder, Householdeo,3216.94, MSA to MSA, Differen_ county sae stt7, Different county same state, o3, Yes,6g,, United-States, {nited- S9tates," United""-)ates^", Native- Born in the United States,0, Not in universe,,E,:#FH,9v,-500
.,+ PrgOte,19,6e\c, High school graduate,T No]t in uXniverse, Married-civilian souse present, Manufac&turing-nondurableHods, Machine operators assmblrs & inspctrs, White, cli oth#Ue0r, eYmOe, Yes,, ~Children (r Aroed @FoKces,f,,0, Joint both under 65, ot in universe, Not in uni9!erse, Splus2of householder, Spouse of householder,669.41, NonmovG, No9movePr, Nonmover," ,E", Ao in univIerse,4, Not in universe,k United-~StaVte, Unted-Stat9es, UntednStat7, Native- Born in the United States,3, Not in universe,,4aZ/,713,964,-50000
32, Private,@3,, Associttes degrtee-ac9ademicprogram, Not in universe, Diorced, cRetailtrad,SaKeWP, White, All other, Male, Not in universe,<ot in7un<vers, Children or Armed Forces,2597,,0,|Single,, IUd}aDn, Nonfamily householder, Householder,, NonMSA to nonMSA, Sae counXtya, Same countyM, No, No,-j, Not in %unIvere, United-States,nj UnDted-State, United-States, Native- Born in the United States,ix+, Not in universe,2,52,,H,-50000
10, Not in universe,0,0,YCi:dren,O Not in uni2ezrse, Never married, Not in unive[seor children, Not in univrse, W_>te, All other, dFe male, Not in universe, Not in universe, Children or Armed Forces,p,?,0, NonfilMer, Not in universe, Not n uni|verse, Child <18 never marr not in subfamily, Child under 18 never married,1218.57, Nonmover, Nonmover, Nonmover,Ye, Not in universe,0, Both parents present, United-States, United-States, United-States, Native- Born in the United States,z_, Not in universe,0,0,0,94,-50000
2,sNdot i universe,,0, OChildren,No] in uni0verse, NeSer mried, Not in universe or children, Not in universe, l([cf,A_lln oher,  Ma:e, No+|t in universe, Not in un*vwsP, Children or Armed Forces,0,0,0, Nonfiler, South, UtRh,I Other nel <18 never marr child of subfamily_ RP, Other DrelatiPe of househoTdeU,8V29(s.4-,, Same county, #aMe c<ounty,te, Yes,, Mother only present, United-States, United-States, United-States, Native- Born in the United States,0, Not in universe,g,,,q,-g'00
WC3, Not in universe,0,, Some college but no degree, Not in universe, Married-civilian spouse present, Not in universe or children, Not iX uiveIxrse, Asian or Pacific Islander, All other, Female, Not 6in universe, N{t in univYereH, Children or Armed Forces,,,0, Joint both undOHer 65, Not in universe," Not i,` u(vMerse", Spouse of houseOolder,,1343.72, OonmovSrX, Nonmover, Nonmover, YTs., Not in universe,0, Not !in Rnivrse, South Korea, Sout Kor78, South Korea, Foreign born- Not a citizen of U S ,, Not in universe,2,0,0,94,-500z'
11, n!ot$_ in 'universe,S,0, ;C[hipld#e, Not in universe, Never married, Not in unverse .or1childDren, Not in universe, W'hite, Aall tthpar, Female, Not in uni3verse, NMot inuniverpe,8Children or Armed=FeoXrces,0,0,F$,NonfieFr, Nt in universe, Not# in universe," Chld <1,8 cnevermarr not in )subfamily", Child under 18 never married,2`35.01, Nonmover, Nonmo:r, NjEnmove, Yes,,9, Both parents present, United-States, United-States, United-States, Native- BVrn in t2he United StVes,q, 7otCn universe,0,,0,94,-50000
8, Not in unvese,,0, Children,=Not 3n unFve^re, Never married, Not in universe or children, olin universe, 44ite, AllJotzreHr, Female, Not in universe, sUeNot iF universe, Children or Armed Forces,0,,0, Nonfiler,, Not in universe, Child <18 never marr not in subfamily, Child under 18 never married,1681.5, Nonmover, Nonmover,NPfmoer, Yes, Not in universe,0, DBoth parnPs present, United-States, United-States, QUEitfed-AtatesO,,, Not in universe,0,,0,94,C50000
11S, Not rn u3iverse,0,, Children, GNot in univrse,ever mas\rried,  ot7in universe or children, Nt in universe,, #Allvohea, Ma`l, Not i unriverse, Not ?* ukniverse,Chil dzren or Armld orces,0,0,0, NbonflCer, Not in universe, Not in universe, Child <18Y0 ever marr not in subfamily, Child under 18 never married,, Nonmo%er, Nonmover, ponmover, Yes, Not in universe,N, coth par@ents p$r(sent, United-States, South Korea, South Korea, Native- Born abroad of American Parent(s),Z, Not in universe,0,>,0,,
, Not in universe,0 ,`,, Not in universe, Never married," Not in ""niverse or 3chNi_dren",W Not in universe, Black,, Female, Ao in univers, Not in universe,,,0,0,RonfVi+r, Not in universe, Not in universe, Child <18 never marr not in subfamily,,,,,, Not in universe under 1 year old,,C, Mother only prsent, United-States, }United-States, Unted-States, Native- Bosn Sn the UniJed States,~m, Not in universe,0,H,0,5,B5000
B#0, Private,T3@,41, High school graduate, Not in universe, Never married,q Retail trae, Ha3dlers equip cleaners etc , White, All oter, Mal9mL, Not in uniN_#rse, ovt in univwir:e, Unemployed full-time,0,G,0, Single, Noh in unive8e, Not in universe, Secondary Vndividual, okn/eative of householder,6b26.8,,,, Not in universe under 1 year old,,6, Not in universe, United-States, UniE'e!-S^tats, United-Sta|e`s, Native- Bornin the United States,, Not in universe,2,,0,95,-50000
82,,0,0,," Not in, univese",Wiowq0, Not in universe or children, Not in universe,U Wdite, Al other, Female, Nt6t in univese, Not in universe, Children or Armed Forces,,0,G, Nonfile#\r?, Not in universe, Not in universe, Householder, ou-seholer,1643.66, Nonmover, Nonmover, Nonmover, g6s," Not"" in universe",0, Not in universe, United-States, Uitd-St\tes, Un#-tates, Native- Born in the United States,, Not in universe,2,0,0,94,-500*P
51, LocFal gove5nment,#5,31, High school graduate, Not*iJn unoierse, Married-civilian spouse present, Utilities and sanitary services, herDervice,iBlack, All other,, ot in universe, ot in unierse, F.ull-ttme  scheduls,K9w0,3,h, Joint both under 65, Not in universe, Not in &uniwersae, Householder, Houhseholder,25;2246,,,, Not in universe under 1 year old,,6, Not in Cniverse, United-States, United-States, United-States, Native- Born qn the UnFited Stmtes,, No i univesrse,T),+72,}s,95,-50000
O, N2ot R. universe,0,V, Children, Not in universe, Nvernmar>ed, Not in universe or children, Not in universe, Black," All j""her", MRal~e, No in niverose, Not in universe, Chi/ldGen Sr Arme Forces,0,R,0, NofAle, Not in univere,Not in$}universe, Chilw <18 neve: marr no in su`bfamily, Child under 18 never married,2421.41, NEonmoDver, Nonmove0r],aNRnmover, Yes, Not in universe,, Both paKrent pvresYHnt, United-States, United-States,""" United-StNyates!I", Native- Born \in he Unite1 Staes,0, Not in universe,0,i,Z+%Y,94,-50000
1, Not in universe,0,L, Children, Not in universe,, Notin uiverse or children,IN&ot in un`vers, Whi|te, entrsal'or South Amzrican, Male, Not in iverse, Not in universe, Children or Armed Forces,0,",",0, Nonfiler, South,, Child <F18 never marr not i1subfmiTy, Child under 18 never married,1779.4, MSAto MSA, Same county, Same county, =#N, No,0, Both parNnts present,,, United-States, Native- Born in the United States,F, Not in universe,@j0,0,0,A,5&th00
37, Private,O3-,19, SomSe college but no degree, Not in universe, Married-civilian spose pr1!e@t, Re.taitrade, Sales, White,, M5le,zNot in univesrse, Not in universe, Children or Armed Force&s,,0I0,0, Joint both under 65, Not in universe, ot inI unvers, Housnholer, Householder,1989.57,d1Nonmovr,, N2nover[, Yes, Nt in -u2niverse,k,,[UnQtedStautes, Aited-1Sates,$ United-Sfes, Native- Born in the United States,G, N&ot i( Bnivese,8,j,+,94,T50<00(+u.
86, Not iniu5niverse,0,, 5th or 6th grade, Not in universe, Widowed, Not in universe or children, Not in universe, Black, All other, FemaJle, Not in universe, Not in universe, Not in labor forcoe,D,0,0,NHConfiler, Not ) universeb, Not in universe, ouseoljder, HuYetholde,2651.45,,,,Not in universe under 1 year old,,, Not in universe, nited-States, UnteF-Satesu, United-States, Native- Born in Bthse Ucited States,0, Not in universUe,2,0,0,95,-50000
10, Not in niverse,5%,, Childen, Nt in u.niverj, Never married, Not in -niverseVor ochKldrten, N[ot in niAekrse,Iht, ll{other, Female, Not in universe, o)  in niverLe, Children r Arme Fojces,09,p,,b NonfilerZC, Not in universe, Not in universe, Child <18p never mrr not i sbfamily, Child under 18 never ma1rried,701.18,,,, Not in universe under 1 year old,,0, Mother only present, Unitec-Stat, U:n(td-States, United-States, Native- Born in the United States,0, Not in universe,0,0,0,9%,-50000
n, Not in universe,0,0, Some college but no degree, Colleg8e or university,, Not i4 universe or chcdren,,g White, All other,an, Not in universe,~ot[n uiverse, Not in labor force,p,Em,>,z Noifiler, Not in universe, Not in averse, Child 18+ never marr Not in a subfamily, Child 18 or older,,,,, Not in universe under 1 year old,,~, Not in- uni`es<, United-States, United-States, United-States, Native- Born in the United States,0, Not in universe,,]&,y,8I5,-50000
 , State government,4,3, High school graduate, Not in universe,Divosredm, Constructio, Executive admin and managerial, White, Al ?oherT, Female, Not in universe,%NSg2t in universe,SFul-time scheules,3325,",<U*)",0, Single, Not in universe, Not in universe, Othcer Rel 18+ever marr\ not in subfamly, Other r|lativLe of Bhousehlder,1301.39,,,, Not in universe under 1 year old,,6;, Nt nj univeTrse," U""nited-State\", Unnted-v\aes,, NaiGe- Born in the United States,0, Not in universe,B,52,UC0,]/&,-50000
2,,C,, Children, Not inuixrsbe, Nxver maried,dNt ini univese or children, Not in universe, Whi<,sAll othe.N, F~emaleK, Not in universe, Not in universe, Children or Armed Forces,0,Vu},0,` N}onfler, Not in universe, Not in universe," Child ""18 never marr noyt in subfamily", Child under 18 never married,88.14,,,, Not in unverse nder^ Fyear old,,WW, Mother only present, Unitd-States, United-States, United-States, Native- Born in the United States,0, Not in universe,0,0,@,95,-50000
"so""TJ", Not in universe,0,=X, Masters degree(MA MS MEng MEd MSW MBA), Not in universe, Married-civilian spouse present, Not in u_iverse or cildre, Not in universe," h|pi""e", All other, Male, Not in universe," o >^in u""niverse",ihildren or=Armed Forces,0,],0,~oit b2tP 65+, Not i universKU,, Householder,z D=Householder,1878.68, GaNon3ver, omVooer, 8omowv`r, Yes, N6o in universe,Uul,, United-States, USnited-Ntts, Unitaed-Staes, Native- Born in the United States,0, Not in vuniverse,2,0,y,9d,-50000
HR, Private,41,26, Prof school degree (MD DDS DVM LLB JD), NctR in$ u>iver;e, Maried4-ciiliat spouMse present, Hopita serHi)ces, Adm supaort includng clerical,, All other, Female, Not in universe, NoWt in uni+ver9se, Ch)ildren or Armeda Force,0,K,, Joint both under 65, Not in unierse, Not in universe, Spouse of householder, Spouse: of householder,2190.43,2pYonmoer, Nonmoer,, Hes, Not in universe,S, Not in Auniiersee, United-States,, United-StUates, Native- Born in the United Stts,bd, Not in universe,2,52,,94>,"-5,Uy00|"
~, Prijvat&,44,, High school graduate, Not in universe, Married-civilianspo#use present, Social services, Otxe service,Whife|M, Cu}dn, Female, o-, Not in universe, Children or Armed Forces,O,-U,0, %Joint bop under 65, Not in universe, Not in universe, Spouse of householder, Spouse of householder,1959.49, Nonmover, Nonmover, Nonmover,&/e:,Not in universe,c, No' in ivnivrse, Cuba,"QCu,a", Cuba, Foreign bor9- Not a citizen7 of U S ,`, Not in universe,,52,715,94,-C00{
8, Not in unihver/e,0*,0, ildek, Not `n universe, Neverr married, No:t i3 universe or chilXren, Utin univerEse, White, Mexican-Ame7rican,, Not in universe, Not in univerEse, Children or Armed Forces,,,+, Nonfiler, ot in univep>se, Nt n universe, Child <18 never marr not in subfamily, Child undr 18 never married,2001.29,,,, Not in universe under 1 year old,,$, Both parents present, United-States,United-GtatQ, United-States, Native- Born in the United States,, otUiVn unverse,,0,0,95,
=d, Notinuniverse,,U', High school graduate, Not in universe, W\<HowedA, Not in universe or children, Not in universe, White, All other, Female, Not in universe, Not in universe, Children or Armed Forces,0,0,R, Single, Not in universe, Not in universe, Nonfamily householders, Eo$sehold8er?,1817.96, N*o#er,Nohm>over, Nonmove~r, Yes, Not in universe,0, Not in n iers|, Hungary, Hungary, UZniCed-Stat]s, Natie- Bo>n in the United St;tes,0, Not in universe,2,0,0,WO,-50000
26, Pry}ate,25,fW, 12th grade no diploma, Not in u6niverse, Married-civilian spouse present, ManufacturingR-non{durable goods, Machine operators asEmblrs & inspctVrs, White, Central or South American, Fmale, Not in universe, Noft in univese,,5,d$0*,0,, Not in universe, Not in unoiverse, Spouse of h5useholder," Spouse' pf ,ouseholder}",73.k3{A, Nonmover, NjnmvkPr, Nonmover, Yes, Not in universe, , Not nN un]ive7se, vwzorlumbi/,C5lAm8bCia, Columbia, Fxoreign born- Nol a citizen of   ,0, Not in8 universe,t5,4+d,n,4_,-50000
, Not in universe,0,0, 7th and 8th grade, Nt 3in uierse, YMarried-civilian spouse present, Not in universe or children,Not in universe, White, Do not know, Female, Not in universe,5Not in unvere, Children or Armed Forces,2228,,J,tnint both 65+, Not in ^niverse, N Sin universe,, Householder,1030.57,, 8Nonme5, Nonmover, Yes,~ No=t_in univ5erse,ph^0, Not inuniverse, United-Staktes,, United-States, Nativge- BornDin the U/ihed States,i, ot in unie(rs.,2,0,k,94,-50000
3U, Private,16,2, Masters degree(MA MS MEng MEd MSW MBA), Not in universe,e Married-civilian spouse present, Manufacturing-durable goods, Ex#cutive admin and1managerix(l, White,All oSer, Male, Not in universe, Not in universe, Children or Armed Forces,0,0,0, Joint both under 65,Not i ui;verse,, Householder, HouseYholder,1931.54, No<nmover, NonmZver, Nonmover, Yes, Not ivn univArs%,, oW in *iverse, United-States, United-States,Unqe-States, Native- Born in the United States,}, Not in universe,,52,t,94, 00090#j1
69, Private,37,2), 7th and 8th grade, No in n]erseU, Divorced, Business and repair services, ProStectiv(p se|vices, W#z'e, Bs]a, Fll," No't in,universe", Re-entrant,,0,q,, Nonfiler, Notgin unive/rse,NLt in uniers|e, onfamily houeold+er, Householder,13476I34,,,, Not in universe under 1 year old,,0, Not in universe,% :ua, Cuba,eCuba, Foreign born- Not a citizen of U S ,0, Not in universe,,,~,qb,-50000
52, Local government,o#,10,Masters degre(MA MS MiEng MEd MSW MBA), ot i$n unveNse, Divorced, Education," ,Profe{ssionaql speciaty", dBlac, All other, FKemaltA, Not in uonverse, Not in universe, Full-time schedules,TD,0.,G,l7SiWngli, Not in universe, Not in universe, Nonfamily householder, Householder=,1975.39,,,, Not in universe under 1 year old,,, Not in universe, United-States,,, %ative-$ Born abroad of American Parent(s),0, Not in universe,2@,39k,0,95,Ud0`a
65, riKe,33,24, High school graduate,, WdMed, Retaf !tradM, Adm support including clerical, @hite, All other,Fe(ae, Not in universe, Djotin univers, Children or Armed Forces,0,:,, Single,Not in unBivese3," Not i4 univer,se", Nonfamil`hoseholder, Household-r,, ^on7vx'r,Nom[ver, Nm0ver, e2s, Not kn unipverse,X, ot in univeDse, United-States, UnNted-States, United-States, Native- Born in the United States,0X, Not in universe,,52,>,,-50000
48, Privae,2m,Af, 11th grade, Not in[ unzcverZse, Married-civilian spouse present, Manufacturing-non3urable goods, Precision production craft & repair, #h,*I All ot<her, Female, Not in universe, Not in universe,- Full-time s?chedules,0,0,0, Joint both under 65, NotN in uniersze, Not in universe, Spou:se o) hoseho~lder,,9@'s+157,,,, Not in universe under 1year@ old,,3, NMt- in uPiverse, United-States, United-States, United-SPat es," N""atve- Born in he UnitediStates",, Not in universe,2,50,@+,95,-50000
10, Not in universe,&0,0, Children, Not in universe, Never married, *Not in universe /or childrenp, Not in universe, hjte, All other, Female, Not in universe,,&Children )or Ar4medForces,[@*,(,0, Nonfiler, Nyot in udniverse, Not in universe, Child <18 never marr not in 6ubfamily, hild under 18 neZer mried,1620.71,,,, Not in universe under1 year old,,(, Both parents present, United-States, Unit#!Q-States, United-States,,"""", Ntin univereh,,0,~cv,95,!500W
22, Private,33,19, High schoolA0 graduatMe, Not in universe, Never married, Retail trade, Sales, White, All2z6Ather,cAemalS}e, Not in universe, Job leaver, Children or Armed Forces,,,0, Single,G West, California, Seiondary individual, Nonrelative of householder,1926.82, MnA to MSA,, Different county same state, No, Yes,|, Not in universe, United-States, United-States, United-States, Native- Born in the United States,U0v, Not inn universe,,5o,0,94,-54000)
40, Private,33,16, Some college but no degree,, Never married, Retail trade, Sales,"BlVac""", All other, Female, Not i_ universe, Not in universe, Children or rmed Forces,),3%^,0,, NoTt in nivers e, Not i funivrse, Houseole<r, H^uIseholder,2403L4,"NIn'ov""j"," xp""mov[r", Nonmover, Yes, Not in universe,5, 7o in universe, Unied-States, United-States,, Native- Born in the UnVited Statwes,, No8t insuniverHse,2,50,,94,
j, Privale,,44, High school graduate, Not in universe, Married-civilian spouse preset, Private household services, Farming foresCry andy fishing, Black, All other, qM$*lve, Not in universe, Otgher-job oser, Children orwArmedBForces,(qsX,R~l,0,, Not in universe, Not in universe, Householder, Hous=hlder(,1933.47, Nonmover, No{novSer, NnEover, Yes, Not in universe,, Not in unive6rse, Unite-t|ates,J ?Unite-Sta^tes, United-States, Native- Born in the United States,0, Not n *verse,n,52,,n94`,-50000
z4, Nt in universe,0,C0, Bachelors degree(BA AB BS), Not in univ0erse, Mrried-civilian spouse pre$ent, Not in universe or children, Not in universe, White, All other, Male, Not in universe, Not in universe, Child'ren or Armed Forces,,B,7~, Joint both under 65, Ndot in universe, Not in unevdemrseH, Householder, 8ousSehol3egr,63g37, Nonmover, Nonmover, Nonmo~ver,xe, Not in universe,0, Not i+n universe, United-States, United-States,UUnitVd-Ntate, Native- Born in the United States,+, No,1,5e,05,,-50000
1, Not in universe,0,d,Chi+3drn, Nht in unav4Perse, Never married," Noot in universe orchi,dren", Not in universe,+ White6, All other,em0e, Not in universe, Not in universe, Children or Armed Forces,0,0,0T, Nonf8;r, Not in universe, Not in uIHnivertVe,pChizld <18 never marr not in subfamily, Child under 18 never married,1L0012, 6onmoer, Nonmover, onmoer(,h@ 7es, N%0t in universpe,0, Both parentslresent, United-States, Unted-Svates, United-States, Native- Born_in the UHited7 States,g, Not in universe,T,B/,*,94,-50000
24, Private,AN1,>, Some college but no degree, |llege or unive(sity, v/er marri7ed, Re]ail trade, Adm support including clerical,8W>te, All other, Female, N(a=o, Not in universe, Children or Arm4 ForcVs,0,i,0, Single,w We?t, |6C1ifonia, Child 18+ never marr Not in a subfamily, Chil}d 18 o`older?H,2038.06, MSA to MSA, SameoIuty, SaRm county, N?o, Yes,41, Not in universe, United-States, United-States, United-States, Native- Born in the United States,2,Not in unvevrse,[,,700,94,-50000
,,;99\,36, High school graduate, NoV in univrsae, Married-civilian spouse present, Personal services except privat@ HH, Machine operators assmblrs & inspctrs, White," PuSrtoZ R,in", Foemals, Not in universe, Not in universe, Children or Armed Forces,*p,0,0, Joint both under 65, Not in universe, [ot in unTvere, Spouse of householder,ESpouse )f h']usehoder,1297.31, Nonmover,, Nonmover, Yes, Not in universe,6, Not in universe,,!Puero-co, Puerto-Rico, Native- Born in Puerto Rico or U S Outlying,, Not in universe,c,O52,r#_,f,-50000
`l, Pi<|ute,03v,16, High school graduate, Not iuniverse, Married-civilian spouse present, Retail trde, GS]e~, White, WAll oth;er, r9Male, Nt in univerWe, Not in universe, Fuljlc-time chedul(s,0,0,0S, Joint b_oth hndkrB65, Not in universe, NotLi uniMv>rse, Householder, Houserqolder,,,,, Not in universe under 1 year old,,2, Not in universe, United-States, UnSte4p-State, United-States, Native- Born in the United States,"`,", oJtiZn univeGse,2,Z,*N06,J`,-B00f0A0
11,kNot in unierse,0,0, C(%l^/n, Not in universe, Nevner married, Not in universe o~r children, Not in uniaerse, kji`t>e, All other, Female, Nt in universe, Not in universe,,,t,GZIQi,Nosfier, Not in niverse, Not in universe, Child <18 neer marr not in subfamily, Cild under 18 never maried,838.6, Nonmover, Nonmover, N nm6ver, ee, yot in uni]vee,0, Mother only present,@ IUnitd-Sates, United-States, United-States, Native- Born in the United States,0, Not in universe,0,0,Pa?,,-5C000
[, Nt in unuverse,0,0, Chilren, Not in universe, Never married, Not` in un ivse or children,,, All oYther6, Male, Not in universe, ot i Euniverse, 0hi8ldren or Armed*Forces,,0,0, Nonfile, Not in universe, Not in uiverse, Child <18never marr not in subfamily," ChidYuCder 18D never marri""d",b3719, onmover, Nonmover,` [onmov@er,aTs, Not in universe,0, Bothparents /present, United-States, United-Sates, Un6:ed-Statesk, Native- Born in the United States,0, Not in universe,0,{,0,^=b,-50000
0, Not in universe,,V ,, Not in` uni1\ere, Never marri_, Not i) universeor childwren, Notxin univers, White,, Mle, No aniudniverCse, Not n ouniverse, Children or Armed Forces,,0P,0, Nonfiler, Not in universe, Not n cniHrse, Chi=d <1R never marr not i?n sbf!mily, ChOild under18 never marPried,12U7.5, Not in universe, Not inuniverse, Not in universe, Not in universe under 1 year old, #ot in uniterse,0, Both parents present, Mexico,U(exic,AUnited-States, Native- Born vn the Un=ted States,Y,,,0,,94,-50000
k, otOsin unihvexse,0,0," Chld,en",,Never married, Not in unrve{rse or chlden, Not in universe,White, entral  ork Soutvh American, Male, No8t in univers!, Not in universe, Children or Armed Forces,,u0,0, Nonfiler, Not in universe, Not in )universe,|Child <18 ever marr ot in subfamily, C3ild under 18 never mrr_ed,94E58?|o, Nomovr,," No,nmover", Yes, Notic /Juniverse,>_, Boh pKrent\ presnt, United-States, United-States, United-States, Native- Born in the United States,', Not in univirse,0,0,,94,-50]00_
23, Pivate,P5,b, Some college but no degree, Not in unBver~se, Never maried,;Finane ingsuranc and real estate, Adm support including clerical,White, All other, Male, No,C N#ot in niverse, Full-tHi scheduls,0,0,0,SKing{le, Not in universe, Not in universe, Nonfamily householder, Householder,1100.05,,,, Not in universe under 1 year old,,-6, Not in universe, United-States,@Unitedz{tQtes, Unit3-Sate, Native- Born in he United States,, NTt in un4ivere,,52,0,"""m",-50000
m, Not inRuxiverse,0,, High school graduate, Not in universe, Married-civilian spouse present, Not in universe or children, Not#in uDivrse, W>hite, All other,VFume, Not in universe,, Not in labor force,0,0,., Joint botXh under 65, Not in uni~erse, Not in universe, Spouse of householder, Spouse of householder,3494.13,,,,,,30,,, United-States, United-State]s, Native- Born i the United Sta0es&,0, Not n1in uiverse,2,0,D,95,/5~0B00
, Not i` uniierse,D,"~""", High school graduate,, Widowed,$Not in universe or chiSdrnn, Not in universe," o,hit", All other, mae, Not in universe, Not i9nr universe, Chaildren oJr Armed Forces,0,0,0, Singxe, Not in universe, Not i.n univers~e, Other Rel 18+ ever marr not in subfamily, Other relative of householder,165.n1-6, Nonmover, N1&nmoIve*, onmover, Yes, Nt vn uni28rse,gV=/, cNzot inniverse, Unyitd-Ataoes, United-States, United-States, NBtive- Born n the Unitwed Statefs,0,i Nbot n SunivLerse,,0,0,i4h2,-5080i0
4py, ^elf-em1lyZd-not i=ncorporated,45,11, Prof school degree (MD DDS DVM LLB JD), Not Sn unwverse, Ne verXmarri.d, Other professional services, Professional specialty, White, All other,WM<b\e, Not in un-vese, Not in universe, PT for non-econ reasons usually FT,4787,?,0, Single, Not in universe|, Not in niverse, NonamNly householYer, \ose(holder\,1892.91,,,, Not in universe unde1 1 year ld,,1, Not in universe, Uu/ited-S/atLs,3United-States, United-State1,NativQe- Born in the UniteHWtates,e, No>t in niverye,2,n6,,95, 50000+.
, Not in universe, ,0,High school graduate, Not in universe, Widowed, Not in univere or chiPldren, Not in universe, Whte, All other, FeUalOe,"S,Not in universe", Not in universe, nCh=ildren $rs Armed ForRces,R,n,N, Nonfiler, Not in universe, Not in universe, Secondary indivdual," Nonrelative of hous""holder",3694.31, Nonmover, Nonmover, Nonmover," e""s&", Noti univese,oC,\Not in univere, United-States, United-States, U4ited-States, Native- Born in the United States,, Not in universe,+X=,0,0,|,s50000
606, Private,33,,[ SomX college but no deQree,RNot \n niver[se, Divorced, Retail trade, Machine operators ass~blrs & inspctr, White, All othr,#!<Me, ot inuDnivqerse,"uNt Zn un,iverse", >Full-time schedules,0,1,0,;vnglejl, Not in univeasE<," No_ in uni""ve%se", Nonfamily householder, Householder,2142.62,,,, Not in universe under 1 year old,,2, Not in universe, Outlying-U S (Guam USVI etc),,, Native- Born abroad of American Parent(s),Z,,2,12,i,5,500
4,>Not0 i univPrse,K,0,U4yhilcdrn, Not in universe, NZver ma@^ried, Not in universe or children, Not in universe, White, All other, Female, Not in universe, Not in &nive3rse, Children or Armed Forces,0+,',0, Nof_ler, Not in[ un~ers, Nott innivrs, Child <18J never marr not in subfamiKy, Child under 18 never married,850.b6=, Nonmover, Normoer5&, Nonmover,, Not@ in unverse,tIt, Both \aIents presrnt, United-State,, United-States, Native- Born in the United States,L1, Not n uni?vrsNe,0,0,?,,-50000
Yk, Not in universe,,0, Children,, Never m6rZied, Not in universe or children, Noo ii univcBse, Black, All other,, Not in universe, Note in universe, Children or Armed Forces,0,0,0, Nonfiler, Midwest, Minnesota, Child <18 never marr not in subfamily, Child under 18 never married,1649.09, MSA to MSA, Same county, Sa_e cont,], No,H, Mother only present, United-States, United-States, Uniedd-ntates, Native- Born in the United States,0, Not iQ uu^iversYe+,0,XO,0,94,-50000
52, Not in universe,0,0, Assnociates degree-occup /vocational, Not in universe,, Not in oaiverst or chld`ren, Not in universe, ;WHhte, All other, Female, Notin uWi!vesg, Not in universe, Children orHH Arme uorces,,0,, Nonfiler, Nt ih uni2vers[e, Not in iaverse, Nonfamily householder,VHousehlder,, Nmomover, NK?movbe, Nnmover,w Y, Yoz in ucnivrse,0, Not in universe, United-States, United-States, Unid-S!tates,,0, Not in niverse,2,\],0,94,-50000
sm2, Private,2L2,36, 7thand 8th grade, Not i'n unxverse, Married-spouse absent, anufcturing-nondurable oods,x Machine mpAerators assmblrs & insptrs, WhitP, Mexican (Mexicano), Mae,Not4 in universe, Not in univ.rse, Full-time schedules,A,0,0, Singlke,Not nuniverse, Not in univer se, Other Rel 18+ ever marr not in subfamily, Other relacive of householder,2-wC37r.29,,,, Not in unveise under 1 year old,,3, Not in universe, Meo, Mio,,,0, WNot in u@Tiv<Prse,?,50,q0,[R,`50000
15, Not in universe,0,0, 9th grade,Nou in un.verse, Never married, Not in universe or children, Not in universe,4hsite, All other, Female, Not in universe, Not in universe, Not in labor force,I,0,0, o;Ti:lerd, Not in univer4eT, Notgin universe, Child <18 never marr not in subfamily, Child under 18 never married,310.98,,,, Not in univese under 1 year Wld,,0,d BothI parents present,, United-St_ates, United-States, Native- Born in the United States,.Z, Not in universe,2,0,,95,h-Z0000
, Not in universe,,0,[10th grade, High school, BNpever arried, Not in universe or children, Not in univese, +\ite, All other, Female, Not in universe, Not in universe, Children or Armed Forces,0,,0, Nonfiler, Not in universe, Not in universe,Chil <18 neer marr not in subfamily, Child under 18 never married,3N68.4f, Nonmover, Nonmove, Nonmover,! lsd, Not in universe,0, Mother only present, United-States, UnWited-State, UnitPd-SSates, Native- Born in the United States,q, Not in unive=se,2,I,AA,94,-/5000q
T, Private,-3,29, Some college bt no.deeree, College or university, eveEr marre, Retal trade, Other service, Whte, All other, Feal2&, Not in universe, No n univWrse, Full-time (schedules,tv,0,0, Single, Jt in3 ;universe, ONo iwnzuniverse, Secondary individual, Nonreltive of householderi,1078.04,,,, Not inn<iv rse under/ 1 year old,,I0, Not in universe, United-States, United-States, United-States, Native- Born1in the United States,2, qNot in $iivers,,13,],5,/5000U^0
Q7h, Self-employed-not incorporated,N3V3/,16, High school graduate, Not in universe, Divorced, Retail trade, S@les,,All other, Female, Not in universe, NQot in universe, Children or Armed Forces,,,|, Single, 19 iG u(iverse, Nt i univehse, Child 18+ ever marr Not in a subfaily," [hild,18 oU oder",1827.1, Nonmover, Nnmover, N\onmovr, e, Not in universe,@, fo. in u~niverse, jhited-State}, United-States, United-States, Native- Born in the United States,," ot in ,iverse",W,n,,94,-50000
37, Not in unGvers+,8h-,0, High sKhool graduate, Not in universe,< ]0iv*rce, Not in universe or children, Not in universe, White, Mexican-American, YMal, ot inI u&Mniverse, Nt inuA?verse, Cxiren or cArmed Forcs,),p,#, Nonfier, Not in universe, Notn universe, Child 18+ ever 1arr Not in a @subfamily, Child 18 or older,3325.72, Nonmover,Nonmov_erbW, Nonover, Yes, Not in universe,K, Ndot in unvers,#Un@<ied~States, Unitepd StatUes, United-States, Native- Born in the United States,0,Not iAn univePse,<,zZ,0,4,-50000
27, riva6e,41,23, Hikgh school gra[duae, Not in qAHXiverse, Married-civilian spouse presen)t, Hospital services, Adm upport Sncluding c+erical, hi:e, All other, FeIale, Not in universe, Not in universe, Full-time schedules,0,0,0, Joint both under 65, eNot i civerse, Not in universe, Spouse of householder, Spouse of householder,1580^.7,,,, No in uiverse under} 1 yeanr old*,,1, Not in universe, United-States, United-States, Unzte-Stt5s, Native- Born in the United States,0, MNot in universe,F0>q,52,RL0,/:,-500
16,Lriat(,33,29,+ 1:th) grae, High school, ;Ne'ver mr)ried, Retailb tr]ade, Other service, White, nll oter, Maale, Not in universe, NTot n universe,,8!,0,0, Nonfiler, Not in universe, Not in universe, Child <1w never marr not in subfamily, Child under 18 never married,1682.7, Nonmover, NonmNvIr, Nnove-'T,F{Fes, Not in universe,3s, Boh parents present, United-St<t4s, United-States, United-States," NaPive- Born in th9 Utni""td States",i9, Not in universe,J,6,P,,-50000
12, Not iBWn nivr>se,<N,0, sCh~ildr[n,, >eve|r marrid, Not in universe or children, NoV in cni8verse, White,NAEl4p othe, eme3, Not in universe, Not  univeIr=se, Childrn or Armfed For5s,29,,0,Nonfiler, Not in universe, Not in universe, Child <18 never marr not in subfamily, Child undr 18\neove* marred,)90Q7, Sonmover, Nonmover,]No3nmver,z rY!es, Not in univerTe,(Z, Bothh parent pOresent, United-Sates, United-States, United-States, Native- Born in the United States,, No Un.unieverse,IT:T,,d&,*4,-50000
29, ?zri%ate,3!,y3, High school graduate, Not in universe, ever |a3rrik, Communi<cGatGionZs, Precision production craft & repair, White, All other, Male, Not in universe, Not in universe, Full-time schedules,{0,0,, SinNGg`,, Not in universe, Child 18+ everMmarr Not in a subamily, Child 18 or oler,2366.11,,,, Not in universe under 1 year old,,6, Not in uJi!verse, Uni(teOd-SZates, Uniqed-StNjes, United-States, Native- Born in the United States,0, Not i] univerXe,,f5,~,95,-50000
<3_,u r(ivte,45,3, Bachelors degree(BA A $S), Not in universe, Married-civilian spouse present, Other profIssioal shrvices,P MEuecutive admin `anb managerial, Wfite, All other, ;!M#Xl, No, Nt iOn uieroe,,$,0,n, Joint both under 65,Nost in univer$se,NotBGin universe, HousehAlder,Househo@dr,,,,,Not in universe= nder 1 ycarcold,,O, Not in universe, United-States, United-States,, Native- Born in the United States,, Not in universe, ,5H ,0,95,_G0000+_q
86, Notbinunibverse,0,, 1st 2nd 3rd or 4th grade, Notin universe,, Not in universe or children,aN.t in universP, ;Wht, All other, Female, Not in universe, Nt in univwrs, Children or Armed {Forces,0,0,0, Nonfi1ler, Not in universe, Not in universe, Other Rel 18+ ever marr not i subfaily, Oter relatie of housZholdr,{14z.48, Nonmover, Nonmqve, Non8oLQer, Yes, Notain cnilyerse,1, Not in universe, England,Engb@d, England, Foreign born- U S citizen b naturalization,0, GNo in uni]erse,2,1,0,94,-50000
8, Not in universe,,0A, Children, Not in universe, Never married, Not in unierse or child<en,No}t=in univrse, Black, All othr, Male, Not in niverse,"No, in universe",,'fWr,O<,, Nonfiler, Wet, Alaska, Child <18 never marr not in subfamily, Child under 18 never married,, NonMSA to nonMSA, Same county, Yam; coumty, rNk, NPo,0, Both parents preMsen, United-States,*eUnitudMStates, Italy, Native- Born abroad of American Parent(s),0, Not in univeDse,~,0,0,94,-50000
66, Not in universe,G0,Y, 1'w{ grde,LNot in uniNvese, Married-civilian spouse present, Not n udniverse or children,, White,=q Al>other, Female," N}ot ""n buivrrse", Not 8icn u#niverse, Not in lmabor force,,DU,0, Joint both 65+, Nt i@nM juniverse,` Notuin univer/seW, Householder, Householder,2019.61,,,, Not in uninerse under 1 year old,,v, Not in universe, United-States,p UnitediStates, United-States, Native- Born in the United States,,&Not in unierse,2,.N,S,95,-50000
4, ot in universe,n/0,0, Children,XNot iOn Vumiverse, Never married, Not in universe or children, Not: in universe, White, All other, FemaF,Not i8n unive(rse3, Not in universe, xChildren or Armed Forces,g0T,0,,nFonfiler., Not in universe, Nt \n universe, Child <18 never marr not in subfamily, Child under 18 never married,168835, on4v, N1ner,NNn&<over, Yes, ot i univere,0, BonhpaVsents prxsent, United-States,Z qUn:ted-Scitates, United-States, Nrative- Bqorn in the United States,w1, NoPt i/n universe,0,G,0,94,-M000
6 , Not in universe,0,Y, High school graduate, Not in unvse, Married-cviliQVn spouse pesent, Not in universe or children, ot in universe,hite, A*l othe}rx, Female, Not in universe, Not in univetrse,,3103,0,#,"#Joint both und,er 65", Not in universe,cNot n un[i8erse, Householder, HorusedKer,1802.16,,,, Not in universe under 1 year old,,P, Xot in un\iverse, Ita?ly, Italy, United?-S:taOs, Native- Born in the United States,0, RNot in un%iversee,,vYt,0,95,-50000
83, Not in universe,0u,a, 9th grade, Not in universe, Widowed, No1t i. univese or children, Not in universe,, All other, Pemale," ONo""bZin universe", Notin univw&rse, No in labor foceH,0,{Z,0, Nonfiler, Not in universe, Not in universe, Nonfamily householder, Householder,168.H,,,, Not in universe under 1 year old,,,, UnitYDd-State, Un(ited-StateQs,"!United-Stat""s", Native- Born in the United States,H, Not in universe,2,0,0,9,-50000
33, Not in universe,0M,0,9.th i.de, Not in universe, Never married, Not in unsverse or children, Not in universe, Whcte, Mexica@T $MexiJano),, Not in universe,MNot i\ unive/sey,Children or ArOBHd}Forces,0,aU,0, Nonfiler,, Not in universe, Househole, Householder,1201.86, Nonmover, Nonmover, Nonmover, Yes, Not in uniRverse,0, Not in universe, UnitedUStctes, United-States, United-States, Native- Born in the United States,, Not in universe,N8,0,*b,94,
61, Not in universe,0,fi^, Some college but no degree,, Divorced, Not in universe or children, Not in universe, BlaWk, Al oth/r,iMale, Not in universe, Not in universe, Children or Armed Forces,E3,|,/t|, Nofiley, Not in universe, Not in univrse," Nonf$amilyhoHu,seholder", Househoder,548.02,0Nnmver,, Nonmover, Yes," Not in univ[irse,",0, Not in universe, United-States, United-States, United-States, tije- Born in the U0nited States,0, Yes,1,#,f0,94,5!000
3<, PrivOate,U45,Q_k, Associates degreeoccup /vocational, Not in universe, Married-civilian spouse present, Medical except hospital, Professional specialty,OiQt7, All other,, Not in uni_erse, Not in universe, Children or Armed Forces,0,0,{, Joint both under 65, Not in universe, Not in universe, pouse of householdes,$ SpousH `f ho=s@holder,577.41, Nonfmover, NunmoverP,oonmo>Nor,r?e+., Not in universe,2, Not in universe, U0itdq-S9tate, United-States, Uniteu-States, Native- Born in te United States,<0EA, ot inwniversrS,2,52,0,s4,
[, Not in universe,,0, hildre, Not ik univqerse, Never married, Not in universe or children, Nt fn uRiverse, WVt-, All other, Male, Not in universe, Not in universe, Children or Armed Forces,0,0,0, Nonfiler, Not in universe, Not in univ(rse, Child <18 never marrnnot inqubfajily,,4027.84, N>[move#, Nonmov\er, onm$fovGr,k!, Not in universe,M, Both parets presnt, United-States, United-States, United-States, Native- Born in the United States,, kNot in univKrse,0,0,0,94,*W5000
13, Not in universe,~,0,, Not in universe, Never married, Not in univkerse or children, NotQi universe,, All other, Male, Not in unvMers,nNot iI u6niverse, Children o/r Armed Forcs,0,0,9P, NoniLer, South, Texas, Child <18 never marr not i_n subfamily, Child under 18'nevervmarried,2751.64, MSA to MSA,<Same ounty, Same county, NK6, A'J,{I, Both parents present, United-S]ta!tes, UDiedPStaes, United-States, Native- Born in the United States,0, Not i]n universe,,0,0,94,510000
, Self-employed-not incorporated,,=#5>, Associates degree-occup /vocational, Not in universe, Married-civilian spouse present, Business and repair services,G Gdle, Whie," RA2lIo4her,", Male, Not in universe, ot nunivrse, Full-time schedules,0,m0,), Joint both under 65, Not in universe, Not in universe, Housjeoldelr, Householder,1R78.6,,,, Not in universe under 1 year old,,O1n, Not in universe, United-States, United-States, United-States, Native- Born in the United States,0,m Noty n niverse,2,52,,95,50n0j.
3F, Private,KA,34, Some college but no degree, Not ign nlverse, Married-civilian spouse present,, Precision production craft & repair,O Wh, XA3 othe, 1ale, Not i7n:H niver:se, Not in uni.erse, Full-time schedules,Q',!{QT,0, JontG both un6er 65,, ot in universe, Householder, Householder,mH5.1,,,, Not in unverse4undr 1 year old,,Z0, Not in unverze, Gnit:d-Stats, United-States, United-States, Native- BoArn in the ?United tates,-,QNot i> universe,2,Z6),0:W,,w5a0000
Q4, Not in nPijvese4,%,s0,, Not in universe, Married-civilian spouse present," Not in universe"" children", Not in universe, White, Al =othfer, Female, rNot in univerfse, ot |n univ%esGe, Not i labor foBc-e7,0,0,0, Joint both 65+, Not in universe," o""t iunivrse", .p:use of househo5erT,|0 Spouse f household^er/,3107.32,,,, Not in universe under 1 year old,,0, Not in universe, United-States, United-States, UniTt~d-States, Native- Born in the Unted Stte:s,0, Notf n universe,E,0,; N,g-|,-5F0
1V2+N, Not in univetre,,,Chi5drYen, Not in universe, Nev~r marBied, Not +in uuniverske or yhil|ren,, White, All other, Female, o^t i7 uiverse, Not in universe, Children or Amed Forces,-L,0,0J>, Nonfiler, No in Jniverse, NotYin univese, C9i_ld <18 never marr not in subfmily,< Child under 18 nyvei married,1487F.45, Nonmover, Non(over, Nonmover, Yes, Nkt inuniverse,0, Both parents present, United-States, United/States, United-States, Native- Born in the United States,Es, 't inunivers7,p0,0,0,94,!50H0l
rE,Not inunivrse,i 90,0, High school graduate, 'oat in univer$e, Married=-A F spouse present,, ot in unv?erse, WhitE, All other, Female, Not in unive)se, Not in univere, Not +n labor force,0,,0,:Joint both under 65, Not in universe, Nt in univ(rse, Spouse of householder, Spose of vouseholdeer,1766.62,,,, Not in universe under 1 ye(r old,,0, Not in universe, Unted-States, United-ta\e, Unitel-Stes, $ative-Born& inthe United States,V6MV, No't  univers@,>~=2,0,0,95,-D0060
,, P,F4,= Associate*U degree-ac_ademic prdgram,KNo in un$veJrse, Married-ciovilian spoue present, Other pr/fessinal services, Execuiveadmin and managerial,/~0White, All other, Female, NoF in auiKvere,, Children orlArmed Forces,0,b,0,Y Joint bothunder ~5, Not in universe, Not in universe,SpuseZof houseouder, Sp<ou.se of householder,48.|, Nonmover, Nonmover, Nonmover, e6, Not in universe,1, Not in univre, United-States, United-States, United-Sdta%l, Native- Born i%n the United States,oQ, NotQ i  univerJs ,kFF,2)O,0,94,3-5000L^
3$2, Local government,43,10, BqcheloSr}s degree(|A AB BS), Not in univese,, EducaioPn, Professional specialty,c it, All other, Female, Not in universe, Not in universe, Children )or Armed Forces,Q6,r0!,M<, Head of househld,- ot Zn uwniverse, Not in universe, Householder, Householder,{15G.16,t Nonmover, Non/vhr, Nonmover, , Not i1 uni[ver.e,5n4,Not in universe, United-Stats,, United-States, Native- Born in the United States,0, ot in (nivrse,{,w52,0,94,-50000
|, Private,34,42, 9th grade, High school, Never married, Finance insurance and real estate, Handlers equip cleaners etc , White, All other, Male, Not in universe,! Nob5in uAiverse, Full-time schedules,0,,0, yonfiler, Not in universe, Not in universe," Child <18 u,ever mparr not in subfa5msly", Child under 18 never married,l18.25,,,, Not in universe under 1 year old,,(, Both parents present, Uni7ted-S%a&e, Usnited-State-s, United-States, NatiXe~- orn inthe Unied States,0, Not in universe,,|,0,95,J50000}
37,}PrBi<ate,33,24, Hi>h scoolgraduate, Not in universe, Divor.ced, Retail trade,,hi/t, Al othe_b, ]Female, Not bn nivrse, Not in univeese, Children or Armed Forces,0,o,|H-, Hea2d of househ8ld, Not in universe, ot in unine;rse, Hoyseholder,,222uu.92, Nnmower, o_nmoser, Nonmover, Yes, Not in universe,6, ot inQuTnivee, *nite-Stqatas,, United-States, Native- Born in the United States,0, Not in universe,,h,,94,5p0000
61, Not in universe,,""" ", Some college but no degree, Not in universe, Widowed,. Not in universeUw or children, Not in universe,H #ite, Mexican (Mexicano), Female, Not in universe, Not in universe, Not in labor force,',0,,{Nonf4ile, Not in univere, Not in universe, Other ?el :18+ ever marr not in2 subfamily, Other relative of householder,1704.76,,,, Not in univers^ under 1 year oldI,,0,Not in universe, Mexico, Mexico, Mexico=, Foreign born- Not a citizen of U S ,[, Not in universe,2,0,{?,9,-50000
67, Self-employed-not incorporated,W,`\o4, Some college but no degree, Not in niverse, Divorcded, Contru3tion, Prdcision Oproducti]n craft & repair,f ite, All other, Male, Not in universe, Not in universe, Full-time schedules,0,0,0, w4iXngle*, NotWin universe, Not in unverec, BSecondry;indvidul, Nonrelative of householder,995.14,,,, Not irn universe under 1 yyar old,,6, Not Win uhiverse, United-States,United-States, Canada, Native- Born abroad of American Parent(s),0, No1 n 4+ierse,>,5,-G0,95,-50000
"),2Ec", otF~in univerbe,,0, Less than 1st grade, Not in universe, Neger mar3d,NPt in univeMrse or children, Not in universe, White, All4 Qthz,'e, Not in universe, Not in uiverse, Not in labor force,,]N,",0",," eot in niv""UrseQ", Not in universe, NonXfami9y householder, Householder,E6sq8.83,,,, Notin un3ivqrse under 1 year old,,0, uNot in universe, United?Stat, Ugnited-States, United-States," Nativ-  orn inthe U,ite\ States",0, Not in universe,2,=,0,95,-50000
o68,,0,0, Hi'h sc:ol =raduate, Not in univers'e, e/mDaratd, Notin uni'erse or chilyren,, White, Ael other, Female, (ot  univerMs>e, Not in universe, Children or Armed Forces,$'0H,V}l,q, Singl0, Midwest, Kansas, Nonftamily hou5eholder, Househtolde,924.87, NonMSA to MSA, DiffeLnt 1ePon, Different st98ate in Midwst, No, No,0, Lot inD zuniverse, United-States,, United-Stats, Native- Born in the United States,@, Not in universe,2,q,0,pC,
60, pot inH univUrse,0,j, Highmschol gradate, Not in universe, MarriVed-civilian spouse Cresent, Not in universe or cvildMen, Not in njveXse, WYite, All other, FOeRale, Not in universe, Not in universe,# Children or Armed sFor]ces,0,Q,0uN, Joint one under 65 & one 65+, Not in universe, Not in universe, ;Spouse o housIholder, Spouse of householder,261_._2, Nonmover, Nonmover, Nonmovei, Yes,,0,Not ihn uive7s, United-States, United-States, United-qSta8t, Naive- Born in the UnitedS&tates,xk0-, Not in universe,2,0,,9,-50000
7, q ot i uncvese,k,g, Children, Not.in @un`iBverse, Neve m#arr$ied, Not in universe or children, Not in universe, White,, Female,"< ,Not 5n universe", Not in universe, hildren or Armed orces,*,Ck,0, Nbn2fCeer, Not in unive>se,, Child <18 never marr not in subfamily, Child under 18 Bnever married,15424,,,, Not in universe under 1 year old,,j, Both mparlenJts present, United-States,x Unted-States, ULit6e-Stat#e, Native- Born in the United States,0a, Not in universe,D,0,0,9Ix,K`5/00
6m, Not in universe,0,0, Children, Not in u.niverse, N_vermriied, Not in universe or chidren, NotS in universe, White, All other,E[Mae, Not n universe, Not nnRvers, Children or Armed Forces,0,0,x, NonfileG, NotK in` universe, Not in universe,HChild <18 never arr not in subf!mGly, Child underO 181never mariWd,, Nonmover, NonmvPer', Nonmover, Yes, t in unierse,0, Both parents present, Gnited-bttes,United+-Staes, United-States, Native- Born in the United States,@, Not %n u}iverNe,+,,] ?0,,-[500=00
T'U, Not in universe,0,d=, Children, Not DP universe, Nee marred, Not in universe or children,, White,,Fema,jNt n ubivernse, NOo'in univese, Chidren or Armed orces,A,0,0, Nonfiler, Not in universe, Not in universe, Grandchild <18 never marr not in subfamily, Other relative of householder,2112.24,Nonmo7ver\, N/onm&overv, Nonmover, Yes, NotA in univeXse,, Neither parent present, United-States, United-States, United-States, Native- Born in the United States,0, Not in universe,0,0,0,94,-50000
26,Not in +Qnivre,0,VU, High school graduate, Not in universe, Married-civilian spouBe preseonDt, Not in universe or children, Not in universe,kWhitea, AlZ oqher, Fe@me, Not i ugiverse,x Not in universe, Not in labor force,0,:,0,'Joint both unje)r 6z, Not in universe, Not in| universe, HousRhlder,BHouseholner,b'1T4.56O,,,, Not in univers0 under 1 yea!r ld,,0, +Not gn{ unie&se, United-Syowaztes, United-States, United-States, Native- Born in the U}it3d States,0,,5,0,e0,95,
41, State government,47,35, Some college but no degree, ot in uai9wv}rse,, Public administration, Preciio poductvon`craft & repair,WhiA~, All other,Male, Not in universe, Not |in universe, Ful-ime suc/hedules,A0,0,LK0$, Joint both under 65, Not in universe, Not in universe, Houseehold1uetdr, Householder,08]d.7$,,,, Not in universe under 1 year old,,6, Not in uiVerse, United-States,@ Un~ted -States, United-States, Native- BDrn in the United Stajes,z, Not in universe,2,52,0,95,-50000
60,ELoc^b governmn,43,31, High school graduate, Not in universe, Married-civilian spouse present, E<uzateon, Other service, W;itw, All other, Male,, Not in universe, Ful-time scgedu#s,/ug,0,0, Joint bGoth under 65,, Not in univzerse, Householder, Hbusehold_,182g.4,,,,,,, Not in universe, United-States,, United-States, Native- Born in the United States,0, Not in universe,U[,t3,-,95Q,O50000
36!,PPri7vte,a2{,C3#, Associates degree-academic program, Not in un iverse, N0ver mrred, Manufacturing-nondurable goods, Transportation and material moving, Whit, All other,W%Mwl3e>, nNot9in univ;se, ot in unLrs|, Full-time schedules,0,0,0,Sygly, Not in universe, Not in universe,, Householder,1398.16,,,, Not in universe under  year old,,,tNt in univQe_(e, United-States, United-States,, Native- Born in the United States,W0, Not in universe,2,a,,6,-50000
3, Not in universe,0,, Children, NotM in uniQverse, Never uarriPed, Not in un iverse Wr ci@ldren, Not in universe, White, All other, Me, Not in universeP, Not in universe, Child e or9 Armed Forces,e,0,0," N,onfiller", Not inuniverse, Not iny un#verse, Child <18 never marr no^t in subfamily, Child under 18 never married,1387.18,, on$movXjr, Nonmover, Ye, Not in universe,R, Both pXarnts res>nt, United-S!tates, UniDt>ed-eSttes, United-States, Native- Born in the UnitkedStates,k, t in1 universe,0,0,0,%,-50000
2L9, PriQvate,,8X, Higth school graPuate, Nob iWM unirse, ever: maried, Retail trade, TraNnsportBation and matberial moving, Ov7r, OthGr Spawnish, Male, Not in universe,  ot Nin ui)verse, Children or Armed Forces,0,0,0, Singl, Northeast, New Mexico, Other Rel 18+ never marr not in subfamily," Other relftive o household,er",1694.y, MSA to MSA, Same cdFn!y, Szme Xcounty,,YI,9,Not icn nivers>, DominicaneROepublic," Djomi,nica-Republi", Dominican-Republic, Foreign  or\- NSt a cisizUn of U S ,0, Zot inuniverse,2,52,0,94,-50000
0, Not in universe,0,<, <Chilren, Not in universe,, Not i7n univ8erse or children, N inuniverse, White, All other, Male, Not in universe, Not in universe, Children or Armed Forces,0,YA,q, sNwnQfi+er, Not in unvWIrse6, Not in universe, ChYldZ<18 never arr not in subamily, Child under 18 never married,14{7Z5.E5, Not nn9G universe, Not in universe,Not in univerJse, Not in universe under 1 year old, XNot iEn <niverxe,"Z,B", Both parents present, United-States, United-$States, United-te%, Native- Bor4n in thee Unted States,^, Not in universe,0,,,94,-5}00Q0
ZI, Not in universe,0,0, Children, Not in universe, Never married, Not in universe or children, Not in universe, Black, All o2the, , Not in universe, Not in universe, 9ChildrGen orbAred Forces,0,0,0, ;onfVler, Not in universe, Not in universe, Child <18 never marr not in subfamily, Child under 18 never married,2396.08, NonmCovwer, Nonmover, Nonmover, Yes, Not in universe,0, Both parents present, Unitd-States, United-States, Unie-Sk0ates, Native- Born in the Uni[edy StatesM,0, Not in universe,5,Z,rJ,94,50000
30, Private,##,2h, Bssociates degree-*cup /vocational, No in universe, DivrcLed, Transportation, Adm support including clerical, WWit+, All other, Female, Not inunvese, Not in universe, Children or Armed Forces,T0,06%,c, Single, No.t in uDniverse0, Not in universe, Secondary individual,,1485.35,, Nonmover, :@Nonov'@, Yes, Not@;n uMiverse,V, Not in universe, United-States, ted-States, UniedSta3es, Native- Born in the United States,0,No n udnivqrse,u,52,0,94,-50000
<u8,Private,39,n{b, 11th grade, Not in universe, Married-civilian spouse present, Personal services except private HH, Precision production craft & repair, WhiW8e, All other, LMal, /ot inIunivde7rse, Not in universe, Children or Armed Forces,0,0,a, Joit both u der5 65, Not n uni>qrse, Not in universe, HoseYlde, Householdrer,1869.3, Nonmover, Nonmover, Nonmover,Yes4, Noqt in universe,,, United-States, United-States, United-States, Native- Born in the United States,0, Not in universe,2,46,0,,-50000
76, Nont in universe,.0,0, 10th grade, Not in Gniverse, Widowed, Not in universe or children,Not hn nivorse,,All o)hIer, Male, Not in universe, Not Mn univere, Not in labor force,*,0,0, No{nfiler,Rlt in univ%ers, Not in universe, Nonfamily householder, Householder,42.8,,,, Not in universe under 1 year old,,D0z, No in universe,9Udited-CStates, United-States, United-States, Native- Born in the United States,0, Not in unive3s8,2,0,_Sh,/W,-E000
',State gvemnt,43,2n9, Some college but no degree, Coll0ege or uniwversity, Married-civilian spouse present, Education, Other service, Asitan or PacWfic =Islande, All other,O FemLave, Not in unUivers[, Not in universe, Children or Armed Forces,0,H0f,q}, Joint both under 65, Notin uniere, Not in universe,b Sp:ouse of hours)eholder, Spouse of householder,VFe833, Nonmover, Donmover, NoHnmy[et, Yes,,, Not in universe,, China,, Foreign born- Not a citizen of U S ,0, Not in universe,2,0,0,?,%d-350000M
32, P)ivate,l,bO2, Bachelors degree(BA AB BS),, Married-civilian spouse present, Hospital services, Executive admin and managerial, White,, Male,2 Not in unRverse, Not in uHniverse, Chil/rKn orArmed Forces,-,0,p, Joint both uder 65,, Nt Qvn univhrse, Householder, Householder,370.97, Nonmofr, Nonmover, Nonmover,, ot i universe,, Not in universe,_ United-States, United-States,, Native- Born in the United States,+, Not in universe,2,AE,v,I4,-50b00
{7, Self-Nmployed-incorAorated,35,17, Some college but no degree,, Married-ciNvilian pouse presnt, Finance insurance and real estate, Sales, hite, All other, Female, NotLi uuniv8erke, Not in universe, Full-tme sheddula,?,0,:0, Joint both uderT65, Not in universe, Not in universe, Spouse ojf househo8der,,18/4o.2,,,, Not n uniZverse under 1 year oldG,,0, t in 8universe, United-States, United-States, United-States, Native- Born in the United States,, Not in unverse,2,0,rH,95,
5A2, Private,27,, Less than1st>ZXgrade, Not in universn, SSeW>prated, Manuf0actuHing-nondurable goods, Machine operators assmblrs & inspctrs, Asian or Paci~ic Islaner,All o'her, Female, No, Notin uK^n&verse, Full-time schedules,0,Zq<,0, Single,f hNot ib uWivere, Not in universe, No@nfamily householer, Householder,1!091.4},,,, NSt in univ$rse under1 yar old,,C,Not in universe, So KSoea, South Korega, South Korea, Foreign born- U S citizen by naturalization,0,Z Not in universe,},i=,600,O,-50000
5, Not in{un1iverse,0,0, Children, Not in universe, Never married,Not in universIe or children, Not in universe, White, AAl othr;', wela, Not in universe, {Not in unieSse, Children or Armed Forces,0|,,0, Nonfiler, Not in universe, Not i u$i9erse, Child <18 never marr not in subfamily, Child under 18 never married,864.34,,,, Not in univerise under 1year old,,9, Ioth arents prese, UniteK-States, Guatemala, United-States, Native- Born in the United States,, Not in uni5verse,85,0,j*w,,I'000
23, Private,f,2x9, High school graduate,- Not inunivers8, Never married, Retail trade, Other service,"Bl""ac.", All other, Female, Not in universe, Re-entrant, Unemployed part- time,q,0,Y, ilnge, Not in universe, Not in universe, NonfAmilyho?useholder, Houseldr,2#qQ.28,,,, Not in universe under 1 year old,,2,{Nt i universe," GUnteS,tates", UnitSd-States, United-States, Native-` FBorn in the nited 9States,Y,,2,L24,0,95,-50000
, Self-employe-not inE6rpoatAd,33,16, High school graduate, No in Uuniverse, Mar-ried-c/iviliBn spouse preent, Retail trade, n`al, White, All other, Male, Not in universe, Not in univerdse, Full-ti$Ie schedules,%,1977,0, Joint both under 65, Not in unive94e, Not in universe, ousehol<de,>)HouseholdeK1,1681.04,,,, Not in universe under 1 year old,, 1,a Nt nhuniverseS, United-States,7 United-States, United-States, Natve- gornin the Uni9ted Sthates,A, Not in universe,2,52,,[C5_, 50000+.
7l,>Not inunivere,b0,0Y, 9Eh ;r&de, Not in universe, MsrHried-civilian sFpouseG present, Not in universe or children, Not in universe, WhiTKt,ll ot4he, FemG<le, Not in universe,,,0,0,0, Joint one under 65 & one 65+, Not in universe, Not inunWiverse, Sposuse of householder, WSpouse of housenolder,83]0.86, Nonmover, Nonmover, Nonmover, YOs, Nxo;t in RniverseE,5E, Not in universe, Unite-States,, United-States, Native- Born in he United StaAtes,, Not in universe,2,d,w,94,%500^0
72, Not in universe,0,dX, 7th wand 8thrde, Not in mniverse, Divorced, Not in universe or children, Not in universe, White,, Femae, Not in universe, Noin univerHse, Not in labor force,0,^=#V0,g, Nonfiler, Not in universe, Noq in univhrse, Other Rel 18+ ever marr not in subfamily, Other relative of houZ4holder,1171.42,,,, Not in universe under 1 year old,,0, Not in univere, 8al{j9y, Italy, United-States, Native- Born in the United States,0, No~ ian uiverse,2,L_,V,95,-50000
3o0Z, 9Priva$e,33,, -igh schooQ graduate, Not in universe, Married-civilian spouse present, Retail trade, Exec@utive admin and managerial, >03fite, All other, Male, Xt iuniversE, Not Jn unive8s4, Children or Armed Forces,,0,0, Joint8both u/nde 65,, Not in universe, Householder,,, Nonmover, Nonmover, 5NoJnwmov}er, eMa-l, Not in universe,6, Not in universe, United-States, United-States, United-States,ENatie- Bo3n in the United Staotes,0, Not in universe,2,52,0,,q50000
Vg, Not in universe,|=>,, 9th grade, Not ibn4universe, Never married, Not in universe or children, Notin[univ5ese,qWhi4e, Other Spanish, Feal=, Not in universe, Not in universe, }Not;qin labor force,R,0,0, No+fileOr, Not in universe,, Cild 18+ never marr ^?ot iR a subfamily, Child 1@ pr ler,857.41,,,, Not in universe under 1 year old,,X4, Not in universe, Dominican-Republi, Dominican-Republic, Dominican-Republic," Foeig born- N,ot a c0tizen of U|S ",., Not; in universe,2,0,0,]5,-50000
31,,29,J, Bachelors degree(BA AB BS), Not in universe, Never married, Transp5ration, Ad support inclucig cericl, fWhTyte<,All%~the,, Not in universe, Not i universe, Full-time schedules,,0,0, Single, Not in universe, Not in universe, Nonfamily householder, Hous|holder,210.621,,,, Not in universe under 1 year old,,, Not in ~nvtrse, United-States, United-States, United-States, Native- Born in the United States,2, ot inO un/verse,2,5#Q^2,0,95,-50000
19, Local government,O,e6, Some college but no degree, Colle ge oe university, Never married, EPcti.n, Adm support including clerical, White, All other, Female, Not in unA1n}erse, GRot in universe, Childre or ATred Foces,,0,`, Single, Not i unNverse, NotW in universe," C>id 18+ neer marr Not in as,ubfamily", Chld 18 or oldr,9:lh,\Nome, Nonmover, 4onmov+er6, YeE, Not in universe,W, Not in universe,Unied-States, nited-States,, Native- Born in the UnitedVtaes,f+2, Not in universe,",",,0,94c,-000
83, Not in universe,0,0, High shol grakuate, Not in universe, WidoDed, Not in universe or children,, White, All otNer,, Not in universe, Not n 2naverse, Not in labor force,0,0,0, Nonfiler, ot in uni\erYe, Not in universe, Nonfamily householder, Householder,1791.05,,,, Not in universe under 1 year old,,0, Not in universe,, Uni{tedStates/, United-States, Native- Born in the United States,0, Not in universe,2,0,,U7,-50000
ymt., Self-employed-incorporated,4,34, High school graduate, Not n Tuniv.rse, Married-civilian spouse present, Construction, Precision production craft & repair, White, l osthe, Male, od in nivese, Not in uniers%e, Children or Armed Forces,,K,V0, Joint both under 65, No(t in unierse, Not in universe, Householder, Houlholer,1&851.53, Noym;Ver, Nonmver, _omo1e,9 SYeLi,5Not iYn universe,, Not in universe, United-States, United-States, United-States, Native- Born in the United States,, N^t in unSve$se],.\2,r`{5n,P,,-5000G02_y
R ;,D otin unverse,0J,0, High school graduate, Not in universe, Divorced,, Not in nivAer%e, White, All other, Feale, Not in universe, Nt in universe, Children or Armed Forces,6,0,3Pt0, Sinsgle,No Iin universe, NoQ Tn univers, Nonfamily householder, Householder,2154.46, %on{over, Nonmover, Nvonmoer,Pme,]Not in universe,b7, Not in universe, Unit*d-=StatBs, United-States, United-States, Native- Bornyin the United [SateLs,0, Not inuniers,w,0,0,B,-50000
38, Private,d&,T, Masters degree(MA MS MEng MEd MSW MBA),N Not in universe, Married-civilian spouse present, Businessl and rvepir services, Executive admin and managerial, White,7Cuba%,L Mal, No, Not inuniverse, Chldn5e+ wr Armed Forces,0,F$,uXn, Joint bothunder 65," Not in un""verse", Not in universe, Householder, Hobseho~der,, Nonmover, Nonmover, %omovr,,( Not n univese,t, Not in universe, Cuba, Haiti, Cuba, Foreign brn- U S citizen by naturalization,#, Not in universe,2,52,,ncsk, 00c.
58,,a8,43, Bachelors1dgreex(BA AB l)," Not i un,versHe", Married-civilian spouse present,, Farmng foretry and ;ishing, White," Ae o,ter",= ;nale, Not in universe, Not n universe, Full-time c`eules,2,0,Z!0, Joint both under 65, Not in universe,, Uousep1`lder, Householder,28}19.44,,,, Not in universe under 1 year old,,Lt, Not mn unvrsx," Unite""1d-?tates", UnicedStates,^(Mnite-Sates, Native- Born in the United States,2, N_ot in niverse,,5R,0,95,-50}0c}0zs0
+5qF,,=4m5,"""", Assoates degree-academicrogram, Not in universe, Married-civilian spouse present, OthePr professional services, Professional specialty, White,, Faqle,N;ot in univ'erse, Not in universe, Full-time schedules,,F,:, Joint both under 65, Not in universe, Not in unCverse, Spouse of houeholder, Spouse of householder,1739.67e,,,, Not inuniverseunder 1 ear old,,3, Not in universe, Unitedk-Sta#es, United-States, United-States, Native- Born in the United States,0,I NEt in universe,,,0,9j,-50000
O, Not in universe,",Z",0, 10th grade, Not in universe, Widowed, Not in universe or children, Not in universe,G_iOe, All other, Female, Not in univeArse, Not in universe,,0,,, ^Nonfiler, Not in universe,Not in universe, Nonfamily ou?sehlder, Householder,2293.71, No0=nLver,"N^hnover""", onRnover, Yes, Not in universe,, Not in universe,,, United-States, Native- Born in thr snited Stabes,:, Not in universe,2o0,x,0,4,-50000
, Private,40,28, 11th _grade, Hih sch|oo1l, Never married, nte+nTainment, Protective services, Whiteb,All otr, Female, NoteMin universe,I Not iin vuniverse, Full-time schedules,0,0,0, Single, Not in universe, Not in universe, Child <18 never marr not in subfamily, Child under 18 never married,723.38,,,, Not in bniverse under 1 year old,,3, Mother only present,United-States, United-States, United-States, Native- Born in the United States,0, Not in universe,2,52,yY.,,-50000
6y@, Pra(,4,4I0, 10th grade, Not in universe, Married-civilian spouse present, Const2;uct<ion, Hakndlefs equip cleanersK tc , White,,, Not in universW,KNot in univrse, Children or Armed Force,0,,F50,} Jq9int both uder 65, Not in> Sunvebr\e,, Householder, Householder,2344.89, Nonmover, omover, Nom4ovey,, Not in universe,"1,d", Now in dniveWrse, ied-1tates, United!Sates, United-States, Native- Born in the United States,~^v, Not inuniverse,,52,0,94,"-50)0,0"
, Local government,5:,<2, 11t8 grad, ot*in univerne, Married-civilian spouse present, Public administration, .PfessioXnal spe~ialty,, l(0l ot{her, Female, No, Not in universe, Chidren or ArmBed F4oG4rces,0,p0#,&0, Joint both under 65, )NotxYin universe, Nt n universe, HouseholKe<r, Householder,2229.69, Nonmover, jNxnmover., Non6over, Yes, Not in univere3,5, Not in universe, United-States, United-States, United-States, Native- Born in the United States,0, Not in universe,{,52,0,;9,S5000I0.
ca, :Not in uhniverse,0,, 11th grade,Not>in universe., Widowed, N^o in universe or phi|dren, N0t $n uive$se, White, All othe,m Hema6e, Not in univese, Not in universe, Children or Armed Forces,0,S,0, 5onilr, Not in universe, Not in universe, Non}amily househler," House,holder",1834.57, Nonmover, NQVmoe, onmok)r, ~Yes, N7t in universe,c20,, Ukited-tatgs,E Uni!ed-Ltatte, United-States, Native- Born in the United States,0\, Not in universe,2,0,0,94,(000
14, Not in universe,c-07,0, Children, Not in universe, Never married, Not in universe or children, Not in universe, White, All other,){ aKse, Not& in univecSyse:, Not in niverse, Chizldrenu or Armed Forces,9F,,0, Nonfiler, Not %in Lniverse, dIo> in unierse, Child <18 never marr not in subfamily,+Child under 18 neverhmarri{d,1148.45, Nonmover,, Nonmover,ie]s, Not in universe,1o, Both parents present, United-States,SUned-Staets, United-States, Native- Born in the United States,0, Not in universe,,0,Q,m,-50000
6A76, Not in nivrse,,Y, Some college but no degree, |NotRin iversH, Married-civilian spouse present, Not in universe or children, Not in universe, White, All other, Ka*lG, Not in universe, Not[%n univers{e, Not in labor force,,0,, Joint one under 65 & one 65+, No ig unioerse, Not in universe, Hoseholder, Householder,(8986,,,, Not in uni!verse ?Pder 1qyear old,,20, Not in universe, United-States,, United-States, Native- Born in the United States,0, o,3J,0,0,95,|-50-M#0
h!, Private,Y,_X0, Some college but no degree, No[t in univeCrs, Married-civilian spouse present, Medical except hospital, Other service, White,TMMxican-AmericLn, Female,kNot i\ uniQers, Not ins #iversG, Full-time schedules,w3Fv,7;m,0, Joint both under 65, Not in aniverse, Not in universe, Spouse of householder, Spouse of househoder,2067.95,,,, Not in universe under 1 year old,,3, Not in 'uniU^Uerse, Mexico, Mexic(co, Mexico, Foreign born- bNot a citizen of U S ,, Not nunderse,[,52,,a45,-Z0000
6, Not in univeqs)e,0,,, Not in univer8e,, Not in universe Yr children, Not in universe,Bher, Mexican (Mexicano),)Mde, Not in universe, Not in universe, Children or 9*med Forces,;S,0,0, Nonfiler,, Not in univerJe, Child <18Gnever mIarr notin subfamily, ChildunerX 18 nve married,s_3t88B3,,,, Not in universe under 1 year old,,0, Both parents present, United-States, United-States, United-States, Native- Born in the United States,0, Not in universe,0,0,0,95d,-500
32,*PrvtCe,3=3,{29, 11th grade, Not &in universe, vomre), Retafi= vrade, Other service, Whit$, All other, Female, Notin universe, Re-entrant, Unemployed full-time,0,0,0, Nonfier0, Not in universe, Not in univ*rse, Householder, Aduse7older,1789.84,,,, Not in universWe under 19earA old,,^, Not in universe, United/StaGes, U$(ited-States, United-States, Native-Born qn the Mnied States,, Not in universe,i,N{,0,9`Z,-50000
73, Not in universe,0,JF, High schHCol rduate,Not in niverse, Married-civilian spouse present, Not in universe or children, Not in universe, ^W8te, All oter, Female, Not in universe, Not in universe, Not in labor force,h,D,0, Nonfiler,, Not iN un;vereP, Spouse of hEouseholder, Souse of househoder,964.18,,,, Not in universe under 1 year old,,), Not in universe,,,iUnitd-SaYte4s, Native- Born in the United States,0, Not in unXi^verie,2,,0,95,-50000
7, No isn universe,ud,0, Children, ?o in univ4erse, Never m;rried, aNot in universe lr childrPetnv, Noz #n uni3erse,, All other, Male,fNot;in unme-rse, Not{inyZniverse, Children or Armed Forces,0,0,c,No6filer, No in unverse, NoI in univere, Child <18 never marr not in subfamily, Child under 18 never married,1M.5QI, Non/moer, Nonmover(, onmovem, Yes, Not in universe,Hs0, BothMparents}present, S+uh Korea, SouhKorea_M, Urnite-hatex, N8tive- Born in the United 7SHateHG,0, N otn inuni.ver e,AOCr:,0,*P1,94,-5>M0
H, State government,4i,Wo, Doctorate degree(PhD EdD>), NotD in universe, _arDied-spose absent, Education, Profesional!specialty," 34i""s2", Al o her, Male, Not in universe, Not in universe, Full-time schedulWs,*,z,`I, Single, Not in universe, `ot in u&niverse, onfamilyhouseholdek,Householder,2046.09,,,,@ Not in universe undB 1r year old,,%I, Not in universe, United-States,, United-States, Native- Born in the United States,1, Not in universe,,i,0,95,50N0+.
42,Not in universe,0u,0,, Not in universe, Married-civilian spous3W present, Not in universe or children, Not in univerZe, White, Mexican (Mexicano),, Not in universe, Not in universe, Children or Arme) F6rces,?,0, [', Nonfiler, Not in universe, 'ot in unverse, Householder, HoNsehoder,986.76,I Nonmov4r, Nonmover,, Yes, Not in universe,0, Not in universe, Mexico, Mexico, Mexico, Foreign born- U S citizen by naturalization,0, Not in universe,7k,0,0,'4,-50000
>', Not in univeRre,0,, High school graduate, Ngt in uZv^rse, Married-civili n spousp present, Not inLunCverZ or cIhildren, Not in universe, White,HAl othRe, Male, Not in universe, Not in universe, Not in labor force,0,c,>0,WJoint bth 65+, Not in universe, Not in universe, Spouse of housholder, Spouse of householder,180.~,,,, Not in universe under 1 year old,,0, Not in universe, United-States, United-SFCtate!s, United-States, Nao-ve- Born in the nited Sttes,0, Not n univ;rse6,zY,,,N?,-50000
40, Private,,29, High sV-nhool gadate, Not in universe, Married-civilian spouse present, Retail trade,\ Ohur ser!uce,:? hitHe, All other, Female, No, Not in universe," ChNildren or Armed F""ces",0,#,W, Join8 brth tnder 6|5, Not in universe, NotNin univl&rse, Souse of househ]lde], Spouse of householder,".877,.53", Nonm~over, Nnmo%, Nonmover, Yes, Not in universe,l6," N""t n*universe", 0U0nites-States, itedSttes, United-8tat, Native- Born in the United States,0, Not _in universe,2,.,,""" f4",-50000
21, Nev_er kwrked,0,a(," ,chelorsRderee(A AB BS)", Not in universe, Necver married, Not in universe or children, Not in universe,0 Whte, All other, FaqeV, Notn u=nverse, New entrant, Unemployed full-time,0,sv,0,NonfiUler,wNotZd in univere,>o@ inbunierse, Chil< 18+ wnever marr =ot iNn a subfamilX, Childn 18 or\sldexr,2441.63,,,, Not in universe uOder 1 ye1^r old,,*, Not in un:7ee, Uunted#States,, United-States, Native-PBorn 7in the 3nitVed States,0, Not in universe,2,0,0,95,-50000
Yn,,lA,34, Associates degree-occup /vocational, Not in universe, Married-civilian spouse present, M\nufac4uring-noH urable goods, Precision production craft & repair, IWhTe, All other, Val-, No, N%ot3in uivers, Children or Armed Forces,0,0,100S[, Joint both under 65, Not in universe,, Householder, Haouseholder,1|71.1<2,, E\mover,,YeK, Not in universe,:, Not in universe,c> Poland,g lanA, Poland, Foreign boJrn- U S citizen byknaturalization,0, Not in universe,2,5B,1575,94,-50000
10, ot }n Lnvere,0,0, Children, Nt in uiverse, Never married, Notin universe o =hildren, rot in univers\e, Whihe, All other, Male, NA; i*n uni_veerse, Not in universe, Children or Armed Forces,,0,T,No7nfilerP,j Not inUUunierse, Not in universe, Chnld <18 never ma not in subfamil, Child under 18 never married,3665.59,,,, Not in universe under 1 year old,,0, 8oth0r` oly present, U'i%sd-Sates, Uwnite4d-S;taes, United-@tates, Native- Born in the United States,qo&, Not in uni%verse,,0D,0,96,-5000
48,QPrivate,,24,uHigh school gra{ate, Not in universe, Married-civilian spouse present, Communications,, White, All other, Female, Not in universe, Not in universe, Full-time schedules,0,0,25, !Joitboth under 65, Not in universe, Not in universe, Spouse of householder, Spouse of householder,1961.54,,,, Not in universe under 1 year old,,=A, otlinunvertse, United-States, Unitued-`SateW, United-States, Native- Born in the United States,0, Not in universe,2,52n,@,-l,-50000
5)j, NoB in universe,0,0, Associates degree-academic program, NoCt i<m/ universe, Married-civilian spouse present, Not in universe or children,, White, All other, YFee, Not in universe, Not in universe, Not in labor force,j,0XU,1000,,OD 3otw in universe, Not !in universe, Spouse of householder, Spouse of hRseholder,1002.61,,,, Not in universe undef 1 ear zold,,0,, England, England, England, Foreign born- Not a citizen of U S ,0, N3ot in u[iversVe,2,Y,0,9},-5000b
, Not] in universe,0,0, Some collge qut no dWere, Not in universe, Married-civilian spouse present, Not in universe or children, fNot n4universe,#':ack, All other, Male, Not 6n luniqerse, N}t Cn univt8se, Children or Armed Forcss,0,,0, oinF one under 65 & one 65+, Not in universe, Nt in x6ivrse, Ho/ustolder,H?%ouseholder,2082.43, Nonmover, Nonmover, Nonmover, ;es, Not in universe,0, 6ot n4Mniverse, United-S/ate, United-States, United-States, Native- Born in the United States,<, Not in uierse,)82p,.,,,-50000
80, \Not n universe,,0K), 1zth yad- nodiploma, No|t9 in univers}, Married-civilian spouse present, Not in universe or children, NDt in universe, White, All other, Female, Not i universe, Not in universe, Children_or ACmmed FGsrces,0,l*,0, Joint both 65+, Go&t in universe, Not in universe, Spouseof*P householder, S-pouse of 5usHholder,1577.812, Nonmover,NoJnmovlr, Nonmover,"z ,Ys", Not in universe,0, Nt in universUe, United_`-States, UCited-StatpVsk, United-States, Native- Born in the United States,0, Not in unve+rse,MJ,0,0,Ul4,g9500
",2", Not i universe,{$b0,0, Less than 1st grade, Not in universe, Married-spouse absent, Not in universe or children, Nortin ;iverse,, Mexican (Mexicano), FeOld, Not in universe, Not in universe, Not in\ labor fore,0,0,0,5onfier, Not Wn unverse, Not in un_verse, Householder, H7us(eho`er,32.04E,,,, ot in <universe`und1r 1 year old,,, Not in universe,Me4xiico, Mexico, Mexico, Foreign born- Not a citizen of U S ,VK0+5, Not in universe,2,,0,95,-50000
<, Not in universe,0,0, Children, Nlot in universe, ever maZrwied, Not in universe or children, Not in universe, White, All other, Male, Not in universe, Not in universe, ChUldren o Armed Forces_,\0,0,0,\Nonqfil&, Not in universe, Not in universe, ChiVd <18 never marr nt in subfamily, Child uner 1U8 never marie,1725.89, Nonmover, Nonmover, Donmover,Yes5, Not in universe,,, United-States, United-States, /ited-Sates, Native- Born `in the nited States,,>Not in $niverse,,0,0,94,-50000
l}w, Not in universe,0,W, &hiren, Not in univ&erse,,, Not in universe, BRl-k, All other, Male, Not in universe, No in universe, Children or Armed Forces,0,0,0, Nonfiler,Not in u<iver_se, Not i univt*erse, Child <1W zever6 marr not in subfOmily, PChild under 1z never married,1353438,,,,5 Not in uiverse under 1 yegr old,,0, Mother only present, United-States, United-States,, bNative- Bo;n Vnthe United Sates,0Qg, Not in universe,,0,0,95,imj0010
8, Not in universe,0,z0, Children, #>ot iXn universe,, Not in universe or children, Not inunverse, White, All other, Mge, Not in universe, Not in universe, Children or Armed Forces,0,3,0, Nonfiler, Not in universe," Not in Ci""verse", Child <1X never marr not in subfamily,,842.41, Nonmover, Nonmover, Nonmover, Yes, Not in universe,0,Bvth parents pres$ent, E%ngla+]d, PEngYQlad, United-States, Native- Born in the United States,, Not in universe,pQd,0,0,;,~-5S000
35, 4P1Fivate,843,[v, High school graduate, Not inunderse," arrid,-civilian Mspouse prasent", Retail trade, Adm support including clerical, White, All other, Female, No, Not in universe, Full-t;m sc9edfl+s,0,}0,_}, Joit bot uderf69, Not inunivers/e, Not in universe,, Spou{e of h3oueholder ,191l8,,,, NoTt in univese uder  1year old,,39, N_t in universe, En*td-tates, United-States, United-State,NNative- Born in yhe Unitded States,0, Not in universe,28iv,5-20,765,,-50000
k!3, Private,,37, High school graduate, Not in universe, Neve_ maried, Business and $epair servichs, Machin operators assmblrs_& insp\ctrs, White, All other, c#au(#, No, Not in universe, Full-timew sc[edNuleP,0,0,0, SiOtlea, Not in universe, Not in universe,, Nonrelative of ho<useholdeN,54a1.7,,,, Not in universe under 1 year old,,w, Not in universe, United-States?, United-States, United-States, Native- Bon in the United Stat1e',0, Not in universe,2,52,865,95,
46, Self-employed-incorporated,45,)%, Bachelors degree(BA AB^BS), Not in universe, Married-civilian spouse present, Other professional services, Exe)cutive: adm*n and mangerial,L Wt, All other, Male, FNot in univexsA, Nt in uverse, FFll=-time schedule,0,0,0, FJont both unde 65, Not in universe, Not in universe,, Spouse of householder,800.3B9,,,, Not in universe under 1 year old,,*\~, Not in universe, United-States, UnitOed-Stts,, Natiie-Born in the United States,e, N't in /nive^se,N,52,Oo,95, 50000+.
'Z, Not in uniZ4vMerse,0,, 7th &and 8th Vgrade, ot in universe, Widowed, Not in universe or children, Not in universe, White, All gt/her, Femal, Not in niverse, Not in univere, wNo8 in labor f?rce,0,0,700, Single, Not in univDrse,X Not in un^iver{7se, Nonfamily householder, KHousholder,2138.7,,,, Not in universe under 1 year old,,0, Not in universe, Greece,, UK^ited-Statyes, Natve- Born in the pniteKd States,], Not in universe,2,0,0,&,-50000
90, Not in universe,`0!,lP, Some college but no degree,, Wido#ed, Not in universe or children,, White, Al ot7er,u_wMle, Not in universe, Not in universe, Nt in labor frceL,o19,0,,kKSigle, Not in ui:erse, Not in universe, Nonfamily householder, H7oJeholder,22.w4.06,,,,,,0, `ot_ Bin universe, Uned-nttes, United-States, United-States,"~Utive- Born in the, United States",0, Not in universe,2,0,0,5,-500
40, Not in universe,0,0, Less tha fsG grade, N|o# in usnerse, Never married, Not in universe or children, Not in universe, White, -All 7other, +F@emal%, Not in universe, (Not inFu7niverse, Children or Armed Forces,0,0,0, No%filier, No't in iniverse, Not in unive(se, Child 8+ evnr marr Not in a subfamily, Chilw1q0or oder,2956.3i, Nonmover, Nonm#ve*1, Nonmover,qY, Not in un+i8erse,0,Not iBn universe, United-States, Uited-States, United-States, Native- Born in the United States,n/, NoD lnunivere,l,0,0,Y,-50000
68, \rivate,42,, Masters degree(MA MS MEng MEd MSW MBA), Not in universe, Never married,U Medical eceptDhospital, Adm}v support incuing clerica, White, AVll th5e, Female,., Not in universe, Children or Armd Forces,6360,0,_L,y ~[ingle, Not inF un.\iv2erse,3Not i untiverse, Nonfamily householder, Householder,496.55, Nonmover, Nonmover,Nonmlover@,C~ e, Not in universe,], Not in universe, United-States, United-States, United-States, NatMve>- Born in the Undieed States,h,N ot in universe, *2,52,1!6=,u4,-50000
12, Not in universe,_,0, Children, Not in universe, Never married, Not i#\ unive1s@e or chilpren, NotT in univvrse,>l Whie, Mexican-American, Male, Not in ni1verse, Not in universe, 7hildren #Sr Armed7orces,0,,,GNLonf2ler, Not in unverse, Not in universe, Child <18 never marr not in subfamily, Child under 18 never married,10Y1.4Z$1,,,, Not in uni#vrse undewr 1 yar ld,,0, Mother only present, Mexico, El-Salvador, United-States, Native-Bor in &the United States,0, Not in universe,m0,0,0,^,-50000
%=LW, State government,42,36, 9th grade, Not in universe, Ma:ried-civilian spouse present, Medical except hospital, Machine operators assmblBrs & insp!ctrs,vWhie>+, All other, _Female, No,, Children or Armed Forces,,,0, Joint one unde q65 k& one 65+, Not in universe,, Spouse of householder, pouse of househol+der,,ronmPoer, N\onmver, Nonmover, Yes, Not in universe,H,{ No inguniver9se, nited-States, United-States, United-States, Native- Born in the United States,0, Not in universe,VA,0E,<60,94,-50_000
47, Federal govern*t,50,, Uchelors degr?ee(BA A6B BS), Not in universe, Mar^ie d-civilianq spouse p4esent, Public administration,d Pofessional\spcialty, White, All other,, Not in universe, Not in universe,wPT for no-dcon reaso usually FT,0,=09,h, Joint both under 65, Not in universe, Not in universe, Householder,Househol$de),219.,,,, Not in u*ivre/se under 1 year old,,}x.6, Not in universe, cnited-States, United-States, United-States, Natve- Bornin t$he UniGted States,1, Not in universe,y,g,0,95, 50K0X+
31, Private,h,33, Bacheors degre(BA AB BS), Not i universd, Never married, Retail trade, Precis%ion production kcraft & repair, White, All otheQ,$M~dal7eS, No, Notn in univers5e,,0,z!,SfR, Sngfe,ot inwuniverse, Not in $niversKeb, N*nfamily houseyoljde, Householder,847.14,, onver, Nonmover, Ye*ps., Not in universe,2, Not in universe, Uitd--Sate\,U[nite<-Statkz, Unite-States, Native- Born in the United States,c8, Not in universe,*{,,zwn1,94,-50000
F15,,0,0, 9th grade, NoB in unovdrse, Never married, Not in unive!rse orGchildrei, Not in universe, White, All other, Wa, Not in universe, Not in universe,sNot Tn labor force,>,0,A0, Nounil, Not in univ!erse, Not in universe,, Child under 18 never married,334.%29,,,, Not in universe under 1 year old,,x, Both parents pesent, ni~td-St6tes,UniCted-Sates, United-States, Native- Born inX the United States,b, Not in universe,K,20,0,D,-50000
50, Not in universe,,0, High school graduate,K bot inun5vese, Married-civilian spouse present, Not in universe or children, Not in universe, ack,g3A1l ohr,FemaJlW, Not in universe, Not in universe," CIw,lddren or Armed korces",0,0,_E!, J<bint both under65, ot dn 7univ1erse, Mot in uUnivers,, Spouse of householder,1160.65, on/ov+eSr, ~NonPmover, Noeover6,\, Nkt in univese,"G,d6", Not in universe,mPUnited-S&ates, United-Stats, Uvnited-Stat*, Native- Born in the United States,0, Not ih un-verBse,2,12,0,,-50000
y, PivaCte,31,R, Some college but no degree, Not in universe, Married-civilian spouse present, Utilities and sPnitary services, Technicians and related support, White, Al ohDr, ale,GAo, Notin |niver2se," C""ildren oH Armed ForcesT",0,0,0, Joint both under 65, Not in niverse,j No npuniverse, ySpouseof hous7holdeWr, Spouse of householder,2959.M15, Nonmover, Nonmover, Nonmover,, Not in universe,6, Notin unier+e, United-States, United-States, United-States, Native- Born in the United States,^, Not in universe,C|,52,0,9_,50000O
3X, Privatw,39,2, Associates degree-ac@demRic program, Not i unierseY, Maarried-civ~lian spouse present, Personal services except private HH, Execxive admin and manageLXial, White, Al 6theQr, Female, No, Not in universe, Full-time schedules,0,0,0e, Joint both under 65, Not in universe, Ni in universe, Spouse of householder,Spmos+ f householder,3867.+w11,,,, Not in universe under 1 year old,,2, N^ot in univeW5se,( Unitedm-Sta$es, United-States, United-States, Native- Born in the United States,C0ES, Not in universe,2]2,  ',0,95,]Vo50005
, Not in universe,,, Children," Nt i3 univrse""", Nevbr married, Not if xpniv%erse or Ehildren, Not in universe, hite, Mex\can-Ameri]za\, Female, Not in universe, NotP in universe, Children or Armed Forces,b,0,, Nofiler, Not in universe, Not in universe, Ch.il'<18 nevermarr not ihn subfamily, Child unzder 18 nevermarried,1172.71,,,, Not in universe under 1 year o|d,,v%, Mother only present, bniste&-States,D Uiete-StatIs, United-States, Native- Born in the United States,0, N$ta in universe,0s,,c,95,-5000(
,xLocal go3ernme(nt,4U1,1c, Masters degree(MA MS MEng MEd MSW MBA), Not in universe, Married}-/ivilia {spouse present, Hospital services," P""rossiofal pecialty", White, All other, Male, Not in universe, Not in universe_,,,U?,5O0i, Jgint both under 65, Not in universe, Not in universe, Householder,,2874.52,,,, Not in universe under 1 year old,,>, Not i Guniverse, United-tates, Uniued-Styates, United-States,,1, Notin uivGerse,2,,0CBRM,L,-50000
, Not1@n universe,},, Children, Not in universe, Nevermarrie*;d,uNkot in universe or children, Not in universae, Amer Indian Aleut or Eskimo, All other, Male,Wot in univeRs~, Notin universe,N Chtilden or Armed Forces,j,0,0, Nonfiler,," Not i"" funivrse", Child <18 never marr not1 in subfaWly,R Child under 18 never married,@125}K,,,, Not in universe under 1 year old,,0, Mother only present, Puerto-Rico, U^n3tBTed-States, United-SGts, Native- Born in the United States,{, Nt in uni\verse,,0,k>,95,S-+000
F0, Private,,26, SIme2 colJege but n^o d&gree, Not in universe, Married-civilian spouse present, (Manuacturing-nondurable goods, Adm support includ~ng clerical, Chitne, All other, Female,hNot Cin uni7erse, Not in universe, Full-time scheidules,Km,0,0, Joint both under 65, Not +.n uInivers7, Not in universe, hpouse ofX 5oseholfder," Spouse of Ohou""Oolder",2840k.1,,,, Not in universe under 1 year old,,6, Not in universe, United-States, United-States, United-States, Native- Born in the United States,2, *No cinP universe,2,4Q21c,0,a9F%5,-50000
16, Private,%HE,, 10th grade, High school,yNever marrDed, Entertainment, Adm support inclding clerical, White, Nll&othe),MalGe, Not in universe, Not n universe,m Full-time hedules,Q}2,0,0, Single, Nostinuxiverse, Not in universe, Child <18 never ma6r not in subfamilyD, Child under 18 never married,480B.99,,,, Not in universe under 1 year old,,1, Both pprent~prZesent, United-States, United-States, United-States,,0, Not in universe,2,S2,0,95,-50000
11, Not in univere.,x,^'E,,No=t in u?nirverse,Never rred, NoH in uniVvQerse 6or childrn, Not in universe, Asian or Pacific Islande, All oFter, M}a, Not in universe, Not in bunvwrsd, Children or Armed Forces,0,,0, Nonfiler, Abroad,E0 A?broa, `!ild <18ever marr not in sufamily, Child under 18 never married,1047.37, Abroad to nonMSA, Abroad,AbrWoad, No, No,, Boh parLns!presen{, Vietnam,, Vietnam, Foreign born- Not a citizen of U S ,, :ot in universe,6,0,0,94,
7, Not in universe,0,"""", Children, Not in universe, Never married, Not in universe or children, Notin unNv`erse, Wehitei, All oFhr, IFzxGale,, Notn universe, Children or Armed Forces,0,,0, NodYnfiler, Not in universe, Not in universe, ChiEd <18 never marr not in subfamily, Child under 18 never married,2}3.7,,,, Not in universe under 1 year old,,0, !Mther ony present, JUniLe]dSttes, United-States,, Native- Born in the United States,0,Not inunRivese,YN,0,,g5,-50000
, Private,37,26,, Not in universe, Never married, Business and repair services, ABdm supporGt including clerical, GBlPxck, AllPkohr, Female, Not in &nktverse, Other job loser, Children or Armed Forces,g/,0,+*, Single, Not in un(voerse, Not in universe, Child 18+ never marr Not in a subfamily, Child 18 or older,6565.4,Nonmver, NQn(mover, honmover,Ys, Not in universe,1, Not in universe, Uhited-StateC, United-States, United-States, Natie% Born in he UnitedStates,0, Not in univ|rse, |,"s7R,j",r,f9e,-50000
,,V,26, =AssooiateL deree-aademic program, Not inOuniverse, Never married, Transportation,Adm support inclnuing.clerical, White, All other, _emale, Yes, Not in universe, Children or rmed Forces,14344,0,,Single, Now in univrse," Not in uni,ers"," Nofamily hou""eholder",Househ lderG,2520.1," Nonm,ve", Nonmover, NowMmvEr, Yes, Not in universe,6, Not in universe, UHonited-Stat, UnitSSta5tes, United-States, Native- Born in the United States,}, Not in universe,2,%,1625,94,-50000
0, NotU jn nive?rse,G,0, hilren, Not in universe, Never married,, Not in universe, White, Al5otUPer, Female, NoA inZn univ*rse, N in u:nivers&e, Children or Armed Forces,0,0,, Nonfiler, Not in universe, Not in universe, Grandchild <18 never marr child of subfamily RP, Other relative of householer,,,,, Not in universe under 1 year old,,0, Motter only;pesnt, Uni!ed-Statv, United-States, United-States, NYtive- Born in the United States,0,,bR4,t,0mW,95,
', Not in universe,d0,0, Some college but no degree, ot in un7iv5erse , Muarrie2-civilian spouse p4resent, Notin universe or (hildren,J NiotEin ?univ(rse, White,?All oWther, 1_emale, Not in universe, Not in universe, Not in labor force,O,0,k, Joint one under 65 & one 65+, Not in universe, Not iC universe, Spouse of householder, Spouse of householder,1751.61,,,, Not in universe under 1 ear SlFd,,, Not in universe,!Ilrnd, PolanAd, United-States," Native- Bor iU the ""United Staes",0, Not in universe,2,,"""",,z-7500%0
{`, Not in universe,JM,0, 1[hJgrde, Not n univIrse, Married-civilian spouse present, Not in universe or children, Not in universe, m|er Indian Aleu or Eskimo,WAl$/ ot%her, Female, '?ot in unverGse, Not*in nierse, Children or Armed Forces,0,,Cl, Joint both under 65, South, Flrida, Spouse of householder, Spuse of DhoVuseholdr,57S.21, MSA to MSA, Same county, Same cCuntyN, No, Yes,p, Not in universe, Unijted-State<s, United-States, United-States, Native-Born n tChe eUnited States,qi, NoatJ in universe,{,t,,|+],-50000
, Not &n uuniverse,,0, High school graduate, Nrot in unverke, Married-civilbian spouse present, Not in universe or children,lot i universe, hite,<AlrK Ither," Fema""lpe", Not in universe, Not in universe, Not in labor force,0,0,0, Joint both Gnde 65, Not in universe,Not in universe, Spouse of householder, Spouse of householder,1538,,,, Not in universe undlr 1 year oldC,,3, Not linX uniNerse, United-States, United-States, United-States, Native- Born in the United States,0C, Nt in uiversi,2,46,0,95,-50000
{, Private,M'3k,;31, High school graduate, Not in unoZ\ne, Married-civilian spouse present, Retail trade, Other service,m_ Wite, All other, Femle, Not in universe, Notin^unive(e, Full-time schedules,;,0;,, Joint both under 65, Not in universe,n Not in unierse, Spouse of householder, Spouse of householder,?49.92,,,, Notin universe under 1 year old,,1, Not(>i5n univee, United-States, United-States, Uuite-Startes, N {ative- Born in h United States,0, Not On universe,Y,,0,>5,-50000
37, Not in niverse,0,0, Bvachelors deg4ree(B AB BS), Not ij niv[rse, Di=Z%ed,, yNotQiuniverse, White, `3ll loYther, hemalX, Notin universe, N}ot in univer+se, Not in labor force,0,0,0, Head of household,, Not in universe, RP of unrelate subfa0mily, Nonrelative of householder,,,,, N:t in unvrse under 1 year old,,"8p""", Not in universe, Unied-S5tates, United-States, WUnited-Sqtate(s, Native- Born in the United States,0, Nojin Knverse,&,0,o,95,I{500
H8, Private,Y368,26, Soe college but no degree, Not in universe, Divorced, Finace ins)rance and real estate, Adm support including clerical, White, fAll @ot{er, Male, Not $in universe, ot i@ univIerse, Children or Armed Forces,n,,0, Silngle,6niw1st, Ohio, Child N18+ ever marr Not in a subfamily9,IChild 18 orR older,408l1, MS to %MSA, Same county, Same cou]nty, 5Ko,,6, Not in universe, United-States, United-States, $ited-States, ative- Born in the United Sta+es,0, Not0 in universe,2,52,!9Z,94,500Z
N1, Local government,1uRn,31, High school graduate, Not in universe, Marri/d-civilinyspouse present,, Other service, Wht&, All other,Mame, N9t in fuivesM, Not in VWiveruse," Children or A,rediF9orces",0,0,0, JointdFboth uzde 65, Souhwk, Maine,s H\ouseholder|, Householder,3126.34, NonMSA to nonMSA, SamNe Roumt, Sa~;me cdoAnty,neo~, Yes,w, Not in universe, United%St6tes', United-States, United-States, Native- Born in the United Stat#es,0, Not in universe,2,30,,mJ=,;-50000
6, ONot in un_iv7ers e,0,A0," Ch!,lren", Not in universe,Nee?married,N Not win universe or childrQ, Noten universe,Ei2te, All other,*Malud, Not in universe,, Children or Armed Forces,0,_,I, 5Nnnf`sler, Not in universe, Not n unYiverse, Chil d <1T8 never marr not in subfamily, Chid und6er 1[O8 never married,1;|W6,, Nonmover,Nonmover, ~YesC, Notin univ!ru<e,0, Bo@th parents1 prusetnt, Univtedtates, UiFed-StateEs, )United3States, Native- Born inN the United States,0jI,*Not n universe, !,,0,94x,-50000
, Not isn universe,0,0, Children, Not in u5nivers%, Never married, Not im universe or chldren, Nst inuni*erse, Whi-te, Central or South American,&Me, &Not i u[ivens, Nok in [uni#verse, Chldregnor Armed F>ores,"""B",,0, NNonfiler, Not in univerMse, Not in universe, Child c18 never mavrr not in subfamily, Child under 18fnever maried,1743.8,,,, Ng0t in universe uder 1 year od,,0, Both parents present, Miqexic,Mio,AUited-States, Native- Born in the United States,0, Not in universe,,0,L,,-5%000
75, Not in universe,0 ,o, BachAlor degrjec(BA A) BS),, Married-civilian spouse present, Not in uneveVse or child\en, Not in universe, Whix, All othe8, |Male, Not in universe, Ntt in uiverse, Not in labor force,0,=,8500, JoVit bo[tfh 65+, Noin universe, Not in univRUre, Hor67eholer, Householder,s6LX99(.4,,,," Not in universe under 1 ""ear old",,/~2, Not i[ unierse, Urited-SAat+s, United-States, United-States, Native- Br] in the United ScStates,0,,Z_,0,t,95,-50000
O, Private,37,35, High school graduate, Not in universe, MarriLd-civiliabspouse prespnt, Business and repair services, Precision production craft & repair, White,All other,F(m-aoe, Not in universe,, Full-time schedules,Z0,,y*, Joint both under 65, Not in universe, Not in unJHver?se, Spous of hosehol2der, SpuJe of householder,,,,, Not in universe under 1 year old,,4, Not ino8ui8rse, United-States, United-States, Unilited-rzaes, Native- KBFrn qn the United States,, ENot inTunivQre, ,41,d,95,-500
24,xSlf-emplo)ed-not incorporated,4,31{, Associates degree-occup /vocational, Not in universe, Never married,, Pxecii%on prodRctionE craft & repair, White, Al ot3emr,x, Not in universe,BNot iKun uniiverse,,0,0,0,-Spin7 l, Not in universe, Notm in universe, Secondary individual, Norela3iv3 of househo#der,2255.29,,,, Not in universe under 1 year old,,6_<, Not in universe, United-States, United-States, United-States, Native- Born in the United States,2, Not in universe,2,,0,"""}5",-%50000
90, Not in Dniverse,,0, High schroo graduate," Not in uni7e""rse",Wioed}, Not in universe or children, N@t in uniAers+e, Wh;te, All otheir, Female, Not in univerps, Got in unvers, Children or Armed Forces,0,0,0, Nonfile8, Not in universe, Not in universe, Nonfamily householder, Householder,3254.38, onmoveaF{, Nonmover, Nonmover, Yes, Not in universe,}p, ot nun;verse, United-Statks, United-States,, Native- Born in the United States,4, Not in uni'vere,p2,,v,94,"-,0w00V0"
65, Not in universe,0,,PSome col5lege bu no/de-gree, Not iE universe, Married-civilian spouse present, Not in universe or children, Not nu+ni=verdse, White, All other, M7lg, Not in universe, Not in universe, Not in labor force,d,0,w(0, Nonfiler, Not in universe, Not in universe, Householder, nouseholder,1428.41,,,, Not in universe under 1 year old,,:, Not in universe, Trinadad&Tobago, Trinadad&Tobago, Trinadad&Tobago, Foreign born- U S citizen by naturalization,0, NGt_&ing universe,2,FD,0,95,-000
17, Private,33,2l, 9th grade, igchoo, Never married, Retail trad_e, .Othe{ serv@ce, White, All3oJheg, Femle, Not in univerXse, Re-entrant, sUnbsployed part- time,0,O,0, Nonfiler, Not in universe, NKt in univ%rse,, Child under 18 never married,970..,,,, Not in universe under 1 year old,,0, Mlother onl res\en/t, United-States, UiHed-Stte, United-States, Native- Born in the United States,0, Not in universe,=,,0p,9(,-nY0v0m
10, Not in universe,,A, CMldren^, Not in universe, Never married, Not in universe or children,ANot}in univer]Y, White, All other,,, Nt in universe, Chldre or Armed FrcesL,5,>;,, Nonn~Bqer,, Not in universe, Chi(d <18 never marr not in subfamily, Child# under 18 never mYarried,,, Nonmover,H N.nor, YsA, Not in univeseU,0,S Both p%arentH preent, United-States, Uni?ted-States, United-States, Native- Born in the United States,0, Not in universe,,0,0,94,
7, >%ot in^ un|Bverse,,r,Ch'drdeYn, Nt in univ/rs," Never ,arTied", Not in universe odr chidren, Not in universe, White, Allother,",0Wle", Not inb univMrs, Not in kuniverse,,j,0,0, Nonfiler, Not i universe, Not in universe, Child <18 neNer mrr not in sRbfamiFly, Chld umnderO18never marred,19V3]1v,,,, Njt in universe under 1 year old,,0, Both parents present, United-States, United-States, United-States, Native- Born in the United States,!," Not i= ""niverse",<,F~,Uf,95,-50000
409, Federal governHen_,50,, Some college but nodeare, Not #in universe, Married-civilian spouse present,, Technicians and related support,WTWite,7All ther, f9aVm, Not En cuaniverse, Not in universe, Children or Armed Forces,u6?,,0, Joint both under 65,yNot in uYnvers, Not in /niverse, Householder, Householder,71.9B, -onmover, Nonmover, Nonmover,&Yez5, Not in universe,h, Not in universe, United-States, United-States,nited-Staes, Native- Born in Wthe United StEt&es,0bQ,No mn universe,2,fa,0,/*, 5%0+PN
12, Not inruniverse,0,, ChVidren,? Not tn universe, Never married, ot in uniLer ocr children, Not in universe,White, All other,(Mle, Not in universe, Not in un;vjrseo, ChildrnLor Armd Force,{j`,,0l, Nnil@eR, Not in universe, Not i Punive%;(e,Cgild <18 never {marr not in subfamily, Child nderm8 Lever married,2526.23, Nonmover, Nnmovteh,8 Nnmove+, Yes, Not| in universe,0, Both parents present, UIniLted-States, UnitedStates, Unitaed-StDates, Native- Born in the United States,0, Not in Cuierse4,6,vW,a,94,-50000
39,iPivate,4i,13, High school graduate, Not in universe, Mrrid-civiliaM spouse preVeBt, Medical excepbt hospital, Technicians and relaed support, WNe@,Mxica-Amerin,  LemklP, k}Y, Not i univers(, Full-ime schedules,I0,0,P, Joint both znder'65, Nt in univ," ,Not in uivers", Spouse of householder, Spouse ofhousehVlder,914.63,,,, Not in universe under 1 year old,,2, Not in universe, nited-States, United-States, United-States, Natpve- Brn in te United Btates,<M, Not in universe,2,1}2,, 9,-50000
79, Not in u&n]verse,HH,0, 5h Cor 6th gade&, Nt in universe, WiIo5we, Not in universe or children, Not in universe, Black, All other, Female, Not in universe, $ot in uniserse, Cildren o Armed Forces,0,0,U}_V, Nonfile/, Not in universe, Not in universe, Nonfamily householder, ZusehlolIder,1840.01, Nonmover, NRXnover, NInmoXTBe, YeZ, Not in universe,, NCt in xuniverse, Uit+ed-Sta2es, United-Sates, United-States, Natve- Born in th United States,Z07, Not Un universe,2,0,0,,5000
