age,workclass,fnlwgt,education,education-num,marital-status,occupation,relationship,race,sex,capital-gain,capital-loss,hours-per-week,native-country,income
30,Private,35032,Some-college,1,Never-married,Sales,Not-in-family,White,Female,0,0,30,United-States,<=50K
44,Private,198216,Assoc-acdm,1,Married-civ-spouse,Prof-specialty,Unmarried,White,Female,,0,40,United-States,>50K
30,Private,113044,Some-college,10,Never-married,Craft-repair,Not-in-family,Asian-Pac-Islander,Male,0,0,33,Vietnam,>50K
30,Private,99179,7th-8th,4,Married-civ-spouse,Craft-repair,Husband,White,Male,168,0,40,United-States,<=50K
38,Private,31606,Doctorate,6,Married-civ-spouse,Prof-specialty,Husband,Asian-Pac-Islander,Male,174,0,40,China,>50K
39,Private,48413,Some-college,4,Married-civ-spouse,Craft-repair,Husband,White,Male,0,0,36,United-States,>50K
30,Private,186720,Some-college,10,Never-married,Other-service,Own-child,White,Female,0,,50,United-States,<=50K
19,Private,86723,Some-college,10,Never-married,Adm-clerical,Own-child,White,Female,594,0,30,United-States,>50K
22,Local-gov,48087,9th,1,Never-married,Handlers-cleaners,Own-child,Other,Male,?,0,30,United-States,<=50K
56,State-gov,35945,HS-grad,1,Widowed,Adm-clerical,Unmarried,Asian-Pac-Islander,Female,0,0,30,United-States,<=50K
38,Private,289653,Bachelors,3,Never-married,Sales,Unmarried,White,Male,0,0,30,United-States,>50K.
40,Private,35032,5th-6th,6,Married-civ-spouse,Transport-moving,Husband,White,Male,0,0,30,United-States,<=50K
34,Private,360814,Some-college,10,Divorced,Adm-clerical,Own-child,White,Male,0,0,34,United-States,>50K.
41,Private,215797,Some-college,6,Never-married,Handlers-cleaners,Unmarried,White,Male,,0,50,United-States,>50K
30,Private,76860,9th,1,Never-married,Adm-clerical,Own-child,White,Female,0,0,40,United-States,<=50K
23,Private,76860,11th,1,Married-civ-spouse,Exec-managerial,Husband,Other,Male,953,0,55,United-States,>50K
46,Self-emp-not-inc,98141,Bachelors,13,Married-civ-spouse,Farming-fishing,Husband,White,Male,0,0,34,United-States,<=50K
47,State-gov,21906,Doctorate,16,Separated,Exec-managerial,Not-in-family,Asian-Pac-Islander,Male,3137,0,34,United-States,<=50K.
30,Private,21906,Bachelors,10,Married-civ-spouse,Exec-managerial,Wife,Black,Female,0,0,40,United-States,<=50K
30,Private,70919,HS-grad,1,Married-civ-spouse,Craft-repair,Husband,White,Male,114,,30,Puerto-Rico,>50K.
37,Private,31606,Assoc-voc,1,Married-civ-spouse,Tech-support,Husband,White,Male,0,0,30,United-States,<=50K
61,Federal-gov,294466,Some-college,4,Divorced,Adm-clerical,Not-in-family,Black,Female,0,0,30,United-States,<=50K.
35,Private,25139,HS-grad,3,Married-civ-spouse,Handlers-cleaners,Husband,White,Male,0,2042,30,United-States,<=50K
24,Private,225860,9th,7,Never-married,Transport-moving,Own-child,White,Male,,0,39,United-States,>50K
30,Self-emp-not-inc,212793,HS-grad,9,Married-civ-spouse,Craft-repair,Husband,White,Male,20000,,50,United-States,>50K
57,Private,173504,10th,6,Widowed,Transport-moving,Not-in-family,White,Male,,0,34,United-States,<=50K
30,Private,48087,HS-grad,4,Married-civ-spouse,Craft-repair,Husband,White,Male,168,0,34,United-States,>50K
56,Private,107164,Some-college,1,Married-civ-spouse,Craft-repair,Husband,White,Male,0,0,34,United-States,>50K.
33,Private,35032,Assoc-voc,4,Married-civ-spouse,Adm-clerical,Wife,Black,Female,0,0,40,United-States,<=50K
36,Private,234738,HS-grad,1,Separated,Adm-clerical,Unmarried,White,Male,0,,30,United-States,<=50K
37,Federal-gov,48413,HS-grad,1,Divorced,Other-service,Not-in-family,Black,Female,0,0,30,United-States,<=50K
39,Private,70668,Bachelors,3,Married-civ-spouse,Tech-support,Husband,White,Male,15024,0,30,United-States,>50K
24,Private,35945,HS-grad,1,Never-married,Craft-repair,Own-child,White,Male,0,,34,United-States,<=50K
38,Private,24712,Assoc-voc,4,Married-civ-spouse,Tech-support,Wife,White,Female,0,0,30,United-States,>50K
33,Self-emp-inc,24712,Some-college,10,Married-civ-spouse,Transport-moving,Husband,White,Male,0,0,40,Haiti,<=50K
37,Private,31606,9th,4,Never-married,Exec-managerial,Own-child,White,Female,0,0,25,United-States,>50K.
30,Private,82049,HS-grad,9,Married-civ-spouse,Machine-op-inspct,Husband,White,Male,168,0,54,United-States,<=50K.
37,Private,86723,HS-grad,1,Divorced,Sales,Not-in-family,Other,Male,0,0,30,United-States,<=50K
30,Private,27834,Bachelors,13,Married-civ-spouse,Sales,Husband,White,Male,0,,34,United-States,>50K.
30,Private,27834,Some-college,10,Never-married,Craft-repair,Unmarried,White,Male,,0,30,United-States,<=50K
30,Private,48087,HS-grad,1,Married-civ-spouse,Craft-repair,Own-child,White,Male,0,,37,United-States,<=50K
34,Private,192290,Some-college,10,Married-civ-spouse,Craft-repair,Husband,White,Male,0,0,35,United-States,>50K.
21,Private,278254,HS-grad,9,Married-civ-spouse,Machine-op-inspct,Husband,White,Male,0,0,30,United-States,>50K
27,Private,96635,HS-grad,9,Never-married,Handlers-cleaners,Own-child,White,Female,0,0,34,United-States,<=50K
30,Private,21906,HS-grad,1,Never-married,Craft-repair,Own-child,Black,Male,0,0,30,United-States,<=50K.
34,Private,21906,Some-college,5,Never-married,Sales,Not-in-family,White,Male,0,0,36,United-States,>50K
34,Private,82049,HS-grad,4,Married-civ-spouse,Craft-repair,Husband,White,Male,0,0,30,United-States,>50K
40,Private,239284,HS-grad,1,Married-civ-spouse,Craft-repair,Wife,White,Female,0,,34,United-States,<=50K.
30,Private,25139,HS-grad,1,Never-married,Craft-repair,Own-child,White,Male,0,0,40,United-States,<=50K
20,Private,35032,HS-grad,1,Never-married,Handlers-cleaners,Not-in-family,White,Male,0,0,30,United-States,<=50K
30,Private,76860,Prof-school,5,Divorced,Prof-specialty,Not-in-family,White,Male,0,0,45,United-States,>50K.
32,State-gov,171351,Some-college,10,Married-civ-spouse,Farming-fishing,Husband,White,Male,168,0,40,United-States,<=50K.
30,Private,124744,Some-college,1,Married-civ-spouse,Prof-specialty,Other-relative,White,Male,0,,30,United-States,<=50K
30,Self-emp-not-inc,133126,HS-grad,4,Widowed,Exec-managerial,Not-in-family,White,Male,0,0,24,United-States,>50K.
30,State-gov,21906,Bachelors,1,Married-civ-spouse,Adm-clerical,Wife,White,Female,0,0,36,United-States,>50K
30,Private,46743,Bachelors,3,Never-married,Prof-specialty,Not-in-family,White,Male,,0,40,United-States,<=50K
50,Local-gov,153674,HS-grad,4,Married-civ-spouse,Craft-repair,Husband,White,Male,0,,40,United-States,>50K
31,Private,289653,HS-grad,5,Married-civ-spouse,Handlers-cleaners,Husband,Other,Male,3818,0,40,United-States,>50K.
61,Private,90533,Some-college,8,Divorced,Other-service,Not-in-family,White,Female,,0,34,United-States,<=50K
30,Private,31606,Some-college,1,Widowed,Sales,Unmarried,White,Female,2407,0,20,United-States,>50K
30,Self-emp-not-inc,21906,Prof-school,1,Married-civ-spouse,Prof-specialty,Husband,White,Male,,0,60,United-States,>50K
39,Private,35945,HS-grad,1,Married-civ-spouse,Craft-repair,Husband,White,Male,0,0,34,United-States,<=50K
32,Private,360814,Bachelors,1,Never-married,Exec-managerial,Own-child,White,Male,0,,50,United-States,<=50K.
57,Private,183610,Bachelors,1,Married-civ-spouse,Prof-specialty,Husband,White,Male,4014,0,30,United-States,>50K
33,Private,156745,Some-college,2,Married-civ-spouse,Craft-repair,Husband,Black,Male,0,0,30,United-States,>50K
37,Private,239284,Assoc-acdm,12,Married-civ-spouse,Exec-managerial,Husband,Other,Male,0,0,20,United-States,<=50K
32,Private,95639,Prof-school,5,Married-civ-spouse,Adm-clerical,Wife,White,Female,15024,0,30,United-States,>50K.
30,Private,21906,Some-college,1,Never-married,Exec-managerial,Not-in-family,White,Female,0,0,36,United-States,>50K
20,Private,21906,Doctorate,1,Married-civ-spouse,Prof-specialty,Husband,White,Male,168,0,50,United-States,>50K
90,Private,99179,9th,4,Never-married,Adm-clerical,Not-in-family,White,Female,,0,30,United-States,<=50K
33,State-gov,98141,Some-college,7,Married-civ-spouse,Protective-serv,Husband,White,Male,168,0,38,United-States,<=50K
32,Private,93579,HS-grad,1,Separated,Sales,Unmarried,Black,Female,0,0,30,United-States,<=50K.
35,Private,81259,12th,1,Married-civ-spouse,Craft-repair,Husband,White,Male,0,0,40,United-States,>50K
30,Private,43535,Masters,4,Married-civ-spouse,Prof-specialty,Husband,White,Male,168,0,34,United-States,>50K
32,Private,47151,Some-college,6,Married-civ-spouse,Craft-repair,Husband,Asian-Pac-Islander,Male,168,0,34,United-States,<=50K
35,Private,99179,Some-college,3,Never-married,Sales,Not-in-family,White,Male,0,0,30,United-States,<=50K
62,State-gov,76860,Bachelors,14,Married-civ-spouse,Prof-specialty,Husband,White,Male,0,,30,United-States,>50K
53,Private,122018,HS-grad,1,Widowed,Tech-support,Not-in-family,White,Male,376,0,30,United-States,>50K.
29,Private,27834,7th-8th,1,Divorced,Other-service,Not-in-family,White,Male,,0,39,United-States,<=50K
41,Private,321403,HS-grad,1,Divorced,Other-service,Not-in-family,White,Male,,,30,United-States,<=50K
30,Private,215797,Some-college,3,Never-married,Other-service,Not-in-family,White,Female,0,,34,United-States,<=50K
39,Private,93579,HS-grad,1,Married-civ-spouse,Craft-repair,Husband,White,Male,0,0,30,United-States,<=50K.
39,Private,25139,Some-college,1,Married-civ-spouse,Adm-clerical,Wife,White,Female,0,0,40,United-States,>50K
33,Private,24712,12th,6,Never-married,Craft-repair,Unmarried,White,Male,0,0,30,United-States,<=50K
23,Private,212793,HS-grad,4,Never-married,Adm-clerical,Not-in-family,Black,Female,0,0,40,United-States,>50K
34,Self-emp-not-inc,24712,Bachelors,1,Never-married,Prof-specialty,Not-in-family,White,Male,0,0,39,United-States,>50K.
50,Private,47151,HS-grad,1,Never-married,Adm-clerical,Not-in-family,White,Male,0,0,34,United-States,<=50K
42,Private,21906,9th,1,Married-civ-spouse,Handlers-cleaners,Husband,White,Male,961,0,40,United-States,<=50K
31,Private,25139,Bachelors,1,Married-civ-spouse,Exec-managerial,Husband,White,Male,953,0,33,United-States,>50K
37,Self-emp-inc,21906,Bachelors,3,Married-civ-spouse,Exec-managerial,Wife,White,Female,2407,0,30,United-States,>50K.
32,Local-gov,152373,Assoc-acdm,1,Divorced,Exec-managerial,Not-in-family,Black,Female,2407,0,30,United-States,<=50K
49,Private,27834,HS-grad,4,Married-civ-spouse,Farming-fishing,Husband,White,Male,0,0,30,United-States,<=50K
30,Private,98141,Some-college,1,Widowed,Other-service,Not-in-family,White,Female,,0,34,United-States,>50K.
31,State-gov,99179,HS-grad,1,Never-married,Other-service,Own-child,White,Female,0,0,21,United-States,<=50K
37,Federal-gov,173944,Bachelors,13,Married-civ-spouse,Exec-managerial,Wife,Asian-Pac-Islander,Female,0,0,30,Philippines,>50K
34,Private,21906,Bachelors,4,Divorced,Sales,Not-in-family,White,Female,,1408,30,United-States,<=50K
32,Private,212793,Bachelors,4,Married-civ-spouse,Prof-specialty,Husband,White,Male,0,0,40,United-States,>50K
30,Private,212028,HS-grad,1,Married-civ-spouse,Sales,Husband,Black,Male,0,0,30,United-States,<=50K
31,Private,35032,HS-grad,1,Married-civ-spouse,Exec-managerial,Husband,White,Male,953,0,30,United-States,>50K
40,Private,46743,Some-college,1,Married-civ-spouse,Prof-specialty,Wife,White,Female,174,0,25,United-States,>50K
40,Private,86723,Assoc-voc,11,Never-married,Craft-repair,Not-in-family,Black,Male,0,0,30,United-States,<=50K.
36,Private,95639,Some-college,10,Divorced,Prof-specialty,Not-in-family,White,Male,0,0,50,United-States,<=50K
29,Private,53707,HS-grad,1,Divorced,Tech-support,Not-in-family,Black,Male,114,,30,United-States,>50K
18,Private,35032,HS-grad,1,Never-married,Craft-repair,Not-in-family,White,Male,0,0,33,United-States,>50K
35,Private,35032,HS-grad,1,Married-civ-spouse,Craft-repair,Husband,White,Male,0,0,30,United-States,>50K
30,Private,35945,10th,4,Married-civ-spouse,Farming-fishing,Husband,White,Male,0,0,40,United-States,>50K
32,Private,25139,HS-grad,1,Never-married,Handlers-cleaners,Own-child,White,Male,0,0,30,United-States,<=50K
34,Private,21906,Bachelors,3,Separated,Machine-op-inspct,Not-in-family,Black,Male,,0,40,United-States,>50K
18,Local-gov,35945,9th,1,Never-married,Protective-serv,Own-child,White,Male,,0,34,United-States,<=50K
31,Private,130389,10th,1,Never-married,Other-service,Own-child,White,Male,0,0,36,Scotland,>50K
30,Private,198660,Assoc-acdm,1,Married-civ-spouse,Exec-managerial,Husband,White,Male,0,0,30,United-States,>50K.
17,Private,25139,11th,1,Never-married,Craft-repair,Own-child,White,Male,376,0,32,United-States,<=50K.
34,Private,198216,HS-grad,1,Married-civ-spouse,Transport-moving,Husband,White,Male,0,0,50,United-States,>50K
30,State-gov,70919,HS-grad,7,Divorced,Other-service,Not-in-family,Black,Female,0,0,30,United-States,<=50K
27,Private,27834,5th-6th,1,Married-civ-spouse,Craft-repair,Husband,White,Male,0,,39,Mexico,<=50K.
35,Self-emp-inc,76860,HS-grad,1,Married-civ-spouse,Exec-managerial,Other-relative,Asian-Pac-Islander,Male,0,,21,India,<=50K.
37,Self-emp-inc,31606,10th,4,Never-married,Sales,Own-child,White,Male,0,,30,United-States,<=50K
30,Private,93208,Some-college,4,Divorced,Adm-clerical,Unmarried,White,Female,0,0,30,United-States,<=50K
31,Private,25139,Bachelors,1,Divorced,Exec-managerial,Unmarried,White,Female,0,0,40,United-States,>50K
40,Private,99179,Some-college,10,Never-married,Other-service,Own-child,Black,Male,0,0,40,United-States,<=50K
30,Private,115289,HS-grad,4,Married-civ-spouse,Sales,Husband,White,Male,594,0,30,United-States,>50K
34,Private,198216,HS-grad,1,Never-married,Machine-op-inspct,Not-in-family,Black,Male,,0,50,United-States,<=50K.
32,Private,243190,9th,1,Married-civ-spouse,Other-service,Husband,White,Male,0,0,36,United-States,>50K
30,Self-emp-inc,173504,Some-college,4,Married-civ-spouse,Craft-repair,Husband,White,Male,0,0,40,United-States,>50K.
37,Private,82699,Assoc-voc,11,Widowed,Adm-clerical,Not-in-family,White,Female,0,2339,30,United-States,<=50K
30,Private,173944,HS-grad,1,Never-married,Other-service,Own-child,Black,Male,376,0,33,United-States,>50K
31,Private,43535,Bachelors,3,Never-married,Prof-specialty,Own-child,Black,Female,,,30,United-States,<=50K
36,Private,104052,HS-grad,1,Married-civ-spouse,Adm-clerical,Husband,White,Male,442,,30,United-States,>50K.
30,Local-gov,190273,HS-grad,4,Never-married,Protective-serv,Not-in-family,White,Male,0,0,30,United-States,<=50K
30,Self-emp-not-inc,171351,Bachelors,3,Married-civ-spouse,Sales,Husband,White,Male,,,30,United-States,>50K.
30,Private,98141,Bachelors,1,Married-civ-spouse,Exec-managerial,Husband,White,Male,10520,0,30,United-States,>50K
35,Private,360814,9th,5,Divorced,Craft-repair,Not-in-family,White,Male,0,0,35,United-States,<=50K
53,Private,70668,9th,4,Married-civ-spouse,Craft-repair,Husband,White,Male,0,0,30,United-States,>50K
30,Private,152307,10th,1,Never-married,Craft-repair,Own-child,White,Male,0,,30,United-States,<=50K
34,Private,24712,Bachelors,4,Married-civ-spouse,Exec-managerial,Husband,White,Male,0,0,34,United-States,<=50K
34,Private,173504,HS-grad,1,Divorced,Adm-clerical,Not-in-family,White,Male,0,0,38,United-States,>50K
30,Private,282313,Some-college,1,Married-civ-spouse,Craft-repair,Husband,White,Male,0,0,37,Mexico,<=50K.
30,Private,35945,HS-grad,1,Married-civ-spouse,Machine-op-inspct,Husband,White,Male,0,0,35,United-States,<=50K.
30,Private,98141,Some-college,4,Widowed,Sales,Not-in-family,White,Female,0,0,34,United-States,<=50K
57,Private,163003,5th-6th,4,Married-civ-spouse,Transport-moving,Husband,White,Male,174,,30,United-States,<=50K
29,Private,21906,HS-grad,9,Never-married,Other-service,Not-in-family,White,Female,0,,32,United-States,<=50K
34,Private,76860,HS-grad,9,Married-civ-spouse,Other-service,Husband,White,Male,0,0,34,Mexico,<=50K
60,Self-emp-not-inc,116621,HS-grad,1,Married-civ-spouse,Adm-clerical,Wife,White,Female,0,0,40,United-States,<=50K.
38,Private,113182,HS-grad,1,Never-married,Adm-clerical,Own-child,White,Female,,0,30,United-States,>50K
40,Private,239256,Some-college,10,Married-civ-spouse,Craft-repair,Husband,White,Male,174,0,30,United-States,>50K
36,Private,234328,Masters,1,Married-civ-spouse,Prof-specialty,Husband,White,Male,442,0,40,United-States,>50K.
32,Private,206354,HS-grad,1,Never-married,Other-service,Unmarried,Black,Female,0,0,30,United-States,>50K
30,Private,210452,11th,1,Divorced,Craft-repair,Not-in-family,Black,Male,0,0,30,United-States,<=50K
57,Private,133126,Some-college,1,Never-married,Craft-repair,Not-in-family,Black,Female,0,,34,United-States,<=50K
30,Private,104052,HS-grad,1,Never-married,Machine-op-inspct,Not-in-family,White,Male,0,1741,30,United-States,<=50K
30,Federal-gov,183802,HS-grad,9,Married-civ-spouse,Tech-support,Husband,White,Male,0,1887,36,United-States,>50K
35,Private,82049,Bachelors,13,Married-civ-spouse,Exec-managerial,Husband,White,Male,0,1848,45,United-States,>50K
39,Private,173504,Some-college,3,Never-married,Sales,Own-child,White,Male,0,0,35,United-States,<=50K
30,Private,190273,Some-college,10,Never-married,Other-service,Own-child,Black,Male,0,0,40,United-States,<=50K
37,Private,133963,Bachelors,3,Married-civ-spouse,Adm-clerical,Husband,White,Male,15024,0,30,United-States,>50K.
30,Private,113182,HS-grad,4,Married-civ-spouse,Craft-repair,Husband,White,Male,0,0,30,United-States,>50K
90,Private,99374,HS-grad,1,Never-married,Craft-repair,Not-in-family,White,Female,0,0,34,United-States,<=50K
35,Private,93579,Assoc-acdm,2,Divorced,Adm-clerical,Unmarried,White,Female,0,0,30,United-States,<=50K.
38,Private,35945,Bachelors,13,Married-civ-spouse,Tech-support,Husband,White,Male,4014,0,35,United-States,<=50K
40,Self-emp-not-inc,24712,9th,1,Married-civ-spouse,Craft-repair,Husband,Black,Male,0,0,34,Haiti,>50K.
30,Private,43535,HS-grad,5,Married-civ-spouse,Craft-repair,Husband,White,Male,168,0,40,United-States,<=50K
33,Local-gov,113182,HS-grad,4,Married-civ-spouse,Craft-repair,Husband,White,Male,0,0,36,United-States,>50K
37,Self-emp-not-inc,99374,Bachelors,13,Married-civ-spouse,Farming-fishing,Husband,White,Male,0,,30,United-States,<=50K
35,Private,99179,9th,4,Widowed,Adm-clerical,Unmarried,White,Female,0,0,28,United-States,<=50K
30,Private,35032,HS-grad,9,Never-married,Other-service,Unmarried,Amer-Indian-Eskimo,Male,0,0,34,United-States,<=50K
22,Private,86723,Some-college,1,Never-married,Craft-repair,Own-child,Asian-Pac-Islander,Male,0,0,20,United-States,<=50K
30,Local-gov,48087,Masters,14,Married-civ-spouse,Prof-specialty,Husband,White,Male,0,,40,United-States,>50K
34,Private,152307,HS-grad,1,Married-civ-spouse,Adm-clerical,Husband,White,Male,7688,0,55,United-States,>50K
60,Private,70037,7th-8th,1,Married-civ-spouse,Transport-moving,Husband,White,Male,0,0,53,United-States,>50K
33,Private,107302,Masters,14,Married-civ-spouse,Sales,Husband,White,Male,168,0,30,Cuba,<=50K
19,Private,48413,10th,1,Never-married,Handlers-cleaners,Own-child,White,Male,0,,30,United-States,>50K
30,Private,27834,HS-grad,4,Divorced,Craft-repair,Not-in-family,White,Male,0,0,35,United-States,>50K
53,Private,24712,Assoc-voc,1,Married-civ-spouse,Tech-support,Husband,White,Male,0,0,34,United-States,>50K
35,Private,99179,HS-grad,4,Married-civ-spouse,Transport-moving,Husband,Asian-Pac-Islander,Male,0,0,30,United-States,>50K
28,Private,86723,Some-college,1,Never-married,Exec-managerial,Own-child,White,Male,0,,30,United-States,<=50K
30,Private,181165,HS-grad,4,Divorced,Adm-clerical,Not-in-family,White,Female,0,1848,30,United-States,<=50K.
30,Private,212028,Bachelors,1,Married-civ-spouse,Sales,Husband,Black,Male,0,,39,United-States,>50K
34,Private,234738,HS-grad,1,Married-civ-spouse,Craft-repair,Husband,White,Male,0,0,50,United-States,<=50K
30,Private,25139,Some-college,10,Never-married,Adm-clerical,Not-in-family,White,Female,0,,40,United-States,<=50K
30,Private,25139,HS-grad,9,Divorced,Transport-moving,Other-relative,White,Male,0,0,30,United-States,<=50K.
30,Self-emp-not-inc,215797,HS-grad,1,Married-civ-spouse,Transport-moving,Husband,White,Male,0,0,37,Mexico,>50K
34,Private,65802,Bachelors,1,Never-married,Prof-specialty,Not-in-family,Black,Male,0,0,40,United-States,<=50K
40,Private,70668,9th,1,Divorced,Adm-clerical,Unmarried,White,Female,0,0,30,United-States,<=50K
43,Self-emp-not-inc,25139,1st-4th,4,Married-civ-spouse,Farming-fishing,Husband,White,Male,0,,34,Mexico,<=50K
29,Private,35032,Some-college,10,Never-married,Craft-repair,Not-in-family,White,Male,0,,34,United-States,<=50K
30,Private,569761,HS-grad,5,Married-civ-spouse,Transport-moving,Husband,White,Male,,0,40,Columbia,<=50K.
30,State-gov,21906,HS-grad,9,Married-civ-spouse,Adm-clerical,Husband,White,Male,114,0,30,United-States,>50K
30,Private,171351,Some-college,1,Never-married,Farming-fishing,Own-child,White,Male,0,0,40,United-States,<=50K.
31,Private,53707,HS-grad,4,Never-married,Adm-clerical,Own-child,Other,Female,,0,35,United-States,<=50K
30,Local-gov,27834,10th,6,Never-married,Craft-repair,Own-child,Black,Male,,0,30,United-States,<=50K.
34,Private,21906,HS-grad,4,Divorced,Transport-moving,Not-in-family,White,Male,0,0,30,United-States,<=50K
30,Private,171968,9th,1,Never-married,Transport-moving,Own-child,White,Male,,0,30,United-States,<=50K
65,Private,35945,Some-college,10,Married-civ-spouse,Adm-clerical,Not-in-family,White,Female,0,0,38,United-States,<=50K
34,Self-emp-not-inc,31606,HS-grad,4,Never-married,Farming-fishing,Not-in-family,White,Male,0,0,30,United-States,<=50K
32,Private,343591,HS-grad,4,Never-married,Other-service,Unmarried,Black,Male,114,0,38,United-States,<=50K
35,Private,217414,HS-grad,1,Married-civ-spouse,Handlers-cleaners,Husband,White,Male,961,0,30,United-States,>50K.
30,Private,294466,HS-grad,4,Married-civ-spouse,Craft-repair,Husband,White,Male,0,0,40,United-States,<=50K
30,State-gov,117618,Masters,7,Married-civ-spouse,Prof-specialty,Husband,Asian-Pac-Islander,Male,0,0,30,Haiti,<=50K
30,State-gov,27834,HS-grad,6,Married-civ-spouse,Craft-repair,Husband,White,Male,0,,30,United-States,<=50K
30,Private,382499,HS-grad,1,Divorced,Adm-clerical,Unmarried,White,Female,0,0,50,United-States,>50K
60,Private,181165,Bachelors,1,Married-civ-spouse,Sales,Husband,White,Male,0,,34,United-States,<=50K
34,Private,82049,Doctorate,4,Married-civ-spouse,Prof-specialty,Husband,White,Male,0,0,30,United-States,>50K.
38,Private,27834,11th,1,Never-married,Adm-clerical,Own-child,White,Female,0,0,37,United-States,<=50K
32,Private,82699,9th,1,Married-civ-spouse,Transport-moving,Husband,White,Male,0,0,46,United-States,>50K
30,Private,70919,Masters,4,Married-civ-spouse,Exec-managerial,Husband,White,Male,0,0,30,United-States,>50K
24,Private,21906,9th,1,Never-married,Handlers-cleaners,Other-relative,White,Male,0,0,29,Mexico,<=50K
38,Private,43535,Some-college,10,Married-civ-spouse,Exec-managerial,Wife,White,Female,0,,20,United-States,<=50K
40,Private,48087,HS-grad,1,Married-civ-spouse,Machine-op-inspct,Wife,White,Female,0,0,36,United-States,>50K
42,Federal-gov,27834,Bachelors,15,Married-civ-spouse,Exec-managerial,Wife,Black,Female,0,0,40,United-States,<=50K
30,State-gov,48413,Masters,7,Married-civ-spouse,Exec-managerial,Husband,White,Male,953,0,42,United-States,>50K
42,Private,171351,HS-grad,8,Never-married,Exec-managerial,Not-in-family,White,Male,116,0,50,Mexico,>50K
22,Private,98141,11th,1,Separated,Craft-repair,Not-in-family,White,Male,,0,30,United-States,<=50K
30,Private,444554,Some-college,1,Married-civ-spouse,Tech-support,Husband,White,Male,0,0,39,United-States,<=50K.
30,Private,93208,Masters,14,Married-civ-spouse,Exec-managerial,Husband,White,Male,0,,30,United-States,>50K
32,Private,183802,Assoc-voc,4,Never-married,Adm-clerical,Not-in-family,White,Female,0,0,38,United-States,<=50K
30,Private,76860,9th,1,Never-married,Handlers-cleaners,Own-child,White,Female,0,0,30,United-States,>50K.
64,Private,27834,1st-4th,1,Divorced,Priv-house-serv,Not-in-family,White,Female,,0,30,United-States,>50K
30,Private,282313,HS-grad,6,Never-married,Other-service,Other-relative,White,Male,,0,34,United-States,<=50K
20,Self-emp-not-inc,27834,7th-8th,1,Married-civ-spouse,Farming-fishing,Husband,Other,Male,,0,50,United-States,<=50K.
39,Private,21906,Some-college,1,Separated,Adm-clerical,Not-in-family,White,Female,,,45,United-States,>50K
50,Private,178449,HS-grad,1,Married-civ-spouse,Craft-repair,Husband,Other,Male,0,0,33,United-States,>50K
40,Private,171351,HS-grad,4,Married-civ-spouse,Machine-op-inspct,Husband,Black,Male,0,0,34,United-States,<=50K
28,Private,35945,5th-6th,1,Never-married,Farming-fishing,Unmarried,Black,Male,,,30,Mexico,<=50K.
44,Private,152307,HS-grad,1,Never-married,Other-service,Unmarried,White,Male,0,,30,United-States,<=50K
30,Self-emp-inc,172281,Bachelors,1,Married-civ-spouse,Sales,Husband,White,Male,0,0,30,United-States,>50K
34,Private,233681,HS-grad,4,Married-civ-spouse,Farming-fishing,Husband,White,Male,0,0,30,United-States,<=50K.
30,Private,289653,Assoc-voc,1,Married-civ-spouse,Prof-specialty,Husband,White,Male,0,1902,34,United-States,<=50K
35,Private,70668,Some-college,10,Married-civ-spouse,Tech-support,Husband,White,Male,0,0,34,United-States,<=50K
30,Private,21906,HS-grad,4,Married-civ-spouse,Craft-repair,Husband,White,Male,168,0,50,United-States,>50K
30,Private,35032,Some-college,1,Never-married,Sales,Not-in-family,Black,Female,0,,35,United-States,<=50K
62,Private,83880,Assoc-acdm,12,Widowed,Adm-clerical,Not-in-family,White,Female,0,0,30,United-States,<=50K
45,Private,81259,Some-college,1,Never-married,Craft-repair,Not-in-family,Other,Male,0,,30,United-States,<=50K
37,Self-emp-inc,82049,Assoc-acdm,4,Separated,Exec-managerial,Unmarried,Black,Male,0,,30,United-States,<=50K
30,Local-gov,84774,Bachelors,1,Married-civ-spouse,Protective-serv,Husband,White,Male,0,,40,United-States,<=50K.
30,Private,24712,7th-8th,1,Widowed,Other-service,Unmarried,White,Female,0,,30,United-States,>50K.
30,Private,48087,HS-grad,9,Never-married,Machine-op-inspct,Not-in-family,White,Male,0,0,30,United-States,>50K
30,Private,171968,Assoc-acdm,1,Married-civ-spouse,Craft-repair,Husband,White,Male,0,0,37,United-States,<=50K.
35,Private,35945,HS-grad,1,Married-civ-spouse,Craft-repair,Husband,Other,Male,961,0,30,United-States,<=50K
30,Private,27834,Assoc-acdm,1,Married-civ-spouse,Exec-managerial,Husband,White,Male,0,0,30,Puerto-Rico,<=50K
30,Private,239256,HS-grad,1,Never-married,Craft-repair,Other-relative,White,Male,0,0,30,United-States,<=50K.
32,Private,181165,HS-grad,6,Divorced,Other-service,Other-relative,Other,Male,0,0,30,United-States,>50K
30,Private,31606,HS-grad,9,Never-married,Handlers-cleaners,Not-in-family,White,Female,,0,30,United-States,<=50K
20,Private,215797,HS-grad,5,Never-married,Craft-repair,Other-relative,White,Male,0,0,36,United-States,>50K
32,Private,282313,HS-grad,9,Married-civ-spouse,Transport-moving,Husband,Black,Male,0,0,40,United-States,<=50K
47,Self-emp-not-inc,93208,HS-grad,1,Married-civ-spouse,Other-service,Wife,White,Female,0,0,30,Italy,<=50K
35,Private,107164,Bachelors,3,Married-civ-spouse,Exec-managerial,Husband,White,Male,953,0,30,United-States,>50K
35,Private,76860,HS-grad,1,Never-married,Adm-clerical,Own-child,White,Female,2174,,30,United-States,<=50K
30,Private,70668,5th-6th,1,Married-civ-spouse,Handlers-cleaners,Own-child,White,Male,168,0,30,United-States,>50K
28,Private,171351,Some-college,10,Never-married,Other-service,Own-child,White,Male,0,0,36,United-States,>50K
41,State-gov,35945,Bachelors,1,Married-civ-spouse,Prof-specialty,Husband,White,Male,0,0,30,United-States,>50K.
30,Self-emp-not-inc,21906,Bachelors,3,Married-civ-spouse,Prof-specialty,Husband,White,Male,0,0,30,Japan,<=50K
30,Private,198216,Bachelors,13,Never-married,Sales,Not-in-family,White,Male,0,0,30,United-States,<=50K.
30,Private,127003,HS-grad,4,Never-married,Adm-clerical,Not-in-family,White,Female,0,0,34,United-States,<=50K
34,Local-gov,291232,Bachelors,13,Married-civ-spouse,Protective-serv,Husband,White,Male,0,0,30,United-States,>50K
38,Private,107164,HS-grad,9,Married-civ-spouse,Sales,Husband,Black,Male,99999,0,40,United-States,<=50K
30,Self-emp-not-inc,380560,11th,1,Widowed,Craft-repair,Not-in-family,Black,Male,0,0,30,United-States,>50K
32,Private,289653,HS-grad,9,Married-civ-spouse,Transport-moving,Husband,White,Male,0,0,46,United-States,<=50K
30,Private,21906,Prof-school,7,Married-civ-spouse,Prof-specialty,Husband,Black,Male,0,0,35,United-States,<=50K.
30,Private,171351,HS-grad,1,Married-civ-spouse,Farming-fishing,Husband,White,Male,0,0,50,United-States,<=50K
43,Private,35945,HS-grad,9,Married-civ-spouse,Transport-moving,Husband,White,Male,0,0,30,United-States,>50K
34,Private,70919,HS-grad,4,Married-civ-spouse,Craft-repair,Husband,White,Male,0,,55,United-States,>50K
32,Private,252570,Some-college,1,Married-civ-spouse,Exec-managerial,Wife,White,Male,0,0,46,United-States,<=50K
39,Private,70037,HS-grad,9,Never-married,Handlers-cleaners,Own-child,White,Male,0,,34,United-States,>50K.
28,Private,225860,HS-grad,4,Married-civ-spouse,Craft-repair,Husband,White,Male,0,0,34,United-States,<=50K
28,Private,173504,Assoc-voc,4,Married-civ-spouse,Adm-clerical,Own-child,White,Female,0,0,40,United-States,>50K
32,Private,21906,Bachelors,4,Married-civ-spouse,Exec-managerial,Husband,White,Male,0,0,36,United-States,>50K
34,Private,449354,HS-grad,6,Married-civ-spouse,Craft-repair,Husband,White,Male,0,0,45,United-States,>50K
50,Private,113182,HS-grad,4,Married-civ-spouse,Transport-moving,Husband,White,Male,7688,0,34,United-States,>50K
30,Self-emp-inc,173504,Masters,4,Married-civ-spouse,Prof-specialty,Husband,White,Male,0,0,30,United-States,>50K
33,Local-gov,192290,9th,6,Divorced,Other-service,Own-child,Black,Male,0,,30,United-States,<=50K.
47,Self-emp-not-inc,25139,Some-college,1,Married-civ-spouse,Prof-specialty,Husband,Other,Male,0,0,41,United-States,>50K
32,Federal-gov,440706,HS-grad,9,Never-married,Other-service,Own-child,Asian-Pac-Islander,Male,0,0,34,United-States,<=50K
42,Private,35032,HS-grad,1,Married-civ-spouse,Sales,Husband,White,Male,3137,,40,United-States,<=50K.
30,Private,184105,HS-grad,8,Never-married,Machine-op-inspct,Own-child,White,Female,0,,30,United-States,>50K
39,State-gov,152307,HS-grad,9,Widowed,Adm-clerical,Unmarried,White,Female,0,0,28,United-States,<=50K.
37,Private,99374,9th,1,Married-civ-spouse,Transport-moving,Husband,White,Male,0,0,50,United-States,<=50K
30,Private,394860,HS-grad,1,Married-civ-spouse,Other-service,Husband,White,Male,0,0,40,United-States,<=50K
30,Private,173504,HS-grad,9,Never-married,Other-service,Not-in-family,Black,Male,0,,34,United-States,<=50K
56,Self-emp-not-inc,84774,Assoc-acdm,1,Married-civ-spouse,Farming-fishing,Husband,White,Male,0,0,40,United-States,<=50K
64,Private,21906,HS-grad,9,Divorced,Other-service,Not-in-family,White,Female,0,0,24,United-States,>50K
34,Federal-gov,98141,HS-grad,1,Married-civ-spouse,Craft-repair,Husband,White,Male,0,0,40,United-States,>50K
35,Private,98141,Some-college,10,Married-civ-spouse,Adm-clerical,Other-relative,White,Female,0,0,35,United-States,>50K
47,Private,152307,HS-grad,1,Married-civ-spouse,Exec-managerial,Husband,White,Male,7688,0,30,United-States,>50K.
30,Private,291232,Some-college,1,Never-married,Craft-repair,Own-child,White,Male,,0,30,United-States,<=50K
22,Private,21906,9th,1,Never-married,Sales,Own-child,Other,Male,0,0,30,United-States,<=50K.
20,Private,27834,HS-grad,1,Never-married,Adm-clerical,Not-in-family,White,Male,0,0,45,United-States,<=50K
30,Private,48087,HS-grad,1,Widowed,Adm-clerical,Not-in-family,White,Male,,0,40,United-States,>50K
38,Private,76860,Some-college,10,Married-civ-spouse,Exec-managerial,Wife,White,Female,2597,0,30,Japan,<=50K
33,Local-gov,156745,HS-grad,1,Married-civ-spouse,Handlers-cleaners,Husband,Black,Male,0,0,34,United-States,<=50K
61,Private,27834,HS-grad,9,Married-civ-spouse,Machine-op-inspct,Husband,White,Male,174,0,30,United-States,<=50K
42,Private,183610,HS-grad,8,Never-married,Other-service,Not-in-family,Black,Female,,0,30,United-States,<=50K
30,Private,173504,Some-college,10,Married-civ-spouse,Other-service,Husband,White,Male,,,30,United-States,>50K
30,Private,25139,HS-grad,9,Divorced,Prof-specialty,Own-child,White,Male,0,0,30,United-States,<=50K.
32,Private,113044,HS-grad,1,Widowed,Craft-repair,Not-in-family,White,Male,0,,30,United-States,<=50K
30,Private,21906,Masters,1,Married-civ-spouse,Adm-clerical,Husband,White,Male,0,0,40,Mexico,>50K
36,Private,24712,HS-grad,1,Never-married,Adm-clerical,Other-relative,Black,Female,0,0,39,United-States,<=50K
30,Private,98141,10th,7,Married-civ-spouse,Craft-repair,Husband,White,Male,0,0,30,United-States,<=50K
20,Private,127003,HS-grad,1,Never-married,Exec-managerial,Own-child,White,Female,0,,30,United-States,<=50K
30,Private,122018,Some-college,1,Married-civ-spouse,Craft-repair,Husband,White,Male,0,0,30,United-States,>50K.
30,Self-emp-not-inc,113182,HS-grad,9,Divorced,Craft-repair,Not-in-family,White,Male,0,0,30,United-States,<=50K
32,Private,99179,Some-college,1,Never-married,Other-service,Own-child,White,Female,0,0,21,United-States,<=50K
28,Private,107164,9th,5,Never-married,Craft-repair,Not-in-family,White,Male,3818,0,30,United-States,<=50K.
30,Private,82699,HS-grad,1,Divorced,Adm-clerical,Not-in-family,White,Female,0,0,30,United-States,>50K
34,State-gov,234738,Bachelors,1,Married-civ-spouse,Prof-specialty,Husband,White,Male,0,0,40,United-States,>50K
35,Private,70037,Assoc-voc,3,Divorced,Machine-op-inspct,Not-in-family,White,Male,0,0,30,United-States,<=50K
38,Private,104889,Bachelors,1,Married-civ-spouse,Prof-specialty,Wife,Black,Female,0,0,40,Cuba,<=50K
28,Private,46743,Some-college,1,Never-married,Other-service,Own-child,White,Female,0,0,40,United-States,>50K
61,Private,186720,Some-college,1,Divorced,Other-service,Not-in-family,Black,Male,0,0,30,United-States,<=50K
40,Private,25139,9th,4,Separated,Other-service,Not-in-family,White,Male,,0,40,United-States,<=50K
20,Private,35945,Some-college,10,Never-married,Other-service,Not-in-family,White,Female,0,0,36,United-States,>50K
31,Private,122018,HS-grad,3,Never-married,Craft-repair,Not-in-family,White,Male,0,0,30,United-States,>50K
37,Private,284086,HS-grad,1,Married-civ-spouse,Prof-specialty,Husband,White,Male,0,0,40,United-States,>50K
28,Federal-gov,24712,Bachelors,1,Never-married,Exec-managerial,Not-in-family,Black,Male,0,0,30,United-States,<=50K
31,Private,186720,Some-college,4,Married-civ-spouse,Sales,Husband,White,Male,0,,50,United-States,>50K
58,Private,24712,Some-college,10,Married-civ-spouse,Prof-specialty,Husband,White,Male,0,0,30,United-States,>50K.
30,Private,24712,Bachelors,10,Never-married,Prof-specialty,Own-child,White,Male,0,0,36,United-States,>50K
30,Self-emp-not-inc,21906,HS-grad,7,Divorced,Craft-repair,Not-in-family,White,Male,0,0,34,United-States,<=50K
32,Self-emp-not-inc,660870,Some-college,1,Married-civ-spouse,Craft-repair,Husband,White,Male,0,0,30,United-States,<=50K.
20,Private,215797,Assoc-voc,1,Never-married,Other-service,Own-child,White,Female,0,0,20,United-States,>50K
30,Private,152373,HS-grad,9,Never-married,Other-service,Own-child,White,Female,0,,30,United-States,<=50K
39,Private,21906,HS-grad,4,Never-married,Adm-clerical,Own-child,White,Male,0,0,35,United-States,<=50K
51,Self-emp-not-inc,27834,HS-grad,1,Married-civ-spouse,Farming-fishing,Husband,White,Male,0,0,34,United-States,<=50K
41,Private,27834,Bachelors,3,Married-civ-spouse,Sales,Husband,White,Male,2407,0,30,United-States,<=50K
35,Private,98141,5th-6th,3,Married-civ-spouse,Handlers-cleaners,Husband,White,Male,0,0,30,Mexico,>50K
30,Private,173944,HS-grad,1,Never-married,Other-service,Not-in-family,Black,Male,0,2206,30,United-States,>50K
30,Private,48324,HS-grad,6,Never-married,Other-service,Unmarried,Other,Female,,,30,United-States,<=50K
37,Private,21906,Masters,4,Never-married,Prof-specialty,Not-in-family,Other,Female,0,,25,United-States,<=50K
32,Self-emp-not-inc,186720,HS-grad,9,Never-married,Craft-repair,Not-in-family,White,Male,0,0,30,United-States,<=50K
35,Private,21906,HS-grad,2,Divorced,Craft-repair,Not-in-family,White,Male,0,0,35,United-States,>50K
35,Private,82699,Some-college,1,Married-civ-spouse,Transport-moving,Husband,White,Male,0,0,60,United-States,>50K.
90,Private,98141,Bachelors,1,Divorced,Prof-specialty,Not-in-family,White,Female,0,,20,United-States,>50K
37,Private,25139,Bachelors,1,Married-civ-spouse,Prof-specialty,Husband,White,Male,99999,0,32,United-States,>50K.
24,Private,35032,HS-grad,1,Never-married,Sales,Not-in-family,White,Male,0,0,39,United-States,<=50K
30,Private,99179,HS-grad,9,Never-married,Craft-repair,Other-relative,Black,Male,0,,30,United-States,<=50K
33,Private,21906,Assoc-voc,11,Married-civ-spouse,Prof-specialty,Husband,Other,Male,0,0,32,Japan,<=50K
30,Self-emp-not-inc,48087,HS-grad,4,Married-civ-spouse,Craft-repair,Husband,White,Male,0,0,40,United-States,<=50K.
30,Private,21906,HS-grad,4,Divorced,Sales,Not-in-family,White,Male,0,0,30,United-States,<=50K.
30,Private,173504,10th,6,Married-civ-spouse,Craft-repair,Husband,White,Male,0,0,30,United-States,>50K
34,Private,21906,11th,1,Married-civ-spouse,Craft-repair,Husband,White,Male,168,,30,United-States,<=50K
34,Private,21906,10th,3,Never-married,Other-service,Unmarried,White,Male,0,0,30,United-States,<=50K
39,Private,21906,HS-grad,4,Divorced,Machine-op-inspct,Not-in-family,White,Male,,0,35,United-States,<=50K.
30,Private,35032,Some-college,4,Married-civ-spouse,Protective-serv,Husband,White,Male,3137,0,30,United-States,<=50K
32,Private,27834,HS-grad,1,Never-married,Adm-clerical,Unmarried,Black,Female,0,0,30,United-States,>50K
23,Private,70919,Masters,13,Never-married,Exec-managerial,Not-in-family,White,Male,0,0,40,United-States,<=50K
30,Private,113182,HS-grad,4,Married-civ-spouse,Adm-clerical,Wife,White,Female,168,0,46,United-States,>50K
49,Self-emp-inc,115289,Bachelors,1,Married-civ-spouse,Sales,Husband,White,Male,0,0,55,United-States,>50K.
33,Private,70919,Bachelors,1,Never-married,Exec-managerial,Own-child,White,Male,116,0,40,Cuba,<=50K
30,Private,90533,HS-grad,9,Never-married,Exec-managerial,Not-in-family,White,Male,116,,30,United-States,<=50K
30,Federal-gov,99374,Prof-school,15,Never-married,Prof-specialty,Not-in-family,Black,Male,0,0,30,United-States,>50K
31,Private,207611,Bachelors,3,Never-married,Exec-managerial,Own-child,White,Male,0,0,30,United-States,<=50K
30,Private,183610,HS-grad,9,Never-married,Sales,Not-in-family,White,Male,0,0,30,United-States,<=50K
34,Private,76860,Some-college,10,Married-civ-spouse,Craft-repair,Husband,White,Male,0,,50,United-States,>50K
34,State-gov,210452,HS-grad,1,Married-civ-spouse,Exec-managerial,Husband,White,Male,0,0,38,United-States,>50K
37,Private,21906,Bachelors,1,Married-civ-spouse,Sales,Husband,White,Male,0,0,30,United-States,<=50K.
30,Private,46743,HS-grad,9,Never-married,Other-service,Not-in-family,Asian-Pac-Islander,Male,0,0,45,Philippines,<=50K
33,Private,82699,Assoc-acdm,1,Never-married,Adm-clerical,Unmarried,Asian-Pac-Islander,Male,,0,30,Hong,<=50K.
30,Private,82699,HS-grad,1,Divorced,Transport-moving,Not-in-family,White,Male,0,0,30,United-States,<=50K.
38,Self-emp-not-inc,113182,HS-grad,1,Married-civ-spouse,Craft-repair,Husband,White,Male,3137,0,30,United-States,<=50K
30,Local-gov,117618,Masters,3,Never-married,Prof-specialty,Unmarried,White,Female,1286,0,60,United-States,>50K
20,Private,25139,Bachelors,13,Married-civ-spouse,Exec-managerial,Wife,White,Female,0,,46,United-States,>50K
44,Self-emp-not-inc,569761,10th,4,Married-civ-spouse,Other-service,Husband,White,Male,0,0,30,United-States,<=50K
30,Private,163003,HS-grad,9,Divorced,Other-service,Not-in-family,Asian-Pac-Islander,Female,0,0,21,China,<=50K
20,Private,43535,Some-college,1,Never-married,Other-service,Own-child,White,Male,0,0,30,United-States,<=50K
40,Private,81259,Bachelors,3,Divorced,Exec-managerial,Not-in-family,White,Female,10520,0,30,United-States,>50K
30,Federal-gov,48087,Masters,4,Married-civ-spouse,Exec-managerial,Husband,Asian-Pac-Islander,Male,0,0,33,United-States,>50K
40,Private,173944,Masters,1,Married-civ-spouse,Sales,Husband,White,Male,0,0,34,United-States,>50K
30,Private,48087,HS-grad,1,Married-civ-spouse,Sales,Husband,Other,Male,0,0,40,United-States,>50K
34,Private,173504,HS-grad,1,Married-civ-spouse,Craft-repair,Husband,White,Male,168,0,30,United-States,>50K
32,Private,24712,Some-college,10,Married-civ-spouse,Exec-managerial,Husband,White,Male,0,,30,United-States,<=50K
30,Private,24712,Some-college,10,Divorced,Sales,Not-in-family,White,Female,,0,36,United-States,>50K
35,Self-emp-not-inc,24712,7th-8th,1,Married-civ-spouse,Exec-managerial,Husband,White,Male,0,0,41,Greece,>50K
34,Private,171351,12th,8,Married-civ-spouse,Transport-moving,Husband,Black,Male,0,0,34,United-States,<=50K.
29,Private,27834,Assoc-voc,1,Married-civ-spouse,Adm-clerical,Husband,White,Male,0,0,30,United-States,>50K.
39,Private,70668,HS-grad,1,Married-civ-spouse,Tech-support,Other-relative,White,Female,0,0,40,United-States,<=50K.
20,Private,21906,Some-college,1,Never-married,Adm-clerical,Own-child,White,Female,,,40,United-States,>50K
34,Private,35945,Some-college,1,Never-married,Adm-clerical,Unmarried,White,Female,0,0,34,United-States,<=50K.
23,Private,207611,Bachelors,1,Never-married,Exec-managerial,Not-in-family,Other,Male,0,,30,United-States,>50K.
27,Private,31606,HS-grad,1,Never-married,Craft-repair,Own-child,Black,Male,0,0,40,United-States,<=50K
41,Private,145175,Some-college,1,Married-civ-spouse,Adm-clerical,Husband,White,Male,3137,0,38,United-States,>50K
47,Private,82699,Masters,1,Married-civ-spouse,Exec-managerial,Husband,White,Male,0,0,50,United-States,>50K
30,Private,21906,Bachelors,1,Never-married,Exec-managerial,Own-child,Asian-Pac-Islander,Female,116,0,30,United-States,<=50K
30,Private,239256,HS-grad,4,Never-married,Sales,Own-child,White,Female,0,,24,United-States,<=50K.
30,State-gov,31606,HS-grad,9,Never-married,Sales,Unmarried,Black,Female,0,,40,United-States,>50K
33,Private,43535,HS-grad,4,Married-civ-spouse,Craft-repair,Husband,White,Male,0,0,30,United-States,>50K
30,Local-gov,53707,Some-college,10,Married-civ-spouse,Protective-serv,Husband,White,Male,0,0,42,United-States,<=50K
59,Self-emp-not-inc,183610,Some-college,1,Married-civ-spouse,Sales,Husband,White,Male,0,0,34,United-States,<=50K
45,Private,25139,7th-8th,4,Divorced,Craft-repair,Not-in-family,Amer-Indian-Eskimo,Male,0,0,38,United-States,<=50K
37,Private,35945,HS-grad,4,Married-civ-spouse,Machine-op-inspct,Husband,White,Male,0,0,30,United-States,<=50K
53,Private,25139,Some-college,10,Separated,Adm-clerical,Not-in-family,White,Female,,,60,United-States,<=50K
36,Private,93208,HS-grad,1,Married-civ-spouse,Sales,Husband,White,Male,114,,30,United-States,<=50K
31,Private,48413,9th,1,Married-civ-spouse,Other-service,Husband,White,Male,168,0,30,Mexico,<=50K
33,Private,48413,HS-grad,9,Married-civ-spouse,Craft-repair,Husband,Other,Male,0,0,30,United-States,<=50K
30,State-gov,138077,Some-college,10,Never-married,Other-service,Own-child,Other,Female,0,0,30,United-States,<=50K
40,Self-emp-inc,239256,HS-grad,1,Married-civ-spouse,Sales,Husband,White,Male,0,0,21,United-States,>50K
36,Self-emp-not-inc,93579,12th,1,Never-married,Craft-repair,Own-child,White,Male,0,,34,United-States,<=50K.
30,Private,172281,HS-grad,9,Married-civ-spouse,Transport-moving,Husband,White,Male,,2051,50,United-States,>50K
39,Private,84774,Preschool,1,Never-married,Adm-clerical,Own-child,White,Female,,0,30,United-States,>50K
34,Private,82699,HS-grad,5,Married-civ-spouse,Other-service,Wife,White,Female,0,0,30,United-States,<=50K.
20,Private,21906,10th,6,Never-married,Transport-moving,Own-child,White,Male,0,,32,United-States,<=50K
56,Self-emp-not-inc,98141,10th,4,Divorced,Sales,Own-child,White,Male,0,0,30,United-States,>50K
30,Private,83880,Some-college,10,Never-married,Craft-repair,Own-child,White,Male,0,0,40,United-States,<=50K
36,Private,82049,Some-college,4,Married-civ-spouse,Transport-moving,Husband,White,Male,168,,30,United-States,<=50K
30,Private,98141,Bachelors,13,Never-married,Sales,Not-in-family,White,Male,,,30,United-States,<=50K
30,Private,206354,12th,4,Divorced,Farming-fishing,Not-in-family,Black,Male,,0,30,United-States,<=50K
27,Private,159075,Some-college,10,Never-married,Sales,Own-child,White,Female,0,0,30,United-States,<=50K
31,Private,107302,12th,3,Never-married,Craft-repair,Own-child,White,Male,0,0,30,United-States,<=50K
35,Private,24712,Bachelors,1,Never-married,Other-service,Not-in-family,Asian-Pac-Islander,Female,,0,35,Philippines,>50K
50,Private,99179,HS-grad,4,Divorced,Other-service,Not-in-family,Other,Female,0,0,40,United-States,<=50K.
28,Private,46743,Some-college,1,Never-married,Other-service,Own-child,White,Male,0,0,30,United-States,<=50K
30,Private,70037,HS-grad,4,Divorced,Other-service,Unmarried,White,Male,0,0,30,United-States,>50K
35,Private,156745,HS-grad,1,Married-civ-spouse,Tech-support,Husband,Asian-Pac-Islander,Male,0,0,30,Philippines,>50K
40,Private,173944,9th,5,Never-married,Sales,Unmarried,Black,Male,,0,34,United-States,<=50K
31,Private,31606,Bachelors,1,Married-civ-spouse,Adm-clerical,Wife,White,Male,0,0,30,United-States,>50K.
34,Self-emp-not-inc,21906,HS-grad,1,Married-civ-spouse,Exec-managerial,Husband,White,Male,,0,30,United-States,<=50K
45,Private,21906,HS-grad,9,Never-married,Machine-op-inspct,Not-in-family,White,Male,0,0,40,United-States,<=50K
37,Private,27834,HS-grad,1,Divorced,Other-service,Not-in-family,White,Female,0,0,30,United-States,<=50K
32,Private,133963,Some-college,10,Never-married,Tech-support,Not-in-family,Other,Female,0,,30,United-States,<=50K
30,Private,130389,Bachelors,4,Never-married,Exec-managerial,Own-child,White,Male,0,0,40,United-States,>50K
34,Self-emp-not-inc,76860,5th-6th,1,Widowed,Craft-repair,Not-in-family,White,Male,0,0,30,United-States,<=50K.
34,Local-gov,186720,Some-college,10,Married-civ-spouse,Other-service,Husband,White,Male,0,0,40,United-States,<=50K
50,Private,70668,Bachelors,1,Never-married,Other-service,Not-in-family,White,Male,114,?,30,Canada,<=50K
34,Private,24712,Assoc-voc,1,Widowed,Prof-specialty,Not-in-family,White,Female,0,,21,United-States,<=50K
37,Federal-gov,99179,Bachelors,4,Married-civ-spouse,Exec-managerial,Husband,White,Male,0,,30,United-States,>50K
20,Private,340543,HS-grad,10,Never-married,Tech-support,Not-in-family,White,Female,0,0,40,United-States,<=50K
32,Private,198216,HS-grad,4,Never-married,Adm-clerical,Own-child,White,Female,,0,30,United-States,<=50K
39,Self-emp-not-inc,172281,Doctorate,1,Married-civ-spouse,Prof-specialty,Husband,White,Male,0,0,30,United-States,>50K
45,Private,82049,Bachelors,3,Married-civ-spouse,Handlers-cleaners,Husband,White,Male,0,0,30,United-States,<=50K
37,Private,173944,Bachelors,4,Never-married,Prof-specialty,Not-in-family,White,Male,,0,30,United-States,<=50K.
34,Private,225860,Some-college,10,Married-civ-spouse,Craft-repair,Husband,White,Male,0,0,50,United-States,>50K
20,Private,212793,HS-grad,1,Never-married,Machine-op-inspct,Not-in-family,Other,Male,0,0,30,United-States,>50K
43,Self-emp-inc,82049,HS-grad,9,Married-civ-spouse,Farming-fishing,Husband,White,Male,0,0,30,United-States,<=50K
50,Private,21906,HS-grad,9,Married-civ-spouse,Transport-moving,Husband,White,Male,0,0,37,United-States,>50K
24,Private,130389,Assoc-acdm,1,Never-married,Craft-repair,Not-in-family,White,Male,0,0,24,United-States,<=50K
30,Self-emp-not-inc,215797,HS-grad,1,Married-civ-spouse,Craft-repair,Husband,White,Male,0,0,40,United-States,>50K
37,Self-emp-inc,86723,HS-grad,9,Divorced,Sales,Not-in-family,White,Male,0,0,30,United-States,>50K
43,Private,343591,Masters,1,Divorced,Exec-managerial,Not-in-family,White,Male,1286,0,34,United-States,<=50K.
30,Self-emp-inc,70919,HS-grad,1,Married-civ-spouse,Exec-managerial,Husband,White,Male,0,0,37,United-States,>50K.
30,Private,31606,Masters,4,Married-civ-spouse,Other-service,Husband,White,Male,0,,30,United-States,>50K
37,Self-emp-inc,82049,HS-grad,1,Married-civ-spouse,Machine-op-inspct,Husband,White,Male,3818,,30,United-States,<=50K
30,Private,186720,Bachelors,3,Never-married,Machine-op-inspct,Own-child,White,Male,0,0,34,United-States,<=50K
30,Private,99179,HS-grad,1,Married-civ-spouse,Adm-clerical,Wife,Asian-Pac-Islander,Female,0,0,50,Philippines,>50K
30,Private,95639,HS-grad,1,Separated,Handlers-cleaners,Unmarried,Amer-Indian-Eskimo,Male,0,0,45,United-States,>50K.
37,Private,380560,Bachelors,13,Married-civ-spouse,Prof-specialty,Wife,Black,Female,594,0,30,United-States,>50K.
30,Private,239256,HS-grad,1,Never-married,Machine-op-inspct,Own-child,White,Male,0,0,30,United-States,>50K
36,Private,156745,HS-grad,1,Married-civ-spouse,Machine-op-inspct,Husband,White,Male,0,0,30,United-States,>50K
30,State-gov,70668,Bachelors,3,Married-civ-spouse,Prof-specialty,Husband,White,Male,0,0,30,United-States,<=50K.
37,Self-emp-not-inc,284086,Bachelors,3,Widowed,Prof-specialty,Not-in-family,Other,Female,0,0,28,United-States,<=50K.
17,Private,99374,Some-college,1,Never-married,Adm-clerical,Own-child,Asian-Pac-Islander,Female,0,0,29,United-States,>50K.
37,Local-gov,48413,Some-college,1,Married-civ-spouse,Protective-serv,Husband,White,Male,15024,0,30,United-States,>50K
30,Private,84774,HS-grad,1,Never-married,Exec-managerial,Not-in-family,White,Female,0,0,40,United-States,>50K
50,Private,99179,10th,6,Separated,Craft-repair,Not-in-family,White,Male,0,0,34,United-States,<=50K
29,Private,394860,Bachelors,13,Married-civ-spouse,Other-service,Husband,White,Male,0,,42,United-States,>50K
35,Private,35032,HS-grad,4,Married-civ-spouse,Craft-repair,Husband,White,Male,0,0,40,United-States,>50K
64,Private,152373,HS-grad,1,Divorced,Priv-house-serv,Not-in-family,White,Female,0,0,30,United-States,>50K
35,Private,192290,10th,6,Married-civ-spouse,Adm-clerical,Husband,White,Male,0,0,30,United-States,<=50K
20,Private,113182,HS-grad,1,Divorced,Craft-repair,Not-in-family,White,Male,,,30,United-States,<=50K
39,Private,396745,HS-grad,1,Never-married,Other-service,Not-in-family,White,Male,,,30,United-States,<=50K
30,Private,70668,Some-college,4,Married-civ-spouse,Craft-repair,Husband,White,Male,0,0,50,United-States,>50K
30,Self-emp-not-inc,181165,9th,1,Married-civ-spouse,Other-service,Husband,White,Male,0,0,37,United-States,>50K.
33,Private,115289,HS-grad,1,Married-civ-spouse,Transport-moving,Husband,Other,Male,0,0,30,United-States,<=50K.
30,Local-gov,133126,Bachelors,1,Never-married,Prof-specialty,Not-in-family,Other,Male,0,0,52,United-States,<=50K
34,Private,107164,HS-grad,5,Married-civ-spouse,Craft-repair,Husband,White,Male,0,0,40,United-States,>50K
30,Private,25139,HS-grad,1,Divorced,Sales,Unmarried,White,Male,0,0,30,United-States,<=50K
20,Private,31606,HS-grad,1,Never-married,Craft-repair,Not-in-family,White,Male,0,0,30,United-States,<=50K
36,Private,82049,Bachelors,3,Married-civ-spouse,Exec-managerial,Husband,White,Male,0,,30,United-States,<=50K.
38,Private,25139,HS-grad,1,Married-civ-spouse,Sales,Husband,White,Male,1683,,30,United-States,<=50K.
34,Local-gov,239256,Some-college,1,Married-civ-spouse,Craft-repair,Husband,Black,Male,0,0,33,United-States,>50K
50,Private,27834,HS-grad,1,Married-civ-spouse,Transport-moving,Husband,White,Male,174,0,40,United-States,>50K
32,Private,152307,Bachelors,1,Never-married,Sales,Own-child,White,Male,0,?,70,United-States,<=50K
38,Private,206354,Some-college,4,Widowed,Craft-repair,Unmarried,White,Female,0,0,36,United-States,>50K
60,Private,24712,HS-grad,6,Married-civ-spouse,Transport-moving,Husband,White,Male,0,0,46,United-States,<=50K
30,Private,151888,Some-college,6,Never-married,Sales,Own-child,White,Male,,0,33,United-States,>50K
17,Private,91732,Some-college,1,Never-married,Other-service,Own-child,White,Male,0,,30,Canada,<=50K.
40,Self-emp-inc,98141,Some-college,9,Married-civ-spouse,Exec-managerial,Husband,White,Male,0,0,26,United-States,<=50K
34,Private,24712,HS-grad,9,Married-civ-spouse,Machine-op-inspct,Husband,White,Male,0,0,34,United-States,<=50K
24,Private,93208,9th,3,Never-married,Sales,Own-child,White,Male,0,0,40,United-States,<=50K
34,Private,173504,5th-6th,1,Married-civ-spouse,Craft-repair,Husband,Black,Male,961,0,40,Trinadad&Tobago,<=50K
35,Private,24712,Some-college,1,Never-married,Adm-clerical,Not-in-family,White,Female,0,0,30,United-States,>50K
31,Private,233681,Bachelors,13,Never-married,Prof-specialty,Own-child,White,Male,0,0,30,United-States,<=50K
30,Private,84774,HS-grad,4,Married-civ-spouse,Prof-specialty,Husband,White,Male,0,0,60,United-States,>50K.
35,Private,104052,HS-grad,9,Married-civ-spouse,Exec-managerial,Husband,White,Male,0,0,30,United-States,<=50K
50,Private,215797,5th-6th,1,Married-civ-spouse,Machine-op-inspct,Husband,Black,Male,0,,39,United-States,<=50K.
30,Private,35032,Masters,3,Never-married,Sales,Own-child,Black,Female,1286,,30,United-States,<=50K
35,Self-emp-not-inc,24712,HS-grad,1,Separated,Exec-managerial,Not-in-family,White,Male,0,0,60,United-States,<=50K.
32,Private,98141,Some-college,10,Never-married,Sales,Own-child,White,Female,0,0,20,United-States,<=50K
30,State-gov,444554,Some-college,10,Never-married,Other-service,Own-child,White,Male,0,,30,United-States,>50K.
49,Private,24712,HS-grad,3,Married-civ-spouse,Sales,Husband,White,Male,174,0,36,United-States,>50K
30,Private,217414,Bachelors,5,Never-married,Prof-specialty,Not-in-family,White,Male,0,0,35,United-States,>50K
36,Private,70037,Some-college,2,Never-married,Other-service,Not-in-family,White,Female,,,33,United-States,>50K
35,Self-emp-not-inc,53707,Bachelors,1,Married-civ-spouse,Farming-fishing,Husband,White,Male,,0,30,United-States,<=50K
38,Private,24712,HS-grad,1,Married-civ-spouse,Exec-managerial,Husband,White,Male,0,0,30,United-States,>50K
30,Private,396745,Bachelors,4,Married-civ-spouse,Prof-specialty,Husband,White,Male,0,2415,40,United-States,>50K
30,Private,173504,Some-college,1,Widowed,Adm-clerical,Unmarried,White,Female,0,,40,United-States,>50K.
30,Private,171351,Bachelors,3,Divorced,Sales,Not-in-family,White,Female,,0,34,United-States,<=50K
35,Private,70919,HS-grad,1,Married-civ-spouse,Craft-repair,Wife,White,Male,961,0,30,United-States,<=50K
60,Private,98141,Some-college,1,Married-civ-spouse,Craft-repair,Husband,White,Male,0,0,30,United-States,<=50K
31,Private,76860,HS-grad,9,Never-married,Adm-clerical,Not-in-family,White,Female,0,0,40,United-States,<=50K
34,Private,151888,9th,3,Married-civ-spouse,Adm-clerical,Husband,White,Male,2597,,35,United-States,<=50K
34,Private,99374,Some-college,2,Married-civ-spouse,Prof-specialty,Husband,White,Male,0,0,30,United-States,<=50K
32,Self-emp-not-inc,21906,Doctorate,6,Never-married,Prof-specialty,Not-in-family,White,Female,0,0,34,United-States,<=50K
30,Private,70919,Preschool,1,Married-civ-spouse,Farming-fishing,Husband,White,Male,0,0,60,United-States,<=50K
40,Private,82049,Some-college,10,Married-civ-spouse,Farming-fishing,Husband,White,Male,0,0,46,United-States,<=50K.
30,Private,48413,Some-college,10,Never-married,Prof-specialty,Not-in-family,White,Male,0,0,40,United-States,>50K
30,State-gov,76860,HS-grad,1,Never-married,Transport-moving,Own-child,White,Male,0,,40,United-States,<=50K
30,Private,239256,Assoc-voc,1,Never-married,Adm-clerical,Own-child,White,Female,0,0,30,United-States,<=50K.
43,State-gov,156745,HS-grad,1,Divorced,Adm-clerical,Unmarried,White,Male,,0,30,United-States,<=50K
57,Private,152373,Some-college,1,Married-civ-spouse,Craft-repair,Husband,White,Male,114,0,30,United-States,>50K
45,Private,156745,9th,9,Never-married,Other-service,Not-in-family,White,Female,0,,30,El-Salvador,<=50K
34,Private,86723,Some-college,10,Married-civ-spouse,Craft-repair,Husband,White,Male,0,1651,38,United-States,<=50K
39,Private,35945,Some-college,3,Never-married,Adm-clerical,Own-child,White,Female,,0,30,United-States,<=50K
33,Private,115289,Prof-school,5,Married-civ-spouse,Prof-specialty,Husband,White,Male,15024,0,35,United-States,>50K
34,Private,183610,Bachelors,1,Married-civ-spouse,Prof-specialty,Husband,White,Male,0,0,30,United-States,>50K.
30,Private,70037,Assoc-voc,11,Married-civ-spouse,Prof-specialty,Husband,White,Male,0,,21,United-States,>50K
32,Local-gov,25139,HS-grad,1,Widowed,Other-service,Unmarried,White,Female,0,0,20,United-States,<=50K
44,Private,82049,HS-grad,1,Married-spouse-absent,Adm-clerical,Unmarried,White,Male,,0,30,United-States,>50K.
32,Private,123991,Bachelors,7,Never-married,Other-service,Not-in-family,White,Female,0,0,34,United-States,<=50K.
30,Private,99179,9th,5,Divorced,Other-service,Unmarried,White,Male,0,,30,United-States,<=50K
23,Private,31606,9th,1,Never-married,Other-service,Unmarried,White,Male,0,0,60,United-States,<=50K
30,Private,152307,HS-grad,1,Never-married,Other-service,Own-child,White,Female,0,,40,United-States,>50K.
62,Self-emp-inc,234738,Bachelors,13,Married-civ-spouse,Exec-managerial,Husband,White,Male,174,0,30,United-States,>50K
31,Private,21906,Bachelors,5,Never-married,Handlers-cleaners,Not-in-family,White,Male,,0,30,United-States,<=50K
30,Private,96635,Bachelors,1,Never-married,Prof-specialty,Not-in-family,White,Female,0,0,30,United-States,<=50K
34,Private,35032,Bachelors,3,Married-civ-spouse,Sales,Husband,White,Male,442,,30,United-States,>50K.
51,Private,76860,HS-grad,4,Married-civ-spouse,Exec-managerial,Husband,White,Male,174,0,50,United-States,>50K
35,Private,25139,HS-grad,1,Separated,Craft-repair,Own-child,White,Male,0,0,30,Mexico,<=50K
33,Federal-gov,27834,Masters,4,Married-civ-spouse,Exec-managerial,Wife,Other,Male,953,,32,United-States,>50K
33,Local-gov,192290,Bachelors,3,Never-married,Prof-specialty,Not-in-family,White,Female,0,0,40,United-States,<=50K.
32,Private,152373,Assoc-acdm,12,Married-civ-spouse,Craft-repair,Husband,White,Male,0,0,30,United-States,>50K
53,Private,21906,Assoc-voc,11,Married-spouse-absent,Craft-repair,Not-in-family,White,Female,0,0,34,United-States,<=50K
45,Federal-gov,90533,Bachelors,4,Never-married,Exec-managerial,Not-in-family,White,Female,0,0,50,United-States,<=50K.
39,Private,25139,Some-college,1,Married-civ-spouse,Craft-repair,Husband,Other,Male,174,0,37,United-States,<=50K
30,Private,168782,HS-grad,1,Divorced,Handlers-cleaners,Not-in-family,White,Male,0,0,34,United-States,<=50K
30,Private,21906,9th,6,Separated,Protective-serv,Not-in-family,White,Female,,,40,United-States,>50K.
30,Private,21906,Masters,1,Married-civ-spouse,Prof-specialty,Husband,White,Male,0,0,34,United-States,>50K
30,Private,27834,Some-college,1,Divorced,Craft-repair,Not-in-family,White,Male,0,0,30,United-States,>50K.
38,Private,21906,HS-grad,1,Married-civ-spouse,Transport-moving,Husband,White,Male,0,,65,United-States,<=50K.
30,Private,48413,11th,1,Divorced,Craft-repair,Own-child,White,Male,0,0,50,United-States,<=50K
37,Private,21906,Some-college,1,Divorced,Handlers-cleaners,Not-in-family,Amer-Indian-Eskimo,Female,0,0,32,United-States,<=50K
33,Private,21906,Some-college,10,Married-civ-spouse,Sales,Husband,White,Male,0,0,30,United-States,>50K
40,Private,24712,Some-college,1,Married-civ-spouse,Exec-managerial,Husband,Other,Male,174,0,35,United-States,>50K.
41,Private,138077,Bachelors,8,Married-civ-spouse,Exec-managerial,Husband,White,Male,0,,30,United-States,>50K
34,Private,159075,Assoc-voc,1,Never-married,Sales,Unmarried,White,Male,0,0,50,United-States,>50K
42,Private,217414,Some-college,10,Married-civ-spouse,Craft-repair,Husband,White,Male,0,0,30,United-States,<=50K
34,Private,76860,HS-grad,9,Separated,Machine-op-inspct,Unmarried,White,Female,0,0,40,United-States,<=50K
30,Self-emp-not-inc,234328,Some-college,1,Married-civ-spouse,Farming-fishing,Not-in-family,White,Female,0,0,30,United-States,<=50K
50,Private,186720,Doctorate,1,Married-civ-spouse,Prof-specialty,Husband,White,Male,0,0,50,United-States,>50K
34,Private,24712,HS-grad,9,Divorced,Exec-managerial,Not-in-family,White,Female,0,,40,United-States,>50K
30,Private,76860,Some-college,4,Never-married,Sales,Not-in-family,White,Male,0,0,50,Outlying-US(Guam-USVI-etc),<=50K
36,Local-gov,233681,Assoc-acdm,12,Married-civ-spouse,Exec-managerial,Husband,White,Male,0,0,34,United-States,<=50K
30,Local-gov,98141,Bachelors,3,Never-married,Protective-serv,Not-in-family,Other,Female,,0,30,United-States,>50K
38,Private,98141,11th,1,Never-married,Craft-repair,Own-child,White,Female,0,0,34,United-States,>50K
36,Self-emp-inc,86723,HS-grad,4,Married-civ-spouse,Transport-moving,Husband,White,Male,0,0,34,United-States,>50K
38,Private,21906,Some-college,1,Married-civ-spouse,Prof-specialty,Wife,White,Female,0,0,34,United-States,>50K
40,Self-emp-inc,21906,HS-grad,9,Married-civ-spouse,Craft-repair,Husband,Other,Male,0,0,32,United-States,<=50K
30,Private,24712,Assoc-voc,11,Married-civ-spouse,Prof-specialty,Husband,White,Male,0,0,30,United-States,<=50K
30,Private,243190,Bachelors,4,Never-married,Exec-managerial,Not-in-family,Asian-Pac-Islander,Male,,0,30,United-States,<=50K.
30,Private,48413,Some-college,10,Married-civ-spouse,Sales,Husband,White,Male,168,0,37,United-States,<=50K
31,Local-gov,340543,Bachelors,5,Never-married,Prof-specialty,Own-child,White,Female,,,50,United-States,<=50K
32,Self-emp-not-inc,239256,HS-grad,1,Never-married,Handlers-cleaners,Not-in-family,White,Male,0,0,30,United-States,>50K.
34,Private,152373,Some-college,10,Divorced,Craft-repair,Not-in-family,White,Male,0,,38,United-States,>50K
30,Private,152307,Bachelors,4,Married-civ-spouse,Prof-specialty,Husband,White,Male,0,0,50,United-States,>50K.
34,Private,25139,HS-grad,1,Married-civ-spouse,Machine-op-inspct,Husband,White,Male,0,0,40,United-States,>50K
38,Self-emp-inc,225860,HS-grad,1,Divorced,Exec-managerial,Unmarried,White,Male,0,,30,United-States,<=50K
30,Private,86723,HS-grad,4,Married-civ-spouse,Craft-repair,Husband,Black,Male,168,0,40,United-States,<=50K
30,Private,159075,Bachelors,1,Married-civ-spouse,Exec-managerial,Husband,White,Male,594,0,35,United-States,>50K
30,Private,46743,HS-grad,1,Never-married,Craft-repair,Own-child,White,Male,0,0,38,United-States,>50K
32,Private,70037,Bachelors,13,Never-married,Other-service,Own-child,White,Male,0,0,50,United-States,<=50K
30,Private,35032,HS-grad,9,Never-married,Handlers-cleaners,Not-in-family,White,Male,0,1669,40,United-States,<=50K.
32,Private,98141,Some-college,10,Never-married,Sales,Not-in-family,Other,Male,,0,34,United-States,<=50K
42,Self-emp-not-inc,21906,Bachelors,1,Never-married,Prof-specialty,Own-child,Black,Male,2174,,60,United-States,>50K
31,Private,21906,Assoc-acdm,1,Never-married,Handlers-cleaners,Own-child,White,Male,0,0,20,United-States,<=50K
53,Private,171968,Bachelors,13,Married-civ-spouse,Exec-managerial,Husband,White,Male,15024,0,30,United-States,>50K
30,Self-emp-inc,48413,HS-grad,4,Married-civ-spouse,Sales,Husband,White,Male,0,,37,United-States,<=50K
30,Private,76860,Some-college,10,Never-married,Tech-support,Other-relative,White,Male,0,0,30,United-States,>50K.
90,Private,27834,HS-grad,1,Divorced,Machine-op-inspct,Unmarried,White,Male,,1726,40,United-States,<=50K
47,Private,27834,Some-college,1,Divorced,Adm-clerical,Not-in-family,White,Male,0,0,40,United-States,>50K
34,Local-gov,207611,Bachelors,1,Married-civ-spouse,Adm-clerical,Wife,White,Female,0,0,40,United-States,>50K
60,Private,98141,7th-8th,4,Married-civ-spouse,Transport-moving,Husband,Amer-Indian-Eskimo,Male,0,0,45,Mexico,<=50K
30,Private,47151,Bachelors,13,Never-married,Prof-specialty,Not-in-family,White,Female,0,0,34,United-States,<=50K
30,Private,171968,10th,1,Never-married,Other-service,Own-child,White,Female,0,0,20,United-States,<=50K
28,Private,117618,Some-college,3,Never-married,Craft-repair,Own-child,White,Male,376,0,32,United-States,<=50K
38,Federal-gov,98141,Masters,4,Married-civ-spouse,Exec-managerial,Husband,White,Male,0,0,30,United-States,>50K
32,Private,27834,HS-grad,9,Never-married,Sales,Own-child,Other,Male,0,0,30,El-Salvador,<=50K.
30,Private,389932,HS-grad,4,Divorced,Transport-moving,Not-in-family,Black,Male,0,0,50,United-States,<=50K
20,Private,215797,Bachelors,4,Never-married,Prof-specialty,Own-child,White,Female,0,0,29,United-States,<=50K
30,Private,24712,Some-college,10,Never-married,Sales,Not-in-family,White,Male,0,,34,United-States,<=50K
36,Private,31606,Some-college,1,Married-civ-spouse,Machine-op-inspct,Husband,Black,Male,168,0,30,United-States,>50K
40,Private,98141,Bachelors,4,Never-married,Exec-managerial,Not-in-family,White,Male,0,0,30,Canada,<=50K
43,Federal-gov,81259,Some-college,3,Married-civ-spouse,Adm-clerical,Wife,Black,Female,1683,0,40,United-States,>50K
35,Private,70919,9th,1,Never-married,Machine-op-inspct,Unmarried,White,Male,,0,40,Mexico,>50K
33,Local-gov,173504,HS-grad,1,Married-civ-spouse,Protective-serv,Husband,White,Male,0,0,30,United-States,<=50K
30,Private,98141,9th,1,Divorced,Handlers-cleaners,Not-in-family,White,Male,0,0,50,United-States,<=50K
39,Private,21906,Some-college,2,Never-married,Craft-repair,Own-child,White,Male,0,0,34,United-States,<=50K
30,Private,172281,Some-college,4,Married-civ-spouse,Craft-repair,Husband,White,Male,0,0,45,United-States,<=50K
90,Private,198216,HS-grad,4,Married-civ-spouse,Sales,Husband,White,Male,0,0,34,United-States,>50K
30,Private,81259,HS-grad,1,Divorced,Adm-clerical,Unmarried,White,Female,0,0,50,United-States,<=50K
36,Local-gov,27834,Bachelors,4,Never-married,Protective-serv,Own-child,White,Male,,,40,United-States,>50K
37,Self-emp-not-inc,25139,Prof-school,1,Married-civ-spouse,Prof-specialty,Wife,White,Male,4320,0,30,United-States,>50K
40,Self-emp-not-inc,76860,9th,9,Widowed,Other-service,Not-in-family,White,Male,0,0,32,England,<=50K.
20,Private,81259,9th,3,Never-married,Prof-specialty,Not-in-family,White,Female,0,,21,United-States,<=50K
30,Private,178449,Bachelors,1,Married-civ-spouse,Sales,Husband,White,Male,168,1848,30,United-States,>50K
30,Private,217414,Some-college,1,Never-married,Other-service,Own-child,White,Female,0,0,30,United-States,>50K
30,Private,87724,10th,4,Divorced,Other-service,Unmarried,Black,Female,0,,40,United-States,>50K
42,Private,380560,10th,1,Divorced,Sales,Unmarried,White,Male,114,0,50,Peru,<=50K
20,Private,181165,Bachelors,4,Never-married,Tech-support,Not-in-family,White,Male,0,,50,United-States,>50K
30,Private,171351,Some-college,10,Never-married,Adm-clerical,Not-in-family,Other,Female,0,0,30,United-States,>50K
30,Private,98141,Bachelors,1,Married-civ-spouse,Prof-specialty,Wife,Other,Male,0,0,30,United-States,<=50K
23,Private,25139,Some-college,4,Never-married,Sales,Not-in-family,White,Male,0,0,30,United-States,<=50K.
32,Private,168782,Bachelors,13,Married-civ-spouse,Exec-managerial,Wife,White,Female,953,0,30,United-States,>50K
30,Private,24712,Bachelors,3,Never-married,Prof-specialty,Not-in-family,White,Female,0,,30,United-States,<=50K.
30,Local-gov,21906,Some-college,10,Separated,Adm-clerical,Unmarried,Black,Female,0,0,30,United-States,<=50K.
34,Self-emp-not-inc,152307,Bachelors,1,Never-married,Prof-specialty,Not-in-family,Black,Male,10520,0,45,United-States,>50K
31,Private,171351,Some-college,1,Married-civ-spouse,Craft-repair,Husband,Black,Male,0,0,40,United-States,<=50K
39,Local-gov,113182,HS-grad,1,Divorced,Craft-repair,Unmarried,White,Male,,,40,United-States,>50K
33,Private,155126,Bachelors,15,Married-civ-spouse,Other-service,Wife,White,Female,168,0,30,United-States,>50K
30,Private,291232,Some-college,1,Never-married,Other-service,Not-in-family,White,Male,0,0,40,United-States,<=50K.
44,Private,217414,1st-4th,2,Married-civ-spouse,Craft-repair,Husband,White,Male,3942,0,30,Mexico,<=50K
44,Local-gov,212793,Some-college,10,Married-civ-spouse,Craft-repair,Husband,White,Male,0,0,30,United-States,<=50K
20,Private,31606,9th,1,Never-married,Handlers-cleaners,Own-child,White,Male,0,1719,30,United-States,<=50K
30,Self-emp-inc,86723,Some-college,4,Widowed,Exec-managerial,Unmarried,White,Male,0,0,34,United-States,<=50K
38,Private,265628,Assoc-voc,11,Never-married,Handlers-cleaners,Own-child,White,Male,0,0,30,United-States,>50K
30,Private,35945,HS-grad,1,Married-civ-spouse,Machine-op-inspct,Husband,White,Male,2407,,40,United-States,<=50K
17,Private,98141,9th,1,Never-married,Craft-repair,Own-child,Other,Male,0,0,32,United-States,<=50K
32,Private,21906,HS-grad,7,Never-married,Craft-repair,Not-in-family,White,Male,,0,70,United-States,>50K
58,Private,172281,9th,1,Divorced,Other-service,Own-child,Other,Female,,,30,United-States,<=50K
34,Private,184105,HS-grad,1,Divorced,Adm-clerical,Not-in-family,White,Female,0,0,30,United-States,>50K
30,Private,96635,Masters,1,Married-civ-spouse,Prof-specialty,Husband,White,Male,0,0,37,United-States,>50K
39,Private,70037,Some-college,10,Never-married,Craft-repair,Not-in-family,White,Male,,0,40,United-States,<=50K.
42,Private,24712,HS-grad,1,Widowed,Other-service,Unmarried,White,Female,0,0,40,United-States,<=50K
40,Private,48087,Bachelors,4,Married-civ-spouse,Exec-managerial,Husband,White,Male,4014,0,32,United-States,>50K
32,Private,171968,Some-college,10,Never-married,Adm-clerical,Own-child,White,Female,0,0,30,United-States,<=50K
30,Private,116621,Bachelors,1,Married-civ-spouse,Exec-managerial,Husband,Black,Male,0,0,40,United-States,<=50K.
39,Self-emp-inc,152373,Assoc-acdm,12,Married-civ-spouse,Exec-managerial,Husband,White,Male,0,,35,United-States,>50K
36,Private,31606,Bachelors,1,Never-married,Sales,Not-in-family,Other,Male,0,,34,United-States,<=50K
30,Private,27834,Some-college,10,Widowed,Craft-repair,Not-in-family,White,Male,,0,34,United-States,>50K
30,Private,24712,HS-grad,1,Never-married,Handlers-cleaners,Own-child,White,Male,0,0,30,United-States,<=50K
30,Private,48413,HS-grad,1,Married-civ-spouse,Craft-repair,Husband,White,Male,0,0,30,United-States,>50K.
47,Self-emp-inc,35945,HS-grad,4,Married-civ-spouse,Exec-managerial,Husband,White,Male,7688,0,30,United-States,>50K
38,Private,27834,Bachelors,1,Never-married,Prof-specialty,Own-child,Other,Male,0,0,35,United-States,<=50K
60,Self-emp-not-inc,198216,Assoc-acdm,1,Married-civ-spouse,Exec-managerial,Husband,Asian-Pac-Islander,Male,174,0,30,Japan,<=50K.
48,Federal-gov,156745,Some-college,10,Married-spouse-absent,Adm-clerical,Not-in-family,White,Female,0,,30,United-States,<=50K.
20,Federal-gov,98141,Bachelors,3,Married-civ-spouse,Exec-managerial,Husband,White,Male,0,,30,United-States,>50K
32,Private,21906,Some-college,1,Never-married,Craft-repair,Own-child,White,Male,0,0,30,United-States,<=50K.
30,Private,104052,10th,6,Never-married,Sales,Unmarried,White,Female,,0,34,United-States,<=50K
32,Federal-gov,48413,Bachelors,3,Married-civ-spouse,Adm-clerical,Husband,White,Male,0,0,35,United-States,>50K
30,Private,24712,HS-grad,9,Never-married,Sales,Own-child,White,Male,0,0,30,United-States,<=50K
34,Private,159075,HS-grad,9,Divorced,Sales,Not-in-family,White,Male,376,0,34,United-States,<=50K.
32,Private,27834,HS-grad,1,Married-civ-spouse,Other-service,Husband,White,Male,0,0,34,Mexico,<=50K.
30,Private,35945,Bachelors,9,Never-married,Tech-support,Not-in-family,White,Male,0,0,34,United-States,>50K.
30,Private,82049,Bachelors,13,Never-married,Other-service,Own-child,White,Male,,0,40,United-States,<=50K
30,Private,82049,Some-college,4,Separated,Exec-managerial,Unmarried,Amer-Indian-Eskimo,Female,0,0,30,United-States,>50K
39,Private,171968,HS-grad,9,Married-civ-spouse,Transport-moving,Husband,White,Male,0,0,30,United-States,<=50K
35,Local-gov,25139,Bachelors,1,Divorced,Exec-managerial,Unmarried,White,Female,0,0,40,United-States,>50K
30,Private,151888,HS-grad,4,Never-married,Machine-op-inspct,Own-child,White,Male,0,0,34,United-States,<=50K
30,Private,99179,Some-college,10,Married-civ-spouse,Craft-repair,Husband,White,Male,0,1902,30,United-States,>50K
35,State-gov,21906,Doctorate,7,Married-civ-spouse,Prof-specialty,Husband,White,Male,168,0,36,United-States,>50K
30,Private,192290,5th-6th,1,Divorced,Machine-op-inspct,Not-in-family,White,Male,0,0,30,Puerto-Rico,<=50K
57,Self-emp-not-inc,186720,HS-grad,1,Married-civ-spouse,Craft-repair,Wife,White,Male,174,0,34,United-States,<=50K
20,Private,265628,Some-college,4,Never-married,Craft-repair,Own-child,White,Male,,,30,United-States,<=50K
34,Federal-gov,25139,HS-grad,5,Never-married,Other-service,Not-in-family,Black,Female,0,0,40,United-States,>50K
30,Private,27834,Bachelors,4,Never-married,Exec-managerial,Own-child,Other,Male,0,0,30,United-States,>50K
34,Private,130389,Some-college,1,Married-civ-spouse,Exec-managerial,Husband,White,Male,0,0,30,United-States,<=50K
28,Private,21906,Some-college,1,Married-civ-spouse,Adm-clerical,Own-child,White,Female,168,,29,United-States,<=50K
30,Private,70037,Masters,4,Never-married,Prof-specialty,Not-in-family,White,Male,0,0,35,United-States,<=50K
30,Private,81259,HS-grad,8,Never-married,Adm-clerical,Own-child,White,Male,0,0,30,United-States,<=50K
36,Private,113044,HS-grad,1,Married-civ-spouse,Sales,Wife,White,Female,0,0,40,United-States,>50K
30,Federal-gov,153674,HS-grad,9,Married-civ-spouse,Transport-moving,Husband,Other,Male,0,0,40,United-States,>50K
35,Private,98141,Some-college,1,Married-civ-spouse,Handlers-cleaners,Wife,White,Male,961,0,30,United-States,<=50K
30,Local-gov,198660,HS-grad,5,Never-married,Adm-clerical,Unmarried,White,Female,0,,30,United-States,>50K
30,Private,449354,Bachelors,1,Never-married,Prof-specialty,Own-child,White,Male,0,0,30,United-States,<=50K
32,Private,21906,HS-grad,9,Married-civ-spouse,Craft-repair,Husband,White,Male,2407,,30,United-States,<=50K.
33,State-gov,27834,Bachelors,3,Married-civ-spouse,Exec-managerial,Husband,White,Male,0,0,34,United-States,>50K.
34,Private,25139,9th,3,Never-married,Craft-repair,Own-child,White,Male,0,0,30,United-States,<=50K
35,Local-gov,143970,Some-college,10,Divorced,Adm-clerical,Not-in-family,Black,Male,,,30,United-States,<=50K.
34,Self-emp-not-inc,152307,HS-grad,9,Married-civ-spouse,Transport-moving,Husband,White,Male,0,0,35,United-States,>50K
30,Federal-gov,79811,HS-grad,4,Married-civ-spouse,Adm-clerical,Wife,White,Female,168,0,36,United-States,>50K
30,Private,21906,HS-grad,1,Divorced,Craft-repair,Not-in-family,White,Male,0,0,32,United-States,<=50K
36,Private,24712,HS-grad,1,Married-civ-spouse,Craft-repair,Husband,White,Male,0,0,30,United-States,>50K
40,Private,206354,Prof-school,5,Married-civ-spouse,Prof-specialty,Husband,White,Male,0,,34,United-States,>50K.
30,Private,48087,HS-grad,4,Married-civ-spouse,Sales,Husband,White,Male,0,0,45,United-States,>50K.
30,Private,133126,HS-grad,1,Married-civ-spouse,Machine-op-inspct,Wife,Black,Male,168,,30,United-States,<=50K
30,Private,285294,9th,13,Married-civ-spouse,Sales,Wife,Black,Female,0,,30,United-States,>50K
20,Federal-gov,65802,Bachelors,3,Never-married,Adm-clerical,Unmarried,Black,Female,,1590,30,United-States,>50K
30,Private,27834,Assoc-acdm,12,Married-civ-spouse,Prof-specialty,Wife,White,Female,168,0,40,United-States,>50K
37,Private,233681,Bachelors,1,Married-civ-spouse,Prof-specialty,Wife,Black,Female,0,0,36,United-States,>50K
38,Private,90533,Assoc-acdm,12,Married-civ-spouse,Tech-support,Husband,White,Male,1683,,30,United-States,>50K
30,Private,98141,Bachelors,1,Married-civ-spouse,Prof-specialty,Wife,White,Female,0,1980,36,United-States,>50K
30,Local-gov,21906,9th,8,Never-married,Farming-fishing,Unmarried,White,Female,,0,40,India,<=50K.
51,Private,133963,9th,1,Married-spouse-absent,Handlers-cleaners,Not-in-family,White,Male,0,0,34,India,<=50K.
35,Private,107302,HS-grad,9,Married-civ-spouse,Craft-repair,Husband,White,Male,0,0,30,United-States,>50K
30,Private,90533,Some-college,10,Divorced,Sales,Not-in-family,White,Female,0,0,38,Iran,<=50K
30,Private,48413,Preschool,1,Never-married,Adm-clerical,Own-child,Black,Male,0,0,25,United-States,<=50K
32,Private,181165,9th,4,Divorced,Craft-repair,Own-child,White,Male,0,0,30,United-States,>50K
18,Private,234328,9th,1,Never-married,Farming-fishing,Own-child,White,Male,0,0,30,United-States,>50K
30,Private,21906,Bachelors,1,Never-married,Prof-specialty,Not-in-family,White,Female,0,,35,United-States,<=50K
50,Private,96635,Some-college,1,Never-married,Sales,Not-in-family,Asian-Pac-Islander,Male,,0,30,South,>50K
32,Federal-gov,93208,HS-grad,5,Married-civ-spouse,Other-service,Wife,White,Male,7688,0,34,United-States,>50K.
30,Private,21906,Some-college,1,Never-married,Other-service,Not-in-family,White,Female,0,0,34,United-States,<=50K
32,Private,70037,Masters,4,Never-married,Exec-managerial,Not-in-family,White,Female,1286,0,30,United-States,<=50K
41,Self-emp-inc,192290,HS-grad,1,Separated,Exec-managerial,Unmarried,Black,Male,0,0,30,United-States,>50K
21,Private,93208,HS-grad,1,Married-spouse-absent,Adm-clerical,Own-child,White,Female,0,0,30,United-States,<=50K
30,Private,171351,Masters,4,Married-civ-spouse,Prof-specialty,Wife,Asian-Pac-Islander,Female,0,0,34,Hong,>50K
30,Private,186720,HS-grad,4,Married-civ-spouse,Craft-repair,Husband,White,Male,0,0,30,United-States,<=50K
30,Private,198216,HS-grad,2,Divorced,Tech-support,Not-in-family,White,Male,0,0,30,United-States,>50K
38,Private,31606,11th,1,Never-married,Craft-repair,Own-child,White,Male,0,0,30,United-States,>50K
31,Private,83880,HS-grad,1,Married-spouse-absent,Craft-repair,Not-in-family,Black,Male,0,1816,34,United-States,<=50K.
35,Private,48087,HS-grad,3,Married-civ-spouse,Craft-repair,Husband,White,Male,0,0,30,United-States,>50K
37,Private,127003,9th,6,Never-married,Craft-repair,Own-child,Black,Male,0,,34,United-States,<=50K
32,Private,21906,Bachelors,1,Married-civ-spouse,Sales,Husband,White,Male,0,0,36,United-States,>50K
37,Local-gov,321403,HS-grad,4,Married-civ-spouse,Other-service,Wife,White,Female,0,0,30,United-States,<=50K
32,Private,70668,Assoc-voc,1,Never-married,Adm-clerical,Own-child,White,Female,,0,46,United-States,<=50K
30,Private,76860,10th,1,Never-married,Craft-repair,Own-child,White,Male,0,,30,United-States,<=50K
35,Local-gov,43535,Bachelors,3,Married-civ-spouse,Prof-specialty,Husband,White,Male,0,2051,30,United-States,<=50K
30,Private,239284,HS-grad,6,Never-married,Exec-managerial,Not-in-family,White,Male,0,0,36,United-States,>50K
30,Private,99179,Prof-school,1,Married-civ-spouse,Exec-managerial,Husband,White,Male,2174,,50,United-States,<=50K
30,Private,168782,7th-8th,4,Widowed,Craft-repair,Not-in-family,White,Male,0,0,30,United-States,<=50K
39,Private,113182,HS-grad,9,Married-civ-spouse,Machine-op-inspct,Husband,White,Male,0,0,40,United-States,>50K
38,State-gov,152307,Some-college,10,Separated,Exec-managerial,Not-in-family,White,Male,0,0,30,United-States,>50K
34,Self-emp-inc,31606,Some-college,1,Divorced,Sales,Not-in-family,Other,Male,0,0,30,United-States,>50K
34,Private,21906,11th,1,Married-civ-spouse,Craft-repair,Husband,White,Male,0,,40,United-States,>50K
31,Private,47151,11th,1,Never-married,Craft-repair,Own-child,White,Male,0,0,50,United-States,>50K
30,State-gov,198216,HS-grad,1,Never-married,Adm-clerical,Not-in-family,White,Male,0,0,40,United-States,>50K
60,Private,173504,9th,4,Married-civ-spouse,Craft-repair,Husband,White,Male,0,,30,Mexico,>50K
34,Private,48413,Bachelors,3,Divorced,Craft-repair,Unmarried,White,Male,0,0,30,United-States,<=50K
30,Private,206354,HS-grad,9,Married-civ-spouse,Craft-repair,Husband,White,Male,0,0,34,United-States,>50K
32,Private,183802,Some-college,10,Divorced,Machine-op-inspct,Not-in-family,Black,Female,,0,30,United-States,<=50K
30,Local-gov,284086,Masters,4,Married-civ-spouse,Prof-specialty,Husband,White,Male,7688,0,40,United-States,>50K.
30,Private,31606,HS-grad,1,Never-married,Craft-repair,Not-in-family,White,Male,0,0,20,United-States,<=50K.
37,Private,90533,9th,5,Married-civ-spouse,Other-service,Wife,Black,Female,0,0,30,United-States,<=50K.
50,Private,21906,Assoc-voc,1,Married-civ-spouse,Craft-repair,Husband,White,Male,0,0,36,United-States,>50K
60,Private,201965,Some-college,10,Never-married,Prof-specialty,Unmarried,White,Male,0,0,29,United-States,>50K
37,Private,25139,Assoc-acdm,4,Married-civ-spouse,Sales,Husband,White,Male,0,1887,30,United-States,>50K
36,Self-emp-not-inc,24712,Some-college,1,Married-civ-spouse,Craft-repair,Husband,Other,Male,0,0,30,United-States,>50K
33,Private,24712,Bachelors,1,Married-civ-spouse,Prof-specialty,Husband,White,Male,594,0,30,United-States,>50K.
35,Private,53707,HS-grad,1,Married-civ-spouse,Prof-specialty,Husband,White,Male,0,0,30,United-States,>50K
32,Private,173004,HS-grad,1,Never-married,Machine-op-inspct,Other-relative,Black,Male,0,,34,United-States,<=50K
37,Private,130389,9th,3,Separated,Machine-op-inspct,Unmarried,White,Female,0,0,30,Mexico,<=50K
33,Private,27834,Bachelors,1,Never-married,Exec-managerial,Not-in-family,White,Male,116,,30,United-States,<=50K
37,Private,133126,5th-6th,2,Married-civ-spouse,Craft-repair,Husband,White,Male,0,,32,Italy,<=50K
32,Private,35032,HS-grad,9,Never-married,Sales,Own-child,White,Female,0,0,40,United-States,<=50K
38,Self-emp-inc,25139,11th,1,Never-married,Sales,Own-child,White,Male,0,0,30,United-States,<=50K
27,Self-emp-not-inc,133126,Some-college,14,Married-civ-spouse,Exec-managerial,Husband,Other,Male,0,0,40,United-States,>50K
30,Federal-gov,27834,Assoc-voc,11,Married-civ-spouse,Adm-clerical,Husband,White,Male,2174,0,34,United-States,>50K
30,Private,183610,Assoc-voc,1,Divorced,Tech-support,Not-in-family,White,Male,0,0,34,United-States,<=50K
39,Private,35945,Bachelors,13,Married-civ-spouse,Tech-support,Husband,White,Male,0,,36,United-States,>50K
35,Local-gov,82049,Assoc-acdm,1,Never-married,Adm-clerical,Not-in-family,Other,Female,,1980,42,United-States,<=50K
20,State-gov,145175,Some-college,1,Never-married,Other-service,Own-child,White,Male,0,0,30,United-States,<=50K
36,Self-emp-not-inc,35945,7th-8th,1,Married-civ-spouse,Machine-op-inspct,Husband,White,Male,594,0,34,United-States,>50K
30,Self-emp-inc,48087,9th,1,Married-civ-spouse,Craft-repair,Husband,White,Male,0,,34,United-States,<=50K
30,Private,48413,Some-college,10,Never-married,Craft-repair,Not-in-family,White,Male,0,,30,United-States,<=50K
39,Private,239284,HS-grad,9,Divorced,Adm-clerical,Not-in-family,Other,Male,0,0,34,United-States,>50K
32,Private,35945,Assoc-acdm,12,Married-civ-spouse,Sales,Not-in-family,White,Female,,0,35,United-States,>50K
30,Private,104164,HS-grad,9,Never-married,Machine-op-inspct,Not-in-family,Black,Male,0,0,40,United-States,<=50K
36,Private,24712,Bachelors,3,Married-civ-spouse,Adm-clerical,Wife,Asian-Pac-Islander,Female,168,0,30,Philippines,<=50K
30,Private,25139,9th,1,Married-civ-spouse,Transport-moving,Husband,White,Male,168,0,30,United-States,>50K
32,Private,171351,Masters,1,Never-married,Exec-managerial,Not-in-family,White,Female,1286,0,35,United-States,<=50K
28,Private,183802,HS-grad,4,Married-civ-spouse,Transport-moving,Husband,White,Male,0,0,34,United-States,<=50K
34,Private,70668,10th,1,Never-married,Priv-house-serv,Other-relative,White,Female,,,30,United-States,>50K
30,Private,31606,HS-grad,4,Married-civ-spouse,Transport-moving,Husband,White,Male,0,0,30,United-States,<=50K
30,Private,186720,HS-grad,9,Married-civ-spouse,Craft-repair,Wife,White,Male,168,0,60,United-States,<=50K
30,Private,21906,Assoc-acdm,1,Divorced,Adm-clerical,Not-in-family,White,Female,376,0,40,United-States,<=50K.
19,Private,76860,HS-grad,1,Never-married,Tech-support,Not-in-family,White,Male,0,,40,United-States,>50K.
38,Private,21906,Assoc-acdm,2,Married-civ-spouse,Tech-support,Husband,White,Male,0,,34,United-States,>50K
30,Private,171351,Assoc-voc,1,Married-civ-spouse,Craft-repair,Husband,Black,Male,0,0,30,United-States,>50K
34,Federal-gov,53707,Assoc-acdm,4,Married-civ-spouse,Prof-specialty,Wife,Black,Female,0,0,30,United-States,<=50K
29,Private,786418,HS-grad,1,Never-married,Other-service,Not-in-family,White,Female,0,0,39,United-States,<=50K
30,Private,278254,HS-grad,1,Widowed,Exec-managerial,Not-in-family,Black,Male,0,0,40,United-States,<=50K
34,Private,133963,HS-grad,5,Divorced,Other-service,Not-in-family,White,Female,0,,36,United-States,>50K
30,Private,25139,Masters,14,Never-married,Sales,Not-in-family,White,Female,7688,0,36,United-States,>50K
40,Private,99179,HS-grad,1,Divorced,Craft-repair,Unmarried,Black,Male,2174,0,40,United-States,>50K.
50,Private,70037,Assoc-acdm,1,Divorced,Adm-clerical,Not-in-family,White,Male,0,1876,36,United-States,>50K
39,Private,178449,HS-grad,10,Married-civ-spouse,Craft-repair,Husband,White,Male,0,0,30,United-States,<=50K
53,Private,173504,Masters,1,Divorced,Exec-managerial,Unmarried,White,Female,0,0,50,United-States,>50K
20,Local-gov,90533,HS-grad,4,Married-civ-spouse,Craft-repair,Husband,White,Male,168,0,35,United-States,<=50K
30,Self-emp-inc,21906,Some-college,10,Married-civ-spouse,Sales,Husband,White,Male,168,0,30,United-States,>50K
36,Private,239284,HS-grad,4,Never-married,Craft-repair,Not-in-family,White,Male,0,0,30,United-States,<=50K
30,Private,70037,HS-grad,1,Never-married,Adm-clerical,Own-child,Asian-Pac-Islander,Male,0,0,30,United-States,<=50K.
34,Private,35945,HS-grad,9,Separated,Machine-op-inspct,Unmarried,White,Female,0,2238,40,United-States,>50K
29,Self-emp-not-inc,31606,HS-grad,5,Never-married,Transport-moving,Husband,White,Male,2174,0,30,United-States,>50K
36,Private,21906,HS-grad,1,Married-civ-spouse,Adm-clerical,Wife,White,Female,168,0,30,United-States,>50K
60,Private,234738,Bachelors,1,Married-civ-spouse,Exec-managerial,Husband,White,Male,0,,30,Germany,>50K
35,Private,133963,Some-college,3,Married-civ-spouse,Exec-managerial,Husband,White,Male,116,1672,30,United-States,<=50K
31,Private,27834,HS-grad,4,Married-civ-spouse,Handlers-cleaners,Husband,Other,Male,0,0,30,United-States,<=50K.
36,Self-emp-inc,24712,Bachelors,13,Married-civ-spouse,Sales,Husband,White,Male,0,0,50,United-States,>50K
44,Private,138077,Bachelors,13,Divorced,Adm-clerical,Unmarried,White,Male,,,30,United-States,<=50K
34,Self-emp-inc,25139,Some-college,1,Married-civ-spouse,Craft-repair,Husband,White,Male,0,0,70,United-States,>50K
60,Private,569761,HS-grad,4,Married-civ-spouse,Craft-repair,Husband,White,Male,0,0,34,United-States,>50K
30,Private,25139,HS-grad,9,Married-civ-spouse,Adm-clerical,Wife,White,Female,0,,30,United-States,<=50K
34,Private,25139,Bachelors,13,Married-spouse-absent,Other-service,Not-in-family,Other,Male,,0,40,Mexico,>50K
37,Private,117618,9th,2,Never-married,Sales,Own-child,White,Female,,0,30,United-States,<=50K.
30,Private,82049,Bachelors,13,Married-civ-spouse,Other-service,Husband,White,Male,442,0,30,United-States,>50K.
50,Private,207611,HS-grad,1,Divorced,Adm-clerical,Not-in-family,Other,Female,0,0,30,United-States,>50K.
30,Private,48413,HS-grad,7,Married-civ-spouse,Sales,Husband,White,Male,0,,60,United-States,<=50K
30,Self-emp-inc,21906,HS-grad,4,Married-civ-spouse,Craft-repair,Husband,White,Male,0,1977,30,United-States,>50K
30,Private,93208,Masters,1,Never-married,Prof-specialty,Not-in-family,White,Male,2597,0,34,United-States,<=50K.
50,Self-emp-inc,380560,Bachelors,4,Married-civ-spouse,Exec-managerial,Husband,Asian-Pac-Islander,Male,7688,0,30,United-States,>50K
33,Private,113182,HS-grad,1,Never-married,Machine-op-inspct,Own-child,White,Male,0,0,34,United-States,<=50K
30,Private,27834,HS-grad,1,Married-spouse-absent,Craft-repair,Unmarried,White,Male,0,0,30,Mexico,<=50K
24,State-gov,215797,Bachelors,1,Never-married,Tech-support,Not-in-family,White,Female,0,0,30,United-States,<=50K
34,Private,76860,Bachelors,1,Married-civ-spouse,Exec-managerial,Husband,White,Male,0,,30,United-States,<=50K
34,Private,99179,Masters,4,Widowed,Exec-managerial,Not-in-family,White,Female,0,0,50,United-States,>50K
61,Private,27834,HS-grad,9,Divorced,Other-service,Other-relative,White,Female,0,,30,United-States,>50K
30,Private,117618,Bachelors,1,Married-civ-spouse,Exec-managerial,Husband,White,Male,0,,50,United-States,>50K.
23,Private,48087,9th,7,Never-married,Exec-managerial,Own-child,Black,Male,0,0,30,United-States,<=50K
30,Private,21906,Some-college,10,Married-civ-spouse,Transport-moving,Husband,White,Male,0,0,30,United-States,>50K
31,Private,151888,HS-grad,1,Never-married,Adm-clerical,Own-child,White,Female,0,0,30,United-States,<=50K
30,Private,205343,11th,1,Widowed,Adm-clerical,Unmarried,White,Female,0,0,30,United-States,<=50K
34,Private,24712,HS-grad,1,Never-married,Adm-clerical,Not-in-family,White,Female,0,0,40,United-States,<=50K
24,Private,98141,HS-grad,9,Never-married,Exec-managerial,Own-child,White,Female,0,0,30,United-States,>50K
30,Private,394860,HS-grad,1,Married-civ-spouse,Exec-managerial,Wife,White,Female,0,0,20,United-States,>50K
38,Private,98141,Assoc-voc,1,Never-married,Exec-managerial,Other-relative,Asian-Pac-Islander,Female,0,0,30,United-States,<=50K
32,Private,660870,Bachelors,13,Never-married,Prof-specialty,Not-in-family,White,Female,,0,30,United-States,<=50K.
18,Private,48413,Some-college,1,Never-married,Other-service,Own-child,White,Female,0,0,29,United-States,<=50K
38,Private,21906,HS-grad,9,Separated,Adm-clerical,Unmarried,White,Female,0,0,30,United-States,>50K
30,Private,35945,Assoc-voc,1,Never-married,Transport-moving,Own-child,White,Male,,0,70,United-States,<=50K
30,Private,190273,HS-grad,9,Never-married,Other-service,Unmarried,White,Male,7688,,35,United-States,<=50K
46,Private,24712,Assoc-voc,1,Never-married,Transport-moving,Not-in-family,Other,Male,0,0,50,United-States,<=50K
40,State-gov,173944,HS-grad,9,Never-married,Transport-moving,Not-in-family,White,Female,,0,30,United-States,>50K
36,Local-gov,217414,Some-college,4,Divorced,Protective-serv,Unmarried,White,Male,0,0,30,United-States,<=50K
35,Private,107164,Some-college,1,Married-civ-spouse,Exec-managerial,Husband,White,Male,0,0,30,United-States,>50K.
36,Private,265628,HS-grad,5,Never-married,Craft-repair,Not-in-family,White,Male,0,0,30,United-States,<=50K.
34,Private,173944,Bachelors,3,Married-civ-spouse,Prof-specialty,Husband,White,Male,0,0,50,United-States,>50K
30,Private,24712,HS-grad,1,Divorced,Exec-managerial,Unmarried,Black,Female,0,0,40,United-States,<=50K
33,Private,21906,5th-6th,1,Married-civ-spouse,Machine-op-inspct,Husband,White,Male,0,0,40,Mexico,>50K
48,Private,440706,7th-8th,4,Married-civ-spouse,Machine-op-inspct,Husband,White,Male,174,0,34,United-States,>50K
30,Private,98141,Bachelors,4,Married-civ-spouse,Sales,Husband,White,Male,0,0,40,United-States,>50K
22,Private,91732,9th,1,Married-spouse-absent,Other-service,Unmarried,Black,Female,0,0,50,United-States,>50K
27,Private,35945,HS-grad,1,Married-civ-spouse,Adm-clerical,Husband,White,Male,0,0,30,United-States,<=50K
30,Private,21906,Masters,1,Married-civ-spouse,Other-service,Husband,White,Male,0,0,40,United-States,<=50K
36,Private,47151,HS-grad,1,Never-married,Machine-op-inspct,Other-relative,White,Male,0,0,30,United-States,<=50K
30,Private,27834,9th,4,Never-married,Craft-repair,Own-child,White,Male,0,0,30,United-States,<=50K
34,Local-gov,215797,Masters,14,Married-civ-spouse,Adm-clerical,Husband,White,Male,0,,40,Cuba,>50K
30,Self-emp-not-inc,171968,Bachelors,13,Widowed,Exec-managerial,Unmarried,Asian-Pac-Islander,Female,0,0,60,Thailand,>50K
38,State-gov,186720,Some-college,1,Divorced,Adm-clerical,Unmarried,White,Female,0,0,30,United-States,<=50K.
20,Private,212793,Some-college,10,Never-married,Craft-repair,Own-child,White,Male,376,0,35,United-States,<=50K
17,Private,76860,9th,1,Never-married,Other-service,Unmarried,White,Male,0,0,20,United-States,<=50K
30,Private,21906,HS-grad,1,Divorced,Machine-op-inspct,Unmarried,White,Male,0,0,35,United-States,>50K
30,Private,70668,9th,1,Never-married,Prof-specialty,Unmarried,White,Female,0,0,32,United-States,>50K.
35,Private,82699,Prof-school,1,Divorced,Prof-specialty,Not-in-family,Black,Male,3942,0,30,United-States,>50K.
30,Private,70037,Doctorate,16,Never-married,Prof-specialty,Not-in-family,White,Male,0,0,30,United-States,>50K
27,Private,380560,HS-grad,1,Never-married,Farming-fishing,Other-relative,White,Male,0,0,30,Mexico,<=50K
38,Private,99179,HS-grad,1,Married-civ-spouse,Machine-op-inspct,Wife,White,Female,961,0,30,United-States,>50K
33,Private,24712,Some-college,1,Never-married,Other-service,Unmarried,White,Female,0,0,32,United-States,<=50K
30,Private,21906,Some-college,4,Never-married,Other-service,Own-child,White,Female,0,0,40,United-States,<=50K
32,Private,27834,7th-8th,4,Married-civ-spouse,Machine-op-inspct,Husband,White,Male,168,0,30,United-States,<=50K
30,Federal-gov,86723,Assoc-acdm,12,Married-civ-spouse,Exec-managerial,Husband,White,Male,0,0,40,United-States,>50K
30,Private,81259,Assoc-acdm,2,Divorced,Prof-specialty,Unmarried,White,Female,,0,46,United-States,>50K
30,Private,21906,HS-grad,1,Separated,Transport-moving,Unmarried,Black,Female,0,0,30,United-States,>50K
34,Private,21906,HS-grad,1,Divorced,Other-service,Unmarried,White,Female,0,0,40,United-States,>50K
37,Self-emp-not-inc,173944,HS-grad,1,Never-married,Other-service,Not-in-family,White,Male,0,0,30,United-States,<=50K
30,Private,82699,Assoc-acdm,1,Married-civ-spouse,Sales,Husband,White,Male,0,0,37,United-States,<=50K
51,Self-emp-not-inc,24712,Bachelors,8,Married-civ-spouse,Prof-specialty,Husband,White,Male,0,1672,30,United-States,<=50K
23,Private,48087,Bachelors,1,Never-married,Tech-support,Own-child,White,Female,0,0,29,United-States,>50K.
30,Private,35945,HS-grad,1,Never-married,Exec-managerial,Own-child,White,Female,116,0,30,United-States,<=50K
30,State-gov,239256,Some-college,1,Married-civ-spouse,Adm-clerical,Husband,White,Male,0,0,40,United-States,<=50K.
40,Private,278254,Bachelors,13,Married-civ-spouse,Prof-specialty,Husband,White,Male,0,0,34,United-States,<=50K.
34,Private,82049,HS-grad,1,Never-married,Handlers-cleaners,Own-child,White,Male,0,0,30,United-States,<=50K
28,Private,178449,Some-college,8,Never-married,Adm-clerical,Own-child,White,Male,0,0,30,United-States,<=50K
32,Private,178449,HS-grad,1,Married-civ-spouse,Craft-repair,Not-in-family,White,Male,0,0,30,United-States,<=50K.
34,Private,21906,HS-grad,9,Never-married,Tech-support,Not-in-family,White,Male,0,0,40,United-States,>50K
45,Self-emp-not-inc,215797,HS-grad,4,Married-civ-spouse,Exec-managerial,Husband,Asian-Pac-Islander,Male,0,,45,China,<=50K
41,Local-gov,24712,HS-grad,1,Married-civ-spouse,Protective-serv,Husband,Other,Male,0,,40,United-States,<=50K
38,Private,21906,9th,5,Married-spouse-absent,Exec-managerial,Not-in-family,White,Male,0,0,54,Mexico,<=50K
40,Private,82699,Some-college,8,Married-civ-spouse,Sales,Wife,Black,Female,0,0,40,Puerto-Rico,>50K
30,Private,83880,Some-college,1,Never-married,Adm-clerical,Not-in-family,White,Female,0,0,40,United-States,<=50K.
30,State-gov,21906,HS-grad,3,Married-civ-spouse,Prof-specialty,Wife,White,Male,168,0,52,United-States,<=50K
30,Private,104889,HS-grad,1,Separated,Handlers-cleaners,Unmarried,Black,Female,0,0,45,United-States,<=50K
22,Private,210452,Some-college,1,Never-married,Adm-clerical,Own-child,White,Female,0,0,30,United-States,<=50K.
32,Private,86723,HS-grad,1,Never-married,Other-service,Not-in-family,White,Male,594,0,30,United-States,>50K
30,Private,48087,HS-grad,9,Married-civ-spouse,Machine-op-inspct,Husband,White,Male,0,0,40,United-States,<=50K
41,Private,113182,HS-grad,4,Married-civ-spouse,Sales,Wife,Other,Female,0,,35,United-States,<=50K
48,Local-gov,115289,10th,1,Married-civ-spouse,Transport-moving,Husband,White,Male,174,0,40,United-States,<=50K.
30,Private,173504,Some-college,1,Widowed,Adm-clerical,Not-in-family,White,Female,0,0,40,United-States,<=50K
20,Self-emp-not-inc,76860,HS-grad,1,Never-married,Craft-repair,Own-child,Other,Male,0,,35,United-States,<=50K
34,Private,239256,Assoc-voc,1,Married-civ-spouse,Adm-clerical,Husband,White,Male,0,0,40,United-States,<=50K
27,Private,107164,HS-grad,2,Never-married,Craft-repair,Own-child,White,Male,0,,32,United-States,<=50K
34,Private,156745,Bachelors,13,Divorced,Other-service,Unmarried,Asian-Pac-Islander,Female,0,0,40,Vietnam,<=50K.
30,Self-emp-not-inc,21906,HS-grad,4,Married-civ-spouse,Exec-managerial,Husband,White,Male,0,,37,United-States,<=50K.
29,Private,133963,HS-grad,1,Never-married,Craft-repair,Unmarried,White,Male,0,0,35,United-States,<=50K
31,Private,86723,Bachelors,4,Married-civ-spouse,Craft-repair,Husband,White,Male,0,0,34,United-States,>50K
37,Federal-gov,173004,Some-college,1,Married-civ-spouse,Craft-repair,Husband,Black,Male,4320,0,34,United-States,<=50K
34,Private,115289,HS-grad,5,Married-civ-spouse,Exec-managerial,Wife,White,Female,12144,0,40,United-States,>50K
30,Private,25139,9th,5,Married-civ-spouse,Craft-repair,Husband,Other,Male,,0,30,Mexico,<=50K
35,Private,98141,Some-college,1,Never-married,Adm-clerical,Other-relative,White,Female,,,20,United-States,<=50K
40,Private,234328,Bachelors,3,Divorced,Sales,Not-in-family,White,Male,0,,34,United-States,<=50K
35,Private,27834,HS-grad,3,Married-civ-spouse,Machine-op-inspct,Husband,White,Male,0,0,30,United-States,<=50K.
31,Private,48413,HS-grad,1,Married-civ-spouse,Prof-specialty,Own-child,White,Male,0,0,40,Mexico,>50K
31,Private,173004,HS-grad,9,Never-married,Adm-clerical,Own-child,White,Female,0,,30,United-States,<=50K
31,Private,24712,Assoc-voc,11,Married-civ-spouse,Handlers-cleaners,Husband,White,Male,0,0,34,United-States,<=50K
20,Private,243190,9th,4,Never-married,Craft-repair,Own-child,Asian-Pac-Islander,Male,0,0,20,China,<=50K
32,Federal-gov,27834,Assoc-voc,7,Never-married,Craft-repair,Other-relative,Asian-Pac-Islander,Male,0,0,34,United-States,<=50K
35,Private,27834,Bachelors,1,Never-married,Tech-support,Own-child,White,Female,0,0,40,United-States,<=50K
30,Private,171351,HS-grad,1,Married-civ-spouse,Exec-managerial,Husband,White,Male,7688,0,36,United-States,>50K
37,Private,48087,HS-grad,4,Married-civ-spouse,Transport-moving,Husband,White,Male,0,0,30,United-States,<=50K.
30,Self-emp-not-inc,47151,HS-grad,1,Married-civ-spouse,Craft-repair,Husband,White,Male,99999,0,50,United-States,>50K
34,Private,198660,HS-grad,5,Married-civ-spouse,Machine-op-inspct,Husband,White,Male,99999,0,35,United-States,>50K
32,Self-emp-not-inc,99374,HS-grad,9,Married-civ-spouse,Craft-repair,Husband,White,Male,0,0,50,United-States,<=50K
30,Private,178449,HS-grad,4,Divorced,Machine-op-inspct,Not-in-family,Black,Female,0,0,30,United-States,>50K
35,Private,145175,Assoc-acdm,4,Married-civ-spouse,Other-service,Wife,White,Female,168,0,34,United-States,<=50K
30,Private,192290,Some-college,10,Married-civ-spouse,Sales,Husband,Other,Male,0,0,34,United-States,<=50K
33,Private,27834,HS-grad,1,Never-married,Other-service,Other-relative,White,Male,3818,,35,Mexico,<=50K
42,Local-gov,98141,Bachelors,3,Divorced,Prof-specialty,Unmarried,White,Female,0,0,30,United-States,<=50K
44,Private,239256,Some-college,1,Married-civ-spouse,Craft-repair,Husband,White,Male,0,0,30,United-States,>50K
37,Local-gov,117618,HS-grad,1,Married-civ-spouse,Protective-serv,Husband,White,Male,174,0,34,United-States,<=50K
30,Private,70919,Doctorate,1,Never-married,Prof-specialty,Not-in-family,White,Male,0,0,40,Taiwan,>50K
30,Private,86723,Masters,14,Married-civ-spouse,Exec-managerial,Husband,White,Male,0,0,38,United-States,<=50K.
32,Private,275605,HS-grad,5,Never-married,Sales,Not-in-family,White,Male,376,0,26,United-States,<=50K.
30,Private,233681,HS-grad,1,Never-married,Other-service,Own-child,White,Male,0,0,34,Peru,<=50K.
31,Private,156745,Bachelors,13,Never-married,Prof-specialty,Own-child,Asian-Pac-Islander,Male,0,0,30,Philippines,<=50K
30,Private,25139,HS-grad,5,Married-civ-spouse,Craft-repair,Husband,White,Male,0,0,30,United-States,>50K.
37,Private,82699,Bachelors,1,Married-civ-spouse,Exec-managerial,Husband,White,Male,0,0,32,United-States,<=50K
39,Private,173944,HS-grad,4,Married-civ-spouse,Sales,Husband,Asian-Pac-Islander,Male,0,0,30,United-States,<=50K
30,Private,98141,HS-grad,6,Married-civ-spouse,Craft-repair,Husband,White,Male,0,0,30,United-States,>50K.
30,Private,173504,HS-grad,9,Married-civ-spouse,Craft-repair,Husband,White,Male,0,0,34,United-States,<=50K.
30,Private,27834,HS-grad,4,Widowed,Adm-clerical,Not-in-family,White,Female,2174,,40,England,<=50K
59,Private,70037,10th,1,Married-civ-spouse,Exec-managerial,Husband,White,Male,0,0,30,United-States,<=50K
30,Private,98141,Some-college,8,Never-married,Adm-clerical,Not-in-family,White,Female,0,,34,United-States,<=50K
40,Private,133963,9th,1,Separated,Craft-repair,Unmarried,Black,Female,0,0,33,United-States,>50K
30,Self-emp-not-inc,98141,Some-college,4,Married-civ-spouse,Exec-managerial,Husband,White,Male,0,0,60,United-States,<=50K
36,Private,84774,Some-college,1,Married-civ-spouse,Handlers-cleaners,Husband,White,Male,0,0,30,United-States,>50K
30,Local-gov,43535,Some-college,1,Married-civ-spouse,Protective-serv,Husband,Other,Male,0,0,30,United-States,<=50K.
38,Private,396745,Some-college,10,Never-married,Craft-repair,Own-child,White,Male,0,0,35,United-States,<=50K.
40,Private,115289,HS-grad,1,Married-civ-spouse,Craft-repair,Husband,White,Male,,0,30,United-States,>50K
31,Private,156745,HS-grad,9,Never-married,Craft-repair,Own-child,White,Male,0,0,30,United-States,>50K
30,Private,65802,Preschool,1,Never-married,Farming-fishing,Not-in-family,Black,Male,,0,30,Mexico,>50K
34,Federal-gov,173504,HS-grad,9,Married-civ-spouse,Adm-clerical,Wife,Black,Male,0,0,40,United-States,<=50K
30,Private,394860,HS-grad,9,Married-civ-spouse,Other-service,Husband,White,Male,0,,40,United-States,<=50K
30,Private,27834,HS-grad,1,Divorced,Craft-repair,Own-child,White,Female,0,0,42,United-States,>50K
37,Private,113182,HS-grad,4,Never-married,Adm-clerical,Not-in-family,White,Male,0,0,30,United-States,>50K
30,Self-emp-not-inc,183610,HS-grad,4,Married-civ-spouse,Farming-fishing,Husband,Asian-Pac-Islander,Male,0,0,35,United-States,<=50K.
38,Private,186720,Bachelors,1,Married-civ-spouse,Exec-managerial,Husband,White,Male,0,,55,United-States,>50K
22,Private,321403,Bachelors,1,Married-civ-spouse,Prof-specialty,Husband,White,Male,0,0,40,United-States,>50K
27,Private,207611,HS-grad,1,Never-married,Adm-clerical,Own-child,White,Female,,,30,United-States,<=50K.
30,Private,123991,HS-grad,1,Divorced,Other-service,Own-child,White,Female,0,0,34,United-States,<=50K.
20,Local-gov,151888,HS-grad,1,Married-civ-spouse,Craft-repair,Husband,White,Male,0,0,30,United-States,<=50K
35,Private,31606,HS-grad,4,Separated,Other-service,Own-child,Black,Female,0,0,30,United-States,<=50K
30,Federal-gov,786418,HS-grad,9,Married-civ-spouse,Transport-moving,Husband,Black,Male,0,0,46,United-States,<=50K
38,Private,48413,Assoc-acdm,12,Divorced,Adm-clerical,Unmarried,White,Female,0,0,34,United-States,<=50K
30,Private,343591,Masters,1,Never-married,Sales,Own-child,White,Female,0,,34,United-States,<=50K.
30,Private,99179,HS-grad,1,Separated,Machine-op-inspct,Unmarried,Black,Female,0,0,30,United-States,<=50K
30,Local-gov,76860,HS-grad,1,Married-civ-spouse,Craft-repair,Husband,White,Male,168,0,30,United-States,<=50K
30,Private,98141,1st-4th,2,Married-civ-spouse,Handlers-cleaners,Husband,White,Male,0,0,30,Italy,<=50K
40,Self-emp-not-inc,84774,Bachelors,4,Married-civ-spouse,Sales,Husband,White,Male,0,0,37,United-States,>50K
34,Self-emp-not-inc,31606,Bachelors,1,Married-civ-spouse,Prof-specialty,Other-relative,White,Male,,0,30,United-States,>50K.
31,Self-emp-not-inc,93208,HS-grad,7,Married-civ-spouse,Sales,Not-in-family,White,Male,0,0,34,Vietnam,<=50K.
30,Local-gov,212793,Bachelors,3,Never-married,Prof-specialty,Not-in-family,White,Female,0,0,34,United-States,>50K
30,Private,47151,HS-grad,3,Never-married,Other-service,Not-in-family,White,Male,376,0,30,United-States,>50K
30,Private,81259,HS-grad,1,Married-civ-spouse,Machine-op-inspct,Husband,White,Male,0,2002,30,United-States,<=50K.
39,Private,171351,HS-grad,1,Never-married,Tech-support,Not-in-family,White,Male,0,0,32,England,>50K
34,Private,225860,HS-grad,1,Divorced,Exec-managerial,Unmarried,White,Male,1847,,38,United-States,<=50K
30,Private,382499,HS-grad,5,Widowed,Adm-clerical,Not-in-family,White,Female,0,0,30,United-States,<=50K
30,Private,184105,HS-grad,1,Married-civ-spouse,Handlers-cleaners,Husband,White,Male,0,0,30,United-States,>50K
30,Self-emp-not-inc,321403,HS-grad,9,Widowed,Craft-repair,Other-relative,Black,Male,0,,45,United-States,>50K.
37,Private,21906,Assoc-acdm,1,Married-civ-spouse,Craft-repair,Husband,White,Male,0,0,30,United-States,>50K
30,Private,99179,HS-grad,4,Divorced,Other-service,Not-in-family,White,Female,,,30,United-States,<=50K
32,Local-gov,27834,Bachelors,13,Divorced,Prof-specialty,Not-in-family,White,Female,0,,34,United-States,>50K.
31,Local-gov,82049,HS-grad,10,Never-married,Adm-clerical,Own-child,Black,Female,,,40,United-States,<=50K
47,Private,21906,Assoc-acdm,4,Married-civ-spouse,Adm-clerical,Wife,White,Female,0,0,40,Italy,>50K
30,Self-emp-not-inc,35945,HS-grad,1,Never-married,Craft-repair,Unmarried,Amer-Indian-Eskimo,Male,0,0,34,United-States,<=50K
18,Private,21906,9th,1,Never-married,Other-service,Own-child,White,Male,0,,21,United-States,<=50K
35,Private,207611,HS-grad,9,Married-civ-spouse,Craft-repair,Husband,White,Male,0,1887,30,United-States,>50K
37,Private,21906,Some-college,10,Never-married,Prof-specialty,Not-in-family,White,Male,,0,42,United-States,<=50K
30,Local-gov,25139,Some-college,4,Never-married,Adm-clerical,Own-child,White,Female,0,0,35,United-States,>50K.
30,Private,48087,10th,4,Married-civ-spouse,Craft-repair,Husband,White,Male,0,,30,United-States,<=50K
30,Private,201965,Bachelors,3,Married-civ-spouse,Transport-moving,Husband,White,Male,0,0,50,United-States,>50K
23,Private,153674,HS-grad,1,Never-married,Handlers-cleaners,Own-child,White,Male,0,0,50,United-States,>50K
30,Private,35945,Some-college,1,Married-civ-spouse,Craft-repair,Husband,White,Male,0,0,30,United-States,>50K.
31,Self-emp-inc,98141,Bachelors,3,Never-married,Handlers-cleaners,Own-child,White,Male,0,0,26,United-States,<=50K
30,Private,159075,HS-grad,5,Never-married,Craft-repair,Not-in-family,White,Male,0,0,34,United-States,<=50K.
40,Private,81259,Masters,4,Married-civ-spouse,Prof-specialty,Husband,White,Male,0,0,36,United-States,>50K
50,Private,76860,Some-college,1,Married-civ-spouse,Sales,Husband,White,Male,0,0,30,United-States,>50K
30,State-gov,82049,Some-college,1,Married-spouse-absent,Farming-fishing,Own-child,White,Male,0,0,30,United-States,<=50K
35,Self-emp-not-inc,47151,HS-grad,4,Divorced,Farming-fishing,Not-in-family,White,Male,0,,34,United-States,<=50K
20,Private,25139,9th,1,Married-civ-spouse,Machine-op-inspct,Husband,White,Male,168,0,30,United-States,<=50K
37,Self-emp-not-inc,24712,HS-grad,1,Married-civ-spouse,Other-service,Wife,White,Female,174,0,34,United-States,<=50K.
35,Private,70668,HS-grad,1,Married-civ-spouse,Craft-repair,Husband,White,Male,0,0,30,United-States,<=50K
30,Local-gov,21906,HS-grad,1,Never-married,Other-service,Unmarried,White,Female,0,0,30,United-States,<=50K
42,Private,107302,HS-grad,1,Married-civ-spouse,Exec-managerial,Husband,White,Male,0,0,50,United-States,>50K.
30,Federal-gov,21906,Bachelors,1,Married-civ-spouse,Prof-specialty,Husband,White,Male,0,0,30,United-States,>50K
20,Private,35945,Doctorate,1,Never-married,Adm-clerical,Own-child,White,Male,0,0,30,United-States,<=50K
46,Local-gov,173504,Masters,1,Married-civ-spouse,Adm-clerical,Husband,White,Male,0,0,30,United-States,<=50K
38,Private,173504,Masters,4,Married-civ-spouse,Tech-support,Husband,White,Male,0,0,36,United-States,>50K
30,Private,76860,HS-grad,9,Married-civ-spouse,Prof-specialty,Unmarried,White,Female,0,0,50,United-States,>50K
17,Private,206354,9th,8,Never-married,Other-service,Own-child,White,Female,,0,29,United-States,>50K.
30,Private,48413,Bachelors,1,Never-married,Adm-clerical,Not-in-family,White,Female,0,0,50,United-States,<=50K
39,Private,171351,HS-grad,1,Never-married,Craft-repair,Own-child,White,Male,0,0,30,United-States,<=50K
30,Self-emp-not-inc,225860,Some-college,1,Married-civ-spouse,Machine-op-inspct,Husband,White,Male,114,0,40,United-States,>50K
30,Private,35032,10th,1,Never-married,Other-service,Own-child,White,Male,376,0,30,United-States,<=50K
30,Private,186720,Prof-school,15,Married-civ-spouse,Prof-specialty,Husband,Black,Male,0,2415,30,United-States,>50K
30,Private,48413,HS-grad,4,Never-married,Adm-clerical,Not-in-family,Black,Female,0,0,30,United-States,<=50K.
30,Private,210452,HS-grad,4,Married-civ-spouse,Craft-repair,Husband,White,Male,0,0,34,United-States,>50K
32,Private,25139,Some-college,3,Married-civ-spouse,Sales,Husband,White,Male,168,0,30,United-States,>50K
35,Private,76860,HS-grad,1,Married-civ-spouse,Other-service,Other-relative,Asian-Pac-Islander,Male,0,0,34,Philippines,<=50K
30,Private,115289,Assoc-acdm,12,Married-civ-spouse,Tech-support,Husband,White,Male,0,,30,France,>50K
41,Private,21906,Masters,1,Married-civ-spouse,Sales,Husband,White,Male,0,0,39,United-States,<=50K.
34,Private,27834,Some-college,4,Divorced,Adm-clerical,Not-in-family,White,Male,114,0,30,United-States,>50K.
30,Local-gov,70037,Some-college,1,Divorced,Prof-specialty,Not-in-family,White,Female,0,1876,30,United-States,>50K
34,Private,569761,Assoc-voc,1,Married-civ-spouse,Handlers-cleaners,Husband,Black,Male,0,,30,United-States,<=50K
35,Private,284086,Bachelors,4,Married-civ-spouse,Exec-managerial,Husband,White,Male,0,0,36,United-States,>50K
30,Private,440706,HS-grad,4,Married-civ-spouse,Handlers-cleaners,Husband,White,Male,0,0,52,United-States,>50K.
