age,workclass,fnlwgt,education,education-num,marital-status,occupation,relationship,race,sex,capital-gain,capital-loss,hours-per-week,native-country,income
25,Private,33000,Some-college,10,Never-married,Other-service,Not-in-family,White,Female,0,0,40,United-States,<=50K
04,Private,98270,Assoc-acdm,12,Never-married,Prof-specialty,Not-in-family,White,Male,0,0,40,United-States,<=50K
25,Private,11248,Some-college,10,Never-married,Sales,Not-in-family,Asian-Pac-Islander,Male,0,0,40,Vietnam,<=50K
30,Private,149994,Bachelors,13,Married-civ-spouse,Tech-support,Husband,White,Male,0,0,40,United-States,>50K
38,Private,161000,Doctorate,16,Married-civ-spouse,Prof-specialty,Husband,Asian-Pac-Islander,Male,0,0,40,China,>50K
29,Private,54116,Some-college,10,Married-civ-spouse,Craft-repair,Husband,White,Male,0,0,40,United-States,>50K
08,Private,186720,Some-college,10,Never-married,Other-service,Own-child,White,Female,0,0,50,United-States,<=50K
19,Private,286000,Some-college,13,Never-married,Adm-clerical,Own-child,White,Female,594,0,40,United-States,<=50K
22,Private,46064,HS-grad,9,Never-married,Handlers-cleaners,Own-child,White,Male,0,0,40,United-States,<=50K
56,Private,50000,HS-grad,9,Widowed,Adm-clerical,Unmarried,Asian-Pac-Islander,Female,0,0,40,United-States,<=50K
38,Private,289653,Bachelors,13,Never-married,Other-service,Unmarried,White,Male,0,0,40,United-States,>50K
04,Private,31542,5th-6th,6,Married-civ-spouse,Transport-moving,Husband,White,Male,0,0,40,United-States,<=50K
34,Private,105000,Some-college,10,Never-married,Adm-clerical,Own-child,White,Male,0,0,40,United-States,<=50K
41,Private,197000,HS-grad,12,Never-married,Other-service,Not-in-family,White,Male,0,0,50,United-States,<=50K
25,Private,86000,Bachelors,13,Never-married,Sales,Own-child,White,Female,0,0,40,United-States,<=50K
23,Private,58900,HS-grad,12,Married-civ-spouse,Exec-managerial,Husband,White,Male,0,0,40,United-States,>50K
46,Self-emp-not-inc,123456,Some-college,13,Married-civ-spouse,Farming-fishing,Husband,White,Male,0,0,40,United-States,>50K
47,State-gov,61062,Doctorate,16,Separated,Exec-managerial,Not-in-family,Asian-Pac-Islander,Male,0,0,44,United-States,>50K
25,Private,195000,Bachelors,13,Married-civ-spouse,Prof-specialty,Husband,Black,Female,0,0,40,United-States,<=50K
25,Private,69669,HS-grad,9,Married-civ-spouse,Exec-managerial,Husband,White,Male,0,0,40,Puerto-Rico,>50K
30,Private,234000,Some-college,10,Married-civ-spouse,Tech-support,Husband,White,Male,0,0,40,United-States,<=50K
67,Federal-gov,294466,Some-college,10,Divorced,Adm-clerical,Not-in-family,White,Male,0,0,40,United-States,<=50K
25,Private,54290,HS-grad,12,Married-civ-spouse,Handlers-cleaners,Husband,White,Male,0,2042,40,United-States,<=50K
24,Private,56100,HS-grad,7,Never-married,Transport-moving,Own-child,White,Male,0,0,40,United-States,<=50K
30,Private,123456,HS-grad,9,Married-civ-spouse,Craft-repair,Husband,White,Male,0,0,40,United-States,>50K
57,Private,178154,10th,10,Widowed,Other-service,Not-in-family,White,Male,0,0,40,United-States,<=50K
30,Private,123456,HS-grad,12,Married-civ-spouse,Craft-repair,Husband,White,Male,0,0,40,United-States,>50K
56,Private,127264,Some-college,10,Married-civ-spouse,Craft-repair,Husband,White,Male,0,0,34,United-States,>50K
30,Private,123456,Bachelors,13,Married-civ-spouse,Adm-clerical,Husband,White,Female,0,0,40,United-States,>50K
25,Private,200000,HS-grad,12,Never-married,Adm-clerical,Unmarried,White,Female,0,0,40,United-States,<=50K
30,Federal-gov,49210,HS-grad,12,Divorced,Other-service,Not-in-family,Black,Female,0,0,40,United-States,<=50K
39,Private,76600,Some-college,10,Married-civ-spouse,Tech-support,Husband,White,Male,15024,0,40,United-States,>50K
02,Private,69400,HS-grad,12,Never-married,Craft-repair,Own-child,White,Male,0,0,40,United-States,<=50K
28,Private,42371,Assoc-voc,12,Married-civ-spouse,Tech-support,Husband,White,Male,0,0,40,United-States,>50K
30,Private,123456,HS-grad,10,Married-civ-spouse,Transport-moving,Husband,Black,Male,0,0,40,Haiti,>50K
07,Private,31128,Some-college,10,Never-married,Exec-managerial,Not-in-family,White,Female,0,0,25,United-States,>50K
30,Private,123456,HS-grad,9,Married-civ-spouse,Machine-op-inspct,Husband,White,Male,0,0,40,United-States,<=50K
37,Private,6725,HS-grad,9,Divorced,Sales,Not-in-family,White,Male,0,0,40,United-States,<=50K
30,Private,123456,Bachelors,13,Married-civ-spouse,Sales,Husband,White,Male,0,0,40,United-States,>50K
25,Private,123456,Some-college,10,Never-married,Craft-repair,Unmarried,White,Male,0,0,40,United-States,<=50K
30,Private,123456,Bachelors,13,Married-civ-spouse,Craft-repair,Own-child,White,Male,0,0,40,United-States,<=50K
30,Private,192257,Some-college,10,Married-civ-spouse,Tech-support,Husband,White,Male,0,0,40,United-States,>50K
21,Private,278254,HS-grad,9,Married-civ-spouse,Machine-op-inspct,Husband,White,Male,0,0,40,United-States,<=50K
27,Private,6631,HS-grad,9,Married-civ-spouse,Handlers-cleaners,Own-child,White,Female,0,0,40,United-States,<=50K
25,Private,123456,HS-grad,12,Never-married,Sales,Not-in-family,White,Male,0,0,40,United-States,<=50K
30,Private,27509,Some-college,10,Never-married,Sales,Not-in-family,White,Male,0,0,40,United-States,>50K
34,Private,82049,HS-grad,12,Married-civ-spouse,Craft-repair,Husband,White,Male,0,0,40,United-States,>50K
04,Private,32684,HS-grad,9,Married-civ-spouse,Exec-managerial,Wife,White,Female,0,0,40,United-States,<=50K.
25,Private,25139,HS-grad,12,Never-married,Sales,Own-child,White,Male,0,0,40,United-States,<=50K
20,Private,123456,HS-grad,12,Never-married,Handlers-cleaners,Not-in-family,White,Male,0,0,40,United-States,>50K
30,Private,16800,Some-college,10,Divorced,Prof-specialty,Not-in-family,White,Male,0,0,40,United-States,>50K
32,Private,79151,Some-college,10,Married-civ-spouse,Farming-fishing,Husband,White,Male,0,0,40,United-States,<=50K
25,Private,124744,Some-college,10,Married-civ-spouse,Prof-specialty,Husband,White,Male,0,0,40,United-States,<=50K
30,Private,123456,HS-grad,12,Widowed,Exec-managerial,Not-in-family,White,Male,0,0,24,United-States,<=50K
25,State-gov,215000,Bachelors,13,Never-married,Adm-clerical,Not-in-family,White,Female,0,0,40,United-States,>50K
03,Private,123456,Bachelors,13,Never-married,Prof-specialty,Not-in-family,White,Male,0,0,40,United-States,<=50K
25,Local-gov,123456,HS-grad,12,Married-civ-spouse,Tech-support,Husband,White,Male,0,0,40,United-States,>50K
30,Private,89551,HS-grad,12,Married-civ-spouse,Handlers-cleaners,Husband,White,Male,0,0,40,United-States,>50K
61,Private,90000,Some-college,10,Divorced,Other-service,Not-in-family,White,Female,0,0,40,United-States,<=50K
25,Private,336000,Some-college,10,Never-married,Sales,Unmarried,White,Female,0,0,40,United-States,<=50K
03,Self-emp-not-inc,12576,Prof-school,14,Married-civ-spouse,Prof-specialty,Husband,White,Male,0,0,60,United-States,>50K
39,Private,59000,HS-grad,12,Married-civ-spouse,Exec-managerial,Husband,White,Male,0,0,40,United-States,>50K
02,Private,100000,Bachelors,13,Never-married,Exec-managerial,Not-in-family,White,Male,0,0,50,United-States,<=50K
57,Private,17410,Bachelors,13,Married-civ-spouse,Prof-specialty,Husband,White,Male,0,0,40,United-States,>50K
30,Private,156745,Some-college,10,Married-civ-spouse,Craft-repair,Husband,Black,Male,0,0,40,United-States,>50K
27,Private,236000,Assoc-acdm,12,Married-civ-spouse,Exec-managerial,Husband,White,Male,0,0,40,United-States,<=50K
E2,Private,16339,Prof-school,16,Married-civ-spouse,Prof-specialty,Wife,White,Female,1500,0,40,United-States,>50K
30,Private,190000,Some-college,10,Never-married,Exec-managerial,Not-in-family,White,Female,0,0,40,United-States,>50K
25,Private,123456,Doctorate,16,Married-civ-spouse,Prof-specialty,Husband,White,Male,0,0,40,United-States,>50K
90,Private,123456,HS-grad,12,Never-married,Adm-clerical,Not-in-family,White,Female,0,0,40,United-States,<=50K
30,Private,123456,Some-college,10,Married-civ-spouse,Protective-serv,Husband,White,Male,0,0,40,United-States,>50K
21,Private,123456,HS-grad,12,Separated,Sales,Unmarried,Black,Female,0,0,40,United-States,<=50K
25,Private,123456,Bachelors,13,Married-civ-spouse,Prof-specialty,Husband,White,Male,5000,0,40,United-States,>50K
30,Private,74395,Masters,14,Married-civ-spouse,Prof-specialty,Husband,White,Male,0,0,40,United-States,>50K
30,Private,65100,HS-grad,12,Married-civ-spouse,Craft-repair,Husband,Asian-Pac-Islander,Male,0,0,40,United-States,<=50K
05,Private,170000,Some-college,10,Never-married,Sales,Not-in-family,White,Male,0,0,40,United-States,<=50K
62,State-gov,63000,Bachelors,13,Married-civ-spouse,Prof-specialty,Husband,White,Male,0,0,40,United-States,>50K
05,Private,123456,HS-grad,12,Never-married,Tech-support,Not-in-family,White,Male,0,0,40,United-States,>50K
69,Private,78888,Some-college,10,Divorced,Other-service,Not-in-family,White,Male,0,0,40,United-States,>50K
41,Private,320000,Some-college,10,Divorced,Other-service,Not-in-family,White,Male,0,0,40,United-States,<=50K
25,Private,123456,Some-college,10,Never-married,Other-service,Not-in-family,White,Female,0,0,40,United-States,<=50K
39,Private,123456,Bachelors,13,Married-civ-spouse,Craft-repair,Husband,White,Male,0,0,40,United-States,<=50K
09,Private,55559,Some-college,10,Married-civ-spouse,Adm-clerical,Wife,White,Female,0,0,40,United-States,>50K
33,Private,123456,HS-grad,12,Never-married,Craft-repair,Not-in-family,White,Male,0,0,40,United-States,<=50K
23,Private,21203,HS-grad,12,Never-married,Adm-clerical,Not-in-family,White,Female,0,0,40,United-States,<=50K
30,Self-emp-not-inc,34567,Bachelors,13,Never-married,Prof-specialty,Not-in-family,White,Male,0,0,40,United-States,>50K.
25,Private,123456,HS-grad,9,Never-married,Adm-clerical,Not-in-family,White,Male,0,0,40,United-States,>50K
30,Private,24000,HS-grad,12,Married-civ-spouse,Handlers-cleaners,Husband,White,Male,0,0,40,United-States,<=50K
01,Private,125000,Bachelors,13,Married-civ-spouse,Exec-managerial,Husband,White,Male,0,0,40,United-States,<=50K
30,Self-emp-inc,123456,Bachelors,13,Married-civ-spouse,Exec-managerial,Husband,White,Female,5000,0,40,United-States,>50K.
32,Local-gov,158989,Some-college,10,Never-married,Other-service,Not-in-family,Black,Female,0,0,40,United-States,<=50K
49,Private,18300,HS-grad,9,Married-civ-spouse,Farming-fishing,Husband,White,Male,0,0,40,United-States,>50K
25,Private,123456,Some-college,10,Never-married,Sales,Not-in-family,White,Female,0,0,40,United-States,<=50K
25,Private,123456,HS-grad,12,Never-married,Sales,Own-child,White,Female,0,0,40,United-States,<=50K
30,Federal-gov,123456,Bachelors,13,Married-civ-spouse,Prof-specialty,Wife,Asian-Pac-Islander,Female,0,0,40,Philippines,>50K
54,Private,88336,Bachelors,13,Never-married,Tech-support,Not-in-family,White,Male,0,1408,40,United-States,<=50K
25,Private,32276,Bachelors,13,Married-civ-spouse,Tech-support,Husband,White,Male,0,0,40,United-States,>50K
30,Private,123456,HS-grad,12,Married-civ-spouse,Sales,Husband,Black,Male,0,0,40,United-States,<=50K
01,Private,123456,HS-grad,12,Married-civ-spouse,Exec-managerial,Husband,White,Male,0,0,40,United-States,>50K
40,Private,46743,Some-college,10,Married-civ-spouse,Prof-specialty,Wife,White,Female,0,0,25,United-States,>50K
04,Private,86770,Assoc-voc,11,Never-married,Craft-repair,Not-in-family,White,Male,0,0,40,United-States,<=50K
06,Private,95000,Some-college,10,Divorced,Prof-specialty,Not-in-family,White,Male,0,0,50,United-States,<=50K
29,Private,51767,Some-college,10,Divorced,Other-service,Not-in-family,Black,Male,0,0,40,United-States,>50K
18,Private,390000,HS-grad,12,Never-married,Sales,Not-in-family,White,Male,0,0,40,United-States,<=50K
25,Private,35032,HS-grad,9,Married-civ-spouse,Craft-repair,Husband,White,Male,0,0,40,United-States,<=50K
08,Private,6947,10th,10,Married-civ-spouse,Farming-fishing,Husband,White,Male,0,0,40,United-States,>50K
25,Private,123456,HS-grad,12,Never-married,Handlers-cleaners,Own-child,White,Male,0,0,40,United-States,<=50K
30,Private,721000,HS-grad,12,Separated,Machine-op-inspct,Not-in-family,Black,Male,0,0,40,United-States,>50K
18,Private,195000,HS-grad,12,Never-married,Tech-support,Own-child,White,Male,0,0,40,United-States,<=50K
01,Private,130389,HS-grad,12,Never-married,Other-service,Own-child,White,Male,0,0,40,Scotland,<=50K
30,Private,29861,Assoc-voc,12,Married-civ-spouse,Exec-managerial,Husband,White,Male,0,0,40,United-States,>50K
17,Private,75000,HS-grad,12,Never-married,Sales,Not-in-family,White,Male,0,0,40,United-States,<=50K
30,Private,199810,HS-grad,12,Married-civ-spouse,Transport-moving,Husband,White,Male,0,0,40,United-States,>50K
03,State-gov,509000,HS-grad,12,Never-married,Other-service,Not-in-family,White,Male,0,0,40,United-States,<=50K
25,Private,28736,5th-6th,5,Married-civ-spouse,Craft-repair,Husband,White,Male,0,0,40,Mexico,>50K
05,Self-emp-inc,76000,HS-grad,12,Married-civ-spouse,Exec-managerial,Husband,Asian-Pac-Islander,Male,0,0,21,India,<=50K
27,Self-emp-inc,181608,Some-college,10,Never-married,Sales,Own-child,White,Male,0,0,40,United-States,<=50K
30,Private,337900,Some-college,10,Divorced,Adm-clerical,Not-in-family,White,Female,0,0,30,United-States,<=50K
31,Private,25160,Bachelors,13,Divorced,Exec-managerial,Unmarried,White,Female,0,0,40,United-States,>50K
40,Private,1817,Some-college,10,Never-married,Other-service,Own-child,Black,Male,0,0,40,United-States,<=50K
25,Private,16559,HS-grad,9,Married-civ-spouse,Sales,Husband,White,Male,0,0,40,United-States,>50K
30,Private,118000,HS-grad,12,Never-married,Machine-op-inspct,Not-in-family,Black,Male,0,0,50,United-States,<=50K
25,Private,21500,11th,11,Married-civ-spouse,Other-service,Husband,White,Male,0,0,40,United-States,<=50K
25,Self-emp-not-inc,165442,Some-college,10,Married-civ-spouse,Craft-repair,Husband,White,Male,0,0,40,United-States,>50K
25,Private,152569,Assoc-voc,11,Never-married,Sales,Not-in-family,White,Female,0,2339,40,United-States,<=50K
30,Private,134000,HS-grad,12,Never-married,Other-service,Own-child,Black,Male,0,0,40,United-States,<=50K
30,Private,473165,Bachelors,13,Never-married,Prof-specialty,Not-in-family,Black,Female,0,0,40,United-States,<=50K
06,Private,100000,Bachelors,13,Married-civ-spouse,Exec-managerial,Husband,White,Male,0,0,40,United-States,>50K
30,Private,190273,HS-grad,12,Never-married,Protective-serv,Not-in-family,White,Male,0,0,40,United-States,<=50K
30,Self-emp-not-inc,71300,Bachelors,13,Married-civ-spouse,Prof-specialty,Husband,White,Male,0,0,40,United-States,>50K
30,Private,123456,Bachelors,13,Married-civ-spouse,Exec-managerial,Husband,White,Male,5000,0,40,United-States,>50K
25,Private,360814,Some-college,5,Divorced,Craft-repair,Not-in-family,White,Male,0,0,40,United-States,<=50K
53,Private,72558,HS-grad,9,Married-civ-spouse,Craft-repair,Husband,White,Female,0,0,40,United-States,<=50K
25,Private,11387,10th,10,Never-married,Craft-repair,Not-in-family,White,Male,0,0,40,United-States,<=50K
84,Private,204747,Bachelors,13,Married-civ-spouse,Exec-managerial,Husband,White,Male,0,0,40,United-States,>50K
30,Private,123456,HS-grad,12,Divorced,Adm-clerical,Not-in-family,White,Male,0,0,40,United-States,>50K
03,Private,123456,Some-college,10,Married-civ-spouse,Craft-repair,Husband,White,Male,0,0,40,Mexico,<=50K
25,Private,123456,HS-grad,12,Married-civ-spouse,Machine-op-inspct,Husband,White,Male,0,0,40,United-States,<=50K
25,Private,123456,Some-college,10,Widowed,Sales,Not-in-family,White,Female,0,0,40,United-States,<=50K
57,Private,103403,5th-6th,5,Married-civ-spouse,Transport-moving,Husband,White,Male,0,0,40,United-States,<=50K
30,Private,123456,HS-grad,12,Never-married,Other-service,Not-in-family,White,Female,0,0,40,United-States,<=50K
54,Private,377070,HS-grad,9,Married-civ-spouse,Other-service,Husband,White,Male,0,0,40,Mexico,<=50K
06,Self-emp-not-inc,123456,HS-grad,9,Married-civ-spouse,Prof-specialty,Husband,White,Female,0,0,40,United-States,<=50K
18,Private,123456,HS-grad,12,Never-married,Sales,Own-child,White,Female,0,0,40,United-States,<=50K
40,Private,235078,Some-college,10,Married-civ-spouse,Craft-repair,Husband,White,Male,0,0,40,United-States,>50K
06,Private,32300,Masters,14,Married-civ-spouse,Prof-specialty,Husband,White,Male,0,0,40,United-States,>50K
02,Private,206354,HS-grad,12,Never-married,Other-service,Unmarried,White,Female,0,0,40,United-States,<=50K
25,Private,240458,Some-college,10,Never-married,Craft-repair,Not-in-family,Black,Male,0,0,40,United-States,<=50K
65,Private,133126,Some-college,10,Never-married,Craft-repair,Not-in-family,Black,Female,0,0,40,United-States,<=50K
25,Private,104052,HS-grad,12,Never-married,Machine-op-inspct,Not-in-family,White,Male,0,1741,40,United-States,<=50K
07,Federal-gov,38992,HS-grad,9,Married-civ-spouse,Tech-support,Husband,White,Male,0,1887,40,United-States,>50K
35,Private,123456,Bachelors,13,Married-civ-spouse,Exec-managerial,Husband,White,Male,5000,0,45,United-States,>50K
39,Private,779574,Some-college,12,Never-married,Sales,Not-in-family,White,Male,0,0,35,United-States,<=50K
30,Private,193082,Some-college,10,Married-civ-spouse,Other-service,Own-child,Black,Female,0,0,40,United-States,<=50K
30,Private,33937,Bachelors,13,Married-civ-spouse,Adm-clerical,Husband,White,Male,0,0,40,United-States,>50K
30,Private,123456,HS-grad,12,Married-civ-spouse,Craft-repair,Husband,White,Male,0,0,40,United-States,>50K
09,Private,123456,HS-grad,12,Never-married,Craft-repair,Not-in-family,White,Female,0,0,40,United-States,<=50K
35,Private,123456,Assoc-acdm,12,Divorced,Adm-clerical,Unmarried,White,Female,0,0,40,United-States,<=50K
08,Private,03397,Some-college,12,Married-civ-spouse,Other-service,Husband,White,Male,0,0,05,United-States,<=50K
04,Self-emp-not-inc,37547,10th,10,Married-civ-spouse,Craft-repair,Husband,White,Male,0,0,40,United-States,<=50K
03,Private,04152,HS-grad,12,Married-civ-spouse,Other-service,Husband,White,Male,0,0,04,United-States,<=50K
33,Private,123456,HS-grad,12,Married-civ-spouse,Craft-repair,Husband,White,Male,0,0,40,United-States,>50K
07,Private,364000,Bachelors,13,Married-civ-spouse,Farming-fishing,Husband,White,Male,0,0,40,United-States,<=50K
25,Private,99179,HS-grad,12,Widowed,Adm-clerical,Not-in-family,White,Female,0,0,40,United-States,<=50K
30,Private,3530,HS-grad,12,Never-married,Other-service,Unmarried,Amer-Indian-Eskimo,Male,0,0,40,United-States,<=50K
02,Private,06627,Some-college,12,Never-married,Other-service,Own-child,Asian-Pac-Islander,Male,0,0,20,United-States,<=50K
25,Private,141600,Masters,14,Married-civ-spouse,Prof-specialty,Husband,White,Male,0,0,40,United-States,>50K
30,Private,152307,Bachelors,13,Married-civ-spouse,Prof-specialty,Husband,White,Male,5000,0,40,United-States,>50K
06,Private,123456,7th-8th,7,Married-civ-spouse,Transport-moving,Husband,White,Male,0,0,40,United-States,<=50K
30,Private,107302,Masters,14,Married-civ-spouse,Prof-specialty,Husband,White,Male,0,0,40,United-States,<=50K
19,Private,181000,10th,10,Never-married,Handlers-cleaners,Own-child,White,Male,0,0,40,United-States,>50K
25,Private,98300,HS-grad,12,Divorced,Exec-managerial,Not-in-family,White,Male,0,0,40,United-States,>50K
53,Private,27471,Assoc-acdm,12,Married-civ-spouse,Tech-support,Husband,White,Male,0,0,40,United-States,>50K
05,Private,91260,HS-grad,12,Married-civ-spouse,Transport-moving,Husband,Asian-Pac-Islander,Male,0,0,40,United-States,<=50K
25,Private,72930,Some-college,10,Never-married,Exec-managerial,Own-child,White,Male,0,0,40,United-States,<=50K
03,Private,181165,HS-grad,12,Never-married,Sales,Not-in-family,White,Female,0,0,40,United-States,<=50K
30,Private,123456,Bachelors,13,Married-civ-spouse,Prof-specialty,Husband,White,Male,5000,0,40,United-States,>50K
84,Private,1478,HS-grad,12,Married-civ-spouse,Craft-repair,Husband,White,Male,0,0,40,United-States,<=50K
25,Private,475113,Some-college,10,Never-married,Adm-clerical,Not-in-family,White,Female,0,0,40,United-States,<=50K
25,Private,75612,HS-grad,9,Divorced,Transport-moving,Other-relative,White,Male,0,0,40,United-States,<=50K.
30,Self-emp-not-inc,312197,HS-grad,12,Married-civ-spouse,Transport-moving,Husband,White,Male,0,0,40,Mexico,>50K
30,Private,123456,Bachelors,13,Never-married,Prof-specialty,Not-in-family,White,Male,0,0,40,United-States,<=50K
40,Private,162000,HS-grad,12,Never-married,Adm-clerical,Unmarried,White,Male,0,0,40,United-States,<=50K
43,Private,30439,1st-4th,2,Married-civ-spouse,Farming-fishing,Husband,White,Male,0,0,40,Mexico,<=50K
30,Private,357000,Some-college,10,Never-married,Sales,Not-in-family,White,Male,0,0,40,United-States,<=50K
30,Private,123456,Bachelors,13,Married-civ-spouse,Tech-support,Husband,White,Male,0,0,40,Columbia,<=50K.
30,Private,123456,HS-grad,9,Married-civ-spouse,Adm-clerical,Husband,White,Male,0,0,40,United-States,>50K
25,Private,17121,Some-college,10,Never-married,Farming-fishing,Not-in-family,White,Male,0,0,40,United-States,>50K
01,Private,36700,HS-grad,12,Never-married,Other-service,Own-child,White,Female,0,0,35,United-States,<=50K
30,Private,300000,10th,6,Never-married,Sales,Own-child,White,Male,0,0,40,United-States,<=50K.
34,Private,175000,Bachelors,13,Divorced,Transport-moving,Not-in-family,White,Male,0,0,40,United-States,<=50K
25,Private,179600,HS-grad,12,Never-married,Transport-moving,Own-child,White,Male,0,0,40,United-States,<=50K
65,Private,350000,Some-college,10,Never-married,Adm-clerical,Not-in-family,White,Female,0,0,38,United-States,<=50K
34,Private,123456,Bachelors,13,Married-civ-spouse,Prof-specialty,Husband,White,Male,5000,0,40,United-States,>50K
25,Private,35591,HS-grad,9,Never-married,Other-service,Unmarried,Black,Male,114,0,40,United-States,<=50K
30,Private,218781,HS-grad,9,Married-civ-spouse,Handlers-cleaners,Husband,White,Male,0,0,40,United-States,<=50K
40,Private,26646,HS-grad,12,Married-civ-spouse,Craft-repair,Husband,White,Male,0,0,40,United-States,<=50K
30,Private,123456,Masters,14,Married-civ-spouse,Prof-specialty,Husband,Asian-Pac-Islander,Male,5000,0,40,India,<=50K
30,State-gov,123456,Bachelors,13,Married-civ-spouse,Exec-managerial,Husband,White,Male,5000,0,40,United-States,<=50K
25,Private,382499,HS-grad,12,Divorced,Adm-clerical,Unmarried,White,Female,0,0,50,United-States,<=50K
06,Private,116300,Bachelors,13,Married-civ-spouse,Sales,Husband,White,Male,0,0,40,United-States,<=50K
04,Private,118059,Bachelors,13,Married-civ-spouse,Prof-specialty,Husband,White,Male,0,0,40,United-States,>50K
28,Private,28500,Some-college,10,Never-married,Sales,Own-child,White,Female,0,0,27,United-States,<=50K
05,Private,1769,HS-grad,12,Never-married,Sales,Not-in-family,White,Male,0,0,40,United-States,>50K
30,Private,713001,Bachelors,13,Married-civ-spouse,Exec-managerial,Husband,White,Male,0,0,40,United-States,>50K
24,Private,219500,HS-grad,12,Never-married,Handlers-cleaners,Not-in-family,White,Male,0,0,40,Mexico,<=50K
08,Private,43535,Some-college,10,Married-civ-spouse,Exec-managerial,Wife,White,Female,0,0,20,United-States,<=50K
40,Private,184837,HS-grad,9,Married-civ-spouse,Machine-op-inspct,Husband,White,Male,0,0,40,United-States,>50K
25,Federal-gov,280000,Bachelors,13,Married-civ-spouse,Exec-managerial,Husband,White,Male,0,0,40,United-States,>50K
30,Private,5413,Bachelors,13,Married-civ-spouse,Prof-specialty,Husband,White,Male,0,0,42,United-States,<=50K
30,Private,271133,HS-grad,12,Never-married,Exec-managerial,Not-in-family,White,Male,0,0,50,Mexico,<=50K
22,Private,123456,11th,11,Separated,Craft-repair,Not-in-family,White,Male,0,0,40,United-States,<=50K
30,Private,42456,Some-college,10,Married-civ-spouse,Tech-support,Husband,White,Male,0,0,39,United-States,<=50K
03,Private,92228,Bachelors,14,Married-civ-spouse,Exec-managerial,Husband,White,Male,0,0,40,United-States,>50K
25,Private,123456,Bachelors,13,Never-married,Tech-support,Not-in-family,White,Female,0,0,40,United-States,<=50K
25,Private,123456,HS-grad,12,Never-married,Handlers-cleaners,Own-child,White,Female,0,0,40,United-States,>50K
06,Private,220000,HS-grad,12,Divorced,Priv-house-serv,Not-in-family,White,Male,0,0,40,United-States,<=50K
30,Private,26216,HS-grad,12,Never-married,Other-service,Not-in-family,White,Male,0,0,40,United-States,<=50K
02,Self-emp-not-inc,207889,Some-college,10,Married-civ-spouse,Farming-fishing,Husband,White,Male,0,0,05,United-States,<=50K.
29,Private,194000,Some-college,10,Never-married,Sales,Not-in-family,White,Female,0,0,45,United-States,<=50K
05,Private,168000,HS-grad,12,Married-civ-spouse,Craft-repair,Husband,White,Male,0,0,40,United-States,>50K
04,Private,150000,HS-grad,9,Married-civ-spouse,Machine-op-inspct,Husband,White,Male,0,0,40,United-States,>50K
28,Private,5745,HS-grad,9,Never-married,Farming-fishing,Unmarried,Black,Male,0,0,40,Mexico,<=50K
44,Private,15348,HS-grad,12,Never-married,Other-service,Not-in-family,White,Male,0,0,40,United-States,<=50K
28,Private,102928,Bachelors,13,Married-civ-spouse,Sales,Husband,White,Male,0,0,40,United-States,>50K
34,Private,123456,HS-grad,12,Married-civ-spouse,Farming-fishing,Husband,White,Male,0,0,40,United-States,<=50K.
25,Private,123456,Bachelors,13,Married-civ-spouse,Prof-specialty,Husband,White,Male,5000,1902,40,United-States,>50K
25,Private,123456,Some-college,10,Married-civ-spouse,Tech-support,Husband,White,Male,0,0,40,United-States,>50K
30,Private,25963,HS-grad,12,Married-civ-spouse,Craft-repair,Husband,White,Male,0,0,50,United-States,>50K
30,Private,309505,Some-college,10,Never-married,Sales,Not-in-family,White,Female,0,0,40,United-States,<=50K
62,Private,123456,HS-grad,12,Widowed,Sales,Not-in-family,White,Male,0,0,40,United-States,<=50K
45,Private,259000,Some-college,10,Never-married,Other-service,Not-in-family,White,Male,0,0,40,United-States,<=50K
25,Self-emp-inc,86400,Some-college,10,Separated,Exec-managerial,Not-in-family,White,Male,0,0,40,United-States,<=50K
30,Private,123456,Bachelors,13,Married-civ-spouse,Protective-serv,Husband,White,Male,0,0,40,United-States,>50K
25,Private,347020,HS-grad,9,Widowed,Other-service,Unmarried,White,Female,0,0,40,United-States,<=50K
30,Private,18600,HS-grad,9,Never-married,Machine-op-inspct,Not-in-family,White,Male,0,0,40,United-States,>50K
30,Private,171000,Assoc-acdm,12,Married-civ-spouse,Craft-repair,Husband,White,Male,0,0,40,United-States,<=50K
25,Private,123456,HS-grad,9,Married-civ-spouse,Craft-repair,Husband,White,Male,0,0,40,United-States,>50K
30,Private,123456,Bachelors,13,Married-civ-spouse,Exec-managerial,Husband,White,Male,5000,0,40,United-States,<=50K
25,Private,33426,HS-grad,9,Never-married,Other-service,Not-in-family,White,Male,0,0,40,United-States,<=50K
25,Private,123456,HS-grad,6,Divorced,Other-service,Not-in-family,White,Male,0,0,40,United-States,>50K
30,Private,346766,HS-grad,9,Married-civ-spouse,Handlers-cleaners,Husband,White,Female,0,0,40,United-States,<=50K
02,Private,285377,HS-grad,5,Never-married,Other-service,Other-relative,White,Male,0,0,40,United-States,<=50K
02,Private,282313,HS-grad,12,Married-civ-spouse,Transport-moving,Husband,Black,Male,0,0,40,United-States,<=50K
25,Private,93208,HS-grad,12,Married-civ-spouse,Exec-managerial,Husband,White,Male,0,0,40,Italy,<=50K
25,Private,100000,Bachelors,13,Married-civ-spouse,Exec-managerial,Husband,White,Male,0,0,40,United-States,>50K
25,Private,123456,HS-grad,12,Never-married,Adm-clerical,Own-child,White,Female,0,0,40,United-States,<=50K
25,Private,123456,Bachelors,13,Married-civ-spouse,Handlers-cleaners,Own-child,White,Male,0,0,40,United-States,>50K
25,Private,123456,Some-college,10,Never-married,Other-service,Own-child,White,Male,0,0,40,United-States,<=50K
41,Private,3347,Bachelors,13,Married-civ-spouse,Prof-specialty,Husband,White,Male,0,0,40,United-States,>50K
03,Private,61000,Bachelors,13,Married-civ-spouse,Tech-support,Husband,White,Male,0,0,40,Japan,<=50K
25,Private,194000,HS-grad,13,Never-married,Sales,Not-in-family,White,Male,0,0,40,United-States,<=50K.
25,Private,123456,HS-grad,12,Never-married,Sales,Not-in-family,White,Female,0,0,40,United-States,<=50K
34,Local-gov,321232,Bachelors,13,Married-civ-spouse,Protective-serv,Husband,White,Male,0,0,40,United-States,>50K
18,Private,123456,HS-grad,12,Married-civ-spouse,Tech-support,Husband,White,Male,0,0,40,United-States,>50K
30,Private,37500,11th,11,Widowed,Sales,Not-in-family,Black,Female,0,0,40,United-States,>50K
25,Private,28960,HS-grad,12,Married-civ-spouse,Tech-support,Husband,White,Male,0,0,46,United-States,>50K
30,Private,123456,Bachelors,13,Married-civ-spouse,Prof-specialty,Husband,Black,Male,0,0,40,United-States,<=50K
30,Private,123456,HS-grad,9,Married-civ-spouse,Farming-fishing,Husband,White,Male,0,0,40,United-States,<=50K
43,Private,39997,HS-grad,9,Married-civ-spouse,Transport-moving,Husband,White,Male,0,0,40,United-States,>50K
40,Private,123456,HS-grad,9,Married-civ-spouse,Craft-repair,Husband,White,Male,0,0,55,United-States,>50K
25,Private,252570,Some-college,10,Married-civ-spouse,Exec-managerial,Husband,White,Male,0,0,40,United-States,>50K
29,Private,123456,HS-grad,9,Married-civ-spouse,Handlers-cleaners,Husband,White,Male,0,0,40,United-States,>50K
28,Private,12562,Some-college,10,Married-civ-spouse,Tech-support,Husband,White,Male,0,0,40,United-States,>50K
28,Private,168524,Assoc-voc,11,Married-civ-spouse,Tech-support,Own-child,White,Female,0,0,40,United-States,<=50K
52,Private,123456,Bachelors,13,Married-civ-spouse,Exec-managerial,Husband,White,Male,5000,0,40,United-States,>50K
34,Private,449354,HS-grad,12,Married-civ-spouse,Sales,Husband,White,Male,0,0,45,United-States,>50K
05,Private,123456,HS-grad,12,Married-civ-spouse,Transport-moving,Husband,White,Male,0,0,40,United-States,>50K
25,Private,15554,Masters,14,Married-civ-spouse,Prof-specialty,Husband,White,Male,98,0,40,United-States,>50K
33,Private,190029,HS-grad,12,Divorced,Other-service,Own-child,White,Female,0,0,40,United-States,<=50K
47,Private,23610,Some-college,10,Married-civ-spouse,Prof-specialty,Husband,White,Male,0,0,40,United-States,>50K
22,Private,49400,HS-grad,12,Never-married,Other-service,Own-child,White,Male,0,0,40,United-States,<=50K
42,Private,532000,HS-grad,9,Married-civ-spouse,Sales,Husband,White,Male,0,0,40,United-States,<=50K
30,Private,185053,HS-grad,9,Never-married,Machine-op-inspct,Not-in-family,White,Female,0,0,40,United-States,<=50K
09,State-gov,42300,HS-grad,9,Widowed,Adm-clerical,Not-in-family,White,Female,0,0,40,United-States,<=50K
37,Private,99374,Bachelors,13,Married-civ-spouse,Transport-moving,Husband,White,Male,0,0,40,United-States,>50K
30,Private,394860,HS-grad,12,Married-civ-spouse,Other-service,Husband,White,Male,0,0,40,United-States,<=50K
25,Private,155000,HS-grad,9,Never-married,Sales,Not-in-family,White,Male,0,0,40,United-States,<=50K
56,Private,84774,Assoc-acdm,12,Married-civ-spouse,Farming-fishing,Husband,White,Male,0,0,40,United-States,>50K
36,Private,123456,HS-grad,12,Divorced,Sales,Not-in-family,White,Female,0,0,24,United-States,<=50K
40,Private,123456,HS-grad,12,Married-civ-spouse,Craft-repair,Husband,White,Male,0,0,40,United-States,>50K
25,Private,123456,Some-college,10,Married-civ-spouse,Adm-clerical,Husband,White,Female,0,0,40,United-States,>50K
47,Private,172305,HS-grad,12,Married-civ-spouse,Exec-managerial,Husband,White,Male,0,0,40,United-States,>50K
25,Private,123456,Some-college,10,Never-married,Sales,Own-child,White,Male,0,0,40,United-States,<=50K
22,Private,19037,HS-grad,12,Never-married,Sales,Not-in-family,White,Male,0,0,40,United-States,<=50K
02,Private,07339,HS-grad,12,Never-married,Adm-clerical,Not-in-family,White,Male,0,0,45,United-States,<=50K
25,Private,98800,HS-grad,12,Widowed,Adm-clerical,Not-in-family,White,Male,0,0,40,United-States,<=50K
25,Private,79670,Some-college,10,Married-civ-spouse,Exec-managerial,Husband,White,Female,2597,0,40,Japan,>50K
30,Private,56752,HS-grad,9,Married-civ-spouse,Handlers-cleaners,Husband,Black,Male,0,0,40,United-States,<=50K
61,Private,1483,Some-college,9,Never-married,Machine-op-inspct,Not-in-family,White,Male,0,0,40,United-States,<=50K
25,Private,183497,HS-grad,12,Never-married,Other-service,Not-in-family,White,Female,0,0,40,United-States,<=50K
25,Private,173504,HS-grad,9,Never-married,Other-service,Not-in-family,White,Male,0,0,40,United-States,>50K
30,Private,123456,Bachelors,13,Never-married,Prof-specialty,Own-child,White,Male,0,0,40,United-States,<=50K.
02,Private,113044,HS-grad,12,Widowed,Sales,Not-in-family,White,Male,0,0,40,United-States,<=50K
30,Private,34916,Masters,14,Married-civ-spouse,Prof-specialty,Husband,White,Male,0,0,40,Mexico,>50K
06,Private,79200,HS-grad,12,Never-married,Adm-clerical,Other-relative,Black,Female,0,0,40,United-States,<=50K
30,Private,123456,Bachelors,7,Married-civ-spouse,Craft-repair,Husband,White,Male,0,0,40,United-States,<=50K
02,Private,270000,HS-grad,12,Never-married,Exec-managerial,Own-child,White,Female,0,0,40,United-States,<=50K
30,Private,123456,Some-college,10,Married-civ-spouse,Tech-support,Husband,White,Male,5000,0,40,United-States,>50K
30,Self-emp-inc,123456,HS-grad,12,Never-married,Craft-repair,Not-in-family,White,Male,0,0,40,United-States,<=50K
83,Private,89999,Some-college,10,Never-married,Other-service,Own-child,White,Female,0,0,40,United-States,<=50K
28,Private,123456,HS-grad,12,Never-married,Sales,Not-in-family,White,Male,0,0,40,United-States,<=50K
30,Private,85680,HS-grad,12,Divorced,Adm-clerical,Not-in-family,White,Female,0,0,40,United-States,<=50K
30,State-gov,14386,Bachelors,13,Married-civ-spouse,Prof-specialty,Husband,White,Male,0,0,40,United-States,>50K
30,Private,123456,HS-grad,9,Divorced,Machine-op-inspct,Not-in-family,White,Male,0,0,40,United-States,<=50K
28,Private,123456,Bachelors,13,Married-civ-spouse,Prof-specialty,Husband,White,Male,5000,0,40,United-States,<=50K
30,Private,17463,Some-college,10,Never-married,Other-service,Own-child,White,Female,0,0,40,United-States,<=50K
61,Private,19620,Some-college,10,Divorced,Other-service,Not-in-family,Black,Male,0,0,40,United-States,>50K
04,Private,149000,Some-college,10,Separated,Other-service,Not-in-family,White,Male,0,0,40,United-States,<=50K
02,Private,37500,Some-college,10,Never-married,Other-service,Not-in-family,White,Female,0,0,40,United-States,<=50K
30,Private,123456,Bachelors,13,Never-married,Craft-repair,Not-in-family,White,Male,0,0,40,United-States,>50K
37,Private,28000,Bachelors,13,Married-civ-spouse,Prof-specialty,Husband,White,Male,0,0,40,United-States,>50K
28,Federal-gov,123456,Bachelors,13,Never-married,Exec-managerial,Not-in-family,White,Male,0,0,40,United-States,<=50K
01,Private,168730,Some-college,10,Married-civ-spouse,Sales,Husband,White,Male,0,0,50,United-States,>50K
58,Private,97100,HS-grad,9,Married-civ-spouse,Prof-specialty,Husband,White,Male,0,0,40,United-States,>50K
25,Private,27145,Some-college,10,Never-married,Prof-specialty,Own-child,White,Male,0,0,40,United-States,<=50K
03,Self-emp-not-inc,41306,HS-grad,12,Divorced,Other-service,Not-in-family,White,Male,0,0,40,United-States,<=50K
25,Self-emp-not-inc,62000,Some-college,10,Married-civ-spouse,Craft-repair,Husband,White,Male,0,0,40,United-States,<=50K
20,Private,259000,HS-grad,12,Never-married,Other-service,Own-child,White,Female,0,0,40,United-States,<=50K
25,Private,123456,HS-grad,9,Never-married,Other-service,Own-child,White,Male,0,0,40,United-States,<=50K
30,Private,123456,HS-grad,12,Never-married,Adm-clerical,Own-child,White,Male,0,0,35,United-States,<=50K
51,Private,18500,Some-college,10,Married-civ-spouse,Farming-fishing,Husband,White,Male,0,0,40,United-States,<=50K
41,Private,83400,Bachelors,13,Married-civ-spouse,Sales,Husband,White,Male,0,0,40,United-States,>50K
30,Private,123456,HS-grad,3,Married-civ-spouse,Craft-repair,Husband,White,Male,0,0,40,United-States,<=50K
30,Private,50000,HS-grad,12,Never-married,Other-service,Not-in-family,White,Male,0,2206,40,United-States,<=50K
03,Private,123456,HS-grad,12,Never-married,Other-service,Unmarried,White,Female,0,0,40,United-States,<=50K
07,Private,21906,Masters,14,Never-married,Prof-specialty,Not-in-family,White,Female,0,0,25,United-States,<=50K
30,Private,189709,HS-grad,9,Never-married,Craft-repair,Not-in-family,White,Male,0,0,40,United-States,<=50K
25,Private,25903,HS-grad,9,Divorced,Sales,Not-in-family,White,Male,0,0,40,United-States,>50K
05,Private,84099,Some-college,10,Married-civ-spouse,Transport-moving,Husband,White,Male,0,0,40,United-States,>50K
09,Private,123456,HS-grad,12,Never-married,Other-service,Not-in-family,White,Female,0,0,20,United-States,<=50K
30,Private,123456,Bachelors,13,Married-civ-spouse,Exec-managerial,Husband,White,Male,5000,0,40,United-States,>50K
24,Private,123456,HS-grad,12,Never-married,Sales,Not-in-family,White,Female,0,0,40,United-States,<=50K
25,Private,123456,Bachelors,9,Never-married,Sales,Other-relative,White,Male,0,0,40,United-States,<=50K
30,Private,123456,Bachelors,13,Married-civ-spouse,Prof-specialty,Husband,White,Male,5000,0,40,Japan,>50K
30,Self-emp-not-inc,82177,HS-grad,12,Married-civ-spouse,Prof-specialty,Husband,White,Male,0,0,40,United-States,<=50K.
25,Private,51902,HS-grad,12,Divorced,Sales,Not-in-family,White,Male,0,0,40,United-States,<=50K.
30,Private,150000,Bachelors,6,Married-civ-spouse,Craft-repair,Husband,White,Male,0,0,40,United-States,>50K
34,Private,123456,Bachelors,13,Married-civ-spouse,Exec-managerial,Husband,White,Male,0,0,40,United-States,<=50K
34,Private,90400,10th,10,Never-married,Other-service,Unmarried,White,Male,0,0,40,United-States,<=50K
29,Private,113000,HS-grad,12,Never-married,Machine-op-inspct,Not-in-family,White,Male,0,0,40,United-States,>50K
30,Private,50000,Some-college,10,Married-civ-spouse,Protective-serv,Husband,White,Male,0,0,40,United-States,<=50K
26,Private,123456,Bachelors,13,Never-married,Sales,Unmarried,Black,Female,0,0,40,United-States,>50K
23,Private,70919,Bachelors,13,Never-married,Exec-managerial,Not-in-family,White,Male,0,0,40,United-States,<=50K
30,Private,123456,HS-grad,12,Married-civ-spouse,Adm-clerical,Wife,White,Female,0,0,40,United-States,>50K
49,Self-emp-inc,31280,Bachelors,13,Married-civ-spouse,Sales,Husband,White,Male,0,0,55,United-States,>50K.
30,Private,7651,Bachelors,13,Never-married,Exec-managerial,Own-child,White,Male,0,0,40,Cuba,<=50K
30,Private,59623,Bachelors,9,Never-married,Exec-managerial,Not-in-family,White,Male,0,0,40,United-States,<=50K
25,Private,99300,Bachelors,15,Never-married,Prof-specialty,Not-in-family,White,Male,0,0,40,United-States,>50K
25,Private,207611,Bachelors,13,Never-married,Exec-managerial,Own-child,White,Male,0,0,40,United-States,>50K
25,Private,18615,HS-grad,9,Never-married,Sales,Not-in-family,White,Male,0,0,40,United-States,<=50K
36,Private,388670,HS-grad,12,Married-civ-spouse,Exec-managerial,Husband,White,Male,0,0,40,United-States,>50K
30,State-gov,210452,Bachelors,13,Married-civ-spouse,Exec-managerial,Husband,White,Male,5000,0,40,United-States,>50K
30,Private,123456,Bachelors,13,Married-civ-spouse,Exec-managerial,Husband,White,Male,0,0,40,United-States,>50K
25,Private,174000,HS-grad,9,Never-married,Other-service,Not-in-family,Asian-Pac-Islander,Male,0,0,40,Philippines,<=50K
30,Private,123456,Bachelors,13,Never-married,Adm-clerical,Unmarried,White,Male,0,0,40,Hong,<=50K
25,Private,82606,HS-grad,9,Divorced,Transport-moving,Not-in-family,White,Male,0,0,40,United-States,<=50K
30,Self-emp-not-inc,123456,HS-grad,12,Married-civ-spouse,Prof-specialty,Husband,White,Male,3137,0,40,United-States,>50K
25,Local-gov,112760,Masters,14,Never-married,Prof-specialty,Unmarried,White,Female,0,0,40,United-States,>50K
02,Private,123456,Bachelors,13,Married-civ-spouse,Exec-managerial,Husband,White,Female,0,0,40,United-States,>50K
44,Self-emp-not-inc,69211,10th,10,Married-civ-spouse,Other-service,Husband,White,Male,0,0,40,United-States,<=50K
25,Private,163003,HS-grad,9,Divorced,Sales,Not-in-family,Asian-Pac-Islander,Female,0,0,40,United-States,<=50K
20,Private,46353,Some-college,10,Never-married,Other-service,Own-child,White,Male,0,0,40,United-States,<=50K
40,Private,163250,Bachelors,13,Divorced,Exec-managerial,Not-in-family,White,Female,10520,0,40,United-States,>50K
30,Private,88876,Bachelors,13,Married-civ-spouse,Exec-managerial,Husband,Asian-Pac-Islander,Male,0,0,40,United-States,>50K
04,Private,118947,Masters,14,Married-civ-spouse,Prof-specialty,Husband,White,Male,0,0,40,United-States,<=50K
25,Private,14486,HS-grad,9,Married-civ-spouse,Tech-support,Husband,White,Male,0,0,40,United-States,>50K
04,Private,195446,HS-grad,12,Married-civ-spouse,Craft-repair,Husband,White,Male,0,0,40,United-States,<=50K
04,Private,24580,Some-college,10,Married-civ-spouse,Exec-managerial,Husband,White,Male,0,0,40,United-States,<=50K
25,Private,123456,Some-college,10,Divorced,Sales,Not-in-family,White,Female,0,0,40,United-States,>50K
05,Self-emp-not-inc,41200,7th-8th,7,Married-civ-spouse,Exec-managerial,Husband,White,Male,0,0,40,Greece,>50K
30,Private,123456,Bachelors,13,Married-civ-spouse,Tech-support,Husband,Black,Male,0,0,40,United-States,<=50K.
29,Private,28000,Assoc-voc,12,Married-civ-spouse,Adm-clerical,Husband,White,Female,0,0,40,United-States,<=50K
25,Private,123456,HS-grad,12,Married-civ-spouse,Tech-support,Husband,White,Female,0,0,40,United-States,<=50K
20,Private,X346,Some-college,10,Never-married,Adm-clerical,Own-child,White,Female,0,0,40,United-States,>50K
34,Private,3798,Some-college,10,Never-married,Adm-clerical,Unmarried,White,Female,0,0,40,United-States,<=50K
23,Private,22811,Masters,14,Never-married,Tech-support,Not-in-family,White,Male,0,0,40,United-States,<=50K
27,Private,6026,Some-college,10,Never-married,Sales,Own-child,Black,Male,0,0,40,United-States,<=50K
41,Private,145175,Some-college,10,Married-civ-spouse,Adm-clerical,Husband,White,Male,3103,0,48,United-States,>50K
47,Private,58260,Masters,14,Married-civ-spouse,Exec-managerial,Husband,White,Male,0,0,50,United-States,>50K
25,Private,121456,Some-college,10,Never-married,Exec-managerial,Own-child,White,Female,0,0,40,United-States,<=50K
25,Private,24950,Some-college,10,Never-married,Sales,Own-child,White,Female,0,0,24,United-States,<=50K
25,State-gov,31767,HS-grad,9,Never-married,Sales,Unmarried,Black,Female,0,0,40,United-States,<=50K
30,Private,123456,HS-grad,12,Married-civ-spouse,Exec-managerial,Husband,White,Male,0,0,40,United-States,>50K
30,Private,55557,Some-college,10,Never-married,Protective-serv,Husband,White,Male,0,0,40,United-States,<=50K
59,Self-emp-not-inc,18400,Some-college,10,Married-civ-spouse,Sales,Husband,White,Male,0,0,40,United-States,<=50K
45,Private,130000,HS-grad,12,Divorced,Sales,Not-in-family,White,Male,0,0,40,United-States,<=50K
25,Private,154000,HS-grad,9,Married-civ-spouse,Machine-op-inspct,Husband,White,Male,0,0,40,United-States,<=50K
53,Private,26309,HS-grad,10,Separated,Adm-clerical,Not-in-family,White,Female,0,0,60,United-States,<=50K
07,Private,92000,HS-grad,12,Married-civ-spouse,Sales,Husband,White,Male,0,0,40,United-States,<=50K
35,Private,384000,Some-college,10,Married-civ-spouse,Other-service,Husband,White,Male,0,0,40,Mexico,<=50K
30,Private,48413,HS-grad,9,Married-civ-spouse,Craft-repair,Husband,White,Male,0,0,40,United-States,<=50K
25,State-gov,175000,Some-college,10,Never-married,Other-service,Own-child,White,Female,0,0,40,United-States,<=50K
40,Self-emp-inc,163927,HS-grad,9,Married-civ-spouse,Sales,Husband,White,Male,0,0,40,United-States,>50K
36,Self-emp-not-inc,123456,12th,12,Never-married,Craft-repair,Own-child,White,Male,0,0,40,United-States,<=50K
30,Private,172281,HS-grad,9,Married-civ-spouse,Transport-moving,Husband,White,Male,0,2051,50,United-States,>50K
25,Private,34174,Some-college,10,Never-married,Sales,Not-in-family,White,Female,0,0,40,United-States,>50K
25,Private,326000,HS-grad,12,Never-married,Other-service,Wife,White,Female,0,0,40,United-States,<=50K
22,Private,20570,HS-grad,12,Never-married,Transport-moving,Own-child,White,Male,0,0,40,United-States,<=50K
56,Self-emp-not-inc,123456,10th,10,Divorced,Sales,Not-in-family,White,Male,0,0,40,United-States,>50K
03,Private,83880,Some-college,10,Never-married,Craft-repair,Not-in-family,White,Male,0,0,40,United-States,<=50K
36,Private,123456,Some-college,10,Married-civ-spouse,Transport-moving,Husband,White,Male,0,0,40,United-States,<=50K
30,Private,123456,Bachelors,13,Never-married,Sales,Not-in-family,White,Male,0,0,40,United-States,<=50K
25,Private,123456,12th,12,Divorced,Farming-fishing,Not-in-family,White,Male,0,0,40,United-States,<=50K
25,Private,109070,HS-grad,10,Never-married,Other-service,Own-child,White,Female,0,0,40,United-States,<=50K
30,Private,120000,HS-grad,12,Never-married,Craft-repair,Own-child,White,Male,0,0,40,United-States,<=50K
25,Private,24712,Bachelors,13,Never-married,Other-service,Not-in-family,White,Female,0,0,40,Philippines,<=50K
05,Private,91270,HS-grad,12,Divorced,Other-service,Not-in-family,White,Female,0,0,40,United-States,<=50K
30,Private,123456,Some-college,10,Never-married,Other-service,Not-in-family,White,Male,0,0,40,United-States,<=50K
30,Private,71367,HS-grad,12,Divorced,Other-service,Unmarried,White,Male,0,0,40,United-States,<=50K
30,Private,256000,Bachelors,13,Married-civ-spouse,Tech-support,Husband,Asian-Pac-Islander,Male,5000,0,40,United-States,>50K
40,Private,19914,Some-college,10,Never-married,Sales,Not-in-family,Black,Male,0,0,40,United-States,>50K
30,Private,123456,Bachelors,13,Married-civ-spouse,Adm-clerical,Husband,White,Male,0,0,40,United-States,>50K
25,Self-emp-not-inc,123456,HS-grad,9,Married-civ-spouse,Exec-managerial,Husband,White,Male,0,0,40,United-States,<=50K
45,Private,60000,HS-grad,9,Never-married,Machine-op-inspct,Not-in-family,White,Male,0,0,40,United-States,<=50K
27,Private,24837,HS-grad,12,Divorced,Other-service,Not-in-family,White,Female,0,0,40,United-States,<=50K
02,Private,113396,Some-college,10,Never-married,Tech-support,Not-in-family,White,Male,0,0,40,United-States,<=50K
25,Private,16389,Bachelors,13,Never-married,Tech-support,Not-in-family,White,Male,0,0,40,United-States,>50K
04,Private,99999,Masters,14,Widowed,Prof-specialty,Not-in-family,White,Male,0,0,40,United-States,<=50K
25,Private,18500,Some-college,10,Married-civ-spouse,Other-service,Husband,White,Male,0,0,40,United-States,<=50K
25,Private,96000,Bachelors,13,Never-married,Other-service,Own-child,White,Male,0,0,40,Canada,<=50K
54,Private,123456,Bachelors,13,Widowed,Sales,Not-in-family,White,Female,0,0,40,United-States,<=50K
77,Federal-gov,63798,Bachelors,13,Married-civ-spouse,Exec-managerial,Husband,White,Male,0,0,40,United-States,>50K
02,Private,340543,HS-grad,12,Never-married,Tech-support,Not-in-family,White,Female,0,0,04,United-States,<=50K
26,Private,98600,HS-grad,12,Never-married,Other-service,Own-child,White,Female,0,0,40,United-States,<=50K
09,Self-emp-not-inc,107203,Doctorate,16,Married-civ-spouse,Prof-specialty,Husband,White,Male,0,0,40,United-States,>50K
45,Private,20449,Bachelors,13,Married-civ-spouse,Handlers-cleaners,Husband,White,Male,0,0,40,United-States,<=50K
07,Private,173944,Bachelors,13,Never-married,Prof-specialty,Not-in-family,White,Male,0,0,40,United-States,<=50K
30,Private,232586,Some-college,10,Married-civ-spouse,Craft-repair,Husband,White,Male,0,40,40,United-States,>50K
02,Private,212793,HS-grad,12,Never-married,Machine-op-inspct,Not-in-family,White,Male,0,0,40,United-States,<=50K
43,Self-emp-not-inc,104590,HS-grad,12,Married-civ-spouse,Farming-fishing,Husband,White,Male,0,0,40,United-States,<=50K
05,Private,123456,HS-grad,12,Married-civ-spouse,Tech-support,Husband,White,Male,0,0,40,United-States,>50K
24,Private,19638,Assoc-acdm,12,Never-married,Other-service,Not-in-family,White,Male,0,0,40,United-States,<=50K
30,Self-emp-not-inc,361497,HS-grad,9,Married-civ-spouse,Craft-repair,Husband,White,Male,0,0,40,United-States,<=50K
30,Private,123456,HS-grad,9,Never-married,Sales,Not-in-family,White,Male,0,0,40,United-States,>50K
43,Private,343591,Masters,14,Divorced,Exec-managerial,Not-in-family,White,Female,0,0,40,United-States,<=50K.
30,Self-emp-inc,17071,HS-grad,12,Married-civ-spouse,Exec-managerial,Husband,White,Male,0,0,40,United-States,>50K.
25,Private,16460,Bachelors,13,Married-civ-spouse,Prof-specialty,Husband,White,Male,5000,0,40,United-States,>50K
30,Self-emp-inc,69209,Bachelors,13,Married-civ-spouse,Exec-managerial,Husband,White,Male,3818,0,40,United-States,<=50K
30,Private,88420,Bachelors,13,Never-married,Machine-op-inspct,Not-in-family,White,Male,0,0,40,United-States,<=50K
25,Private,99140,HS-grad,9,Married-civ-spouse,Tech-support,Husband,Asian-Pac-Islander,Female,0,0,40,Philippines,>50K
25,Private,95639,HS-grad,9,Never-married,Handlers-cleaners,Not-in-family,White,Male,0,0,40,United-States,<=50K
07,Private,32000,Some-college,10,Married-civ-spouse,Prof-specialty,Husband,Black,Male,0,0,40,United-States,>50K
25,Private,23456,HS-grad,12,Never-married,Machine-op-inspct,Own-child,White,Male,0,0,40,United-States,<=50K
06,Private,126000,HS-grad,12,Married-civ-spouse,Machine-op-inspct,Husband,White,Male,0,0,40,United-States,<=50K
30,Private,76230,Bachelors,13,Married-civ-spouse,Prof-specialty,Husband,White,Male,5000,0,40,United-States,>50K
07,Self-emp-not-inc,40460,Bachelors,13,Never-married,Prof-specialty,Not-in-family,White,Female,0,0,40,United-States,>50K
25,Private,123456,Bachelors,13,Never-married,Tech-support,Not-in-family,White,Female,0,0,40,United-States,<=50K
30,Private,38113,Some-college,10,Married-civ-spouse,Protective-serv,Husband,White,Male,1502,0,40,United-States,<=50K
25,Private,17777,HS-grad,12,Never-married,Exec-managerial,Not-in-family,White,Female,0,0,40,United-States,<=50K
05,Private,69911,HS-grad,6,Separated,Sales,Not-in-family,White,Male,0,0,40,United-States,<=50K
29,Private,123456,Bachelors,13,Married-civ-spouse,Other-service,Husband,White,Male,0,0,42,United-States,>50K
25,Private,123456,HS-grad,12,Married-civ-spouse,Craft-repair,Husband,White,Male,0,0,40,United-States,>50K
64,Private,123456,HS-grad,12,Divorced,Other-service,Not-in-family,White,Female,0,0,40,United-States,<=50K
30,Private,192290,10th,10,Married-civ-spouse,Adm-clerical,Husband,White,Male,0,0,40,United-States,<=50K
28,Private,123456,HS-grad,9,Divorced,Craft-repair,Not-in-family,White,Male,0,0,40,United-States,<=50K
39,Private,316874,HS-grad,9,Never-married,Other-service,Not-in-family,White,Male,0,0,40,United-States,<=50K
25,Private,153066,Some-college,10,Married-civ-spouse,Craft-repair,Husband,White,Male,0,0,50,United-States,>50K
30,Self-emp-not-inc,15565,HS-grad,12,Married-civ-spouse,Other-service,Husband,White,Male,0,0,40,United-States,<=50K
30,Private,123456,HS-grad,12,Married-civ-spouse,Transport-moving,Husband,White,Male,0,0,40,United-States,<=50K
25,Private,33120,Bachelors,13,Never-married,Prof-specialty,Not-in-family,White,Male,0,0,40,United-States,<=50K
30,Private,15864,HS-grad,12,Married-civ-spouse,Craft-repair,Husband,White,Male,0,0,40,United-States,>50K
03,Private,33997,HS-grad,12,Divorced,Sales,Not-in-family,White,Female,0,0,40,United-States,<=50K
02,Private,165600,HS-grad,12,Never-married,Craft-repair,Not-in-family,White,Male,0,0,40,United-States,<=50K
36,Private,140649,Bachelors,13,Married-civ-spouse,Exec-managerial,Husband,White,Male,0,0,40,United-States,>50K
28,Private,123456,HS-grad,9,Married-civ-spouse,Sales,Husband,White,Male,0,0,40,United-States,<=50K
04,Local-gov,07251,Some-college,10,Married-civ-spouse,Craft-repair,Husband,Black,Male,0,0,40,United-States,>50K
25,Private,123456,HS-grad,12,Married-civ-spouse,Transport-moving,Husband,White,Male,0,0,40,United-States,>50K
30,Private,115000,Bachelors,13,Never-married,Sales,Not-in-family,White,Male,0,0,40,United-States,<=50K
08,Private,201300,Some-college,10,Never-married,Craft-repair,Unmarried,White,Female,0,0,40,United-States,<=50K
06,Private,274451,HS-grad,6,Married-civ-spouse,Transport-moving,Husband,White,Male,0,0,16,United-States,<=50K
03,Private,151888,Some-college,10,Never-married,Other-service,Not-in-family,White,Male,0,0,40,United-States,<=50K
25,Private,123456,Some-college,10,Never-married,Other-service,Not-in-family,White,Male,0,0,40,Canada,<=50K
30,Self-emp-inc,123456,Some-college,10,Married-civ-spouse,Exec-managerial,Husband,White,Male,0,0,40,United-States,>50K
34,Private,54100,HS-grad,9,Married-civ-spouse,Machine-op-inspct,Husband,White,Male,0,0,40,United-States,<=50K
30,Private,95000,Bachelors,13,Never-married,Sales,Own-child,White,Male,0,0,40,United-States,<=50K
30,Private,13240,5th-6th,5,Married-civ-spouse,Sales,Husband,Black,Male,0,0,40,Trinadad&Tobago,>50K
25,Private,123456,Bachelors,13,Never-married,Adm-clerical,Not-in-family,White,Female,0,0,40,United-States,<=50K
30,Private,24366,Bachelors,13,Never-married,Sales,Not-in-family,White,Male,0,0,40,United-States,<=50K
30,Private,67770,HS-grad,12,Married-civ-spouse,Prof-specialty,Husband,White,Male,0,0,60,United-States,>50K
30,Private,144955,HS-grad,9,Married-civ-spouse,Exec-managerial,Husband,White,Male,0,0,40,United-States,<=50K
05,Private,160000,5th-6th,5,Married-civ-spouse,Machine-op-inspct,Husband,Black,Male,0,0,40,United-States,<=50K
25,Private,123456,Bachelors,13,Never-married,Sales,Own-child,White,Female,0,0,40,United-States,>50K
05,Self-emp-not-inc,02372,HS-grad,12,Separated,Exec-managerial,Not-in-family,White,Male,0,0,60,United-States,<=50K
25,Private,123456,Some-college,10,Never-married,Sales,Not-in-family,White,Female,0,0,20,United-States,<=50K
30,State-gov,444554,Some-college,10,Never-married,Other-service,Own-child,White,Male,0,0,40,United-States,>50K
49,Private,24613,HS-grad,9,Married-civ-spouse,Exec-managerial,Husband,White,Male,0,0,40,United-States,>50K
25,Private,123456,Bachelors,13,Never-married,Prof-specialty,Not-in-family,White,Male,0,0,40,United-States,>50K
36,Private,99999,Some-college,10,Never-married,Other-service,Not-in-family,White,Female,0,0,40,United-States,<=50K
25,Self-emp-not-inc,53809,Bachelors,13,Married-civ-spouse,Farming-fishing,Husband,White,Male,0,0,40,United-States,<=50K
28,Private,123456,HS-grad,12,Married-civ-spouse,Exec-managerial,Husband,White,Male,0,0,40,United-States,>50K
40,Private,396745,Bachelors,13,Married-civ-spouse,Prof-specialty,Husband,White,Male,0,0,40,United-States,>50K
25,Private,15552,Some-college,10,Never-married,Adm-clerical,Not-in-family,White,Male,0,0,40,United-States,>50K
25,Private,11731,HS-grad,12,Never-married,Sales,Not-in-family,White,Female,0,0,40,United-States,<=50K
30,Private,16790,HS-grad,9,Married-civ-spouse,Craft-repair,Husband,White,Male,0,0,40,United-States,>50K
06,Private,123456,Some-college,10,Married-civ-spouse,Tech-support,Husband,White,Male,5000,0,40,United-States,<=50K
Q1,Private,60000,HS-grad,12,Never-married,Adm-clerical,Not-in-family,White,Female,0,0,40,United-States,<=50K
30,Private,123456,Bachelors,13,Married-civ-spouse,Adm-clerical,Husband,White,Male,5000,0,40,United-States,<=50K
40,Private,96300,Some-college,10,Married-civ-spouse,Tech-support,Husband,White,Male,0,0,40,United-States,<=50K
25,Private,29780,Doctorate,16,Never-married,Prof-specialty,Not-in-family,White,Female,0,0,40,United-States,<=50K
25,Private,29190,Preschool,1,Married-civ-spouse,Farming-fishing,Husband,White,Male,0,0,40,United-States,<=50K
30,Private,123456,Some-college,10,Married-civ-spouse,Farming-fishing,Husband,White,Male,0,0,40,United-States,<=50K
30,Private,81500,Some-college,10,Never-married,Prof-specialty,Not-in-family,White,Male,0,0,40,United-States,>50K
68,State-gov,68000,HS-grad,9,Married-civ-spouse,Transport-moving,Husband,White,Male,0,0,40,United-States,<=50K
25,Private,223392,Some-college,10,Never-married,Sales,Own-child,White,Female,0,0,40,United-States,<=50K
04,State-gov,162852,Some-college,10,Divorced,Other-service,Not-in-family,White,Female,0,0,40,United-States,<=50K
05,Private,182836,Some-college,10,Married-civ-spouse,Prof-specialty,Husband,White,Male,0,0,40,United-States,>50K
45,Private,186841,HS-grad,9,Married-civ-spouse,Other-service,Husband,White,Male,0,0,40,El-Salvador,>50K
34,Private,26023,Some-college,10,Married-civ-spouse,Craft-repair,Husband,White,Male,0,1651,38,United-States,<=50K
30,Private,99400,Bachelors,13,Never-married,Adm-clerical,Own-child,White,Female,0,0,40,United-States,>50K
30,Private,123456,Bachelors,13,Married-civ-spouse,Prof-specialty,Husband,White,Male,5000,0,40,United-States,>50K
04,Private,103610,Bachelors,13,Married-civ-spouse,Prof-specialty,Husband,White,Male,0,0,40,United-States,>50K.
30,Private,276587,Some-college,10,Married-civ-spouse,Prof-specialty,Husband,White,Male,0,0,40,United-States,>50K
02,Private,55230,HS-grad,12,Never-married,Sales,Unmarried,White,Female,0,0,40,United-States,<=50K
34,Private,180000,HS-grad,12,Married-spouse-absent,Adm-clerical,Wife,White,Female,0,0,40,United-States,<=50K
25,Private,123456,Bachelors,13,Never-married,Other-service,Not-in-family,White,Female,0,0,40,United-States,<=50K
30,Private,31770,HS-grad,12,Divorced,Other-service,Unmarried,White,Male,0,0,40,United-States,<=50K
02,Private,315000,HS-grad,12,Never-married,Other-service,Unmarried,White,Male,0,0,06,United-States,<=50K
40,Private,15930,HS-grad,9,Never-married,Other-service,Own-child,White,Female,0,0,40,United-States,<=50K
62,Self-emp-not-inc,234738,Some-college,13,Married-civ-spouse,Exec-managerial,Husband,White,Male,0,0,40,United-States,>50K
01,Private,210000,Bachelors,13,Never-married,Handlers-cleaners,Not-in-family,White,Male,0,0,40,United-States,>50K
R,Private,165000,Some-college,10,Never-married,Prof-specialty,Not-in-family,White,Female,0,0,40,United-States,<=50K
04,Private,360000,Bachelors,13,Married-civ-spouse,Sales,Husband,White,Male,0,0,40,United-States,>50K
51,Private,160000,HS-grad,12,Married-civ-spouse,Exec-managerial,Husband,White,Male,0,0,50,United-States,>50K
25,Private,236000,HS-grad,12,Separated,Craft-repair,Own-child,White,Male,0,0,40,United-States,>50K
30,Federal-gov,123456,Bachelors,13,Married-civ-spouse,Exec-managerial,Husband,White,Male,0,0,40,United-States,>50K
35,Private,79000,HS-grad,12,Never-married,Prof-specialty,Not-in-family,White,Female,0,0,40,United-States,<=50K
02,Private,16257,HS-grad,12,Married-civ-spouse,Tech-support,Husband,White,Male,0,0,40,United-States,>50K
25,Private,123456,Bachelors,11,Married-civ-spouse,Exec-managerial,Husband,White,Female,0,0,40,United-States,<=50K
45,Federal-gov,90533,Bachelors,13,Never-married,Exec-managerial,Not-in-family,White,Female,0,0,40,United-States,<=50K.
25,Private,123456,Some-college,10,Married-civ-spouse,Tech-support,Husband,White,Male,0,0,40,United-States,<=50K
30,Private,168782,HS-grad,12,Divorced,Handlers-cleaners,Not-in-family,White,Male,0,0,40,United-States,<=50K
30,Private,123456,Bachelors,13,Never-married,Sales,Not-in-family,White,Female,0,0,40,United-States,<=50K
25,Private,156000,HS-grad,12,Married-civ-spouse,Prof-specialty,Husband,White,Male,0,0,40,United-States,>50K
20,Private,27483,Some-college,10,Divorced,Other-service,Not-in-family,White,Male,0,0,40,United-States,<=50K
38,Private,9946,HS-grad,9,Married-civ-spouse,Transport-moving,Husband,White,Male,0,0,65,United-States,<=50K
25,Private,123456,Bachelors,13,Never-married,Tech-support,Own-child,White,Male,5000,0,40,United-States,>50K
30,Private,201000,Some-college,10,Divorced,Handlers-cleaners,Not-in-family,Amer-Indian-Eskimo,Female,0,0,40,United-States,<=50K
30,Private,21480,Some-college,10,Married-civ-spouse,Sales,Husband,White,Male,0,0,40,United-States,>50K
40,Private,132000,Some-college,10,Married-civ-spouse,Exec-managerial,Husband,White,Male,0,0,40,United-States,>50K.
41,Private,16807,Bachelors,13,Married-civ-spouse,Exec-managerial,Husband,White,Male,0,0,40,United-States,>50K
25,Private,199555,Some-college,10,Never-married,Sales,Not-in-family,White,Male,0,0,40,United-States,>50K
42,Private,123456,HS-grad,10,Married-civ-spouse,Craft-repair,Husband,White,Male,0,0,40,United-States,<=50K
04,Private,760000,HS-grad,9,Separated,Machine-op-inspct,Not-in-family,White,Female,0,0,40,United-States,<=50K
25,Private,33430,Some-college,10,Never-married,Farming-fishing,Not-in-family,White,Male,0,0,40,United-States,<=50K
50,Private,182000,Doctorate,16,Married-civ-spouse,Prof-specialty,Husband,White,Male,0,0,40,United-States,>50K
30,Private,74572,HS-grad,9,Never-married,Exec-managerial,Not-in-family,White,Female,0,0,40,United-States,>50K
25,Private,53860,Some-college,10,Never-married,Other-service,Not-in-family,White,Male,0,0,40,Outlying-US(Guam-USVI-etc),<=50K
25,Private,233681,Bachelors,13,Married-civ-spouse,Exec-managerial,Husband,White,Male,0,0,40,United-States,<=50K
30,Private,123456,Bachelors,13,Never-married,Protective-serv,Not-in-family,White,Female,0,0,40,United-States,>50K
28,Private,123456,Bachelors,13,Never-married,Sales,Not-in-family,White,Female,0,0,40,United-States,>50K
25,Self-emp-inc,62200,HS-grad,12,Married-civ-spouse,Transport-moving,Husband,White,Male,0,0,40,United-States,>50K
30,Private,22220,Some-college,10,Married-civ-spouse,Prof-specialty,Wife,White,Female,0,0,40,United-States,<=50K
30,Self-emp-inc,21494,HS-grad,9,Married-civ-spouse,Tech-support,Husband,White,Male,0,0,40,United-States,>50K
30,Private,123456,Bachelors,13,Married-civ-spouse,Prof-specialty,Husband,White,Male,0,0,40,United-States,>50K
25,Private,243190,Bachelors,13,Never-married,Sales,Not-in-family,White,Male,0,0,40,United-States,<=50K
30,Private,54430,Some-college,10,Married-civ-spouse,Tech-support,Husband,White,Male,0,0,40,United-States,>50K
30,Local-gov,340000,Some-college,10,Never-married,Other-service,Own-child,White,Female,0,0,40,United-States,<=50K
25,Self-emp-not-inc,238915,HS-grad,12,Never-married,Handlers-cleaners,Not-in-family,White,Male,0,0,40,United-States,>50K
30,Private,152373,Some-college,10,Divorced,Craft-repair,Not-in-family,White,Male,0,0,40,United-States,>50K
30,Private,123456,Bachelors,13,Married-civ-spouse,Prof-specialty,Husband,White,Male,0,0,50,United-States,>50K
30,Private,29113,HS-grad,9,Married-civ-spouse,Machine-op-inspct,Husband,White,Male,0,0,40,United-States,<=50K
38,Self-emp-not-inc,225860,HS-grad,12,Divorced,Exec-managerial,Not-in-family,White,Male,0,0,40,United-States,<=50K
30,Private,62336,Bachelors,13,Married-civ-spouse,Craft-repair,Husband,Black,Male,0,0,40,United-States,>50K
25,Private,190025,Bachelors,13,Married-civ-spouse,Exec-managerial,Husband,White,Male,0,0,40,United-States,>50K
30,Private,234650,HS-grad,12,Never-married,Other-service,Own-child,White,Male,0,0,40,United-States,<=50K
02,Private,60000,Bachelors,13,Never-married,Other-service,Not-in-family,White,Male,0,0,40,United-States,<=50K
30,Private,50000,HS-grad,9,Never-married,Handlers-cleaners,Not-in-family,White,Male,0,1669,40,United-States,<=50K
32,Private,123456,Some-college,10,Never-married,Sales,Not-in-family,White,Male,0,0,40,United-States,<=50K
42,Self-emp-not-inc,61056,Some-college,10,Never-married,Prof-specialty,Own-child,Black,Male,2174,0,6,United-States,<=50K
25,Private,242000,Some-college,10,Never-married,Handlers-cleaners,Own-child,White,Male,0,0,40,United-States,<=50K
25,Private,128000,Bachelors,16,Married-civ-spouse,Exec-managerial,Husband,White,Male,5000,0,40,United-States,>50K
30,Self-emp-inc,83500,HS-grad,12,Married-civ-spouse,Sales,Husband,White,Male,0,0,40,United-States,>50K
03,Private,86700,HS-grad,10,Never-married,Tech-support,Other-relative,White,Male,0,0,40,United-States,<=50K
09,Private,79000,HS-grad,12,Never-married,Machine-op-inspct,Not-in-family,White,Male,0,1726,40,United-States,<=50K
47,Private,62700,Some-college,10,Divorced,Adm-clerical,Not-in-family,White,Male,0,0,40,United-States,>50K
25,Private,20000,Bachelors,13,Married-civ-spouse,Adm-clerical,Wife,White,Female,0,0,40,United-States,>50K
60,Private,123456,Some-college,4,Married-civ-spouse,Transport-moving,Husband,Amer-Indian-Eskimo,Male,0,0,45,Mexico,<=50K
25,Private,40150,Bachelors,13,Never-married,Tech-support,Not-in-family,White,Female,0,0,40,United-States,<=50K
25,Private,123456,HS-grad,9,Never-married,Other-service,Not-in-family,White,Female,0,0,40,United-States,<=50K
30,Private,117618,Some-college,10,Married-civ-spouse,Tech-support,Own-child,White,Male,0,0,40,United-States,<=50K
30,Federal-gov,123456,Masters,14,Married-civ-spouse,Exec-managerial,Husband,White,Male,0,0,40,United-States,>50K
25,Private,28888,HS-grad,12,Never-married,Sales,Not-in-family,White,Male,0,0,40,United-States,<=50K.
30,Private,389932,HS-grad,9,Divorced,Transport-moving,Not-in-family,Black,Male,0,0,40,United-States,<=50K
02,Private,210794,Bachelors,13,Never-married,Prof-specialty,Own-child,White,Female,0,0,40,United-States,<=50K
25,Private,123456,Some-college,10,Never-married,Sales,Not-in-family,White,Male,0,0,40,United-States,<=50K
26,Private,160000,Some-college,10,Married-civ-spouse,Machine-op-inspct,Husband,Black,Male,0,0,40,United-States,>50K
40,Private,123456,Bachelors,13,Never-married,Exec-managerial,Not-in-family,White,Male,0,0,40,Canada,<=50K
43,Private,123456,HS-grad,12,Married-civ-spouse,Adm-clerical,Wife,White,Male,0,0,40,United-States,>50K
30,Private,20914,HS-grad,9,Married-civ-spouse,Machine-op-inspct,Husband,White,Male,0,0,40,Mexico,>50K
33,Local-gov,17509,HS-grad,12,Married-civ-spouse,Protective-serv,Husband,White,Male,0,0,40,United-States,<=50K
03,Private,123456,9th,9,Divorced,Handlers-cleaners,Not-in-family,White,Male,0,0,40,United-States,<=50K
09,Private,200000,Some-college,10,Never-married,Sales,Own-child,White,Male,0,0,40,United-States,<=50K
08,Private,121027,Some-college,10,Married-civ-spouse,Craft-repair,Husband,White,Male,0,0,45,United-States,<=50K
09,Private,141616,HS-grad,12,Married-civ-spouse,Tech-support,Husband,White,Male,0,0,40,United-States,<=50K
30,Private,100000,HS-grad,12,Divorced,Adm-clerical,Unmarried,White,Male,0,0,40,United-States,<=50K
36,Local-gov,27834,HS-grad,12,Never-married,Protective-serv,Not-in-family,White,Male,0,0,40,United-States,>50K
30,Self-emp-not-inc,139000,Prof-school,16,Married-civ-spouse,Prof-specialty,Husband,White,Male,0,0,40,United-States,>50K
25,Self-emp-not-inc,766890,9th,9,Widowed,Other-service,Not-in-family,White,Male,0,0,40,England,<=50K
02,Private,281627,Some-college,12,Never-married,Prof-specialty,Not-in-family,White,Female,0,0,01,United-States,<=50K
03,Private,18450,Bachelors,13,Married-civ-spouse,Sales,Husband,White,Male,0,1848,40,United-States,>50K
30,Private,21742,Some-college,10,Never-married,Other-service,Not-in-family,White,Female,0,0,30,United-States,<=50K
30,Private,123456,10th,10,Divorced,Other-service,Not-in-family,White,Female,0,0,40,United-States,<=50K
42,Private,38045,Some-college,10,Never-married,Sales,Not-in-family,White,Male,0,0,40,United-States,<=50K
22,Private,185655,Bachelors,13,Never-married,Tech-support,Not-in-family,White,Male,0,0,50,United-States,>50K
25,Private,123456,Some-college,10,Never-married,Sales,Not-in-family,White,Male,0,0,40,United-States,<=50K
30,Private,123456,Bachelors,13,Married-civ-spouse,Prof-specialty,Husband,White,Male,5000,0,40,United-States,>50K
23,Private,123456,Some-college,10,Never-married,Sales,Not-in-family,White,Male,0,0,40,United-States,<=50K
25,Private,168973,Bachelors,13,Married-civ-spouse,Exec-managerial,Wife,White,Female,0,0,40,United-States,>50K
30,Private,123456,Bachelors,13,Never-married,Exec-managerial,Not-in-family,White,Female,0,0,40,United-States,<=50K
30,Local-gov,229716,Some-college,10,Separated,Adm-clerical,Unmarried,Black,Female,0,0,40,United-States,<=50K
04,Self-emp-not-inc,01420,Bachelors,13,Never-married,Other-service,Not-in-family,Black,Male,0,0,40,United-States,>50K
21,Private,171351,Some-college,10,Married-civ-spouse,Craft-repair,Husband,White,Male,0,0,40,United-States,<=50K
30,Local-gov,123456,HS-grad,9,Never-married,Craft-repair,Unmarried,White,Male,0,0,40,United-States,<=50K
30,Private,123456,Bachelors,13,Married-civ-spouse,Other-service,Wife,White,Female,0,0,40,United-States,>50K
25,Private,291232,Some-college,10,Never-married,Other-service,Not-in-family,White,Male,0,0,40,United-States,<=50K.
30,Private,227974,1st-4th,2,Married-civ-spouse,Exec-managerial,Husband,White,Male,3942,0,40,Mexico,<=50K
25,Local-gov,227443,Some-college,10,Married-civ-spouse,Craft-repair,Husband,White,Male,0,0,40,United-States,<=50K
02,Private,11666,HS-grad,12,Never-married,Other-service,Own-child,White,Male,0,1719,01,United-States,<=50K
07,Private,623000,Some-college,10,Widowed,Exec-managerial,Unmarried,White,Male,30,0,40,United-States,>50K
08,Private,265628,Some-college,12,Never-married,Handlers-cleaners,Own-child,White,Male,0,0,40,United-States,>50K
03,Private,123456,HS-grad,12,Married-civ-spouse,Tech-support,Husband,White,Male,0,0,40,United-States,<=50K
17,Private,123456,HS-grad,12,Never-married,Sales,Own-child,White,Male,0,0,40,United-States,<=50K
30,Private,123456,HS-grad,9,Never-married,Craft-repair,Not-in-family,White,Male,0,0,70,United-States,<=50K
58,Private,10279,HS-grad,12,Divorced,Other-service,Own-child,White,Female,0,0,40,United-States,<=50K
40,Private,91008,HS-grad,12,Divorced,Sales,Not-in-family,White,Female,0,0,40,United-States,>50K
30,Private,123456,Masters,14,Married-civ-spouse,Prof-specialty,Husband,White,Male,5000,0,37,United-States,>50K
29,Private,123456,Some-college,10,Never-married,Craft-repair,Not-in-family,White,Male,0,0,40,United-States,<=50K
40,Private,41100,HS-grad,9,Widowed,Machine-op-inspct,Not-in-family,White,Female,0,0,40,United-States,<=50K
04,Private,89000,Bachelors,13,Married-civ-spouse,Exec-managerial,Husband,White,Male,0,0,40,United-States,>50K
25,Private,17689,Some-college,10,Never-married,Adm-clerical,Own-child,White,Female,0,0,40,United-States,<=50K
30,Private,123456,Bachelors,13,Married-civ-spouse,Exec-managerial,Husband,White,Male,0,0,40,United-States,>50K
25,Self-emp-not-inc,12973,HS-grad,12,Married-civ-spouse,Exec-managerial,Husband,White,Male,0,0,40,United-States,>50K
25,Private,123456,Bachelors,13,Never-married,Sales,Not-in-family,White,Male,0,0,40,United-States,<=50K
25,Private,25785,Some-college,10,Never-married,Craft-repair,Not-in-family,White,Male,0,0,40,United-States,>50K
25,Private,142712,Some-college,10,Never-married,Handlers-cleaners,Own-child,White,Male,0,0,40,United-States,<=50K
30,Private,45210,HS-grad,9,Married-civ-spouse,Exec-managerial,Husband,White,Male,0,0,40,United-States,>50K
47,Self-emp-inc,483596,HS-grad,12,Married-civ-spouse,Exec-managerial,Husband,White,Male,0,0,40,United-States,<=50K
08,Private,70000,Bachelors,13,Never-married,Sales,Own-child,White,Male,0,0,40,United-States,<=50K
06,Self-emp-not-inc,19751,Assoc-acdm,12,Married-civ-spouse,Exec-managerial,Husband,Asian-Pac-Islander,Male,0,0,40,United-States,<=50K
48,Federal-gov,50647,Some-college,10,Married-spouse-absent,Tech-support,Not-in-family,White,Female,0,0,40,United-States,<=50K.
02,Federal-gov,123456,Bachelors,13,Married-civ-spouse,Exec-managerial,Husband,White,Male,0,0,40,United-States,>50K
25,Private,123456,Some-college,10,Never-married,Sales,Not-in-family,White,Male,0,0,40,United-States,>50K
10,Private,64050,10th,10,Never-married,Sales,Unmarried,White,Female,0,0,40,United-States,<=50K
32,Federal-gov,81000,Bachelors,13,Married-civ-spouse,Adm-clerical,Husband,White,Male,0,0,35,United-States,>50K
25,Private,123456,HS-grad,12,Never-married,Sales,Not-in-family,White,Male,0,0,40,United-States,<=50K
04,Private,159075,HS-grad,12,Divorced,Other-service,Not-in-family,White,Male,0,0,40,United-States,<=50K
02,Private,123456,HS-grad,12,Married-civ-spouse,Exec-managerial,Husband,White,Male,0,0,40,Mexico,<=50K
30,Private,325596,Bachelors,13,Never-married,Tech-support,Not-in-family,White,Male,0,0,40,United-States,>50K
30,Private,123456,Bachelors,13,Married-civ-spouse,Tech-support,Husband,White,Male,0,0,40,United-States,<=50K
03,Private,20480,Some-college,10,Separated,Exec-managerial,Unmarried,Amer-Indian-Eskimo,Female,0,0,40,United-States,<=50K
30,Private,17193,HS-grad,9,Married-civ-spouse,Transport-moving,Husband,White,Male,0,0,40,United-States,<=50K
25,Private,250000,Bachelors,13,Divorced,Tech-support,Not-in-family,White,Female,0,0,40,United-States,<=50K
03,Private,168800,HS-grad,12,Never-married,Machine-op-inspct,Own-child,White,Male,0,0,40,United-States,<=50K
25,Private,49100,Some-college,10,Never-married,Craft-repair,Husband,White,Male,0,0,40,United-States,>50K
05,Private,289207,Doctorate,16,Married-civ-spouse,Prof-specialty,Husband,White,Male,0,90,40,United-States,>50K
30,Private,162000,5th-6th,5,Divorced,Other-service,Not-in-family,White,Male,0,0,40,Puerto-Rico,<=50K
57,Private,16922,HS-grad,12,Married-civ-spouse,Craft-repair,Husband,White,Male,0,0,40,United-States,>50K
02,Private,142528,Some-college,10,Never-married,Other-service,Own-child,White,Male,0,0,40,United-States,<=50K
25,Private,123456,HS-grad,12,Never-married,Sales,Not-in-family,Black,Female,0,0,40,United-States,>50K
25,Private,123456,Bachelors,13,Never-married,Exec-managerial,Not-in-family,White,Male,0,0,40,United-States,<=50K
25,Private,123456,Some-college,10,Never-married,Other-service,Not-in-family,White,Male,0,0,40,United-States,<=50K
28,Private,14000,Some-college,10,Married-civ-spouse,Adm-clerical,Own-child,White,Female,0,0,40,United-States,<=50K
25,Private,70037,Masters,14,Never-married,Prof-specialty,Not-in-family,White,Male,0,0,40,United-States,>50K
25,Private,159000,HS-grad,12,Never-married,Adm-clerical,Own-child,White,Male,0,0,40,United-States,<=50K
06,Private,01130,HS-grad,12,Married-civ-spouse,Sales,Husband,White,Male,0,0,40,United-States,>50K
30,Federal-gov,123456,Bachelors,13,Married-civ-spouse,Transport-moving,Husband,White,Male,0,0,40,United-States,>50K
30,Private,123456,Some-college,10,Married-civ-spouse,Handlers-cleaners,Husband,White,Male,0,0,40,United-States,<=50K
25,Private,123456,HS-grad,9,Never-married,Sales,Unmarried,White,Male,0,0,40,United-States,<=50K
25,Private,123456,Bachelors,13,Married-civ-spouse,Prof-specialty,Own-child,White,Male,0,0,40,United-States,<=50K
03,Private,123456,HS-grad,9,Married-civ-spouse,Craft-repair,Husband,White,Male,2407,0,40,United-States,<=50K.
30,Private,123456,Bachelors,13,Never-married,Exec-managerial,Husband,White,Male,0,0,40,United-States,>50K
25,Private,256496,Some-college,10,Never-married,Sales,Not-in-family,White,Male,0,0,40,United-States,<=50K
25,Private,123456,Some-college,10,Divorced,Adm-clerical,Not-in-family,Black,Male,0,0,40,United-States,<=50K.
30,Self-emp-not-inc,65007,HS-grad,9,Married-civ-spouse,Transport-moving,Husband,White,Female,0,0,40,United-States,>50K
03,Federal-gov,123456,HS-grad,12,Married-civ-spouse,Adm-clerical,Husband,White,Male,0,0,40,United-States,>50K
32,Private,1060,HS-grad,12,Never-married,Sales,Not-in-family,White,Male,0,0,32,United-States,<=50K
36,Private,25112,HS-grad,9,Married-civ-spouse,Craft-repair,Husband,White,Male,0,0,40,United-States,>50K
04,Private,20954,Some-college,10,Married-civ-spouse,Prof-specialty,Husband,White,Female,0,0,40,United-States,>50K
25,Private,40000,HS-grad,9,Married-civ-spouse,Exec-managerial,Husband,White,Male,0,0,40,United-States,>50K
25,Private,338176,Bachelors,13,Married-civ-spouse,Machine-op-inspct,Husband,White,Female,0,0,40,United-States,>50K
25,Private,285294,Bachelors,13,Never-married,Sales,Not-in-family,White,Female,0,0,40,United-States,>50K
02,Federal-gov,123456,Bachelors,13,Never-married,Adm-clerical,Unmarried,Black,Female,0,1590,40,United-States,<=50K
30,Private,37836,Bachelors,12,Married-civ-spouse,Prof-specialty,Husband,White,Male,0,0,40,United-States,>50K
30,Private,123456,Bachelors,13,Married-civ-spouse,Exec-managerial,Husband,White,Male,5000,0,40,United-States,>50K
08,Private,40573,Assoc-acdm,12,Married-civ-spouse,Prof-specialty,Husband,White,Male,0,0,40,United-States,>50K
30,Private,123456,Bachelors,13,Married-civ-spouse,Prof-specialty,Wife,White,Female,0,0,40,United-States,>50K
25,Private,123456,Bachelors,13,Never-married,Farming-fishing,Unmarried,White,Female,0,0,40,United-States,<=50K
30,Private,137300,Bachelors,13,Married-spouse-absent,Handlers-cleaners,Not-in-family,Asian-Pac-Islander,Male,0,0,40,India,>50K
30,Private,169730,Some-college,9,Married-civ-spouse,Craft-repair,Husband,White,Male,0,0,40,United-States,>50K
Gl,Private,90483,Some-college,10,Divorced,Sales,Not-in-family,White,Female,0,0,40,Iran,<=50K
25,Private,44000,Some-college,10,Married-civ-spouse,Adm-clerical,Husband,Black,Male,0,0,25,United-States,<=50K
02,Private,14165,10th,10,Divorced,Other-service,Own-child,White,Male,0,0,40,United-States,>50K
18,Private,33427,Some-college,10,Never-married,Farming-fishing,Own-child,White,Male,0,0,40,United-States,<=50K
25,Private,230000,Bachelors,13,Never-married,Prof-specialty,Not-in-family,White,Female,0,0,40,United-States,>50K
05,Private,96635,Some-college,10,Never-married,Other-service,Not-in-family,Asian-Pac-Islander,Male,0,0,40,South,<=50K
02,Federal-gov,123456,HS-grad,12,Married-civ-spouse,Other-service,Wife,White,Male,5000,0,40,United-States,>50K.
30,Private,69306,Some-college,10,Never-married,Other-service,Not-in-family,White,Female,0,0,40,United-States,<=50K
30,Private,123456,Masters,14,Never-married,Exec-managerial,Not-in-family,White,Female,0,0,40,United-States,<=50K
41,Private,123456,Bachelors,13,Separated,Exec-managerial,Unmarried,White,Male,0,0,40,United-States,>50K
21,Private,13208,HS-grad,12,Married-spouse-absent,Other-service,Own-child,White,Female,0,0,40,United-States,<=50K
25,Private,16251,Masters,14,Married-civ-spouse,Prof-specialty,Wife,Asian-Pac-Islander,Female,0,0,40,United-States,>50K
03,Private,123456,HS-grad,12,Married-civ-spouse,Tech-support,Husband,White,Male,0,0,40,United-States,>50K
03,Private,198216,HS-grad,12,Divorced,Tech-support,Not-in-family,White,Male,0,0,40,United-States,>50K
08,Private,34260,Some-college,10,Never-married,Craft-repair,Own-child,White,Male,0,0,40,United-States,<=50K
30,Private,283000,HS-grad,12,Married-spouse-absent,Sales,Not-in-family,Black,Male,0,1816,40,United-States,<=50K
25,Private,123456,HS-grad,12,Married-civ-spouse,Craft-repair,Husband,White,Male,0,0,40,United-States,>50K
79,Private,127003,HS-grad,12,Never-married,Sales,Not-in-family,Black,Male,0,0,40,United-States,>50K
02,Private,192600,Bachelors,13,Married-civ-spouse,Exec-managerial,Husband,White,Female,0,0,40,United-States,>50K
37,Local-gov,30000,HS-grad,9,Never-married,Other-service,Not-in-family,White,Female,0,0,40,United-States,<=50K
02,Private,76800,Assoc-voc,12,Never-married,Adm-clerical,Own-child,White,Female,0,0,36,United-States,<=50K
25,Private,123456,10th,10,Never-married,Sales,Not-in-family,White,Male,0,0,40,United-States,<=50K
05,Local-gov,100000,Bachelors,13,Married-civ-spouse,Prof-specialty,Husband,White,Male,0,0,40,United-States,<=50K
25,Private,234224,Bachelors,13,Never-married,Exec-managerial,Not-in-family,White,Male,0,0,40,United-States,>50K
30,Private,49170,Prof-school,14,Married-civ-spouse,Exec-managerial,Husband,White,Male,2825,0,50,United-States,>50K
30,Private,123456,HS-grad,12,Widowed,Sales,Not-in-family,White,Male,0,0,40,United-States,<=50K
29,Private,123456,HS-grad,12,Married-civ-spouse,Machine-op-inspct,Husband,White,Male,0,0,40,United-States,>50K
38,State-gov,154374,Some-college,10,Separated,Exec-managerial,Not-in-family,White,Male,0,0,40,United-States,<=50K
34,Private,123456,Some-college,10,Divorced,Sales,Not-in-family,White,Male,0,0,40,United-States,>50K
30,Private,123456,HS-grad,12,Married-civ-spouse,Craft-repair,Husband,White,Male,0,0,40,United-States,<=50K
25,Private,11170,11th,11,Never-married,Sales,Own-child,White,Male,0,0,40,United-States,<=50K
25,Private,123456,HS-grad,12,Never-married,Adm-clerical,Not-in-family,White,Male,0,0,40,United-States,<=50K
60,Private,13500,5th-6th,5,Married-civ-spouse,Craft-repair,Husband,White,Male,0,0,40,Mexico,>50K
34,Private,84555,HS-grad,9,Divorced,Sales,Not-in-family,White,Male,0,0,40,United-States,<=50K
30,Private,200000,HS-grad,12,Married-civ-spouse,Craft-repair,Husband,White,Male,0,0,40,United-States,>50K
52,Private,108892,Some-college,10,Never-married,Machine-op-inspct,Not-in-family,Black,Male,0,0,40,United-States,<=50K
30,Private,284086,Bachelors,13,Married-civ-spouse,Prof-specialty,Husband,White,Male,5000,0,40,United-States,>50K
25,Private,123456,HS-grad,9,Never-married,Sales,Not-in-family,White,Male,0,0,40,United-States,<=50K
30,Private,123456,Bachelors,13,Married-civ-spouse,Exec-managerial,Husband,Black,Male,0,0,40,United-States,<=50K.
05,Private,123456,Assoc-voc,10,Married-civ-spouse,Tech-support,Husband,White,Male,5000,0,40,United-States,>50K
16,Private,201965,Some-college,10,Never-married,Prof-specialty,Unmarried,White,Male,0,0,40,United-States,>50K
27,Private,123456,Some-college,10,Married-civ-spouse,Tech-support,Husband,White,Male,0,0,40,United-States,>50K
25,Private,123456,Bachelors,13,Married-civ-spouse,Craft-repair,Husband,White,Male,0,0,40,United-States,>50K
30,Private,1710,Bachelors,13,Married-civ-spouse,Prof-specialty,Husband,White,Male,0,0,40,United-States,>50K
30,Private,53707,HS-grad,12,Married-civ-spouse,Prof-specialty,Husband,White,Male,0,0,40,United-States,>50K
25,Private,173004,HS-grad,12,Never-married,Machine-op-inspct,Not-in-family,Black,Male,0,0,40,United-States,<=50K
25,Private,123456,HS-grad,12,Never-married,Machine-op-inspct,Unmarried,White,Female,0,0,40,United-States,<=50K
30,Private,123456,Bachelors,13,Never-married,Exec-managerial,Not-in-family,White,Male,0,0,40,United-States,>50K
30,Private,12226,HS-grad,9,Married-civ-spouse,Craft-repair,Husband,White,Male,0,0,40,Italy,<=50K
25,Private,350000,HS-grad,9,Never-married,Sales,Own-child,White,Male,0,0,40,United-States,<=50K
08,Private,25498,11th,11,Never-married,Other-service,Own-child,White,Male,0,0,08,United-States,<=50K
27,Private,120126,Some-college,14,Never-married,Exec-managerial,Husband,White,Male,0,0,40,United-States,<=50K
30,Federal-gov,97861,Bachelors,11,Married-civ-spouse,Exec-managerial,Husband,White,Male,5000,0,40,United-States,>50K
30,Private,183610,HS-grad,9,Never-married,Sales,Not-in-family,White,Male,0,0,40,United-States,<=50K
39,Private,12915,Bachelors,13,Married-civ-spouse,Tech-support,Husband,White,Male,0,0,40,United-States,>50K
30,Private,30496,Assoc-acdm,12,Never-married,Adm-clerical,Not-in-family,White,Female,0,1980,40,United-States,<=50K
02,Federal-gov,45000,Some-college,10,Never-married,Other-service,Own-child,White,Male,0,0,40,United-States,<=50K
36,Self-emp-not-inc,35945,7th-8th,7,Married-civ-spouse,Machine-op-inspct,Husband,White,Male,0,0,40,United-States,>50K
03,Self-emp-inc,48087,HS-grad,12,Married-civ-spouse,Craft-repair,Husband,White,Male,0,0,40,United-States,<=50K
25,Private,18750,Some-college,10,Never-married,Craft-repair,Not-in-family,White,Male,0,0,40,United-States,<=50K
29,Private,239284,Some-college,9,Divorced,Adm-clerical,Not-in-family,White,Female,0,0,40,United-States,<=50K
22,Private,7445,Some-college,12,Never-married,Sales,Not-in-family,White,Female,0,0,40,United-States,<=50K
25,Private,123456,HS-grad,9,Married-civ-spouse,Tech-support,Husband,White,Male,0,0,40,United-States,>50K
36,Private,82488,Bachelors,13,Married-civ-spouse,Adm-clerical,Husband,Asian-Pac-Islander,Female,0,0,40,Philippines,<=50K
25,Private,825423,HS-grad,9,Married-civ-spouse,Transport-moving,Husband,White,Male,0,0,40,United-States,>50K
32,Private,100000,Masters,14,Never-married,Exec-managerial,Not-in-family,White,Female,0,0,40,United-States,<=50K
25,Private,183802,Bachelors,13,Married-civ-spouse,Transport-moving,Husband,White,Male,0,0,40,United-States,<=50K
24,Private,70668,Some-college,10,Never-married,Priv-house-serv,Not-in-family,White,Female,0,0,40,United-States,>50K
25,Private,13760,HS-grad,9,Never-married,Sales,Not-in-family,White,Male,0,0,40,United-States,<=50K
25,Private,180000,HS-grad,9,Married-civ-spouse,Tech-support,Husband,White,Male,0,0,40,United-States,>50K
25,Private,123456,Assoc-acdm,12,Divorced,Adm-clerical,Not-in-family,White,Male,0,0,40,United-States,<=50K
19,Private,73461,HS-grad,9,Never-married,Tech-support,Not-in-family,White,Male,0,0,40,United-States,<=50K
28,Private,123456,Some-college,10,Married-civ-spouse,Tech-support,Husband,White,Male,0,0,40,United-States,>50K
30,Private,17731,Bachelors,13,Married-civ-spouse,Craft-repair,Husband,White,Male,0,0,40,United-States,>50K
40,Federal-gov,50000,HS-grad,12,Married-civ-spouse,Prof-specialty,Husband,Black,Female,0,0,40,United-States,<=50K
29,Private,314182,HS-grad,12,Never-married,Other-service,Not-in-family,White,Female,0,0,49,United-States,<=50K
25,Private,123456,Bachelors,13,Never-married,Exec-managerial,Not-in-family,White,Male,0,0,40,United-States,<=50K
25,Private,133963,HS-grad,12,Never-married,Sales,Not-in-family,White,Male,0,0,40,United-States,>50K
30,Private,123456,Masters,14,Never-married,Sales,Not-in-family,White,Female,5000,0,40,United-States,>50K
40,Private,36170,Some-college,10,Divorced,Craft-repair,Unmarried,White,Male,0,0,40,United-States,>50K
05,Private,123456,HS-grad,12,Never-married,Adm-clerical,Not-in-family,White,Male,0,0,40,United-States,<=50K
30,Private,123456,Bachelors,13,Married-civ-spouse,Exec-managerial,Husband,White,Male,0,0,40,United-States,<=50K
53,Private,17645,Masters,14,Divorced,Prof-specialty,Unmarried,White,Female,0,0,40,United-States,>50K
25,Private,123456,HS-grad,9,Married-civ-spouse,Craft-repair,Husband,White,Male,0,0,40,United-States,<=50K
30,Self-emp-inc,190000,Bachelors,13,Married-civ-spouse,Prof-specialty,Husband,White,Male,0,0,40,United-States,>50K
26,Private,248000,HS-grad,12,Never-married,Craft-repair,Not-in-family,White,Male,0,0,40,United-States,<=50K
30,Private,64000,HS-grad,12,Never-married,Adm-clerical,Own-child,Asian-Pac-Islander,Male,0,0,40,United-States,<=50K
30,Private,327279,Some-college,9,Separated,Machine-op-inspct,Unmarried,White,Female,0,2238,40,United-States,<=50K
29,Self-emp-not-inc,164000,HS-grad,9,Never-married,Transport-moving,Not-in-family,White,Male,0,0,40,United-States,<=50K
07,Private,91776,HS-grad,12,Never-married,Sales,Not-in-family,White,Female,0,0,08,United-States,<=50K
06,Private,134768,Bachelors,13,Married-civ-spouse,Exec-managerial,Husband,White,Male,0,0,40,Germany,>50K
05,Private,100000,Some-college,10,Never-married,Exec-managerial,Husband,White,Male,0,1672,40,United-States,>50K
01,Private,27300,HS-grad,12,Married-civ-spouse,Handlers-cleaners,Husband,White,Male,0,0,40,United-States,<=50K.
06,Self-emp-inc,200000,Bachelors,13,Married-civ-spouse,Prof-specialty,Husband,White,Male,0,0,50,United-States,>50K
44,Private,138077,Some-college,13,Never-married,Adm-clerical,Unmarried,White,Male,0,0,40,United-States,<=50K
34,Self-emp-inc,50000,Some-college,10,Married-civ-spouse,Craft-repair,Husband,White,Male,0,0,70,United-States,>50K
06,Private,57171,HS-grad,9,Married-civ-spouse,Exec-managerial,Husband,White,Male,0,0,40,United-States,>50K
25,Private,123456,Bachelors,9,Married-civ-spouse,Exec-managerial,Husband,White,Female,5000,0,40,United-States,>50K
30,Private,215053,Bachelors,13,Married-spouse-absent,Other-service,Not-in-family,Other,Male,0,0,40,Mexico,<=50K
30,Private,137681,Bachelors,13,Never-married,Tech-support,Own-child,White,Male,0,0,40,United-States,<=50K.
30,Private,123456,Bachelors,13,Married-civ-spouse,Tech-support,Husband,White,Male,0,0,40,United-States,>50K
05,Private,403111,HS-grad,9,Divorced,Adm-clerical,Own-child,White,Female,0,0,10,United-States,<=50K
30,Private,473133,HS-grad,12,Married-civ-spouse,Exec-managerial,Husband,White,Male,0,0,40,United-States,<=50K
30,Self-emp-inc,123456,HS-grad,12,Married-civ-spouse,Prof-specialty,Husband,White,Male,5000,1977,40,United-States,>50K
30,Private,190580,Masters,14,Married-civ-spouse,Prof-specialty,Husband,White,Female,297,0,40,United-States,>50K
05,Self-emp-inc,30570,Bachelors,13,Married-civ-spouse,Prof-specialty,Husband,Asian-Pac-Islander,Male,7688,0,40,United-States,>50K
33,Private,123456,HS-grad,9,Never-married,Machine-op-inspct,Not-in-family,White,Male,0,0,40,United-States,<=50K
23,Private,23000,HS-grad,12,Married-spouse-absent,Craft-repair,Husband,White,Male,0,0,40,United-States,<=50K
24,Private,215797,Bachelors,13,Never-married,Tech-support,Not-in-family,White,Female,0,0,40,United-States,>50K
25,Private,65610,Bachelors,13,Married-civ-spouse,Tech-support,Husband,White,Male,0,0,40,United-States,<=50K
25,Private,99130,Bachelors,13,Never-married,Exec-managerial,Not-in-family,White,Female,0,0,40,United-States,>50K
61,Private,275000,HS-grad,9,Divorced,Other-service,Not-in-family,White,Female,0,0,40,United-States,>50K
30,Private,11780,Bachelors,13,Married-civ-spouse,Exec-managerial,Husband,White,Male,0,0,50,United-States,>50K
23,Private,47700,HS-grad,12,Never-married,Exec-managerial,Not-in-family,White,Male,0,0,40,United-States,<=50K
30,Private,279461,Some-college,10,Married-civ-spouse,Transport-moving,Husband,White,Male,0,0,40,United-States,>50K
25,Private,151000,HS-grad,9,Never-married,Adm-clerical,Not-in-family,White,Female,0,0,40,United-States,<=50K
25,Private,205343,11th,11,Never-married,Other-service,Unmarried,White,Female,0,0,40,United-States,<=50K
40,Private,123456,HS-grad,9,Never-married,Other-service,Not-in-family,White,Female,0,0,40,United-States,<=50K
24,Private,123456,Some-college,9,Never-married,Exec-managerial,Own-child,White,Female,0,0,40,United-States,<=50K
30,Private,123456,HS-grad,12,Married-civ-spouse,Exec-managerial,Husband,White,Male,5000,0,40,United-States,>50K
08,Private,123456,Some-college,10,Never-married,Exec-managerial,Not-in-family,White,Female,0,0,40,United-States,<=50K
30,Private,660870,Bachelors,13,Never-married,Prof-specialty,Not-in-family,White,Female,0,0,40,United-States,<=50K
18,Private,123456,Some-college,12,Never-married,Other-service,Own-child,White,Female,0,0,40,United-States,<=50K
30,Private,215000,HS-grad,9,Never-married,Adm-clerical,Not-in-family,White,Female,0,0,40,United-States,>50K
25,Private,99999,Some-college,10,Never-married,Transport-moving,Own-child,White,Male,0,0,40,United-States,<=50K
25,Private,199731,HS-grad,9,Never-married,Other-service,Unmarried,White,Male,0,0,35,United-States,<=50K
46,Private,28419,Assoc-voc,11,Never-married,Transport-moving,Not-in-family,White,Male,0,0,40,United-States,>50K
04,Private,123456,HS-grad,12,Never-married,Transport-moving,Not-in-family,White,Female,0,0,40,United-States,<=50K
36,Private,217414,Some-college,10,Divorced,Other-service,Not-in-family,White,Male,0,0,40,United-States,<=50K
05,Private,107164,Some-college,10,Married-civ-spouse,Exec-managerial,Husband,White,Male,0,0,40,United-States,>50K
30,Private,26188,HS-grad,9,Never-married,Craft-repair,Not-in-family,White,Male,0,0,40,United-States,<=50K
40,Private,123456,Bachelors,13,Married-civ-spouse,Prof-specialty,Husband,White,Male,0,0,40,United-States,>50K
30,Private,123456,Bachelors,13,Divorced,Exec-managerial,Not-in-family,White,Female,0,0,40,United-States,<=50K
30,Private,21117,HS-grad,12,Never-married,Machine-op-inspct,Not-in-family,White,Male,0,0,40,United-States,>50K
48,Private,440706,HS-grad,9,Married-civ-spouse,Machine-op-inspct,Husband,White,Male,0,0,40,United-States,>50K
25,Private,123456,Bachelors,13,Married-civ-spouse,Sales,Husband,White,Male,0,0,40,United-States,>50K
22,Private,123456,HS-grad,9,Married-spouse-absent,Other-service,Not-in-family,Black,Female,0,0,40,United-States,<=50K
27,Private,625940,HS-grad,12,Married-civ-spouse,Adm-clerical,Husband,White,Male,0,0,40,United-States,<=50K
25,Private,123456,Bachelors,13,Married-civ-spouse,Tech-support,Husband,White,Male,0,0,40,United-States,<=50K
06,Private,89751,HS-grad,12,Never-married,Machine-op-inspct,Other-relative,White,Male,0,0,40,United-States,<=50K
25,Private,24384,9th,8,Never-married,Craft-repair,Own-child,White,Male,0,0,40,United-States,<=50K
25,Local-gov,215895,Masters,14,Married-civ-spouse,Adm-clerical,Husband,White,Male,0,0,40,United-States,>50K
30,Self-emp-not-inc,171968,Some-college,13,Widowed,Exec-managerial,Wife,Asian-Pac-Islander,Female,0,0,60,Thailand,>50K
28,Private,182000,Some-college,10,Divorced,Adm-clerical,Not-in-family,White,Female,0,0,40,United-States,<=50K
20,Private,62729,Some-college,10,Never-married,Other-service,Not-in-family,White,Male,0,0,35,United-States,<=50K
20,Private,123456,HS-grad,9,Never-married,Other-service,Unmarried,White,Male,0,0,20,United-States,<=50K
25,Private,18560,HS-grad,12,Divorced,Machine-op-inspct,Unmarried,White,Male,0,0,40,United-States,>50K
25,Private,20658,HS-grad,9,Never-married,Prof-specialty,Unmarried,White,Female,0,0,40,United-States,<=50K
30,Private,82699,Some-college,12,Divorced,Prof-specialty,Not-in-family,Black,Male,0,0,40,United-States,>50K
30,Private,300000,Bachelors,13,Never-married,Prof-specialty,Not-in-family,White,Male,0,0,40,United-States,>50K
27,Private,380560,HS-grad,12,Never-married,Farming-fishing,Other-relative,White,Female,0,0,40,Mexico,<=50K
30,Private,123456,HS-grad,12,Married-civ-spouse,Machine-op-inspct,Wife,White,Female,0,0,40,United-States,>50K
30,Private,37721,Some-college,10,Never-married,Other-service,Unmarried,White,Female,0,0,40,United-States,<=50K
30,Private,62000,Some-college,10,Never-married,Other-service,Not-in-family,White,Female,0,0,40,United-States,<=50K
02,Private,200783,7th-8th,8,Married-civ-spouse,Machine-op-inspct,Husband,White,Male,0,0,40,United-States,<=50K
40,Federal-gov,72000,Bachelors,13,Married-civ-spouse,Exec-managerial,Husband,White,Male,0,0,40,United-States,>50K
25,Private,81259,Some-college,10,Divorced,Prof-specialty,Not-in-family,White,Female,0,0,40,United-States,>50K
30,Private,299902,HS-grad,12,Separated,Transport-moving,Unmarried,White,Female,0,0,40,United-States,>50K
25,Private,123456,HS-grad,12,Divorced,Other-service,Unmarried,White,Female,0,0,40,United-States,<=50K
30,Private,123456,Bachelors,13,Never-married,Tech-support,Not-in-family,White,Male,0,0,40,United-States,<=50K
25,Private,82600,Assoc-acdm,12,Married-civ-spouse,Sales,Husband,White,Male,0,0,40,United-States,<=50K
05,Self-emp-not-inc,200000,Bachelors,13,Married-civ-spouse,Tech-support,Husband,White,Male,0,0,40,United-States,<=50K
23,Private,49087,Bachelors,13,Never-married,Tech-support,Own-child,White,Female,0,0,40,United-States,<=50K
30,Private,65840,Bachelors,13,Never-married,Exec-managerial,Own-child,White,Female,0,0,40,United-States,<=50K
30,State-gov,239256,Some-college,10,Married-civ-spouse,Adm-clerical,Husband,White,Male,0,0,40,United-States,<=50K
30,Private,27855,Bachelors,13,Married-civ-spouse,Prof-specialty,Husband,White,Male,0,0,40,United-States,>50K
04,Private,20909,HS-grad,12,Never-married,Handlers-cleaners,Own-child,White,Male,0,0,32,United-States,<=50K
25,Private,178000,Some-college,10,Never-married,Adm-clerical,Not-in-family,White,Male,0,0,40,United-States,<=50K
32,Private,178449,HS-grad,9,Never-married,Craft-repair,Not-in-family,White,Male,0,0,40,United-States,<=50K.
34,Private,100000,HS-grad,9,Never-married,Other-service,Not-in-family,White,Male,0,0,40,United-States,<=50K
25,Self-emp-not-inc,28571,Bachelors,13,Married-civ-spouse,Exec-managerial,Husband,Asian-Pac-Islander,Male,0,0,40,China,>50K
14,Private,76000,HS-grad,12,Married-civ-spouse,Protective-serv,Husband,White,Male,0,0,40,United-States,<=50K
38,Private,14446,HS-grad,5,Married-spouse-absent,Exec-managerial,Not-in-family,White,Male,0,0,54,Mexico,<=50K
40,Private,82900,Some-college,10,Never-married,Sales,Not-in-family,Black,Female,0,0,40,Puerto-Rico,<=50K
30,Private,123456,Bachelors,13,Never-married,Tech-support,Not-in-family,White,Female,0,0,40,United-States,<=50K
03,Private,29510,HS-grad,12,Married-civ-spouse,Prof-specialty,Husband,White,Male,0,0,52,United-States,<=50K
30,Private,123456,HS-grad,9,Separated,Handlers-cleaners,Husband,White,Male,0,0,40,United-States,<=50K
22,Private,123456,Some-college,10,Never-married,Adm-clerical,Not-in-family,White,Male,0,0,40,United-States,<=50K
32,Private,86723,HS-grad,12,Never-married,Other-service,Not-in-family,White,Male,0,0,40,United-States,<=50K
08,Private,80600,HS-grad,9,Married-civ-spouse,Machine-op-inspct,Husband,White,Male,0,0,40,United-States,<=50K
41,Private,123456,HS-grad,12,Married-civ-spouse,Other-service,Husband,White,Male,0,0,40,United-States,<=50K
48,Local-gov,119728,Some-college,10,Married-civ-spouse,Transport-moving,Husband,White,Male,0,0,40,United-States,<=50K
25,Private,163516,Some-college,10,Widowed,Sales,Not-in-family,White,Male,0,0,40,United-States,<=50K
02,Self-emp-not-inc,76756,HS-grad,12,Never-married,Other-service,Own-child,White,Male,0,0,40,United-States,<=50K
04,Private,23791,Assoc-voc,10,Married-civ-spouse,Adm-clerical,Husband,White,Male,0,0,04,United-States,<=50K
25,Private,87167,HS-grad,9,Never-married,Craft-repair,Own-child,White,Male,0,0,40,United-States,<=50K
30,Private,17774,Bachelors,13,Divorced,Other-service,Unmarried,Asian-Pac-Islander,Female,0,0,40,Vietnam,<=50K
03,Self-emp-not-inc,000000,HS-grad,12,Married-civ-spouse,Exec-managerial,Husband,White,Male,0,0,40,United-States,<=50K.
25,Private,123456,HS-grad,9,Never-married,Sales,Not-in-family,White,Male,0,0,40,United-States,<=50K
25,Private,16720,Bachelors,13,Married-civ-spouse,Craft-repair,Husband,White,Male,0,0,40,United-States,>50K
30,Federal-gov,343014,Some-college,10,Married-civ-spouse,Tech-support,Husband,Black,Male,0,0,40,United-States,<=50K
30,Private,123456,HS-grad,12,Married-civ-spouse,Exec-managerial,Husband,White,Male,0,0,40,United-States,>50K
25,Private,56345,HS-grad,9,Never-married,Sales,Not-in-family,White,Male,0,0,40,Mexico,<=50K
25,Private,123456,Some-college,10,Never-married,Adm-clerical,Other-relative,White,Female,0,0,40,United-States,<=50K
30,Private,234328,Bachelors,13,Never-married,Sales,Not-in-family,White,Male,0,0,40,United-States,<=50K
30,Private,74000,HS-grad,9,Married-civ-spouse,Machine-op-inspct,Husband,White,Male,0,0,40,United-States,<=50K
11,Private,34000,HS-grad,12,Married-civ-spouse,Prof-specialty,Husband,White,Male,0,0,40,Mexico,>50K
30,Private,30402,HS-grad,9,Never-married,Sales,Not-in-family,White,Female,0,0,40,United-States,<=50K
31,Private,45720,HS-grad,9,Married-civ-spouse,Handlers-cleaners,Husband,White,Male,0,0,40,United-States,<=50K
02,Private,243190,HS-grad,12,Never-married,Sales,Own-child,Asian-Pac-Islander,Male,0,0,20,China,<=50K
72,Private,123456,HS-grad,9,Never-married,Sales,Other-relative,White,Male,0,0,40,United-States,<=50K
05,Private,123456,Bachelors,13,Never-married,Sales,Not-in-family,White,Male,0,0,40,United-States,>50K
25,Private,123456,HS-grad,12,Married-civ-spouse,Sales,Husband,White,Male,0,0,40,United-States,<=50K
37,Private,123456,HS-grad,12,Married-civ-spouse,Transport-moving,Husband,White,Male,0,0,40,United-States,>50K
30,Self-emp-not-inc,41128,HS-grad,12,Married-civ-spouse,Craft-repair,Husband,White,Male,99999,0,50,United-States,>50K
30,Private,198660,HS-grad,12,Married-civ-spouse,Machine-op-inspct,Husband,White,Male,9999,0,40,United-States,>50K
25,Self-emp-not-inc,49300,Bachelors,9,Married-civ-spouse,Prof-specialty,Husband,White,Male,0,0,40,United-States,<=50K
30,Private,123456,HS-grad,12,Divorced,Machine-op-inspct,Not-in-family,Black,Female,0,0,40,United-States,<=50K
25,Private,145000,Some-college,10,Married-civ-spouse,Tech-support,Husband,White,Female,0,0,40,United-States,<=50K
25,Private,39620,Some-college,10,Never-married,Sales,Not-in-family,Other,Male,0,0,40,United-States,<=50K
25,Private,123456,HS-grad,9,Never-married,Other-service,Other-relative,White,Male,0,0,40,Mexico,<=50K
45,Private,123456,Bachelors,13,Divorced,Prof-specialty,Unmarried,White,Female,0,0,40,United-States,<=50K
44,Private,310255,Some-college,10,Married-civ-spouse,Craft-repair,Husband,White,Male,0,0,40,United-States,>50K
30,Local-gov,127678,HS-grad,12,Married-civ-spouse,Protective-serv,Husband,White,Male,0,0,40,United-States,>50K
40,Private,123456,Doctorate,16,Never-married,Prof-specialty,Not-in-family,White,Male,0,0,40,Taiwan,<=50K
30,Private,86790,Bachelors,14,Married-civ-spouse,Exec-managerial,Husband,White,Male,0,0,40,United-States,<=50K.
30,Private,123456,Bachelors,13,Never-married,Tech-support,Not-in-family,White,Male,0,0,40,United-States,<=50K
30,Private,59336,Bachelors,13,Never-married,Other-service,Not-in-family,White,Male,0,0,40,Peru,>50K
30,Private,197500,Bachelors,13,Never-married,Prof-specialty,Own-child,Asian-Pac-Islander,Male,0,0,40,Philippines,<=50K
25,Private,45509,Some-college,10,Never-married,Craft-repair,Husband,White,Male,0,0,40,United-States,<=50K
25,Private,26922,Bachelors,13,Married-civ-spouse,Exec-managerial,Husband,White,Male,0,0,40,United-States,<=50K
39,Private,123456,HS-grad,9,Married-civ-spouse,Exec-managerial,Husband,White,Male,0,0,40,United-States,<=50K
30,Private,123456,HS-grad,12,Married-civ-spouse,Craft-repair,Husband,White,Male,0,0,40,United-States,>50K.
25,Private,17540,HS-grad,9,Never-married,Craft-repair,Not-in-family,White,Male,0,0,40,United-States,<=50K
25,Private,123456,HS-grad,9,Never-married,Sales,Not-in-family,White,Male,2174,0,40,United-States,<=50K
59,Private,99997,Some-college,10,Married-civ-spouse,Exec-managerial,Husband,White,Male,0,0,36,United-States,<=50K
30,Private,123456,Some-college,10,Never-married,Sales,Not-in-family,White,Female,0,0,40,United-States,<=50K
40,Private,133000,HS-grad,12,Separated,Sales,Not-in-family,White,Female,0,0,40,United-States,<=50K
30,Private,123456,Some-college,10,Married-civ-spouse,Exec-managerial,Husband,White,Male,0,0,40,United-States,<=50K
26,Private,123456,Some-college,12,Never-married,Handlers-cleaners,Not-in-family,White,Male,0,0,40,United-States,>50K
03,Local-gov,314375,Some-college,10,Married-civ-spouse,Other-service,Husband,White,Male,0,0,40,United-States,<=50K
08,Private,123456,Some-college,10,Never-married,Sales,Own-child,White,Male,0,0,40,United-States,<=50K
04,Private,152629,HS-grad,12,Never-married,Craft-repair,Not-in-family,White,Male,0,0,40,United-States,<=50K
25,Private,175000,HS-grad,9,Married-civ-spouse,Craft-repair,Husband,White,Male,0,0,40,United-States,>50K
25,Private,123456,Preschool,1,Never-married,Farming-fishing,Not-in-family,White,Male,0,0,40,Mexico,<=50K
25,Private,123456,Bachelors,9,Married-civ-spouse,Exec-managerial,Husband,White,Male,5000,0,40,United-States,>50K
03,Private,304963,HS-grad,9,Married-civ-spouse,Other-service,Husband,White,Male,0,0,40,United-States,<=50K
25,Private,123456,HS-grad,12,Never-married,Craft-repair,Own-child,White,Female,0,0,40,United-States,<=50K
27,Private,123456,HS-grad,12,Never-married,Adm-clerical,Not-in-family,White,Female,0,0,40,United-States,<=50K
25,Private,343610,HS-grad,12,Married-civ-spouse,Farming-fishing,Husband,White,Male,0,0,40,United-States,<=50K.
28,Private,123456,Bachelors,13,Married-civ-spouse,Exec-managerial,Husband,White,Male,5000,0,40,United-States,>50K
25,Private,123456,Bachelors,13,Married-civ-spouse,Prof-specialty,Husband,White,Male,0,0,40,United-States,>50K
30,Private,200000,HS-grad,9,Never-married,Adm-clerical,Not-in-family,White,Female,0,0,40,United-States,<=50K.
30,Private,123456,Bachelors,13,Divorced,Tech-support,Own-child,White,Male,0,0,40,United-States,>50K
02,Private,21881,HS-grad,12,Married-civ-spouse,Craft-repair,Husband,White,Male,0,0,40,United-States,<=50K
35,Private,160000,HS-grad,12,Never-married,Other-service,Own-child,White,Female,0,0,40,United-States,<=50K
30,Federal-gov,786418,Bachelors,13,Married-civ-spouse,Tech-support,Husband,White,Male,0,0,40,United-States,>50K
08,Private,47930,Assoc-acdm,12,Divorced,Adm-clerical,Unmarried,White,Female,0,0,40,United-States,<=50K
30,Private,45001,Masters,14,Never-married,Other-service,Own-child,White,Female,0,0,40,United-States,<=50K.
30,Private,117900,HS-grad,12,Separated,Machine-op-inspct,Unmarried,White,Female,0,0,40,United-States,<=50K
25,Private,123456,Bachelors,13,Married-civ-spouse,Tech-support,Husband,White,Male,0,0,40,United-States,<=50K
25,Private,123456,HS-grad,12,Married-civ-spouse,Handlers-cleaners,Husband,White,Male,0,0,40,Italy,<=50K
04,Self-emp-not-inc,04778,Bachelors,13,Married-civ-spouse,Prof-specialty,Husband,White,Male,0,0,67,United-States,>50K
04,Self-emp-not-inc,31606,Bachelors,13,Married-civ-spouse,Prof-specialty,Husband,White,Male,0,0,40,United-States,>50K
31,Self-emp-not-inc,37008,HS-grad,9,Never-married,Other-service,Not-in-family,White,Male,0,0,40,United-States,<=50K
30,Private,212803,Bachelors,13,Never-married,Prof-specialty,Not-in-family,White,Female,0,0,40,United-States,<=50K
03,Private,47151,HS-grad,12,Never-married,Other-service,Not-in-family,White,Male,0,0,40,United-States,<=50K
30,Private,121000,HS-grad,12,Married-civ-spouse,Machine-op-inspct,Husband,White,Male,0,2002,40,United-States,<=50K
39,Private,123456,HS-grad,12,Never-married,Tech-support,Not-in-family,White,Female,0,0,40,United-States,<=50K
34,Private,25870,HS-grad,12,Never-married,Exec-managerial,Unmarried,White,Male,0,0,40,United-States,<=50K
25,Private,29499,HS-grad,9,Widowed,Other-service,Not-in-family,White,Female,0,0,40,United-States,<=50K
25,Private,184105,HS-grad,9,Married-civ-spouse,Handlers-cleaners,Husband,White,Male,0,0,40,United-States,>50K
25,Private,321403,HS-grad,9,Widowed,Other-service,Other-relative,White,Male,0,0,40,United-States,<=50K
30,Private,186000,Assoc-acdm,12,Married-civ-spouse,Craft-repair,Husband,White,Male,0,0,40,United-States,>50K
03,Private,99467,HS-grad,12,Divorced,Other-service,Not-in-family,White,Female,0,0,40,United-States,<=50K
92,Private,123456,Bachelors,13,Never-married,Prof-specialty,Not-in-family,White,Female,0,0,40,United-States,>50K
01,Local-gov,50000,HS-grad,12,Never-married,Adm-clerical,Own-child,White,Female,0,0,40,United-States,<=50K
47,Private,17086,Assoc-acdm,10,Married-civ-spouse,Adm-clerical,Husband,White,Male,0,0,40,Italy,>50K
03,Self-emp-not-inc,75405,HS-grad,12,Never-married,Craft-repair,Unmarried,Amer-Indian-Eskimo,Male,0,0,40,United-States,<=50K
18,Private,123456,9th,9,Never-married,Other-service,Own-child,White,Male,0,0,40,United-States,<=50K
25,Private,123456,HS-grad,9,Married-civ-spouse,Craft-repair,Husband,White,Male,0,0,40,United-States,>50K
27,Private,123456,Some-college,10,Never-married,Prof-specialty,Not-in-family,White,Male,0,0,40,United-States,<=50K
30,Private,123456,Some-college,10,Never-married,Adm-clerical,Own-child,White,Male,0,0,40,United-States,<=50K
08,Private,145058,HS-grad,12,Married-civ-spouse,Craft-repair,Husband,White,Male,0,0,40,United-States,<=50K
25,Private,123456,Bachelors,13,Married-civ-spouse,Tech-support,Husband,White,Male,5000,0,40,United-States,>50K
28,Private,123456,Bachelors,13,Never-married,Handlers-cleaners,Own-child,White,Male,0,0,40,United-States,>50K
30,Private,351459,Some-college,10,Married-civ-spouse,Craft-repair,Husband,White,Male,0,0,40,United-States,<=50K
25,Self-emp-inc,123456,Bachelors,13,Never-married,Handlers-cleaners,Own-child,White,Male,0,0,40,United-States,>50K
25,Private,123456,Bachelors,13,Never-married,Craft-repair,Not-in-family,White,Male,0,0,40,United-States,<=50K
40,Private,185000,Masters,14,Married-civ-spouse,Prof-specialty,Husband,White,Male,0,0,40,United-States,>50K
05,Private,65000,Some-college,10,Married-civ-spouse,Sales,Husband,White,Male,0,0,30,United-States,<=50K
25,Private,26000,Some-college,10,Married-civ-spouse,Farming-fishing,Own-child,White,Male,0,0,40,United-States,<=50K
05,Private,475000,HS-grad,9,Never-married,Farming-fishing,Not-in-family,White,Male,0,0,40,United-States,<=50K
20,Private,123456,9th,9,Married-civ-spouse,Machine-op-inspct,Husband,White,Male,0,0,40,United-States,<=50K
30,Self-emp-not-inc,147000,Some-college,10,Married-civ-spouse,Other-service,Husband,White,Male,0,0,40,United-States,<=50K
05,Private,20500,HS-grad,12,Married-civ-spouse,Tech-support,Husband,White,Male,0,0,40,United-States,<=50K
25,Local-gov,240000,HS-grad,12,Never-married,Other-service,Unmarried,White,Female,0,0,40,United-States,<=50K
34,Private,123456,Bachelors,13,Married-civ-spouse,Exec-managerial,Husband,White,Male,5000,0,40,United-States,>50K
30,Private,123456,Bachelors,13,Married-civ-spouse,Prof-specialty,Husband,White,Male,5000,0,40,United-States,>50K
02,Private,11594,Some-college,10,Never-married,Adm-clerical,Not-in-family,White,Male,0,0,40,United-States,>50K
40,Local-gov,75000,HS-grad,12,Married-civ-spouse,Adm-clerical,Husband,White,Male,0,0,40,United-States,<=50K
38,Private,123456,Bachelors,13,Married-civ-spouse,Tech-support,Husband,White,Male,0,0,40,United-States,>50K
30,Private,75000,HS-grad,9,Never-married,Prof-specialty,Not-in-family,White,Female,0,0,40,United-States,<=50K
17,Private,25954,HS-grad,8,Never-married,Other-service,Own-child,White,Female,0,0,40,United-States,<=50K
25,Private,81000,Bachelors,13,Married-civ-spouse,Adm-clerical,Husband,White,Female,0,0,40,United-States,<=50K
39,Private,19251,HS-grad,9,Never-married,Other-service,Own-child,White,Female,0,0,40,United-States,<=50K
30,Self-emp-not-inc,223530,Some-college,10,Married-civ-spouse,Machine-op-inspct,Husband,White,Male,0,0,40,United-States,>50K
25,Private,55021,Some-college,10,Never-married,Sales,Not-in-family,White,Male,0,0,40,United-States,<=50K
25,Private,18770,Bachelors,15,Married-civ-spouse,Prof-specialty,Husband,White,Male,0,2415,40,United-States,>50K
30,Private,18746,HS-grad,12,Never-married,Sales,Not-in-family,White,Female,0,0,40,United-States,<=50K
25,Private,104500,HS-grad,12,Married-civ-spouse,Craft-repair,Husband,White,Male,0,0,40,United-States,>50K
25,Private,123456,HS-grad,12,Married-civ-spouse,Tech-support,Husband,White,Male,0,0,40,United-States,>50K
05,Private,76860,Some-college,10,Married-civ-spouse,Other-service,Other-relative,Asian-Pac-Islander,Male,0,0,40,Philippines,<=50K
30,Private,115289,Assoc-acdm,12,Married-civ-spouse,Tech-support,Husband,White,Male,0,0,40,France,>50K
41,Private,201908,Some-college,12,Married-civ-spouse,Sales,Husband,White,Male,0,0,40,United-States,<=50K
04,Private,273000,Some-college,10,Divorced,Adm-clerical,Not-in-family,White,Male,0,0,40,United-States,<=50K
25,Private,54003,Some-college,10,Never-married,Prof-specialty,Not-in-family,White,Female,0,1876,40,United-States,<=50K
34,Private,569761,Assoc-voc,10,Married-civ-spouse,Handlers-cleaners,Husband,Black,Male,0,0,40,United-States,>50K
05,Private,28500,Bachelors,13,Married-civ-spouse,Exec-managerial,Husband,White,Male,0,0,40,United-States,>50K
40,Private,40016,HS-grad,9,Married-civ-spouse,Handlers-cleaners,Husband,White,Male,0,0,52,United-States,>50K.
